sample_id,source_id,source_row,field,old_value,new_value,reason
qm9_cn_subset:32,32,7,smiles,NCC#N,N#CCN,rdkit_canonicalization
qm9_cn_subset:50,50,9,smiles,N1C=CC=C1,c1cc[nH]c1,rdkit_canonicalization
qm9_cn_subset:51,51,10,smiles,N1C=CN=C1,c1c[nH]cn1,rdkit_canonicalization
qm9_cn_subset:58,58,11,smiles,NC(=N)C#N,N#CC(=N)N,rdkit_canonicalization
qm9_cn_subset:165,165,24,smiles,N1C=CC=N1,c1cn[nH]c1,rdkit_canonicalization
qm9_cn_subset:166,166,25,smiles,N1C=CN=N1,c1c[nH]nn1,rdkit_canonicalization
qm9_cn_subset:167,167,26,smiles,N1C=NC=N1,c1nc[nH]n1,rdkit_canonicalization
qm9_cn_subset:168,168,27,smiles,N1C=NN=C1,c1nnc[nH]1,rdkit_canonicalization
qm9_cn_subset:169,169,28,smiles,N1N=CC=N1,c1cn[nH]n1,rdkit_canonicalization
qm9_cn_subset:190,190,29,smiles,CC1=CC=CN1,Cc1ccc[nH]1,rdkit_canonicalization
qm9_cn_subset:194,194,30,smiles,NC1=CC=CN1,Nc1ccc[nH]1,rdkit_canonicalization
qm9_cn_subset:201,201,31,smiles,CC1=CNC=C1,Cc1cc[nH]c1,rdkit_canonicalization
qm9_cn_subset:202,202,32,smiles,CC1=CNC=N1,Cc1c[nH]cn1,rdkit_canonicalization
qm9_cn_subset:205,205,33,smiles,NC1=CNC=C1,Nc1cc[nH]c1,rdkit_canonicalization
qm9_cn_subset:206,206,34,smiles,NC1=CNC=N1,Nc1c[nH]cn1,rdkit_canonicalization
qm9_cn_subset:212,212,35,smiles,CN1C=CC=C1,Cn1cccc1,rdkit_canonicalization
qm9_cn_subset:213,213,36,smiles,CN1C=CN=C1,Cn1ccnc1,rdkit_canonicalization
qm9_cn_subset:215,215,37,smiles,C1=CC=NC=C1,c1ccncc1,rdkit_canonicalization
qm9_cn_subset:216,216,38,smiles,C1=CN=CC=N1,c1cnccn1,rdkit_canonicalization
qm9_cn_subset:217,217,39,smiles,C1=CN=CN=C1,c1cncnc1,rdkit_canonicalization
qm9_cn_subset:218,218,40,smiles,C1=NC=NC=N1,c1ncncn1,rdkit_canonicalization
qm9_cn_subset:328,328,47,smiles,CC(C#C)C#N,C#CC(C)C#N,rdkit_canonicalization
qm9_cn_subset:330,330,49,smiles,NC(C#C)C#N,C#CC(N)C#N,rdkit_canonicalization
qm9_cn_subset:331,331,50,smiles,NC(C#N)C#N,N#CC(N)C#N,rdkit_canonicalization
qm9_cn_subset:380,380,56,smiles,NCC(N)C#N,N#CC(N)CN,rdkit_canonicalization
qm9_cn_subset:399,399,57,smiles,CC1(CC1)C#N,CC1(C#N)CC1,rdkit_canonicalization
qm9_cn_subset:400,400,58,smiles,CC1(CN1)C#C,C#CC1(C)CN1,rdkit_canonicalization
qm9_cn_subset:401,401,59,smiles,CC1(CN1)C#N,CC1(C#N)CN1,rdkit_canonicalization
qm9_cn_subset:404,404,60,smiles,NC1(CC1)C#N,N#CC1(N)CC1,rdkit_canonicalization
qm9_cn_subset:600,600,80,smiles,CC1NC1C#C,C#CC1NC1C,rdkit_canonicalization
qm9_cn_subset:604,604,82,smiles,CN1CC1C#C,C#CC1CN1C,rdkit_canonicalization
qm9_cn_subset:671,671,87,smiles,C1C=CC2NC12,C1=CC2NC2C1,rdkit_canonicalization
qm9_cn_subset:714,714,95,smiles,C1C2C3C1CN23,C1C2CN3C1C23,rdkit_canonicalization
qm9_cn_subset:716,716,96,smiles,C1C2C3CC1N23,C1C2CC3C1N23,rdkit_canonicalization
qm9_cn_subset:721,721,99,smiles,C1=CN=NC=C1,c1ccnnc1,rdkit_canonicalization
qm9_cn_subset:722,722,100,smiles,C1=CN=NN=C1,c1cnnnc1,rdkit_canonicalization
qm9_cn_subset:723,723,101,smiles,C1=NN=CN=N1,c1nncnn1,rdkit_canonicalization
qm9_cn_subset:724,724,102,smiles,C1=NN=NC=N1,c1ncnnn1,rdkit_canonicalization
qm9_cn_subset:725,725,103,smiles,C1=NN=NN=C1,c1cnnnn1,rdkit_canonicalization
qm9_cn_subset:726,726,104,smiles,CC1=CC=NN1,Cc1ccn[nH]1,rdkit_canonicalization
qm9_cn_subset:728,728,105,smiles,CC1=CN=NN1,Cc1cnn[nH]1,rdkit_canonicalization
qm9_cn_subset:730,730,106,smiles,CC1=CNN=C1,Cc1cn[nH]c1,rdkit_canonicalization
qm9_cn_subset:731,731,107,smiles,CC1=CNN=N1,Cc1c[nH]nn1,rdkit_canonicalization
qm9_cn_subset:734,734,108,smiles,CC1=NC=NN1,Cc1ncn[nH]1,rdkit_canonicalization
qm9_cn_subset:736,736,109,smiles,CC1=NNC=C1,Cc1cc[nH]n1,rdkit_canonicalization
qm9_cn_subset:737,737,110,smiles,CC1=NNC=N1,Cc1nc[nH]n1,rdkit_canonicalization
qm9_cn_subset:738,738,111,smiles,CC1=NNN=C1,Cc1cn[nH]n1,rdkit_canonicalization
qm9_cn_subset:739,739,112,smiles,CC1=NNN=N1,Cc1nn[nH]n1,rdkit_canonicalization
qm9_cn_subset:744,744,113,smiles,CN1C=CC=N1,Cn1cccn1,rdkit_canonicalization
qm9_cn_subset:745,745,114,smiles,CN1C=CN=N1,Cn1ccnn1,rdkit_canonicalization
qm9_cn_subset:746,746,115,smiles,CN1C=NC=N1,Cn1cncn1,rdkit_canonicalization
qm9_cn_subset:747,747,116,smiles,CN1C=NN=C1,Cn1cnnc1,rdkit_canonicalization
qm9_cn_subset:748,748,117,smiles,CN1C=NN=N1,Cn1cnnn1,rdkit_canonicalization
qm9_cn_subset:749,749,118,smiles,CN1N=CC=N1,Cn1nccn1,rdkit_canonicalization
qm9_cn_subset:750,750,119,smiles,CN1N=CN=N1,Cn1ncnn1,rdkit_canonicalization
qm9_cn_subset:751,751,120,smiles,CN1N=NN=N1,Cn1nnnn1,rdkit_canonicalization
qm9_cn_subset:753,753,121,smiles,N=C1NN=NN1,N=c1[nH]nn[nH]1,rdkit_canonicalization
qm9_cn_subset:756,756,122,smiles,NC1=CC=NN1,Nc1ccn[nH]1,rdkit_canonicalization
qm9_cn_subset:758,758,123,smiles,NC1=CN=NN1,Nc1cnn[nH]1,rdkit_canonicalization
qm9_cn_subset:760,760,124,smiles,NC1=CNN=C1,Nc1cn[nH]c1,rdkit_canonicalization
qm9_cn_subset:761,761,125,smiles,NC1=CNN=N1,Nc1c[nH]nn1,rdkit_canonicalization
qm9_cn_subset:764,764,126,smiles,NC1=NC=NN1,Nc1ncn[nH]1,rdkit_canonicalization
qm9_cn_subset:766,766,127,smiles,NC1=NNC=C1,Nc1cc[nH]n1,rdkit_canonicalization
qm9_cn_subset:767,767,128,smiles,NC1=NNC=N1,Nc1nc[nH]n1,rdkit_canonicalization
qm9_cn_subset:768,768,129,smiles,NC1=NNN=C1,Nc1cn[nH]n1,rdkit_canonicalization
qm9_cn_subset:769,769,130,smiles,NC1=NNN=N1,Nc1nn[nH]n1,rdkit_canonicalization
qm9_cn_subset:832,832,131,smiles,CC1=CC(C)=CN1,Cc1c[nH]c(C)c1,rdkit_canonicalization
qm9_cn_subset:834,834,132,smiles,CC1=CC(N)=CN1,Cc1cc(N)c[nH]1,rdkit_canonicalization
qm9_cn_subset:838,838,133,smiles,CC1=CNC(N)=C1,Cc1c[nH]c(N)c1,rdkit_canonicalization
qm9_cn_subset:844,844,134,smiles,CC1=NC(C)=CN1,Cc1c[nH]c(C)n1,rdkit_canonicalization
qm9_cn_subset:849,849,135,smiles,NC1=CC(N)=CN1,Nc1c[nH]c(N)c1,rdkit_canonicalization
qm9_cn_subset:861,861,136,smiles,CC1=CC=C(C)N1,Cc1ccc(C)[nH]1,rdkit_canonicalization
qm9_cn_subset:863,863,137,smiles,CC1=CC=C(N)N1,Cc1ccc(N)[nH]1,rdkit_canonicalization
qm9_cn_subset:872,872,138,smiles,NC1=CC=C(N)N1,Nc1ccc(N)[nH]1,rdkit_canonicalization
qm9_cn_subset:900,900,139,smiles,CN1C=CC(C)=C1,Cc1ccn(C)c1,rdkit_canonicalization
qm9_cn_subset:901,901,140,smiles,CN1C=CC(N)=C1,Cn1ccc(N)c1,rdkit_canonicalization
qm9_cn_subset:903,903,141,smiles,CN1C=NC(C)=C1,Cc1cn(C)cn1,rdkit_canonicalization
qm9_cn_subset:904,904,142,smiles,CN1C=NC(N)=C1,Cn1cnc(N)c1,rdkit_canonicalization
qm9_cn_subset:907,907,143,smiles,N=C1N=CNC=N1,N=c1nc[nH]cn1,rdkit_canonicalization
qm9_cn_subset:914,914,144,smiles,N=C1NC=NC=N1,N=c1ncnc[nH]1,rdkit_canonicalization
qm9_cn_subset:931,931,145,smiles,CC1=CC=NC=C1,Cc1ccncc1,rdkit_canonicalization
qm9_cn_subset:932,932,146,smiles,CC1=CN=CC=C1,Cc1cccnc1,rdkit_canonicalization
qm9_cn_subset:933,933,147,smiles,CC1=CN=CC=N1,Cc1cnccn1,rdkit_canonicalization
qm9_cn_subset:934,934,148,smiles,CC1=CN=CN=C1,Cc1cncnc1,rdkit_canonicalization
qm9_cn_subset:935,935,149,smiles,CC1=NC=CC=C1,Cc1ccccn1,rdkit_canonicalization
qm9_cn_subset:936,936,150,smiles,CC1=NC=CC=N1,Cc1ncccn1,rdkit_canonicalization
qm9_cn_subset:937,937,151,smiles,CC1=NC=CN=C1,Cc1cnccn1,rdkit_canonicalization
qm9_cn_subset:938,938,152,smiles,CC1=NC=NC=C1,Cc1ccncn1,rdkit_canonicalization
qm9_cn_subset:939,939,153,smiles,CC1=NC=NC=N1,Cc1ncncn1,rdkit_canonicalization
qm9_cn_subset:940,940,154,smiles,NC1=CC=CC=C1,Nc1ccccc1,rdkit_canonicalization
qm9_cn_subset:941,941,155,smiles,NC1=CN=CC=C1,Nc1cccnc1,rdkit_canonicalization
qm9_cn_subset:942,942,156,smiles,NC1=CN=CC=N1,Nc1cnccn1,rdkit_canonicalization
qm9_cn_subset:943,943,157,smiles,NC1=CN=CN=C1,Nc1cncnc1,rdkit_canonicalization
qm9_cn_subset:944,944,158,smiles,NC1=NC=CC=C1,Nc1ccccn1,rdkit_canonicalization
qm9_cn_subset:945,945,159,smiles,NC1=NC=CC=N1,Nc1ncccn1,rdkit_canonicalization
qm9_cn_subset:946,946,160,smiles,NC1=NC=CN=C1,Nc1cnccn1,rdkit_canonicalization
qm9_cn_subset:947,947,161,smiles,NC1=NC=NC=C1,Nc1ccncn1,rdkit_canonicalization
qm9_cn_subset:948,948,162,smiles,NC1=NC=NC=N1,Nc1ncncn1,rdkit_canonicalization
qm9_cn_subset:959,959,163,smiles,CC1=C(C)C=CN1,Cc1cc[nH]c1C,rdkit_canonicalization
qm9_cn_subset:961,961,164,smiles,CC1=C(C)N=CN1,Cc1nc[nH]c1C,rdkit_canonicalization
qm9_cn_subset:963,963,165,smiles,CC1=C(N)C=CN1,Cc1[nH]ccc1N,rdkit_canonicalization
qm9_cn_subset:966,966,166,smiles,CC1=C(N)NC=C1,Cc1cc[nH]c1N,rdkit_canonicalization
qm9_cn_subset:986,986,167,smiles,CC1=CNC=C1C,Cc1c[nH]cc1C,rdkit_canonicalization
qm9_cn_subset:987,987,168,smiles,CC1=CNC=C1N,Cc1c[nH]cc1N,rdkit_canonicalization
qm9_cn_subset:991,991,169,smiles,NC1=CNC=C1N,Nc1c[nH]cc1N,rdkit_canonicalization
qm9_cn_subset:995,995,170,smiles,CN1C=CC=C1C,Cc1cccn1C,rdkit_canonicalization
qm9_cn_subset:996,996,171,smiles,CN1C=CC=C1N,Cn1cccc1N,rdkit_canonicalization
qm9_cn_subset:998,998,172,smiles,CN1C=CN=C1C,Cc1nccn1C,rdkit_canonicalization
qm9_cn_subset:1000,1000,173,smiles,CN1C=NC=C1C,Cc1cncn1C,rdkit_canonicalization
qm9_cn_subset:1005,1005,174,smiles,C#CC1=CC=CN1,C#Cc1ccc[nH]1,rdkit_canonicalization
qm9_cn_subset:1007,1007,175,smiles,C#CC1=CN=CN1,C#Cc1cnc[nH]1,rdkit_canonicalization
qm9_cn_subset:1009,1009,176,smiles,C#CC1=NC=CN1,C#Cc1ncc[nH]1,rdkit_canonicalization
qm9_cn_subset:1011,1011,177,smiles,N#CC1=CC=CN1,N#Cc1ccc[nH]1,rdkit_canonicalization
qm9_cn_subset:1013,1013,178,smiles,N#CC1=CN=CN1,N#Cc1cnc[nH]1,rdkit_canonicalization
qm9_cn_subset:1015,1015,179,smiles,N#CC1=NC=CN1,N#Cc1ncc[nH]1,rdkit_canonicalization
qm9_cn_subset:1017,1017,180,smiles,C#CC1=CNC=C1,C#Cc1cc[nH]c1,rdkit_canonicalization
qm9_cn_subset:1018,1018,181,smiles,C#CC1=CNC=N1,C#Cc1c[nH]cn1,rdkit_canonicalization
qm9_cn_subset:1021,1021,182,smiles,N#CC1=CNC=C1,N#Cc1cc[nH]c1,rdkit_canonicalization
qm9_cn_subset:1022,1022,183,smiles,N#CC1=CNC=N1,N#Cc1c[nH]cn1,rdkit_canonicalization
qm9_cn_subset:1039,1039,184,smiles,CCC1=CC=CN1,CCc1ccc[nH]1,rdkit_canonicalization
qm9_cn_subset:1042,1042,185,smiles,CCC1=NC=CN1,CCc1ncc[nH]1,rdkit_canonicalization
qm9_cn_subset:1044,1044,186,smiles,CNC1=CC=CN1,CNc1ccc[nH]1,rdkit_canonicalization
qm9_cn_subset:1061,1061,187,smiles,CCC1=CNC=C1,CCc1cc[nH]c1,rdkit_canonicalization
qm9_cn_subset:1062,1062,188,smiles,CCC1=CNC=N1,CCc1c[nH]cn1,rdkit_canonicalization
qm9_cn_subset:1065,1065,189,smiles,CNC1=CNC=C1,CNc1cc[nH]c1,rdkit_canonicalization
qm9_cn_subset:1066,1066,190,smiles,CNC1=CNC=N1,CNc1c[nH]cn1,rdkit_canonicalization
qm9_cn_subset:1077,1077,191,smiles,CCN1C=CC=C1,CCn1cccc1,rdkit_canonicalization
qm9_cn_subset:1078,1078,192,smiles,CCN1C=CN=C1,CCn1ccnc1,rdkit_canonicalization
qm9_cn_subset:1079,1079,193,smiles,C1CC2=CC=CN12,c1cc2n(c1)CC2,rdkit_canonicalization
qm9_cn_subset:1080,1080,194,smiles,C1CC2=CN=CN12,c1ncn2c1CC2,rdkit_canonicalization
qm9_cn_subset:1081,1081,195,smiles,C1CC2=NC=CN12,c1cn2c(n1)CC2,rdkit_canonicalization
qm9_cn_subset:1154,1154,197,smiles,CC(C)(C#C)C#N,C#CC(C)(C)C#N,rdkit_canonicalization
qm9_cn_subset:1156,1156,199,smiles,CC(N)(C#C)C#N,C#CC(C)(N)C#N,rdkit_canonicalization
qm9_cn_subset:1169,1169,201,smiles,CC(N)(CN)C#N,CC(N)(C#N)CN,rdkit_canonicalization
qm9_cn_subset:1322,1322,210,smiles,CC1(C)NC1C#C,C#CC1NC1(C)C,rdkit_canonicalization
qm9_cn_subset:1373,1373,214,smiles,N=CNC(=N)C#N,N#CC(=N)NC=N,rdkit_canonicalization
qm9_cn_subset:1395,1395,217,smiles,CC(CC#C)C#N,C#CCC(C)C#N,rdkit_canonicalization
qm9_cn_subset:1396,1396,218,smiles,CC(CC#N)C#C,C#CC(C)CC#N,rdkit_canonicalization
qm9_cn_subset:1397,1397,219,smiles,CC(CC#N)C#N,CC(C#N)CC#N,rdkit_canonicalization
qm9_cn_subset:1398,1398,220,smiles,NC(CC#C)C#N,C#CCC(N)C#N,rdkit_canonicalization
qm9_cn_subset:1399,1399,221,smiles,NC(CC#N)C#C,C#CC(N)CC#N,rdkit_canonicalization
qm9_cn_subset:1400,1400,222,smiles,NC(CC#N)C#N,N#CCC(N)C#N,rdkit_canonicalization
qm9_cn_subset:1698,1698,235,smiles,CC1(CCC1)C#N,CC1(C#N)CCC1,rdkit_canonicalization
qm9_cn_subset:1699,1699,236,smiles,CC1(CCN1)C#N,CC1(C#N)CCN1,rdkit_canonicalization
qm9_cn_subset:1704,1704,237,smiles,NC1(CCC1)C#N,N#CC1(N)CCC1,rdkit_canonicalization
qm9_cn_subset:1705,1705,238,smiles,NC1(CNC1)C#N,N#CC1(N)CNC1,rdkit_canonicalization
qm9_cn_subset:1734,1734,240,smiles,CC1(CC#C)CN1,C#CCC1(C)CN1,rdkit_canonicalization
qm9_cn_subset:1765,1765,245,smiles,CC1NC1(C)C#C,C#CC1(C)NC1C,rdkit_canonicalization
qm9_cn_subset:1769,1769,247,smiles,CN1CC1(C)C#C,C#CC1(C)CN1C,rdkit_canonicalization
qm9_cn_subset:1772,1772,249,smiles,NC1CC1(N)C#N,N#CC1(N)CC1N,rdkit_canonicalization
qm9_cn_subset:1949,1949,254,smiles,CC1CC(C1)C#N,CC1CC(C#N)C1,rdkit_canonicalization
qm9_cn_subset:1950,1950,255,smiles,CC1CC(N1)C#N,CC1CC(C#N)N1,rdkit_canonicalization
qm9_cn_subset:1953,1953,256,smiles,CN1CC(C1)C#N,CN1CC(C#N)C1,rdkit_canonicalization
qm9_cn_subset:2035,2035,264,smiles,CC1(C)CC2NC12,CC1(C)CC2NC21,rdkit_canonicalization
qm9_cn_subset:2037,2037,265,smiles,CC1(C)CN2CC12,CC1(C)CN2CC21,rdkit_canonicalization
qm9_cn_subset:2234,2234,269,smiles,CC12NC1CC=C2,CC12C=CCC1N2,rdkit_canonicalization
qm9_cn_subset:2309,2309,275,smiles,CC1CN1CC#C,C#CCN1CC1C,rdkit_canonicalization
qm9_cn_subset:2311,2311,277,smiles,CC1NC1CC#C,C#CCC1NC1C,rdkit_canonicalization
qm9_cn_subset:2315,2315,279,smiles,CN1CC1CC#C,C#CCC1CN1C,rdkit_canonicalization
qm9_cn_subset:2418,2418,285,smiles,CC12CC3C1CN23,CC12CC3C1CN32,rdkit_canonicalization
qm9_cn_subset:2420,2420,286,smiles,CC12CN3C1CC23,CC12CN3C1CC32,rdkit_canonicalization
qm9_cn_subset:2421,2421,287,smiles,CC12NC3C1NC23,CC12NC3C1NC32,rdkit_canonicalization
qm9_cn_subset:2430,2430,288,smiles,CC12CC3CC1N23,CC12CC3CC1N32,rdkit_canonicalization
qm9_cn_subset:2431,2431,289,smiles,CC12CC3CN1C23,CC12CC3CN1C32,rdkit_canonicalization
qm9_cn_subset:2433,2433,290,smiles,CC12CN3CC1C23,CC12CN3CC1C32,rdkit_canonicalization
qm9_cn_subset:2487,2487,292,smiles,CC12CC3C(C1)N23,CC12CC3C(C1)N32,rdkit_canonicalization
qm9_cn_subset:2502,2502,296,smiles,CNC(=NC)C#N,CN=C(C#N)NC,rdkit_canonicalization
qm9_cn_subset:2504,2504,297,smiles,CCC(C#C)C#N,C#CC(C#N)CC,rdkit_canonicalization
qm9_cn_subset:2506,2506,299,smiles,CNC(C#C)C#N,C#CC(C#N)NC,rdkit_canonicalization
qm9_cn_subset:2529,2529,301,smiles,CCC(CC)C#N,CCC(C#N)CC,rdkit_canonicalization
qm9_cn_subset:2532,2532,302,smiles,CCC(NC)C#N,CCC(C#N)NC,rdkit_canonicalization
qm9_cn_subset:2535,2535,303,smiles,CNC(CN)C#N,CNC(C#N)CN,rdkit_canonicalization
qm9_cn_subset:2556,2556,304,smiles,C#CC1(CC1)C#N,C#CC1(C#N)CC1,rdkit_canonicalization
qm9_cn_subset:2557,2557,305,smiles,C#CC1(CN1)C#C,C#CC1(C#C)CN1,rdkit_canonicalization
qm9_cn_subset:2558,2558,306,smiles,C#CC1(CN1)C#N,C#CC1(C#N)CN1,rdkit_canonicalization
qm9_cn_subset:2561,2561,307,smiles,N#CC1(CC1)C#N,N#CC1(C#N)CC1,rdkit_canonicalization
qm9_cn_subset:2562,2562,308,smiles,N#CC1(CN1)C#N,N#CC1(C#N)CN1,rdkit_canonicalization
qm9_cn_subset:2584,2584,309,smiles,CCC1(CC1)C#N,CCC1(C#N)CC1,rdkit_canonicalization
qm9_cn_subset:2585,2585,310,smiles,CCC1(CN1)C#C,C#CC1(CC)CN1,rdkit_canonicalization
qm9_cn_subset:2586,2586,311,smiles,CCC1(CN1)C#N,CCC1(C#N)CN1,rdkit_canonicalization
qm9_cn_subset:2589,2589,312,smiles,CNC1(CC1)C#N,CNC1(C#N)CC1,rdkit_canonicalization
qm9_cn_subset:2592,2592,313,smiles,NCC1(CN1)C#N,N#CC1(CN)CN1,rdkit_canonicalization
qm9_cn_subset:2610,2610,316,smiles,N#CCC#CC#N,N#CC#CCC#N,rdkit_canonicalization
qm9_cn_subset:2758,2758,330,smiles,NC1CNC1C#N,N#CC1NCC1N,rdkit_canonicalization
qm9_cn_subset:2831,2831,337,smiles,CCC1NC1C#C,C#CC1NC1CC,rdkit_canonicalization
qm9_cn_subset:2835,2835,339,smiles,CCN1CC1C#C,C#CC1CN1CC,rdkit_canonicalization
qm9_cn_subset:2883,2883,346,smiles,N#CC1CCC=C1,N#CC1C=CCC1,rdkit_canonicalization
qm9_cn_subset:2885,2885,348,smiles,N#CC1NCC=C1,N#CC1C=CCN1,rdkit_canonicalization
qm9_cn_subset:2955,2955,352,smiles,N=C(C#N)N1CC1,N#CC(=N)N1CC1,rdkit_canonicalization
qm9_cn_subset:2971,2971,353,smiles,CC(C#C)N1CC1,C#CC(C)N1CC1,rdkit_canonicalization
qm9_cn_subset:2976,2976,357,smiles,NC(C#N)C1CC1,N#CC(N)C1CC1,rdkit_canonicalization
qm9_cn_subset:2977,2977,358,smiles,NC(C#N)C1CN1,N#CC(N)C1CN1,rdkit_canonicalization
qm9_cn_subset:3081,3081,372,smiles,CC1C(C#C)N1C,C#CC1C(C)N1C,rdkit_canonicalization
qm9_cn_subset:3087,3087,375,smiles,NC1C(N)C1C#N,N#CC1C(N)C1N,rdkit_canonicalization
qm9_cn_subset:3113,3113,379,smiles,C#CC12CN1CC2,C#CC12CCN1C2,rdkit_canonicalization
qm9_cn_subset:3114,3114,380,smiles,N#CC12CC1CC2,N#CC12CCC1C2,rdkit_canonicalization
qm9_cn_subset:3117,3117,382,smiles,N#CC12CC1NC2,N#CC12CNC1C2,rdkit_canonicalization
qm9_cn_subset:3121,3121,384,smiles,N#CC12CN1CC2,N#CC12CCN1C2,rdkit_canonicalization
qm9_cn_subset:3171,3171,385,smiles,C1NC11CCC=C1,C1=CC2(CC1)CN2,rdkit_canonicalization
qm9_cn_subset:3182,3182,386,smiles,CC1(CC1)N1CC1,CC1(N2CC2)CC1,rdkit_canonicalization
qm9_cn_subset:3183,3183,387,smiles,CC1(CN1)C1CN1,CC1(C2CN2)CN1,rdkit_canonicalization
qm9_cn_subset:3224,3224,388,smiles,CC12CC1C1CN21,CC12CC1C1CN12,rdkit_canonicalization
qm9_cn_subset:3225,3225,389,smiles,CC12CC1C1NC21,CC12CC1C1NC12,rdkit_canonicalization
qm9_cn_subset:3227,3227,390,smiles,CC12CC1N1CC21,CC12CC1N1CC12,rdkit_canonicalization
qm9_cn_subset:3228,3228,391,smiles,CC12CN1C1CC21,CC12CN1C1CC12,rdkit_canonicalization
qm9_cn_subset:3229,3229,392,smiles,CC12NC1C1CC21,CC12NC1C1CC12,rdkit_canonicalization
qm9_cn_subset:3230,3230,393,smiles,CC12NC1C1NC21,CC12NC1C1NC12,rdkit_canonicalization
qm9_cn_subset:3241,3241,394,smiles,C(C1CC1)N1CC1,C1CC1CN1CC1,rdkit_canonicalization
qm9_cn_subset:3242,3242,395,smiles,C(C1CN1)N1CC1,C1NC1CN1CC1,rdkit_canonicalization
qm9_cn_subset:3247,3247,396,smiles,C1CC11CC2NC12,C1CC12CC1NC12,rdkit_canonicalization
qm9_cn_subset:3251,3251,398,smiles,C1NC11CC2NC12,C1NC12CC1NC12,rdkit_canonicalization
qm9_cn_subset:3253,3253,399,smiles,C1NC11CN2CC12,C1C2N1CC21CN1,rdkit_canonicalization
qm9_cn_subset:3336,3336,407,smiles,C1CC2NC2C=C1,C1=CC2NC2CC1,rdkit_canonicalization
qm9_cn_subset:3463,3463,413,smiles,CN1C2CC1C=C2,CN1C2C=CC1C2,rdkit_canonicalization
qm9_cn_subset:3474,3474,414,smiles,CC12C3CC1CN23,CC12C3CC1N2C3,rdkit_canonicalization
qm9_cn_subset:3476,3476,415,smiles,CC12C3CN1CC23,CC12C3CN1CC32,rdkit_canonicalization
qm9_cn_subset:3479,3479,416,smiles,CC12C3C4C(C13)N24,CC12C3C4C(C31)N42,rdkit_canonicalization
qm9_cn_subset:3480,3480,417,smiles,CC12C3C4C1N4C23,CC12C3C4C1N4C32,rdkit_canonicalization
qm9_cn_subset:3482,3482,418,smiles,CC12C3C4C3N1C24,CC12C3C4C3N1C42,rdkit_canonicalization
qm9_cn_subset:3491,3491,419,smiles,C1C2C3CC1CN23,C1C2CC3C1N3C2,rdkit_canonicalization
qm9_cn_subset:3515,3515,424,smiles,C1CN1C1CCC1,C1CC(N2CC2)C1,rdkit_canonicalization
qm9_cn_subset:3530,3530,427,smiles,CN1C2C3CC2C13,CN1C2C3CC2C31,rdkit_canonicalization
qm9_cn_subset:3531,3531,428,smiles,CN1C2C3NC2C13,CN1C2C3NC2C31,rdkit_canonicalization
qm9_cn_subset:3537,3537,429,smiles,C1C2C3C=CC2N13,C1=CC2C3CN2C13,rdkit_canonicalization
qm9_cn_subset:3549,3549,430,smiles,CC1C2C3C1CN23,CC1C2CN3C1C23,rdkit_canonicalization
qm9_cn_subset:3551,3551,431,smiles,CC1C2C3CC1N23,CC1C2CC3C1N23,rdkit_canonicalization
qm9_cn_subset:3552,3552,432,smiles,CC1C2C3CN1C23,CC1C2C3CN1C32,rdkit_canonicalization
qm9_cn_subset:3555,3555,434,smiles,CN1C2C3CC1C23,CN1C2CC3C2C31,rdkit_canonicalization
qm9_cn_subset:3562,3562,435,smiles,C1C2C3CC(C3)N12,C1C2CC1N1CC21,rdkit_canonicalization
qm9_cn_subset:3577,3577,439,smiles,CN1C2C3CC3C12,CN1C2C3CC3C21,rdkit_canonicalization
qm9_cn_subset:3578,3578,440,smiles,CN1C2C3NC3C12,CN1C2C3NC3C21,rdkit_canonicalization
qm9_cn_subset:3584,3584,441,smiles,C1C2C3NC3CN12,C1C2NC2C2CN12,rdkit_canonicalization
qm9_cn_subset:3621,3621,449,smiles,C1C2C3C4C1C2N34,C1C2C3C1C1C2N31,rdkit_canonicalization
qm9_cn_subset:3622,3622,450,smiles,C1C2C3C4C2C1N34,C1C2C3C1N1C2C31,rdkit_canonicalization
qm9_cn_subset:3624,3624,451,smiles,C1C2C3C4C3N1C24,C1C2C3C4C2N1C34,rdkit_canonicalization
qm9_cn_subset:3625,3625,452,smiles,C1C2C3C4C3N2C14,C1C2C3C4C1N2C34,rdkit_canonicalization
qm9_cn_subset:3632,3632,455,smiles,C#CC1=CC=NN1,C#Cc1ccn[nH]1,rdkit_canonicalization
qm9_cn_subset:3634,3634,456,smiles,C#CC1=CN=NN1,C#Cc1cnn[nH]1,rdkit_canonicalization
qm9_cn_subset:3636,3636,457,smiles,C#CC1=CNN=C1,C#Cc1cn[nH]c1,rdkit_canonicalization
qm9_cn_subset:3637,3637,458,smiles,C#CC1=CNN=N1,C#Cc1c[nH]nn1,rdkit_canonicalization
qm9_cn_subset:3641,3641,459,smiles,C#CC1=NNC=C1,C#Cc1cc[nH]n1,rdkit_canonicalization
qm9_cn_subset:3642,3642,460,smiles,C#CC1=NNC=N1,C#Cc1nc[nH]n1,rdkit_canonicalization
qm9_cn_subset:3643,3643,461,smiles,C#CC1=NNN=C1,C#Cc1cn[nH]n1,rdkit_canonicalization
qm9_cn_subset:3644,3644,462,smiles,C#CC1=NNN=N1,C#Cc1nn[nH]n1,rdkit_canonicalization
qm9_cn_subset:3649,3649,463,smiles,C1CC2=CC=NN12,c1cc2n(n1)CC2,rdkit_canonicalization
qm9_cn_subset:3650,3650,464,smiles,C1CC2=CN=NN12,c1nnn2c1CC2,rdkit_canonicalization
qm9_cn_subset:3651,3651,465,smiles,C1CC2=NC=NN12,c1nc2n(n1)CC2,rdkit_canonicalization
qm9_cn_subset:3652,3652,466,smiles,CC1=C(C)C=NN1,Cc1cn[nH]c1C,rdkit_canonicalization
qm9_cn_subset:3654,3654,467,smiles,CC1=C(C)N=NN1,Cc1nn[nH]c1C,rdkit_canonicalization
qm9_cn_subset:3656,3656,468,smiles,CC1=C(N)C=NN1,Cc1[nH]ncc1N,rdkit_canonicalization
qm9_cn_subset:3658,3658,469,smiles,CC1=C(N)N=NN1,Cc1[nH]nnc1N,rdkit_canonicalization
qm9_cn_subset:3660,3660,470,smiles,CC1=C(N)NN=C1,Cc1cn[nH]c1N,rdkit_canonicalization
qm9_cn_subset:3661,3661,471,smiles,CC1=C(N)NN=N1,Cc1nn[nH]c1N,rdkit_canonicalization
qm9_cn_subset:3668,3668,472,smiles,CC1=CC(C)=NN1,Cc1cc(C)[nH]n1,rdkit_canonicalization
qm9_cn_subset:3670,3670,473,smiles,CC1=CC(N)=NN1,Cc1cc(N)n[nH]1,rdkit_canonicalization
qm9_cn_subset:3674,3674,474,smiles,CC1=CN=CN=N1,Cc1cncnn1,rdkit_canonicalization
qm9_cn_subset:3675,3675,475,smiles,CC1=CN=NC=N1,Cc1cnncn1,rdkit_canonicalization
qm9_cn_subset:3676,3676,476,smiles,CC1=CN=NN=N1,Cc1cnnnn1,rdkit_canonicalization
qm9_cn_subset:3677,3677,477,smiles,CC1=CNN=C1C,Cc1c[nH]nc1C,rdkit_canonicalization
qm9_cn_subset:3678,3678,478,smiles,CC1=CNN=C1N,Cc1c[nH]nc1N,rdkit_canonicalization
qm9_cn_subset:3683,3683,479,smiles,CC1=NC(C)=NN1,Cc1n[nH]c(C)n1,rdkit_canonicalization
qm9_cn_subset:3685,3685,480,smiles,CC1=NC(N)=NN1,Cc1nc(N)n[nH]1,rdkit_canonicalization
qm9_cn_subset:3689,3689,481,smiles,CC1=NC=CN=N1,Cc1nccnn1,rdkit_canonicalization
qm9_cn_subset:3690,3690,482,smiles,CC1=NC=NN=N1,Cc1ncnnn1,rdkit_canonicalization
qm9_cn_subset:3691,3691,483,smiles,CC1=NN=C(C)N1,Cc1nnc(C)[nH]1,rdkit_canonicalization
qm9_cn_subset:3695,3695,484,smiles,CC1=NNC(N)=C1,Cc1cc(N)[nH]n1,rdkit_canonicalization
qm9_cn_subset:3696,3696,485,smiles,CC1=NNC(N)=N1,Cc1n[nH]c(N)n1,rdkit_canonicalization
qm9_cn_subset:3699,3699,486,smiles,CC1=NNC=C1N,Cc1n[nH]cc1N,rdkit_canonicalization
qm9_cn_subset:3701,3701,487,smiles,CC1=NNN=C1C,Cc1n[nH]nc1C,rdkit_canonicalization
qm9_cn_subset:3702,3702,488,smiles,CC1=NNN=C1N,Cc1n[nH]nc1N,rdkit_canonicalization
qm9_cn_subset:3712,3712,489,smiles,CCC1=CC=NN1,CCc1ccn[nH]1,rdkit_canonicalization
qm9_cn_subset:3714,3714,490,smiles,CCC1=CN=NN1,CCc1cnn[nH]1,rdkit_canonicalization
qm9_cn_subset:3716,3716,491,smiles,CCC1=CNN=C1,CCc1cn[nH]c1,rdkit_canonicalization
qm9_cn_subset:3717,3717,492,smiles,CCC1=CNN=N1,CCc1c[nH]nn1,rdkit_canonicalization
qm9_cn_subset:3720,3720,493,smiles,CCC1=NC=NN1,CCc1ncn[nH]1,rdkit_canonicalization
qm9_cn_subset:3722,3722,494,smiles,CCC1=NNC=C1,CCc1cc[nH]n1,rdkit_canonicalization
qm9_cn_subset:3723,3723,495,smiles,CCC1=NNC=N1,CCc1nc[nH]n1,rdkit_canonicalization
qm9_cn_subset:3724,3724,496,smiles,CCC1=NNN=C1,CCc1cn[nH]n1,rdkit_canonicalization
qm9_cn_subset:3725,3725,497,smiles,CCC1=NNN=N1,CCc1nn[nH]n1,rdkit_canonicalization
qm9_cn_subset:3730,3730,498,smiles,CCN1C=CC=N1,CCn1cccn1,rdkit_canonicalization
qm9_cn_subset:3731,3731,499,smiles,CCN1C=CN=N1,CCn1ccnn1,rdkit_canonicalization
qm9_cn_subset:3732,3732,500,smiles,CCN1C=NC=N1,CCn1cncn1,rdkit_canonicalization
qm9_cn_subset:3733,3733,501,smiles,CCN1C=NN=C1,CCn1cnnc1,rdkit_canonicalization
qm9_cn_subset:3734,3734,502,smiles,CCN1C=NN=N1,CCn1cnnn1,rdkit_canonicalization
qm9_cn_subset:3735,3735,503,smiles,CCN1N=CC=N1,CCn1nccn1,rdkit_canonicalization
qm9_cn_subset:3736,3736,504,smiles,CCN1N=CN=N1,CCn1ncnn1,rdkit_canonicalization
qm9_cn_subset:3737,3737,505,smiles,CCN1N=NN=N1,CCn1nnnn1,rdkit_canonicalization
qm9_cn_subset:3738,3738,506,smiles,CN1C=C(C)C=N1,Cc1cnn(C)c1,rdkit_canonicalization
qm9_cn_subset:3739,3739,507,smiles,CN1C=C(C)N=N1,Cc1cn(C)nn1,rdkit_canonicalization
qm9_cn_subset:3740,3740,508,smiles,CN1C=C(N)C=N1,Cn1cc(N)cn1,rdkit_canonicalization
qm9_cn_subset:3741,3741,509,smiles,CN1C=C(N)N=N1,Cn1cc(N)nn1,rdkit_canonicalization
qm9_cn_subset:3744,3744,510,smiles,CN1C=CC(C)=N1,Cc1ccn(C)n1,rdkit_canonicalization
qm9_cn_subset:3745,3745,511,smiles,CN1C=CC(N)=N1,Cn1ccc(N)n1,rdkit_canonicalization
qm9_cn_subset:3747,3747,512,smiles,CN1C=NC(C)=N1,Cc1ncn(C)n1,rdkit_canonicalization
qm9_cn_subset:3748,3748,513,smiles,CN1C=NC(N)=N1,Cn1cnc(N)n1,rdkit_canonicalization
qm9_cn_subset:3753,3753,514,smiles,CN1N=CC(C)=N1,Cc1cnn(C)n1,rdkit_canonicalization
qm9_cn_subset:3754,3754,515,smiles,CN1N=CC(N)=N1,Cn1ncc(N)n1,rdkit_canonicalization
qm9_cn_subset:3756,3756,516,smiles,CN1N=CC=C1C,Cc1ccnn1C,rdkit_canonicalization
qm9_cn_subset:3757,3757,517,smiles,CN1N=CC=C1N,Cn1nccc1N,rdkit_canonicalization
qm9_cn_subset:3759,3759,518,smiles,CN1N=CN=C1C,Cc1ncnn1C,rdkit_canonicalization
qm9_cn_subset:3760,3760,519,smiles,CN1N=CN=C1N,Cn1ncnc1N,rdkit_canonicalization
qm9_cn_subset:3765,3765,520,smiles,CN1N=NC(C)=N1,Cc1nnn(C)n1,rdkit_canonicalization
qm9_cn_subset:3766,3766,521,smiles,CN1N=NC(N)=N1,Cn1nnc(N)n1,rdkit_canonicalization
qm9_cn_subset:3768,3768,522,smiles,CN1N=NC=C1C,Cc1cnnn1C,rdkit_canonicalization
qm9_cn_subset:3769,3769,523,smiles,CN1N=NC=C1N,Cn1nncc1N,rdkit_canonicalization
qm9_cn_subset:3771,3771,524,smiles,CN1N=NNC1=N,Cn1nn[nH]c1=N,rdkit_canonicalization
qm9_cn_subset:3776,3776,525,smiles,CN=C1NN=NN1,CN=c1[nH]nn[nH]1,rdkit_canonicalization
qm9_cn_subset:3779,3779,526,smiles,CNC1=CC=NN1,CNc1ccn[nH]1,rdkit_canonicalization
qm9_cn_subset:3781,3781,527,smiles,CNC1=CN=NN1,CNc1cnn[nH]1,rdkit_canonicalization
qm9_cn_subset:3783,3783,528,smiles,CNC1=CNN=C1,CNc1cn[nH]c1,rdkit_canonicalization
qm9_cn_subset:3784,3784,529,smiles,CNC1=CNN=N1,CNc1c[nH]nn1,rdkit_canonicalization
qm9_cn_subset:3787,3787,530,smiles,CNC1=NC=NN1,CNc1ncn[nH]1,rdkit_canonicalization
qm9_cn_subset:3789,3789,531,smiles,CNC1=NNC=C1,CNc1cc[nH]n1,rdkit_canonicalization
qm9_cn_subset:3790,3790,532,smiles,CNC1=NNC=N1,CNc1nc[nH]n1,rdkit_canonicalization
qm9_cn_subset:3791,3791,533,smiles,CNC1=NNN=C1,CNc1cn[nH]n1,rdkit_canonicalization
qm9_cn_subset:3792,3792,534,smiles,CNC1=NNN=N1,CNc1nn[nH]n1,rdkit_canonicalization
qm9_cn_subset:3813,3813,535,smiles,N#CC1=CC=NN1,N#Cc1ccn[nH]1,rdkit_canonicalization
qm9_cn_subset:3816,3816,536,smiles,N#CC1=CNN=C1,N#Cc1cn[nH]c1,rdkit_canonicalization
qm9_cn_subset:3817,3817,537,smiles,N#CC1=CNN=N1,N#Cc1c[nH]nn1,rdkit_canonicalization
qm9_cn_subset:3821,3821,538,smiles,N#CC1=NNC=C1,N#Cc1cc[nH]n1,rdkit_canonicalization
qm9_cn_subset:3822,3822,539,smiles,N#CC1=NNC=N1,N#Cc1nc[nH]n1,rdkit_canonicalization
qm9_cn_subset:3823,3823,540,smiles,N#CC1=NNN=C1,N#Cc1cn[nH]n1,rdkit_canonicalization
qm9_cn_subset:3828,3828,541,smiles,N=C1C=CNN=N1,N=c1cc[nH]nn1,rdkit_canonicalization
qm9_cn_subset:3831,3831,542,smiles,N=C1C=NNC=N1,N=c1cn[nH]cn1,rdkit_canonicalization
qm9_cn_subset:3832,3832,543,smiles,N=C1C=NNN=C1,N=c1cn[nH]nc1,rdkit_canonicalization
qm9_cn_subset:3833,3833,544,smiles,N=C1C=NNN=N1,N=c1cn[nH]nn1,rdkit_canonicalization
qm9_cn_subset:3837,3837,545,smiles,N=C1N=CNN=N1,N=c1nc[nH]nn1,rdkit_canonicalization
qm9_cn_subset:3839,3839,546,smiles,N=C1N=NNN=N1,N=c1nn[nH]nn1,rdkit_canonicalization
qm9_cn_subset:3841,3841,547,smiles,N=C1NN=CC=C1,N=c1cccn[nH]1,rdkit_canonicalization
qm9_cn_subset:3842,3842,548,smiles,N=C1NN=CC=N1,N=c1nccn[nH]1,rdkit_canonicalization
qm9_cn_subset:3843,3843,549,smiles,N=C1NN=CN=C1,N=c1cncn[nH]1,rdkit_canonicalization
qm9_cn_subset:3844,3844,550,smiles,N=C1NN=NC=C1,N=c1ccnn[nH]1,rdkit_canonicalization
qm9_cn_subset:3845,3845,551,smiles,N=C1NN=NC=N1,N=c1ncnn[nH]1,rdkit_canonicalization
qm9_cn_subset:3851,3851,552,smiles,NC1=C(N)C=NN1,Nc1cn[nH]c1N,rdkit_canonicalization
qm9_cn_subset:3853,3853,553,smiles,NC1=C(N)N=NN1,Nc1nn[nH]c1N,rdkit_canonicalization
qm9_cn_subset:3860,3860,554,smiles,NC1=CC(N)=NN1,Nc1cc(N)[nH]n1,rdkit_canonicalization
qm9_cn_subset:3864,3864,555,smiles,NC1=CN=CN=N1,Nc1cncnn1,rdkit_canonicalization
qm9_cn_subset:3865,3865,556,smiles,NC1=CN=NC=N1,Nc1cnncn1,rdkit_canonicalization
qm9_cn_subset:3866,3866,557,smiles,NC1=CN=NN=N1,Nc1cnnnn1,rdkit_canonicalization
qm9_cn_subset:3867,3867,558,smiles,NC1=CNN=C1N,Nc1c[nH]nc1N,rdkit_canonicalization
qm9_cn_subset:3871,3871,559,smiles,NC1=NC(N)=NN1,Nc1n[nH]c(N)n1,rdkit_canonicalization
qm9_cn_subset:3875,3875,560,smiles,NC1=NC=CN=N1,Nc1nccnn1,rdkit_canonicalization
qm9_cn_subset:3876,3876,561,smiles,NC1=NC=NN=N1,Nc1ncnnn1,rdkit_canonicalization
qm9_cn_subset:3877,3877,562,smiles,NC1=NN=C(N)N1,Nc1nnc(N)[nH]1,rdkit_canonicalization
qm9_cn_subset:3883,3883,563,smiles,NC1=NNN=C1N,Nc1n[nH]nc1N,rdkit_canonicalization
qm9_cn_subset:3891,3891,564,smiles,[NH3+]CC1=N[N-]N=N1,[NH3+]Cc1nn[n-]n1,rdkit_canonicalization
qm9_cn_subset:4259,4259,565,smiles,CC1=CC(=N)N=CN1,Cc1cc(=N)nc[nH]1,rdkit_canonicalization
qm9_cn_subset:4266,4266,566,smiles,CC1=NC(=N)N=CN1,Cc1nc(=N)nc[nH]1,rdkit_canonicalization
qm9_cn_subset:4277,4277,567,smiles,NC1=[NH+]C(=N)N=C[N-]1,N=c1nc[n-]c(N)[nH+]1,rdkit_canonicalization
qm9_cn_subset:4303,4303,568,smiles,CC1=NC(=N)NC=N1,Cc1nc[nH]c(=N)n1,rdkit_canonicalization
qm9_cn_subset:4337,4337,569,smiles,CC1=CC(C)=CN=C1,Cc1cncc(C)c1,rdkit_canonicalization
qm9_cn_subset:4338,4338,570,smiles,CC1=CC(C)=NC=C1,Cc1ccnc(C)c1,rdkit_canonicalization
qm9_cn_subset:4339,4339,571,smiles,CC1=CC(C)=NC=N1,Cc1cc(C)ncn1,rdkit_canonicalization
qm9_cn_subset:4340,4340,572,smiles,CC1=CC=CC(C)=N1,Cc1cccc(C)n1,rdkit_canonicalization
qm9_cn_subset:4341,4341,573,smiles,CC1=CC=CC(N)=C1,Cc1cccc(N)c1,rdkit_canonicalization
qm9_cn_subset:4344,4344,574,smiles,CC1=CC=NC(N)=N1,Cc1ccnc(N)n1,rdkit_canonicalization
qm9_cn_subset:4347,4347,575,smiles,CC1=CN=CC(C)=N1,Cc1cncc(C)n1,rdkit_canonicalization
qm9_cn_subset:4348,4348,576,smiles,CC1=CN=CC(N)=C1,Cc1cncc(N)c1,rdkit_canonicalization
qm9_cn_subset:4349,4349,577,smiles,CC1=CN=CC(N)=N1,Cc1cncc(N)n1,rdkit_canonicalization
qm9_cn_subset:4352,4352,578,smiles,CC1=NC(C)=NC=C1,Cc1ccnc(C)n1,rdkit_canonicalization
qm9_cn_subset:4353,4353,579,smiles,CC1=NC=NC(C)=N1,Cc1ncnc(C)n1,rdkit_canonicalization
qm9_cn_subset:4354,4354,580,smiles,CC1=NC=CC(N)=N1,Cc1nccc(N)n1,rdkit_canonicalization
qm9_cn_subset:4357,4357,581,smiles,CC1=NC=NC(N)=C1,Cc1cc(N)ncn1,rdkit_canonicalization
qm9_cn_subset:4358,4358,582,smiles,CC1=NC=NC(N)=N1,Cc1ncnc(N)n1,rdkit_canonicalization
qm9_cn_subset:4361,4361,583,smiles,NC1=CC=CC(N)=C1,Nc1cccc(N)c1,rdkit_canonicalization
qm9_cn_subset:4362,4362,584,smiles,NC1=CC(N)=CN=C1,Nc1cncc(N)c1,rdkit_canonicalization
qm9_cn_subset:4363,4363,585,smiles,NC1=CC(N)=NC=N1,Nc1cc(N)ncn1,rdkit_canonicalization
qm9_cn_subset:4367,4367,586,smiles,NC1=CN=CC(N)=N1,Nc1cncc(N)n1,rdkit_canonicalization
qm9_cn_subset:4370,4370,587,smiles,NC1=NC=NC(N)=N1,Nc1ncnc(N)n1,rdkit_canonicalization
qm9_cn_subset:4395,4395,588,smiles,CC1=NC=NC(=N)N1,Cc1ncnc(=N)[nH]1,rdkit_canonicalization
qm9_cn_subset:4455,4455,589,smiles,CC1=C(C)C=C(N)N1,Cc1cc(N)[nH]c1C,rdkit_canonicalization
qm9_cn_subset:4461,4461,590,smiles,CC1=C(N)C=C(N)N1,Cc1[nH]c(N)cc1N,rdkit_canonicalization
qm9_cn_subset:4484,4484,591,smiles,CC1=CC(C)=C(C)N1,Cc1cc(C)c(C)[nH]1,rdkit_canonicalization
qm9_cn_subset:4486,4486,592,smiles,CC1=CC(C)=C(N)N1,Cc1cc(C)c(N)[nH]1,rdkit_canonicalization
qm9_cn_subset:4489,4489,593,smiles,CC1=CC(N)=C(C)N1,Cc1cc(N)c(C)[nH]1,rdkit_canonicalization
qm9_cn_subset:4533,4533,594,smiles,CN1C=C(C)C(C)=C1,Cc1cn(C)cc1C,rdkit_canonicalization
qm9_cn_subset:4534,4534,595,smiles,CN1C=C(C)C(N)=C1,Cc1cn(C)cc1N,rdkit_canonicalization
qm9_cn_subset:4536,4536,596,smiles,CN1C=C(N)C(N)=C1,Cn1cc(N)c(N)c1,rdkit_canonicalization
qm9_cn_subset:4539,4539,597,smiles,CN1C=C(C)C=C1C,Cc1cc(C)n(C)c1,rdkit_canonicalization
qm9_cn_subset:4540,4540,598,smiles,CN1C=C(C)C=C1N,Cc1cc(N)n(C)c1,rdkit_canonicalization
qm9_cn_subset:4542,4542,599,smiles,CN1C=C(C)N=C1C,Cc1cn(C)c(C)n1,rdkit_canonicalization
qm9_cn_subset:4544,4544,600,smiles,CN1C=C(N)C=C1C,Cc1cc(N)cn1C,rdkit_canonicalization
qm9_cn_subset:4545,4545,601,smiles,CN1C=C(N)C=C1N,Cn1cc(N)cc1N,rdkit_canonicalization
qm9_cn_subset:4564,4564,602,smiles,CC1=CC=C(N)C=C1,Cc1ccc(N)cc1,rdkit_canonicalization
qm9_cn_subset:4566,4566,603,smiles,CC1=CN=C(C)C=C1,Cc1ccc(C)nc1,rdkit_canonicalization
qm9_cn_subset:4567,4567,604,smiles,CC1=CN=C(C)C=N1,Cc1cnc(C)cn1,rdkit_canonicalization
qm9_cn_subset:4568,4568,605,smiles,CC1=CN=C(C)N=C1,Cc1cnc(C)nc1,rdkit_canonicalization
qm9_cn_subset:4569,4569,606,smiles,CC1=CN=C(N)C=C1,Cc1ccc(N)nc1,rdkit_canonicalization
qm9_cn_subset:4570,4570,607,smiles,CC1=CN=C(N)C=N1,Cc1cnc(N)cn1,rdkit_canonicalization
qm9_cn_subset:4571,4571,608,smiles,CC1=CN=C(N)N=C1,Cc1cnc(N)nc1,rdkit_canonicalization
qm9_cn_subset:4575,4575,609,smiles,CC1=NC=C(N)C=C1,Cc1ccc(N)cn1,rdkit_canonicalization
qm9_cn_subset:4576,4576,610,smiles,CC1=NC=C(N)C=N1,Cc1ncc(N)cn1,rdkit_canonicalization
qm9_cn_subset:4577,4577,611,smiles,CC1=NC=C(N)N=C1,Cc1cnc(N)cn1,rdkit_canonicalization
qm9_cn_subset:4581,4581,612,smiles,NC1=CC=C(N)C=C1,Nc1ccc(N)cc1,rdkit_canonicalization
qm9_cn_subset:4583,4583,613,smiles,NC1=CN=C(N)C=C1,Nc1ccc(N)nc1,rdkit_canonicalization
qm9_cn_subset:4584,4584,614,smiles,NC1=CN=C(N)C=N1,Nc1cnc(N)cn1,rdkit_canonicalization
qm9_cn_subset:4585,4585,615,smiles,NC1=CN=C(N)N=C1,Nc1cnc(N)nc1,rdkit_canonicalization
qm9_cn_subset:4623,4623,616,smiles,CN1C=NC(=N)N=C1,Cn1cnc(=N)nc1,rdkit_canonicalization
qm9_cn_subset:4641,4641,617,smiles,CC1=CC(=CN1)C#C,C#Cc1c[nH]c(C)c1,rdkit_canonicalization
qm9_cn_subset:4642,4642,618,smiles,CC1=CC(=CN1)C#N,Cc1cc(C#N)c[nH]1,rdkit_canonicalization
qm9_cn_subset:4645,4645,619,smiles,CC1=NC(=CN1)C#C,C#Cc1c[nH]c(C)n1,rdkit_canonicalization
qm9_cn_subset:4646,4646,620,smiles,CC1=NC(=CN1)C#N,Cc1nc(C#N)c[nH]1,rdkit_canonicalization
qm9_cn_subset:4649,4649,621,smiles,NC1=CC(=CN1)C#C,C#Cc1c[nH]c(N)c1,rdkit_canonicalization
qm9_cn_subset:4650,4650,622,smiles,NC1=CC(=CN1)C#N,N#Cc1c[nH]c(N)c1,rdkit_canonicalization
qm9_cn_subset:4653,4653,623,smiles,NC1=NC(=CN1)C#C,C#Cc1c[nH]c(N)n1,rdkit_canonicalization
qm9_cn_subset:4654,4654,624,smiles,NC1=NC(=CN1)C#N,N#Cc1c[nH]c(N)n1,rdkit_canonicalization
qm9_cn_subset:4676,4676,625,smiles,CC1=CC=C(N1)C#C,C#Cc1ccc(C)[nH]1,rdkit_canonicalization
qm9_cn_subset:4677,4677,626,smiles,CC1=CC=C(N1)C#N,Cc1ccc(C#N)[nH]1,rdkit_canonicalization
qm9_cn_subset:4680,4680,627,smiles,CC1=CN=C(N1)C#C,C#Cc1ncc(C)[nH]1,rdkit_canonicalization
qm9_cn_subset:4681,4681,628,smiles,CC1=CN=C(N1)C#N,Cc1cnc(C#N)[nH]1,rdkit_canonicalization
qm9_cn_subset:4684,4684,629,smiles,CC1=NC=C(N1)C#C,C#Cc1cnc(C)[nH]1,rdkit_canonicalization
qm9_cn_subset:4685,4685,630,smiles,CC1=NC=C(N1)C#N,Cc1ncc(C#N)[nH]1,rdkit_canonicalization
qm9_cn_subset:4688,4688,631,smiles,NC1=CC=C(N1)C#C,C#Cc1ccc(N)[nH]1,rdkit_canonicalization
qm9_cn_subset:4689,4689,632,smiles,NC1=CC=C(N1)C#N,N#Cc1ccc(N)[nH]1,rdkit_canonicalization
qm9_cn_subset:4692,4692,633,smiles,NC1=CN=C(N1)C#C,C#Cc1ncc(N)[nH]1,rdkit_canonicalization
qm9_cn_subset:4693,4693,634,smiles,NC1=CN=C(N1)C#N,N#Cc1ncc(N)[nH]1,rdkit_canonicalization
qm9_cn_subset:4696,4696,635,smiles,NC1=NC=C(N1)C#N,N#Cc1cnc(N)[nH]1,rdkit_canonicalization
qm9_cn_subset:4718,4718,636,smiles,CC1=CNC(=C1)C#C,C#Cc1cc(C)c[nH]1,rdkit_canonicalization
qm9_cn_subset:4719,4719,637,smiles,CC1=CNC(=C1)C#N,Cc1c[nH]c(C#N)c1,rdkit_canonicalization
qm9_cn_subset:4720,4720,638,smiles,CC1=CNC(=N1)C#C,C#Cc1nc(C)c[nH]1,rdkit_canonicalization
qm9_cn_subset:4721,4721,639,smiles,CC1=CNC(=N1)C#N,Cc1c[nH]c(C#N)n1,rdkit_canonicalization
qm9_cn_subset:4726,4726,640,smiles,NC1=CNC(=C1)C#C,C#Cc1cc(N)c[nH]1,rdkit_canonicalization
qm9_cn_subset:4727,4727,641,smiles,NC1=CNC(=C1)C#N,N#Cc1cc(N)c[nH]1,rdkit_canonicalization
qm9_cn_subset:4728,4728,642,smiles,NC1=CNC(=N1)C#C,C#Cc1nc(N)c[nH]1,rdkit_canonicalization
qm9_cn_subset:4729,4729,643,smiles,NC1=CNC(=N1)C#N,N#Cc1nc(N)c[nH]1,rdkit_canonicalization
qm9_cn_subset:4751,4751,644,smiles,CN1C=CC(=C1)C#C,C#Cc1ccn(C)c1,rdkit_canonicalization
qm9_cn_subset:4752,4752,645,smiles,CN1C=CC(=C1)C#N,Cn1ccc(C#N)c1,rdkit_canonicalization
qm9_cn_subset:4753,4753,646,smiles,CN1C=NC(=C1)C#C,C#Cc1cn(C)cn1,rdkit_canonicalization
qm9_cn_subset:4754,4754,647,smiles,CN1C=NC(=C1)C#N,Cn1cnc(C#N)c1,rdkit_canonicalization
qm9_cn_subset:4771,4771,648,smiles,CCC1=CC(C)=CN1,CCc1cc(C)c[nH]1,rdkit_canonicalization
qm9_cn_subset:4773,4773,649,smiles,CCC1=CC(N)=CN1,CCc1cc(N)c[nH]1,rdkit_canonicalization
qm9_cn_subset:4777,4777,650,smiles,CCC1=NC(C)=CN1,CCc1nc(C)c[nH]1,rdkit_canonicalization
qm9_cn_subset:4782,4782,651,smiles,CNC1=CC(C)=CN1,CNc1cc(C)c[nH]1,rdkit_canonicalization
qm9_cn_subset:4784,4784,652,smiles,CNC1=CC(N)=CN1,CNc1cc(N)c[nH]1,rdkit_canonicalization
qm9_cn_subset:4813,4813,653,smiles,CCC1=CN(C)C=C1,CCc1ccn(C)c1,rdkit_canonicalization
qm9_cn_subset:4814,4814,654,smiles,CCC1=CN(C)C=N1,CCc1cn(C)cn1,rdkit_canonicalization
qm9_cn_subset:4817,4817,655,smiles,CNC1=CN(C)C=C1,CNc1ccn(C)c1,rdkit_canonicalization
qm9_cn_subset:4818,4818,656,smiles,CNC1=CN(C)C=N1,CNc1cn(C)cn1,rdkit_canonicalization
qm9_cn_subset:4828,4828,657,smiles,CCC1=CC=C(C)N1,CCc1ccc(C)[nH]1,rdkit_canonicalization
qm9_cn_subset:4830,4830,658,smiles,CCC1=CC=C(N)N1,CCc1ccc(N)[nH]1,rdkit_canonicalization
qm9_cn_subset:4840,4840,659,smiles,CNC1=CC=C(C)N1,CNc1ccc(C)[nH]1,rdkit_canonicalization
qm9_cn_subset:4906,4906,660,smiles,CCC1=CNC(C)=C1,CCc1c[nH]c(C)c1,rdkit_canonicalization
qm9_cn_subset:4907,4907,661,smiles,CCC1=CNC(C)=N1,CCc1c[nH]c(C)n1,rdkit_canonicalization
qm9_cn_subset:4908,4908,662,smiles,CCC1=CNC(N)=C1,CCc1c[nH]c(N)c1,rdkit_canonicalization
qm9_cn_subset:4916,4916,663,smiles,CNC1=CNC(C)=C1,CNc1c[nH]c(C)c1,rdkit_canonicalization
qm9_cn_subset:4917,4917,664,smiles,CNC1=CNC(C)=N1,CNc1c[nH]c(C)n1,rdkit_canonicalization
qm9_cn_subset:4918,4918,665,smiles,CNC1=CNC(N)=C1,CNc1c[nH]c(N)c1,rdkit_canonicalization
qm9_cn_subset:4943,4943,666,smiles,CCN1C=CC(C)=C1,CCn1ccc(C)c1,rdkit_canonicalization
qm9_cn_subset:4944,4944,667,smiles,CCN1C=CC(N)=C1,CCn1ccc(N)c1,rdkit_canonicalization
qm9_cn_subset:4946,4946,668,smiles,CCN1C=NC(C)=C1,CCn1cnc(C)c1,rdkit_canonicalization
qm9_cn_subset:4947,4947,669,smiles,CCN1C=NC(N)=C1,CCn1cnc(N)c1,rdkit_canonicalization
qm9_cn_subset:4959,4959,670,smiles,CC1=CC=CC=C1N,Cc1ccccc1N,rdkit_canonicalization
qm9_cn_subset:4961,4961,671,smiles,CC1=CC=CN=C1C,Cc1cccnc1C,rdkit_canonicalization
qm9_cn_subset:4962,4962,672,smiles,CC1=CC=CN=C1N,Cc1cccnc1N,rdkit_canonicalization
qm9_cn_subset:4964,4964,673,smiles,CC1=CC=NC=C1C,Cc1ccncc1C,rdkit_canonicalization
qm9_cn_subset:4965,4965,674,smiles,CC1=CC=NC=C1N,Cc1ccncc1N,rdkit_canonicalization
qm9_cn_subset:4968,4968,675,smiles,CC1=CN=CN=C1C,Cc1cncnc1C,rdkit_canonicalization
qm9_cn_subset:4969,4969,676,smiles,CC1=CN=CN=C1N,Cc1cncnc1N,rdkit_canonicalization
qm9_cn_subset:4971,4971,677,smiles,CC1=NC=CC=C1N,Cc1ncccc1N,rdkit_canonicalization
qm9_cn_subset:4973,4973,678,smiles,CC1=NC=CN=C1C,Cc1nccnc1C,rdkit_canonicalization
qm9_cn_subset:4974,4974,679,smiles,CC1=NC=CN=C1N,Cc1nccnc1N,rdkit_canonicalization
qm9_cn_subset:4976,4976,680,smiles,CC1=NC=NC=C1N,Cc1ncncc1N,rdkit_canonicalization
qm9_cn_subset:4978,4978,681,smiles,NC1=CC=CC=C1N,Nc1ccccc1N,rdkit_canonicalization
qm9_cn_subset:4982,4982,682,smiles,NC1=CN=CN=C1N,Nc1cncnc1N,rdkit_canonicalization
qm9_cn_subset:4985,4985,683,smiles,NC1=NC=CN=C1N,Nc1nccnc1N,rdkit_canonicalization
qm9_cn_subset:5020,5020,684,smiles,CC1=CNC=NC1=N,Cc1c[nH]cnc1=N,rdkit_canonicalization
qm9_cn_subset:5026,5026,685,smiles,NC1=CNC=NC1=N,N=c1nc[nH]cc1N,rdkit_canonicalization
qm9_cn_subset:5040,5040,686,smiles,CN1C=NC=NC1=N,Cn1cncnc1=N,rdkit_canonicalization
qm9_cn_subset:5042,5042,687,smiles,N=C1C=CC=NC=N1,N=c1cccncn1,rdkit_canonicalization
qm9_cn_subset:5043,5043,688,smiles,N=C1C=CN=CC=N1,N=c1ccnccn1,rdkit_canonicalization
qm9_cn_subset:5044,5044,689,smiles,N=C1C=CN=CN=C1,N=c1ccncnc1,rdkit_canonicalization
qm9_cn_subset:5045,5045,690,smiles,N=C1C=NC=CC=N1,N=c1cncccn1,rdkit_canonicalization
qm9_cn_subset:5046,5046,691,smiles,N=C1C=NC=CN=C1,N=c1cnccnc1,rdkit_canonicalization
qm9_cn_subset:5047,5047,692,smiles,N=C1C=NC=NC=N1,N=c1cncncn1,rdkit_canonicalization
qm9_cn_subset:5048,5048,693,smiles,N=C1N=CC=CC=N1,N=c1nccccn1,rdkit_canonicalization
qm9_cn_subset:5049,5049,694,smiles,N=C1N=CC=NC=N1,N=c1nccncn1,rdkit_canonicalization
qm9_cn_subset:5062,5062,695,smiles,CC1=C(C)C(N)=CN1,Cc1[nH]cc(N)c1C,rdkit_canonicalization
qm9_cn_subset:5065,5065,696,smiles,CC1=C(N)C(N)=CN1,Cc1[nH]cc(N)c1N,rdkit_canonicalization
qm9_cn_subset:5068,5068,697,smiles,CC1=C(N)NC=C1N,Cc1c(N)c[nH]c1N,rdkit_canonicalization
qm9_cn_subset:5076,5076,698,smiles,CC1=CNC(C)=C1C,Cc1c[nH]c(C)c1C,rdkit_canonicalization
qm9_cn_subset:5077,5077,699,smiles,CC1=CNC(C)=C1N,Cc1c[nH]c(C)c1N,rdkit_canonicalization
qm9_cn_subset:5079,5079,700,smiles,CC1=CNC(N)=C1C,Cc1c[nH]c(N)c1C,rdkit_canonicalization
qm9_cn_subset:5107,5107,701,smiles,CN1C(C)=CC=C1C,Cc1ccc(C)n1C,rdkit_canonicalization
qm9_cn_subset:5108,5108,702,smiles,CN1C(C)=CC=C1N,Cc1ccc(N)n1C,rdkit_canonicalization
qm9_cn_subset:5111,5111,703,smiles,CN1C(N)=CC=C1N,Cn1c(N)ccc1N,rdkit_canonicalization
qm9_cn_subset:5117,5117,704,smiles,CN1C=CC(C)=C1C,Cc1ccn(C)c1C,rdkit_canonicalization
qm9_cn_subset:5118,5118,705,smiles,CN1C=CC(C)=C1N,Cc1ccn(C)c1N,rdkit_canonicalization
qm9_cn_subset:5120,5120,706,smiles,CN1C=CC(N)=C1C,Cc1c(N)ccn1C,rdkit_canonicalization
qm9_cn_subset:5125,5125,707,smiles,CN1C=NC(C)=C1C,Cc1ncn(C)c1C,rdkit_canonicalization
qm9_cn_subset:5127,5127,708,smiles,CN1C=NC(N)=C1C,Cc1c(N)ncn1C,rdkit_canonicalization
qm9_cn_subset:5133,5133,709,smiles,C#CCC1=CC=CN1,C#CCc1ccc[nH]1,rdkit_canonicalization
qm9_cn_subset:5135,5135,710,smiles,C#CCC1=CN=CN1,C#CCc1cnc[nH]1,rdkit_canonicalization
qm9_cn_subset:5137,5137,711,smiles,C#CCC1=NC=CN1,C#CCc1ncc[nH]1,rdkit_canonicalization
qm9_cn_subset:5139,5139,712,smiles,N#CCC1=CC=CN1,N#CCc1ccc[nH]1,rdkit_canonicalization
qm9_cn_subset:5141,5141,713,smiles,N#CCC1=CN=CN1,N#CCc1cnc[nH]1,rdkit_canonicalization
qm9_cn_subset:5143,5143,714,smiles,N#CCC1=NC=CN1,N#CCc1ncc[nH]1,rdkit_canonicalization
qm9_cn_subset:5145,5145,715,smiles,C#CCC1=CNC=C1,C#CCc1cc[nH]c1,rdkit_canonicalization
qm9_cn_subset:5146,5146,716,smiles,C#CCC1=CNC=N1,C#CCc1c[nH]cn1,rdkit_canonicalization
qm9_cn_subset:5149,5149,717,smiles,N#CCC1=CNC=C1,N#CCc1cc[nH]c1,rdkit_canonicalization
qm9_cn_subset:5150,5150,718,smiles,N#CCC1=CNC=N1,N#CCc1c[nH]cn1,rdkit_canonicalization
qm9_cn_subset:5153,5153,719,smiles,C#CCN1C=CC=C1,C#CCn1cccc1,rdkit_canonicalization
qm9_cn_subset:5154,5154,720,smiles,C#CCN1C=CN=C1,C#CCn1ccnc1,rdkit_canonicalization
qm9_cn_subset:5155,5155,721,smiles,N#CCN1C=CC=C1,N#CCn1cccc1,rdkit_canonicalization
qm9_cn_subset:5156,5156,722,smiles,N#CCN1C=CN=C1,N#CCn1ccnc1,rdkit_canonicalization
qm9_cn_subset:5184,5184,723,smiles,N=CNC1=CNC=N1,N=CNc1c[nH]cn1,rdkit_canonicalization
qm9_cn_subset:5205,5205,724,smiles,CC#CC1=CC=CN1,CC#Cc1ccc[nH]1,rdkit_canonicalization
qm9_cn_subset:5207,5207,725,smiles,CC#CC1=CN=CN1,CC#Cc1cnc[nH]1,rdkit_canonicalization
qm9_cn_subset:5209,5209,726,smiles,CC#CC1=NC=CN1,CC#Cc1ncc[nH]1,rdkit_canonicalization
qm9_cn_subset:5211,5211,727,smiles,CC#CC1=CNC=C1,CC#Cc1cc[nH]c1,rdkit_canonicalization
qm9_cn_subset:5212,5212,728,smiles,CC#CC1=CNC=N1,CC#Cc1c[nH]cn1,rdkit_canonicalization
qm9_cn_subset:5220,5220,729,smiles,CCCC1=CC=CN1,CCCc1ccc[nH]1,rdkit_canonicalization
qm9_cn_subset:5222,5222,730,smiles,CCCC1=CN=CN1,CCCc1cnc[nH]1,rdkit_canonicalization
qm9_cn_subset:5224,5224,731,smiles,CCCC1=NC=CN1,CCCc1ncc[nH]1,rdkit_canonicalization
qm9_cn_subset:5226,5226,732,smiles,CCNC1=CC=CN1,CCNc1ccc[nH]1,rdkit_canonicalization
qm9_cn_subset:5249,5249,733,smiles,CCCC1=CNC=C1,CCCc1cc[nH]c1,rdkit_canonicalization
qm9_cn_subset:5250,5250,734,smiles,CCCC1=CNC=N1,CCCc1c[nH]cn1,rdkit_canonicalization
qm9_cn_subset:5253,5253,735,smiles,CCNC1=CNC=C1,CCNc1cc[nH]c1,rdkit_canonicalization
qm9_cn_subset:5254,5254,736,smiles,CCNC1=CNC=N1,CCNc1c[nH]cn1,rdkit_canonicalization
qm9_cn_subset:5269,5269,737,smiles,CCCN1C=CC=C1,CCCn1cccc1,rdkit_canonicalization
qm9_cn_subset:5270,5270,738,smiles,CCCN1C=CN=C1,CCCn1ccnc1,rdkit_canonicalization
qm9_cn_subset:5301,5301,739,smiles,CC(C)C1=CC=CN1,CC(C)c1ccc[nH]1,rdkit_canonicalization
qm9_cn_subset:5303,5303,740,smiles,CC(C)C1=CN=CN1,CC(C)c1cnc[nH]1,rdkit_canonicalization
qm9_cn_subset:5305,5305,741,smiles,CC(C)C1=NC=CN1,CC(C)c1ncc[nH]1,rdkit_canonicalization
qm9_cn_subset:5313,5313,742,smiles,CN(C)C1=CC=CN1,CN(C)c1ccc[nH]1,rdkit_canonicalization
qm9_cn_subset:5317,5317,743,smiles,CC(C)C1=CNC=C1,CC(C)c1cc[nH]c1,rdkit_canonicalization
qm9_cn_subset:5318,5318,744,smiles,CC(C)C1=CNC=N1,CC(C)c1c[nH]cn1,rdkit_canonicalization
qm9_cn_subset:5325,5325,745,smiles,CN(C)C1=CNC=C1,CN(C)c1cc[nH]c1,rdkit_canonicalization
qm9_cn_subset:5326,5326,746,smiles,CN(C)C1=CNC=N1,CN(C)c1c[nH]cn1,rdkit_canonicalization
qm9_cn_subset:5329,5329,747,smiles,CC(C)N1C=CC=C1,CC(C)n1cccc1,rdkit_canonicalization
qm9_cn_subset:5330,5330,748,smiles,CC(C)N1C=CN=C1,CC(C)n1ccnc1,rdkit_canonicalization
qm9_cn_subset:5331,5331,749,smiles,CC1=CN2CCC2=C1,Cc1cc2n(c1)CC2,rdkit_canonicalization
qm9_cn_subset:5332,5332,750,smiles,CC1=CN2CCC2=N1,Cc1cn2c(n1)CC2,rdkit_canonicalization
qm9_cn_subset:5333,5333,751,smiles,NC1=CN2CCC2=C1,Nc1cc2n(c1)CC2,rdkit_canonicalization
qm9_cn_subset:5334,5334,752,smiles,NC1=CN2CCC2=N1,Nc1cn2c(n1)CC2,rdkit_canonicalization
qm9_cn_subset:5338,5338,753,smiles,C#CC1=CC=NC=C1,C#Cc1ccncc1,rdkit_canonicalization
qm9_cn_subset:5339,5339,754,smiles,C#CC1=CN=CC=C1,C#Cc1cccnc1,rdkit_canonicalization
qm9_cn_subset:5340,5340,755,smiles,C#CC1=CN=CC=N1,C#Cc1cnccn1,rdkit_canonicalization
qm9_cn_subset:5341,5341,756,smiles,C#CC1=CN=CN=C1,C#Cc1cncnc1,rdkit_canonicalization
qm9_cn_subset:5342,5342,757,smiles,C#CC1=NC=CC=C1,C#Cc1ccccn1,rdkit_canonicalization
qm9_cn_subset:5343,5343,758,smiles,C#CC1=NC=CC=N1,C#Cc1ncccn1,rdkit_canonicalization
qm9_cn_subset:5344,5344,759,smiles,C#CC1=NC=CN=C1,C#Cc1cnccn1,rdkit_canonicalization
qm9_cn_subset:5345,5345,760,smiles,C#CC1=NC=NC=C1,C#Cc1ccncn1,rdkit_canonicalization
qm9_cn_subset:5346,5346,761,smiles,C#CC1=NC=NC=N1,C#Cc1ncncn1,rdkit_canonicalization
qm9_cn_subset:5347,5347,762,smiles,N#CC1=CC=CC=C1,N#Cc1ccccc1,rdkit_canonicalization
qm9_cn_subset:5348,5348,763,smiles,N#CC1=CC=NC=C1,N#Cc1ccncc1,rdkit_canonicalization
qm9_cn_subset:5349,5349,764,smiles,N#CC1=CN=CC=C1,N#Cc1cccnc1,rdkit_canonicalization
qm9_cn_subset:5350,5350,765,smiles,N#CC1=CN=CC=N1,N#Cc1cnccn1,rdkit_canonicalization
qm9_cn_subset:5351,5351,766,smiles,N#CC1=CN=CN=C1,N#Cc1cncnc1,rdkit_canonicalization
qm9_cn_subset:5352,5352,767,smiles,N#CC1=NC=CC=C1,N#Cc1ccccn1,rdkit_canonicalization
qm9_cn_subset:5353,5353,768,smiles,N#CC1=NC=CC=N1,N#Cc1ncccn1,rdkit_canonicalization
qm9_cn_subset:5354,5354,769,smiles,N#CC1=NC=CN=C1,N#Cc1cnccn1,rdkit_canonicalization
qm9_cn_subset:5355,5355,770,smiles,N#CC1=NC=NC=C1,N#Cc1ccncn1,rdkit_canonicalization
qm9_cn_subset:5356,5356,771,smiles,N#CC1=NC=NC=N1,N#Cc1ncncn1,rdkit_canonicalization
qm9_cn_subset:5367,5367,772,smiles,CN=C1C=CNC=N1,CN=c1cc[nH]cn1,rdkit_canonicalization
qm9_cn_subset:5370,5370,773,smiles,CN=C1N=CNC=N1,CN=c1nc[nH]cn1,rdkit_canonicalization
qm9_cn_subset:5372,5372,774,smiles,CN=C1NC=NC=C1,CN=c1ccnc[nH]1,rdkit_canonicalization
qm9_cn_subset:5373,5373,775,smiles,CN=C1NC=NC=N1,CN=c1ncnc[nH]1,rdkit_canonicalization
qm9_cn_subset:5380,5380,776,smiles,CCC1=CC=NC=C1,CCc1ccncc1,rdkit_canonicalization
qm9_cn_subset:5381,5381,777,smiles,CCC1=CN=CC=C1,CCc1cccnc1,rdkit_canonicalization
qm9_cn_subset:5382,5382,778,smiles,CCC1=CN=CC=N1,CCc1cnccn1,rdkit_canonicalization
qm9_cn_subset:5383,5383,779,smiles,CCC1=CN=CN=C1,CCc1cncnc1,rdkit_canonicalization
qm9_cn_subset:5384,5384,780,smiles,CCC1=NC=CC=C1,CCc1ccccn1,rdkit_canonicalization
qm9_cn_subset:5385,5385,781,smiles,CCC1=NC=CC=N1,CCc1ncccn1,rdkit_canonicalization
qm9_cn_subset:5386,5386,782,smiles,CCC1=NC=CN=C1,CCc1cnccn1,rdkit_canonicalization
qm9_cn_subset:5387,5387,783,smiles,CCC1=NC=NC=C1,CCc1ccncn1,rdkit_canonicalization
qm9_cn_subset:5388,5388,784,smiles,CCC1=NC=NC=N1,CCc1ncncn1,rdkit_canonicalization
qm9_cn_subset:5389,5389,785,smiles,CNC1=CC=CC=C1,CNc1ccccc1,rdkit_canonicalization
qm9_cn_subset:5390,5390,786,smiles,CNC1=CN=CC=C1,CNc1cccnc1,rdkit_canonicalization
qm9_cn_subset:5391,5391,787,smiles,CNC1=CN=CC=N1,CNc1cnccn1,rdkit_canonicalization
qm9_cn_subset:5392,5392,788,smiles,CNC1=CN=CN=C1,CNc1cncnc1,rdkit_canonicalization
qm9_cn_subset:5393,5393,789,smiles,CNC1=NC=CC=C1,CNc1ccccn1,rdkit_canonicalization
qm9_cn_subset:5394,5394,790,smiles,CNC1=NC=CC=N1,CNc1ncccn1,rdkit_canonicalization
qm9_cn_subset:5395,5395,791,smiles,CNC1=NC=CN=C1,CNc1cnccn1,rdkit_canonicalization
qm9_cn_subset:5396,5396,792,smiles,CNC1=NC=NC=C1,CNc1ccncn1,rdkit_canonicalization
qm9_cn_subset:5397,5397,793,smiles,CNC1=NC=NC=N1,CNc1ncncn1,rdkit_canonicalization
qm9_cn_subset:5431,5431,794,smiles,CC1=C(C=CN1)C#C,C#Cc1cc[nH]c1C,rdkit_canonicalization
qm9_cn_subset:5432,5432,795,smiles,CC1=C(C=CN1)C#N,Cc1[nH]ccc1C#N,rdkit_canonicalization
qm9_cn_subset:5435,5435,796,smiles,CC1=C(N=CN1)C#C,C#Cc1nc[nH]c1C,rdkit_canonicalization
qm9_cn_subset:5436,5436,797,smiles,CC1=C(N=CN1)C#N,Cc1[nH]cnc1C#N,rdkit_canonicalization
qm9_cn_subset:5439,5439,798,smiles,NC1=C(C=CN1)C#C,C#Cc1cc[nH]c1N,rdkit_canonicalization
qm9_cn_subset:5440,5440,799,smiles,NC1=C(C=CN1)C#N,N#Cc1cc[nH]c1N,rdkit_canonicalization
qm9_cn_subset:5443,5443,800,smiles,NC1=C(N=CN1)C#C,C#Cc1nc[nH]c1N,rdkit_canonicalization
qm9_cn_subset:5444,5444,801,smiles,NC1=C(N=CN1)C#N,N#Cc1nc[nH]c1N,rdkit_canonicalization
qm9_cn_subset:5450,5450,802,smiles,CC1=C(NC=C1)C#C,C#Cc1[nH]ccc1C,rdkit_canonicalization
qm9_cn_subset:5451,5451,803,smiles,CC1=C(NC=C1)C#N,Cc1cc[nH]c1C#N,rdkit_canonicalization
qm9_cn_subset:5452,5452,804,smiles,CC1=C(NC=N1)C#C,C#Cc1[nH]cnc1C,rdkit_canonicalization
qm9_cn_subset:5453,5453,805,smiles,CC1=C(NC=N1)C#N,Cc1nc[nH]c1C#N,rdkit_canonicalization
qm9_cn_subset:5458,5458,806,smiles,NC1=C(NC=C1)C#C,C#Cc1[nH]ccc1N,rdkit_canonicalization
qm9_cn_subset:5459,5459,807,smiles,NC1=C(NC=C1)C#N,N#Cc1[nH]ccc1N,rdkit_canonicalization
qm9_cn_subset:5460,5460,808,smiles,NC1=C(NC=N1)C#C,C#Cc1[nH]cnc1N,rdkit_canonicalization
qm9_cn_subset:5461,5461,809,smiles,NC1=C(NC=N1)C#N,N#Cc1[nH]cnc1N,rdkit_canonicalization
qm9_cn_subset:5491,5491,810,smiles,CC1=CNC=C1C#C,C#Cc1c[nH]cc1C,rdkit_canonicalization
qm9_cn_subset:5492,5492,811,smiles,CC1=CNC=C1C#N,Cc1c[nH]cc1C#N,rdkit_canonicalization
qm9_cn_subset:5495,5495,812,smiles,NC1=CNC=C1C#C,C#Cc1c[nH]cc1N,rdkit_canonicalization
qm9_cn_subset:5496,5496,813,smiles,NC1=CNC=C1C#N,N#Cc1c[nH]cc1N,rdkit_canonicalization
qm9_cn_subset:5506,5506,814,smiles,CN1C=CC=C1C#C,C#Cc1cccn1C,rdkit_canonicalization
qm9_cn_subset:5507,5507,815,smiles,CN1C=CC=C1C#N,Cn1cccc1C#N,rdkit_canonicalization
qm9_cn_subset:5508,5508,816,smiles,CN1C=CN=C1C#C,C#Cc1nccn1C,rdkit_canonicalization
qm9_cn_subset:5509,5509,817,smiles,CN1C=CN=C1C#N,Cn1ccnc1C#N,rdkit_canonicalization
qm9_cn_subset:5510,5510,818,smiles,CN1C=NC=C1C#C,C#Cc1cncn1C,rdkit_canonicalization
qm9_cn_subset:5511,5511,819,smiles,CN1C=NC=C1C#N,Cn1cncc1C#N,rdkit_canonicalization
qm9_cn_subset:5520,5520,820,smiles,CCC1=C(C)C=CN1,CCc1[nH]ccc1C,rdkit_canonicalization
qm9_cn_subset:5522,5522,821,smiles,CCC1=C(C)N=CN1,CCc1[nH]cnc1C,rdkit_canonicalization
qm9_cn_subset:5524,5524,822,smiles,CCC1=C(N)C=CN1,CCc1[nH]ccc1N,rdkit_canonicalization
qm9_cn_subset:5526,5526,823,smiles,CCC1=C(N)N=CN1,CCc1[nH]cnc1N,rdkit_canonicalization
qm9_cn_subset:5532,5532,824,smiles,CNC1=C(C)C=CN1,CNc1[nH]ccc1C,rdkit_canonicalization
qm9_cn_subset:5566,5566,825,smiles,CCC1=C(C)NC=C1,CCc1cc[nH]c1C,rdkit_canonicalization
qm9_cn_subset:5567,5567,826,smiles,CCC1=C(C)NC=N1,CCc1nc[nH]c1C,rdkit_canonicalization
qm9_cn_subset:5570,5570,827,smiles,CCC1=C(N)NC=C1,CCc1cc[nH]c1N,rdkit_canonicalization
qm9_cn_subset:5575,5575,828,smiles,CNC1=C(C)NC=C1,CNc1cc[nH]c1C,rdkit_canonicalization
qm9_cn_subset:5576,5576,829,smiles,CNC1=C(C)NC=N1,CNc1nc[nH]c1C,rdkit_canonicalization
qm9_cn_subset:5579,5579,830,smiles,CNC1=C(N)NC=N1,CNc1nc[nH]c1N,rdkit_canonicalization
qm9_cn_subset:5602,5602,831,smiles,CCC1=CC=CN1C,CCc1cccn1C,rdkit_canonicalization
qm9_cn_subset:5603,5603,832,smiles,CCC1=CN=CN1C,CCc1cncn1C,rdkit_canonicalization
qm9_cn_subset:5604,5604,833,smiles,CCC1=NC=CN1C,CCc1nccn1C,rdkit_canonicalization
qm9_cn_subset:5608,5608,834,smiles,CNC1=CC=CN1C,CNc1cccn1C,rdkit_canonicalization
qm9_cn_subset:5614,5614,835,smiles,CCC1=CNC=C1C,CCc1c[nH]cc1C,rdkit_canonicalization
qm9_cn_subset:5615,5615,836,smiles,CCC1=CNC=C1N,CCc1c[nH]cc1N,rdkit_canonicalization
qm9_cn_subset:5619,5619,837,smiles,CNC1=CNC=C1C,CNc1c[nH]cc1C,rdkit_canonicalization
qm9_cn_subset:5620,5620,838,smiles,CNC1=CNC=C1N,CNc1c[nH]cc1N,rdkit_canonicalization
qm9_cn_subset:5634,5634,839,smiles,CCN1C=CC=C1C,CCn1cccc1C,rdkit_canonicalization
qm9_cn_subset:5635,5635,840,smiles,CCN1C=CC=C1N,CCn1cccc1N,rdkit_canonicalization
qm9_cn_subset:5637,5637,841,smiles,CCN1C=CN=C1C,CCn1ccnc1C,rdkit_canonicalization
qm9_cn_subset:5639,5639,842,smiles,CCN1C=NC=C1C,CCn1cncc1C,rdkit_canonicalization
qm9_cn_subset:5644,5644,843,smiles,C1C=CC2=CNC=C12,C1=Cc2c[nH]cc2C1,rdkit_canonicalization
qm9_cn_subset:5646,5646,844,smiles,N1C=C2NC=NC2=C1,c1nc2c[nH]cc2[nH]1,rdkit_canonicalization
qm9_cn_subset:5650,5650,845,smiles,C1C=CC2=C1C=CN2,C1=Cc2[nH]ccc2C1,rdkit_canonicalization
qm9_cn_subset:5652,5652,846,smiles,C1C=CC2=C1N=CN2,C1=Cc2[nH]cnc2C1,rdkit_canonicalization
qm9_cn_subset:5654,5654,847,smiles,N1C=CC2=C1C=CN2,c1cc2[nH]ccc2[nH]1,rdkit_canonicalization
qm9_cn_subset:5656,5656,848,smiles,N1C=NC2=C1C=CN2,c1nc2[nH]ccc2[nH]1,rdkit_canonicalization
qm9_cn_subset:5659,5659,849,smiles,N1C=NC2=C1N=CN2,c1nc2[nH]cnc2[nH]1,rdkit_canonicalization
qm9_cn_subset:5664,5664,850,smiles,C1C=CC2=C1NC=C2,C1=Cc2cc[nH]c2C1,rdkit_canonicalization
qm9_cn_subset:5665,5665,851,smiles,C1C=CC2=C1NC=N2,C1=Cc2nc[nH]c2C1,rdkit_canonicalization
qm9_cn_subset:5668,5668,852,smiles,N1C=CC2=C1NC=C2,c1cc2cc[nH]c2[nH]1,rdkit_canonicalization
qm9_cn_subset:5669,5669,853,smiles,N1C=CC2=C1NC=N2,c1cc2nc[nH]c2[nH]1,rdkit_canonicalization
qm9_cn_subset:5672,5672,854,smiles,N1C=NC2=C1NC=N2,c1nc2nc[nH]c2[nH]1,rdkit_canonicalization
qm9_cn_subset:5677,5677,855,smiles,C1C=CC2=CC=CN12,C1=Cc2cccn2C1,rdkit_canonicalization
qm9_cn_subset:5678,5678,856,smiles,C1C=CC2=CN=CN12,C1=Cc2cncn2C1,rdkit_canonicalization
qm9_cn_subset:5679,5679,857,smiles,C1C=CC2=NC=CN12,C1=Cc2nccn2C1,rdkit_canonicalization
qm9_cn_subset:5680,5680,858,smiles,C1C=CN2C=CC=C12,C1=Cn2cccc2C1,rdkit_canonicalization
qm9_cn_subset:5681,5681,859,smiles,C1C=CN2C=CN=C12,C1=Cn2ccnc2C1,rdkit_canonicalization
qm9_cn_subset:5682,5682,860,smiles,C1C=CN2C=NC=C12,C1=Cn2cncc2C1,rdkit_canonicalization
qm9_cn_subset:5683,5683,861,smiles,N1C=CN2C=CN=C12,c1cn2cc[nH]c2n1,rdkit_canonicalization
qm9_cn_subset:5685,5685,862,smiles,C1CC2=C(C1)C=CN2,c1cc2c([nH]1)CCC2,rdkit_canonicalization
qm9_cn_subset:5687,5687,863,smiles,C1CC2=C(C1)N=CN2,c1nc2c([nH]1)CCC2,rdkit_canonicalization
qm9_cn_subset:5689,5689,864,smiles,C1CC2=C(N1)C=CN2,c1cc2c([nH]1)CCN2,rdkit_canonicalization
qm9_cn_subset:5691,5691,865,smiles,C1CC2=C(N1)N=CN2,c1nc2c([nH]1)CCN2,rdkit_canonicalization
qm9_cn_subset:5693,5693,866,smiles,C1CC2=C(N1)NC=C2,c1cc2c([nH]1)NCC2,rdkit_canonicalization
qm9_cn_subset:5713,5713,867,smiles,C1CC2=CNC=C2C1,c1[nH]cc2c1CCC2,rdkit_canonicalization
qm9_cn_subset:5714,5714,868,smiles,C1CC2=CNC=C2N1,c1[nH]cc2c1CCN2,rdkit_canonicalization
qm9_cn_subset:5723,5723,869,smiles,C1CN2C=CC=C2C1,c1cc2n(c1)CCC2,rdkit_canonicalization
qm9_cn_subset:5724,5724,870,smiles,C1CN2C=CC=C2N1,c1cc2n(c1)CCN2,rdkit_canonicalization
qm9_cn_subset:5726,5726,871,smiles,C1CN2C=CN=C2C1,c1cn2c(n1)CCC2,rdkit_canonicalization
qm9_cn_subset:5728,5728,872,smiles,C1CN2C=NC=C2C1,c1ncn2c1CCC2,rdkit_canonicalization
qm9_cn_subset:5733,5733,873,smiles,CC1=C2CCN2C=C1,Cc1ccn2c1CC2,rdkit_canonicalization
qm9_cn_subset:5734,5734,874,smiles,CC1=C2CCN2C=N1,Cc1ncn2c1CC2,rdkit_canonicalization
qm9_cn_subset:5735,5735,875,smiles,NC1=C2CCN2C=C1,Nc1ccn2c1CC2,rdkit_canonicalization
qm9_cn_subset:5736,5736,876,smiles,NC1=C2CCN2C=N1,Nc1ncn2c1CC2,rdkit_canonicalization
qm9_cn_subset:5739,5739,877,smiles,CC1=CC=C2CCN12,Cc1ccc2n1CC2,rdkit_canonicalization
qm9_cn_subset:5740,5740,878,smiles,NC1=CC=C2CCN12,Nc1ccc2n1CC2,rdkit_canonicalization
qm9_cn_subset:5744,5744,879,smiles,CC1CC2=CC=CN12,CC1Cc2cccn21,rdkit_canonicalization
qm9_cn_subset:5745,5745,880,smiles,CC1CC2=CN=CN12,CC1Cc2cncn21,rdkit_canonicalization
qm9_cn_subset:5746,5746,881,smiles,CC1CC2=NC=CN12,CC1Cc2nccn21,rdkit_canonicalization
qm9_cn_subset:5747,5747,882,smiles,CC1CN2C=CC=C12,CC1Cn2cccc21,rdkit_canonicalization
qm9_cn_subset:5748,5748,883,smiles,CC1CN2C=CN=C12,CC1Cn2ccnc21,rdkit_canonicalization
qm9_cn_subset:5749,5749,884,smiles,CC1CN2C=NC=C12,CC1Cn2cncc21,rdkit_canonicalization
qm9_cn_subset:5753,5753,885,smiles,C1C2C1C1=CC=CN21,c1cc2n(c1)C1CC21,rdkit_canonicalization
qm9_cn_subset:5754,5754,886,smiles,C1C2C1C1=CN=CN21,c1ncn2c1C1CC12,rdkit_canonicalization
qm9_cn_subset:5755,5755,887,smiles,C1C2C1C1=NC=CN21,c1cn2c(n1)C1CC12,rdkit_canonicalization
qm9_cn_subset:5756,5756,888,smiles,C1CC1C1=CC=CN1,c1c[nH]c(C2CC2)c1,rdkit_canonicalization
qm9_cn_subset:5758,5758,889,smiles,C1CC1C1=CN=CN1,c1ncc(C2CC2)[nH]1,rdkit_canonicalization
qm9_cn_subset:5760,5760,890,smiles,C1CC1C1=NC=CN1,c1c[nH]c(C2CC2)n1,rdkit_canonicalization
qm9_cn_subset:5762,5762,891,smiles,C1CN1C1=CC=CN1,c1c[nH]c(N2CC2)c1,rdkit_canonicalization
qm9_cn_subset:5765,5765,892,smiles,C1CN1C1=NC=CN1,c1c[nH]c(N2CC2)n1,rdkit_canonicalization
qm9_cn_subset:5767,5767,893,smiles,C1NC1C1=CC=CN1,c1c[nH]c(C2CN2)c1,rdkit_canonicalization
qm9_cn_subset:5769,5769,894,smiles,C1NC1C1=CN=CN1,c1ncc(C2CN2)[nH]1,rdkit_canonicalization
qm9_cn_subset:5771,5771,895,smiles,C1NC1C1=NC=CN1,c1c[nH]c(C2CN2)n1,rdkit_canonicalization
qm9_cn_subset:5779,5779,896,smiles,C1CC1C1=CNC=C1,c1cc(C2CC2)c[nH]1,rdkit_canonicalization
qm9_cn_subset:5780,5780,897,smiles,C1CC1C1=CNC=N1,c1nc(C2CC2)c[nH]1,rdkit_canonicalization
qm9_cn_subset:5783,5783,898,smiles,C1CN1C1=CNC=C1,c1cc(N2CC2)c[nH]1,rdkit_canonicalization
qm9_cn_subset:5784,5784,899,smiles,C1CN1C1=CNC=N1,c1nc(N2CC2)c[nH]1,rdkit_canonicalization
qm9_cn_subset:5787,5787,900,smiles,C1NC1C1=CNC=C1,c1cc(C2CN2)c[nH]1,rdkit_canonicalization
qm9_cn_subset:5788,5788,901,smiles,C1NC1C1=CNC=N1,c1nc(C2CN2)c[nH]1,rdkit_canonicalization
qm9_cn_subset:5795,5795,902,smiles,C1CC1N1C=CC=C1,c1ccn(C2CC2)c1,rdkit_canonicalization
qm9_cn_subset:5796,5796,903,smiles,C1CC1N1C=CN=C1,c1cn(C2CC2)cn1,rdkit_canonicalization
qm9_cn_subset:5904,5904,911,smiles,CC(C)(CC#C)C#N,C#CCC(C)(C)C#N,rdkit_canonicalization
qm9_cn_subset:5905,5905,912,smiles,CC(C)(C#C)CC#N,C#CC(C)(C)CC#N,rdkit_canonicalization
qm9_cn_subset:5906,5906,913,smiles,CC(C)(CC#N)C#N,CC(C)(C#N)CC#N,rdkit_canonicalization
qm9_cn_subset:5907,5907,914,smiles,CC(N)(CC#C)C#N,C#CCC(C)(N)C#N,rdkit_canonicalization
qm9_cn_subset:5908,5908,915,smiles,CC(N)(CC#N)C#C,C#CC(C)(N)CC#N,rdkit_canonicalization
qm9_cn_subset:5909,5909,916,smiles,CC(N)(CC#N)C#N,CC(N)(C#N)CC#N,rdkit_canonicalization
qm9_cn_subset:6141,6141,925,smiles,CC1(C)CC(C1)C#N,CC1(C)CC(C#N)C1,rdkit_canonicalization
qm9_cn_subset:6142,6142,926,smiles,CC1(C)CC(N1)C#N,CC1(C)CC(C#N)N1,rdkit_canonicalization
qm9_cn_subset:6282,6282,933,smiles,CC(CN(C)C)C#N,CC(C#N)CN(C)C,rdkit_canonicalization
qm9_cn_subset:6438,6438,935,smiles,CC1CC(C)(C1)C#N,CC1CC(C)(C#N)C1,rdkit_canonicalization
qm9_cn_subset:6439,6439,936,smiles,CC1CC(C)(N1)C#N,CC1CC(C)(C#N)N1,rdkit_canonicalization
qm9_cn_subset:6442,6442,937,smiles,CC1CC(N)(C1)C#N,CC1CC(N)(C#N)C1,rdkit_canonicalization
qm9_cn_subset:6445,6445,938,smiles,CN1CC(C)(C1)C#N,CN1CC(C)(C#N)C1,rdkit_canonicalization
qm9_cn_subset:6446,6446,939,smiles,CN1CC(N)(C1)C#N,CN1CC(N)(C#N)C1,rdkit_canonicalization
qm9_cn_subset:6510,6510,942,smiles,CC1(C)NC1(C)C#C,C#CC1(C)NC1(C)C,rdkit_canonicalization
qm9_cn_subset:6573,6573,947,smiles,CC12CC(C)(C)C1N2,CC1(C)CC2(C)NC12,rdkit_canonicalization
qm9_cn_subset:6591,6591,948,smiles,CC12CC(C1)(C2)C#N,CC12CC(C#N)(C1)C2,rdkit_canonicalization
qm9_cn_subset:6592,6592,949,smiles,CC12CC(C1)(N2)C#N,CC12CC(C#N)(C1)N2,rdkit_canonicalization
qm9_cn_subset:6880,6880,960,smiles,CN1C(C#C)C1(C)C,C#CC1N(C)C1(C)C,rdkit_canonicalization
qm9_cn_subset:6909,6909,966,smiles,CC1(C)CN1CC#C,C#CCN1CC1(C)C,rdkit_canonicalization
qm9_cn_subset:6911,6911,968,smiles,CC1(C)NC1CC#C,C#CCC1NC1(C)C,rdkit_canonicalization
qm9_cn_subset:7059,7059,974,smiles,CC(CC#C)CC#N,C#CCC(C)CC#N,rdkit_canonicalization
qm9_cn_subset:7061,7061,976,smiles,CN(CC#C)CC#N,C#CCN(C)CC#N,rdkit_canonicalization
qm9_cn_subset:7063,7063,978,smiles,NC(CC#N)CC#N,N#CCC(N)CC#N,rdkit_canonicalization
qm9_cn_subset:7517,7517,988,smiles,CC1NC1(C)CC#C,C#CCC1(C)NC1C,rdkit_canonicalization
qm9_cn_subset:7521,7521,990,smiles,CN1CC1(C)CC#C,C#CCC1(C)CN1C,rdkit_canonicalization
qm9_cn_subset:7889,7889,995,smiles,CC1N=C(C)NC1=N,CC1=NC(C)C(=N)N1,rdkit_canonicalization
qm9_cn_subset:8048,8048,998,smiles,CC12CN(C1)C2C#C,C#CC1N2CC1(C)C2,rdkit_canonicalization
qm9_cn_subset:8050,8050,1000,smiles,NC12CN(C1)C2C#N,N#CC1N2CC1(N)C2,rdkit_canonicalization
qm9_cn_subset:8200,8200,1003,smiles,CC12CC=CC1(C)N2,CC12C=CCC1(C)N2,rdkit_canonicalization
qm9_cn_subset:8386,8386,1012,smiles,CC1NC11CN(C)C1,CC1NC12CN(C)C2,rdkit_canonicalization
qm9_cn_subset:8422,8422,1015,smiles,CN1C2CC(C)(C)C12,CN1C2CC(C)(C)C21,rdkit_canonicalization
qm9_cn_subset:8439,8439,1017,smiles,CC12CN1CC2(C)C,CC1(C)CN2CC21C,rdkit_canonicalization
qm9_cn_subset:8441,8441,1018,smiles,CC12NC1CC2(C)C,CC1(C)CC2NC21C,rdkit_canonicalization
qm9_cn_subset:8513,8513,1021,smiles,CC12CC3(C)CC1N23,CC12CC3N1C3(C)C2,rdkit_canonicalization
qm9_cn_subset:8514,8514,1022,smiles,CC12CC3(C)CN1C23,CC12CN3C1C3(C)C2,rdkit_canonicalization
qm9_cn_subset:8523,8523,1023,smiles,CC1(C)C2C3CC2N13,CC1(C)C2C3CC2N31,rdkit_canonicalization
qm9_cn_subset:8524,8524,1024,smiles,CC1(C)C2C3CN2C13,CC1(C)C2C3CN2C31,rdkit_canonicalization
qm9_cn_subset:8538,8538,1027,smiles,CN1C2C3CC2(C)C13,CN1C2C3CC2(C)C31,rdkit_canonicalization
qm9_cn_subset:8539,8539,1028,smiles,CN1C2C3NC2(C)C13,CN1C2C3NC2(C)C31,rdkit_canonicalization
qm9_cn_subset:8544,8544,1029,smiles,CC12CC3CC(C1)N23,CC12CC3CC(C1)N32,rdkit_canonicalization
qm9_cn_subset:8546,8546,1030,smiles,CC12CC3CN(C1)C23,CC12CC3CN(C1)C32,rdkit_canonicalization
qm9_cn_subset:8553,8553,1031,smiles,CC12CC3CC1(C)N23,CC12CC3CC1(C)N32,rdkit_canonicalization
qm9_cn_subset:8556,8556,1032,smiles,CC12CN3CC1(C)C23,CC12CN3CC1(C)C32,rdkit_canonicalization
qm9_cn_subset:8605,8605,1036,smiles,CC(C#C)(C#C)C#N,C#CC(C)(C#C)C#N,rdkit_canonicalization
qm9_cn_subset:8606,8606,1037,smiles,CC(C#C)(C#N)C#N,C#CC(C)(C#N)C#N,rdkit_canonicalization
qm9_cn_subset:8608,8608,1039,smiles,NC(C#C)(C#C)C#C,C#CC(N)(C#C)C#C,rdkit_canonicalization
qm9_cn_subset:8609,8609,1040,smiles,NC(C#C)(C#C)C#N,C#CC(N)(C#C)C#N,rdkit_canonicalization
qm9_cn_subset:8610,8610,1041,smiles,NC(C#C)(C#N)C#N,C#CC(N)(C#N)C#N,rdkit_canonicalization
qm9_cn_subset:8611,8611,1042,smiles,NC(C#N)(C#N)C#N,N#CC(N)(C#N)C#N,rdkit_canonicalization
qm9_cn_subset:8627,8627,1043,smiles,CC(CN)(C#N)C#N,CC(C#N)(C#N)CN,rdkit_canonicalization
qm9_cn_subset:8632,8632,1044,smiles,CCC(C)(C#C)C#N,C#CC(C)(C#N)CC,rdkit_canonicalization
qm9_cn_subset:8634,8634,1046,smiles,CCC(N)(C#C)C#N,C#CC(N)(C#N)CC,rdkit_canonicalization
qm9_cn_subset:8639,8639,1048,smiles,CNC(C)(C#C)C#N,C#CC(C)(C#N)NC,rdkit_canonicalization
qm9_cn_subset:8646,8646,1050,smiles,NCC(N)(C#C)C#N,C#CC(N)(C#N)CN,rdkit_canonicalization
qm9_cn_subset:8647,8647,1051,smiles,NCC(N)(C#N)C#N,N#CC(N)(C#N)CN,rdkit_canonicalization
qm9_cn_subset:8673,8673,1052,smiles,CCC(C)(CC)C#N,CCC(C)(C#N)CC,rdkit_canonicalization
qm9_cn_subset:8676,8676,1053,smiles,CCC(C)(NC)C#N,CCC(C)(C#N)NC,rdkit_canonicalization
qm9_cn_subset:8679,8679,1054,smiles,CCC(N)(CC)C#N,CCC(N)(C#N)CC,rdkit_canonicalization
qm9_cn_subset:8680,8680,1055,smiles,CCC(N)(CN)C#N,CCC(N)(C#N)CN,rdkit_canonicalization
qm9_cn_subset:8687,8687,1056,smiles,CNC(C)(CN)C#N,CNC(C)(C#N)CN,rdkit_canonicalization
qm9_cn_subset:8693,8693,1057,smiles,NCC(N)(CN)C#N,N#CC(N)(CN)CN,rdkit_canonicalization
qm9_cn_subset:8733,8733,1058,smiles,CC(C#C)C(C)C#N,C#CC(C)C(C)C#N,rdkit_canonicalization
qm9_cn_subset:8734,8734,1059,smiles,CC(C#C)C(N)C#N,C#CC(C)C(N)C#N,rdkit_canonicalization
qm9_cn_subset:8738,8738,1061,smiles,CC(C#N)C(N)C#C,C#CC(N)C(C)C#N,rdkit_canonicalization
qm9_cn_subset:8742,8742,1063,smiles,NC(C#C)C(N)C#N,C#CC(N)C(N)C#N,rdkit_canonicalization
qm9_cn_subset:8744,8744,1064,smiles,NC(C#N)C(N)C#N,N#CC(N)C(N)C#N,rdkit_canonicalization
qm9_cn_subset:8963,8963,1071,smiles,N=C(NCC#C)C#N,C#CCNC(=N)C#N,rdkit_canonicalization
qm9_cn_subset:8964,8964,1072,smiles,N=C(NCC#N)C#N,N#CCNC(=N)C#N,rdkit_canonicalization
qm9_cn_subset:9016,9016,1075,smiles,NC(=NCC#C)C#N,C#CCN=C(N)C#N,rdkit_canonicalization
qm9_cn_subset:9017,9017,1076,smiles,NC(=NCC#N)C#C,C#CC(N)=NCC#N,rdkit_canonicalization
qm9_cn_subset:9018,9018,1077,smiles,NC(=NCC#N)C#N,N#CCN=C(N)C#N,rdkit_canonicalization
qm9_cn_subset:9021,9021,1078,smiles,CC(C#C)C#CC#N,C#CC(C)C#CC#N,rdkit_canonicalization
qm9_cn_subset:9022,9022,1079,smiles,CC(C#N)C#CC#C,C#CC#CC(C)C#N,rdkit_canonicalization
qm9_cn_subset:9024,9024,1081,smiles,NC(C#C)C#CC#N,C#CC(N)C#CC#N,rdkit_canonicalization
qm9_cn_subset:9025,9025,1082,smiles,NC(C#N)C#CC#C,C#CC#CC(N)C#N,rdkit_canonicalization
qm9_cn_subset:9026,9026,1083,smiles,NC(C#N)C#CC#N,N#CC#CC(N)C#N,rdkit_canonicalization
qm9_cn_subset:9045,9045,1084,smiles,CC(CCC#C)C#N,C#CCCC(C)C#N,rdkit_canonicalization
qm9_cn_subset:9046,9046,1085,smiles,CC(CCC#N)C#C,C#CC(C)CCC#N,rdkit_canonicalization
qm9_cn_subset:9047,9047,1086,smiles,CC(CCC#N)C#N,CC(C#N)CCC#N,rdkit_canonicalization
qm9_cn_subset:9048,9048,1087,smiles,CC(NCC#C)C#N,C#CCNC(C)C#N,rdkit_canonicalization
qm9_cn_subset:9049,9049,1088,smiles,CC(NCC#N)C#C,C#CC(C)NCC#N,rdkit_canonicalization
qm9_cn_subset:9050,9050,1089,smiles,CC(NCC#N)C#N,CC(C#N)NCC#N,rdkit_canonicalization
qm9_cn_subset:9055,9055,1090,smiles,NC(CCC#C)C#N,C#CCCC(N)C#N,rdkit_canonicalization
qm9_cn_subset:9056,9056,1091,smiles,NC(CCC#N)C#N,N#CCCC(N)C#N,rdkit_canonicalization
qm9_cn_subset:9448,9448,1104,smiles,NC1(CNC1=N)C#N,N#CC1(N)CNC1=N,rdkit_canonicalization
qm9_cn_subset:9476,9476,1105,smiles,CC1(NCC1N)C#N,CC1(C#N)NCC1N,rdkit_canonicalization
qm9_cn_subset:9498,9498,1111,smiles,NC1CCC1(N)C#N,N#CC1(N)CCC1N,rdkit_canonicalization
qm9_cn_subset:9561,9561,1112,smiles,CC1(CC1C#C)C#N,C#CC1CC1(C)C#N,rdkit_canonicalization
qm9_cn_subset:9562,9562,1113,smiles,CC1(CC1C#N)C#C,C#CC1(C)CC1C#N,rdkit_canonicalization
qm9_cn_subset:9563,9563,1114,smiles,CC1(CC1C#N)C#N,CC1(C#N)CC1C#N,rdkit_canonicalization
qm9_cn_subset:9564,9564,1115,smiles,CC1(NC1C#C)C#C,C#CC1NC1(C)C#C,rdkit_canonicalization
qm9_cn_subset:9565,9565,1116,smiles,CC1(NC1C#C)C#N,C#CC1NC1(C)C#N,rdkit_canonicalization
qm9_cn_subset:9566,9566,1117,smiles,CC1(NC1C#N)C#C,C#CC1(C)NC1C#N,rdkit_canonicalization
qm9_cn_subset:9567,9567,1118,smiles,CC1(NC1C#N)C#N,CC1(C#N)NC1C#N,rdkit_canonicalization
qm9_cn_subset:9572,9572,1119,smiles,NC1(CC1C#C)C#N,C#CC1CC1(N)C#N,rdkit_canonicalization
qm9_cn_subset:9573,9573,1120,smiles,NC1(CC1C#N)C#C,C#CC1(N)CC1C#N,rdkit_canonicalization
qm9_cn_subset:9574,9574,1121,smiles,NC1(CC1C#N)C#N,N#CC1CC1(N)C#N,rdkit_canonicalization
qm9_cn_subset:9610,9610,1123,smiles,CCC1(C)NC1C#C,C#CC1NC1(C)CC,rdkit_canonicalization
qm9_cn_subset:9643,9643,1127,smiles,CCC1NC1(C)C#C,C#CC1(C)NC1CC,rdkit_canonicalization
qm9_cn_subset:9647,9647,1129,smiles,CCN1CC1(C)C#C,C#CC1(C)CN1CC,rdkit_canonicalization
qm9_cn_subset:9695,9695,1133,smiles,CC1(CC=CC1)C#N,CC1(C#N)CC=CC1,rdkit_canonicalization
qm9_cn_subset:9696,9696,1134,smiles,CC1(CN=CN1)C#N,CC1(C#N)CN=CN1,rdkit_canonicalization
qm9_cn_subset:9699,9699,1135,smiles,NC1(CC=CC1)C#N,N#CC1(N)CC=CC1,rdkit_canonicalization
qm9_cn_subset:9706,9706,1136,smiles,CC1(CCC=C1)C#N,CC1(C#N)C=CCC1,rdkit_canonicalization
qm9_cn_subset:9707,9707,1137,smiles,CC1(CNC=N1)C#N,CC1(C#N)CNC=N1,rdkit_canonicalization
qm9_cn_subset:9710,9710,1138,smiles,CC1(NCC=C1)C#N,CC1(C#N)C=CCN1,rdkit_canonicalization
qm9_cn_subset:9713,9713,1139,smiles,NC1(CCC=C1)C#N,N#CC1(N)C=CCC1,rdkit_canonicalization
qm9_cn_subset:9721,9721,1140,smiles,CC1(CCCC1)C#N,CC1(C#N)CCCC1,rdkit_canonicalization
qm9_cn_subset:9722,9722,1141,smiles,CC1(CCCN1)C#N,CC1(C#N)CCCN1,rdkit_canonicalization
qm9_cn_subset:9731,9731,1142,smiles,NC1(CCCC1)C#N,N#CC1(N)CCCC1,rdkit_canonicalization
qm9_cn_subset:9786,9786,1145,smiles,CC1(CC1)C(N)C#N,CC1(C(N)C#N)CC1,rdkit_canonicalization
qm9_cn_subset:9789,9789,1146,smiles,CC1(CN1)C(N)C#N,CC1(C(N)C#N)CN1,rdkit_canonicalization
qm9_cn_subset:9795,9795,1147,smiles,NC(C#N)C1(N)CC1,N#CC(N)C1(N)CC1,rdkit_canonicalization
qm9_cn_subset:9861,9861,1149,smiles,CC1(CC1)C#CC#N,CC1(C#CC#N)CC1,rdkit_canonicalization
qm9_cn_subset:9862,9862,1150,smiles,CC1(CN1)C#CC#C,C#CC#CC1(C)CN1,rdkit_canonicalization
qm9_cn_subset:9863,9863,1151,smiles,CC1(CN1)C#CC#N,CC1(C#CC#N)CN1,rdkit_canonicalization
qm9_cn_subset:9872,9872,1152,smiles,CC1(CC1)NCC#N,CC1(NCC#N)CC1,rdkit_canonicalization
qm9_cn_subset:9937,9937,1160,smiles,CC1N(C)C1(C)C#C,C#CC1(C)C(C)N1C,rdkit_canonicalization
qm9_cn_subset:9940,9940,1162,smiles,NC1C(N)C1(N)C#N,N#CC1(N)C(N)C1N,rdkit_canonicalization
qm9_cn_subset:9970,9970,1164,smiles,C#CC(CC#N)C#C,C#CC(C#C)CC#N,rdkit_canonicalization
qm9_cn_subset:9971,9971,1165,smiles,C#CC(CC#N)C#N,C#CC(C#N)CC#N,rdkit_canonicalization
qm9_cn_subset:9980,9980,1168,smiles,N=CN(CC#N)C=N,N#CCN(C=N)C=N,rdkit_canonicalization
qm9_cn_subset:9986,9986,1169,smiles,[NH2+]=CN[C-](C#N)C#N,N#C[C-](C#N)NC=[NH2+],rdkit_canonicalization
qm9_cn_subset:10005,10005,1170,smiles,CC#CC(C#C)C#N,C#CC(C#N)C#CC,rdkit_canonicalization
qm9_cn_subset:10009,10009,1171,smiles,CN=C(NC=N)C#N,CN=C(C#N)NC=N,rdkit_canonicalization
qm9_cn_subset:10016,10016,1172,smiles,NC=[NH+][C-](C#N)C#N,N#C[C-](C#N)[NH+]=CN,rdkit_canonicalization
qm9_cn_subset:10025,10025,1174,smiles,CCC(C#N)C#CC,CC#CC(C#N)CC,rdkit_canonicalization
qm9_cn_subset:10026,10026,1175,smiles,CNC(C#N)C#CC,CC#CC(C#N)NC,rdkit_canonicalization
qm9_cn_subset:10037,10037,1176,smiles,CCC(CC#C)C#N,C#CCC(C#N)CC,rdkit_canonicalization
qm9_cn_subset:10038,10038,1177,smiles,CCC(CC#N)C#C,C#CC(CC)CC#N,rdkit_canonicalization
qm9_cn_subset:10039,10039,1178,smiles,CCC(CC#N)C#N,CCC(C#N)CC#N,rdkit_canonicalization
qm9_cn_subset:10040,10040,1179,smiles,CNC(CC#C)C#N,C#CCC(C#N)NC,rdkit_canonicalization
qm9_cn_subset:10041,10041,1180,smiles,CNC(CC#N)C#C,C#CC(CC#N)NC,rdkit_canonicalization
qm9_cn_subset:10042,10042,1181,smiles,CNC(CC#N)C#N,CNC(C#N)CC#N,rdkit_canonicalization
qm9_cn_subset:10047,10047,1182,smiles,NCC(CC#N)C#N,N#CCC(C#N)CN,rdkit_canonicalization
qm9_cn_subset:10129,10129,1185,smiles,CCN=C(NC)C#N,CCN=C(C#N)NC,rdkit_canonicalization
qm9_cn_subset:10131,10131,1186,smiles,CCNC(=NC)C#N,CCNC(C#N)=NC,rdkit_canonicalization
qm9_cn_subset:10135,10135,1187,smiles,CCCC(C#C)C#N,C#CC(C#N)CCC,rdkit_canonicalization
qm9_cn_subset:10137,10137,1189,smiles,CCNC(C#C)C#N,C#CC(C#N)NCC,rdkit_canonicalization
qm9_cn_subset:10144,10144,1191,smiles,[NH3+]CC[C-](C#N)C#N,N#C[C-](C#N)CC[NH3+],rdkit_canonicalization
qm9_cn_subset:10179,10179,1192,smiles,CCCC(CC)C#N,CCCC(C#N)CC,rdkit_canonicalization
qm9_cn_subset:10182,10182,1193,smiles,CCCC(NC)C#N,CCCC(C#N)NC,rdkit_canonicalization
qm9_cn_subset:10185,10185,1194,smiles,CCNC(CC)C#N,CCNC(C#N)CC,rdkit_canonicalization
qm9_cn_subset:10186,10186,1195,smiles,CCNC(CN)C#N,CCNC(C#N)CN,rdkit_canonicalization
qm9_cn_subset:10195,10195,1196,smiles,CNCC(NC)C#N,CNCC(C#N)NC,rdkit_canonicalization
qm9_cn_subset:10239,10239,1197,smiles,NC(=[NH2+])[C-](C#C)C#N,C#C[C-](C#N)C(N)=[NH2+],rdkit_canonicalization
qm9_cn_subset:10240,10240,1198,smiles,NC(=[NH2+])[C-](C#N)C#N,N#C[C-](C#N)C(N)=[NH2+],rdkit_canonicalization
qm9_cn_subset:10255,10255,1199,smiles,CC(C)C(C#C)C#N,C#CC(C#N)C(C)C,rdkit_canonicalization
qm9_cn_subset:10259,10259,1201,smiles,CN(C)C(C#C)C#N,C#CC(C#N)N(C)C,rdkit_canonicalization
qm9_cn_subset:10305,10305,1206,smiles,CN(C)C(CN)C#N,CN(C)C(C#N)CN,rdkit_canonicalization
qm9_cn_subset:10365,10365,1209,smiles,C#CC1(CCC1)C#N,C#CC1(C#N)CCC1,rdkit_canonicalization
qm9_cn_subset:10366,10366,1210,smiles,C#CC1(CCN1)C#N,C#CC1(C#N)CCN1,rdkit_canonicalization
qm9_cn_subset:10369,10369,1211,smiles,C#CC1(CNC1)C#N,C#CC1(C#N)CNC1,rdkit_canonicalization
qm9_cn_subset:10372,10372,1212,smiles,N#CC1(CCC1)C#N,N#CC1(C#N)CCC1,rdkit_canonicalization
qm9_cn_subset:10373,10373,1213,smiles,N#CC1(CCN1)C#N,N#CC1(C#N)CCN1,rdkit_canonicalization
qm9_cn_subset:10375,10375,1214,smiles,N#CC1(CNC1)C#N,N#CC1(C#N)CNC1,rdkit_canonicalization
qm9_cn_subset:10403,10403,1215,smiles,CCC1(CCC1)C#N,CCC1(C#N)CCC1,rdkit_canonicalization
qm9_cn_subset:10404,10404,1216,smiles,CCC1(CCN1)C#N,CCC1(C#N)CCN1,rdkit_canonicalization
qm9_cn_subset:10409,10409,1217,smiles,CNC1(CCC1)C#N,CNC1(C#N)CCC1,rdkit_canonicalization
qm9_cn_subset:10410,10410,1218,smiles,CNC1(CNC1)C#N,CNC1(C#N)CNC1,rdkit_canonicalization
qm9_cn_subset:10418,10418,1219,smiles,NCC1(CCN1)C#N,N#CC1(CN)CCN1,rdkit_canonicalization
qm9_cn_subset:10441,10441,1222,smiles,C#CCC1(CC1)C#N,C#CCC1(C#N)CC1,rdkit_canonicalization
qm9_cn_subset:10442,10442,1223,smiles,C#CCC1(CN1)C#C,C#CCC1(C#C)CN1,rdkit_canonicalization
qm9_cn_subset:10443,10443,1224,smiles,C#CCC1(CN1)C#N,C#CCC1(C#N)CN1,rdkit_canonicalization
qm9_cn_subset:10446,10446,1225,smiles,N#CCC1(CC1)C#N,N#CCC1(C#N)CC1,rdkit_canonicalization
qm9_cn_subset:10447,10447,1226,smiles,N#CCC1(CN1)C#N,N#CCC1(C#N)CN1,rdkit_canonicalization
qm9_cn_subset:10474,10474,1227,smiles,CC#CC1(CC1)C#N,CC#CC1(C#N)CC1,rdkit_canonicalization
qm9_cn_subset:10475,10475,1228,smiles,CC#CC1(CN1)C#C,C#CC1(C#CC)CN1,rdkit_canonicalization
qm9_cn_subset:10476,10476,1229,smiles,CC#CC1(CN1)C#N,CC#CC1(C#N)CN1,rdkit_canonicalization
qm9_cn_subset:10499,10499,1232,smiles,CCC1(CN1)C#CC,CC#CC1(CC)CN1,rdkit_canonicalization
qm9_cn_subset:10536,10536,1233,smiles,CCCC1(CC1)C#N,CCCC1(C#N)CC1,rdkit_canonicalization
qm9_cn_subset:10537,10537,1234,smiles,CCCC1(CN1)C#C,C#CC1(CCC)CN1,rdkit_canonicalization
qm9_cn_subset:10538,10538,1235,smiles,CCCC1(CN1)C#N,CCCC1(C#N)CN1,rdkit_canonicalization
qm9_cn_subset:10541,10541,1236,smiles,CCNC1(CC1)C#N,CCNC1(C#N)CC1,rdkit_canonicalization
qm9_cn_subset:10544,10544,1237,smiles,CNCC1(CN1)C#N,CNCC1(C#N)CN1,rdkit_canonicalization
qm9_cn_subset:10569,10569,1238,smiles,CC1CC1(C#C)C#N,C#CC1(C#N)CC1C,rdkit_canonicalization
qm9_cn_subset:10571,10571,1240,smiles,CC1NC1(C#C)C#C,C#CC1(C#C)NC1C,rdkit_canonicalization
qm9_cn_subset:10572,10572,1241,smiles,CC1NC1(C#C)C#N,C#CC1(C#N)NC1C,rdkit_canonicalization
qm9_cn_subset:10577,10577,1243,smiles,CN1CC1(C#C)C#C,C#CC1(C#C)CN1C,rdkit_canonicalization
qm9_cn_subset:10578,10578,1244,smiles,CN1CC1(C#C)C#N,C#CC1(C#N)CN1C,rdkit_canonicalization
qm9_cn_subset:10580,10580,1246,smiles,NC1CC1(C#C)C#N,C#CC1(C#N)CC1N,rdkit_canonicalization
qm9_cn_subset:10581,10581,1247,smiles,NC1CC1(C#N)C#N,N#CC1(C#N)CC1N,rdkit_canonicalization
qm9_cn_subset:10620,10620,1249,smiles,CC1NC1(CN)C#N,CC1NC1(C#N)CN,rdkit_canonicalization
qm9_cn_subset:10627,10627,1250,smiles,CCC1(CC1C)C#N,CCC1(C#N)CC1C,rdkit_canonicalization
qm9_cn_subset:10630,10630,1251,smiles,CCC1(CN1C)C#C,C#CC1(CC)CN1C,rdkit_canonicalization
qm9_cn_subset:10631,10631,1252,smiles,CCC1(CN1C)C#N,CCC1(C#N)CN1C,rdkit_canonicalization
qm9_cn_subset:10632,10632,1253,smiles,CCC1(NC1C)C#C,C#CC1(CC)NC1C,rdkit_canonicalization
qm9_cn_subset:10633,10633,1254,smiles,CCC1(NC1C)C#N,CCC1(C#N)NC1C,rdkit_canonicalization
qm9_cn_subset:10636,10636,1255,smiles,CN1CC1(CN)C#N,CN1CC1(C#N)CN,rdkit_canonicalization
qm9_cn_subset:10639,10639,1256,smiles,CNC1(CC1C)C#N,CNC1(C#N)CC1C,rdkit_canonicalization
qm9_cn_subset:10640,10640,1257,smiles,CNC1(CC1N)C#N,CNC1(C#N)CC1N,rdkit_canonicalization
qm9_cn_subset:10682,10682,1258,smiles,CC(C)C1(CC1)C#N,CC(C)C1(C#N)CC1,rdkit_canonicalization
qm9_cn_subset:10683,10683,1259,smiles,CC(C)C1(CN1)C#C,C#CC1(C(C)C)CN1,rdkit_canonicalization
qm9_cn_subset:10684,10684,1260,smiles,CC(C)C1(CN1)C#N,CC(C)C1(C#N)CN1,rdkit_canonicalization
qm9_cn_subset:10687,10687,1261,smiles,CC(N)C1(CN1)C#N,CC(N)C1(C#N)CN1,rdkit_canonicalization
qm9_cn_subset:10695,10695,1262,smiles,CN(C)C1(CC1)C#N,CN(C)C1(C#N)CC1,rdkit_canonicalization
qm9_cn_subset:10736,10736,1263,smiles,CC(C)(C#C)N1CC1,C#CC(C)(C)N1CC1,rdkit_canonicalization
qm9_cn_subset:10928,10928,1269,smiles,CC12CC(C#C)C1N2,C#CC1CC2(C)NC12,rdkit_canonicalization
qm9_cn_subset:10933,10933,1271,smiles,CC12CC1C(C2)C#N,CC12CC(C#N)C1C2,rdkit_canonicalization
qm9_cn_subset:10934,10934,1272,smiles,CC12CC1C(N2)C#N,CC12CC1C(C#N)N2,rdkit_canonicalization
qm9_cn_subset:10937,10937,1273,smiles,CC12CN1C(C2)C#C,C#CC1CC2(C)CN12,rdkit_canonicalization
qm9_cn_subset:10938,10938,1274,smiles,CC12CN1C(C2)C#N,CC12CC(C#N)N1C2,rdkit_canonicalization
qm9_cn_subset:11087,11087,1277,smiles,C#CC1CC(C1)C#N,C#CC1CC(C#N)C1,rdkit_canonicalization
qm9_cn_subset:11088,11088,1278,smiles,C#CC1CC(N1)C#N,C#CC1CC(C#N)N1,rdkit_canonicalization
qm9_cn_subset:11091,11091,1279,smiles,N#CC1CC(C1)C#N,N#CC1CC(C#N)C1,rdkit_canonicalization
qm9_cn_subset:11092,11092,1280,smiles,N#CC1CC(N1)C#N,N#CC1CC(C#N)N1,rdkit_canonicalization
qm9_cn_subset:11111,11111,1281,smiles,CCC1CC(C1)C#N,CCC1CC(C#N)C1,rdkit_canonicalization
qm9_cn_subset:11112,11112,1282,smiles,CCC1CC(N1)C#N,CCC1CC(C#N)N1,rdkit_canonicalization
qm9_cn_subset:11115,11115,1283,smiles,CCN1CC(C1)C#N,CCN1CC(C#N)C1,rdkit_canonicalization
qm9_cn_subset:11146,11146,1284,smiles,N=C1CN=C(N1)C#C,C#CC1=NCC(=N)N1,rdkit_canonicalization
qm9_cn_subset:11147,11147,1285,smiles,N=C1CN=C(N1)C#N,N#CC1=NCC(=N)N1,rdkit_canonicalization
qm9_cn_subset:11222,11222,1286,smiles,CC1=CC(CC1)C#N,CC1=CC(C#N)CC1,rdkit_canonicalization
qm9_cn_subset:11223,11223,1287,smiles,CC1=CC(NC1)C#N,CC1=CC(C#N)NC1,rdkit_canonicalization
qm9_cn_subset:11227,11227,1288,smiles,NC1=NC(CN1)C#N,N#CC1CNC(N)=N1,rdkit_canonicalization
qm9_cn_subset:11236,11236,1289,smiles,CC1=CCC(C1)C#N,CC1=CCC(C#N)C1,rdkit_canonicalization
qm9_cn_subset:11239,11239,1290,smiles,NC1=NCC(N1)C#N,N#CC1CN=C(N)N1,rdkit_canonicalization
qm9_cn_subset:11252,11252,1291,smiles,CC1CC(C=C1)C#N,CC1C=CC(C#N)C1,rdkit_canonicalization
qm9_cn_subset:11253,11253,1292,smiles,CC1NC(C=C1)C#N,CC1C=CC(C#N)N1,rdkit_canonicalization
qm9_cn_subset:11256,11256,1293,smiles,CN1CC(N=C1)C#N,CN1C=NC(C#N)C1,rdkit_canonicalization
qm9_cn_subset:11260,11260,1294,smiles,CC1CC=C(C1)C#N,CC1CC=C(C#N)C1,rdkit_canonicalization
qm9_cn_subset:11261,11261,1295,smiles,CC1CN=C(N1)C#N,CC1CN=C(C#N)N1,rdkit_canonicalization
qm9_cn_subset:11264,11264,1296,smiles,CN1CC=C(C1)C#N,CN1CC=C(C#N)C1,rdkit_canonicalization
qm9_cn_subset:11273,11273,1297,smiles,CC1CCC(=C1)C#N,CC1C=C(C#N)CC1,rdkit_canonicalization
qm9_cn_subset:11274,11274,1298,smiles,CC1CNC(=N1)C#N,CC1CNC(C#N)=N1,rdkit_canonicalization
qm9_cn_subset:11284,11284,1299,smiles,CC1CCC(C1)C#N,CC1CCC(C#N)C1,rdkit_canonicalization
qm9_cn_subset:11285,11285,1300,smiles,CC1CCC(N1)C#N,CC1CCC(C#N)N1,rdkit_canonicalization
qm9_cn_subset:11288,11288,1301,smiles,CC1CNC(C1)C#N,CC1CNC(C#N)C1,rdkit_canonicalization
qm9_cn_subset:11295,11295,1302,smiles,CN1CCC(C1)C#N,CN1CCC(C#N)C1,rdkit_canonicalization
qm9_cn_subset:11481,11481,1305,smiles,N=C(NC1CC1)C#N,N#CC(=N)NC1CC1,rdkit_canonicalization
qm9_cn_subset:11500,11500,1306,smiles,NC(=NC1CC1)C#N,N#CC(N)=NC1CC1,rdkit_canonicalization
qm9_cn_subset:11503,11503,1307,smiles,CC(CC1CC1)C#N,CC(C#N)CC1CC1,rdkit_canonicalization
qm9_cn_subset:11504,11504,1308,smiles,CC(CC1CN1)C#N,CC(C#N)CC1CN1,rdkit_canonicalization
qm9_cn_subset:11507,11507,1309,smiles,CC(CN1CC1)C#C,C#CC(C)CN1CC1,rdkit_canonicalization
qm9_cn_subset:11508,11508,1310,smiles,CC(CN1CC1)C#N,CC(C#N)CN1CC1,rdkit_canonicalization
qm9_cn_subset:11509,11509,1311,smiles,CC(NC1CC1)C#N,CC(C#N)NC1CC1,rdkit_canonicalization
qm9_cn_subset:11512,11512,1312,smiles,NC(CC1CC1)C#N,N#CC(N)CC1CC1,rdkit_canonicalization
qm9_cn_subset:11513,11513,1313,smiles,NC(CC1CN1)C#N,N#CC(N)CC1CN1,rdkit_canonicalization
qm9_cn_subset:11515,11515,1314,smiles,NC(CN1CC1)C#N,N#CC(N)CN1CC1,rdkit_canonicalization
qm9_cn_subset:11637,11637,1318,smiles,CC1C2CC1(C2)C#N,CC1C2CC1(C#N)C2,rdkit_canonicalization
qm9_cn_subset:11638,11638,1319,smiles,CC1C2CC1(N2)C#N,CC1C2CC1(C#N)N2,rdkit_canonicalization
qm9_cn_subset:11641,11641,1320,smiles,CC1N2CC1(C2)C#C,C#CC12CN(C1)C2C,rdkit_canonicalization
qm9_cn_subset:11642,11642,1321,smiles,CC1N2CC1(C2)C#N,CC1N2CC1(C#N)C2,rdkit_canonicalization
qm9_cn_subset:11643,11643,1322,smiles,CN1C2CC1(C2)C#C,C#CC12CC(C1)N2C,rdkit_canonicalization
qm9_cn_subset:11644,11644,1323,smiles,CN1C2CC1(C2)C#N,CN1C2CC1(C#N)C2,rdkit_canonicalization
qm9_cn_subset:11645,11645,1324,smiles,NC1C2CC1(N2)C#N,N#CC12CC(N1)C2N,rdkit_canonicalization
qm9_cn_subset:11680,11680,1326,smiles,N=C1CC2(CN12)C#N,N#CC12CC(=N)N1C2,rdkit_canonicalization
qm9_cn_subset:11702,11702,1327,smiles,CC1CC2(CC12)C#N,CC1CC2(C#N)CC12,rdkit_canonicalization
qm9_cn_subset:11703,11703,1328,smiles,CC1CC2(CN12)C#C,C#CC12CC(C)N1C2,rdkit_canonicalization
qm9_cn_subset:11704,11704,1329,smiles,CC1CC2(CN12)C#N,CC1CC2(C#N)CN12,rdkit_canonicalization
qm9_cn_subset:11705,11705,1330,smiles,CC1CC2(NC12)C#C,C#CC12CC(C)C1N2,rdkit_canonicalization
qm9_cn_subset:11706,11706,1331,smiles,CC1CC2(NC12)C#N,CC1CC2(C#N)NC12,rdkit_canonicalization
qm9_cn_subset:11709,11709,1332,smiles,CC1NC2(CC12)C#N,CC1NC2(C#N)CC12,rdkit_canonicalization
qm9_cn_subset:11712,11712,1333,smiles,CN1CC2(CC12)C#N,CN1CC2(C#N)CC12,rdkit_canonicalization
qm9_cn_subset:11762,11762,1334,smiles,N#CC12CC(C1)C=C2,N#CC12C=CC(C1)C2,rdkit_canonicalization
qm9_cn_subset:11763,11763,1335,smiles,N#CC12CC(N1)C=C2,N#CC12C=CC(C1)N2,rdkit_canonicalization
qm9_cn_subset:11769,11769,1336,smiles,N#CC12CC(C1)CC2,N#CC12CCC(C1)C2,rdkit_canonicalization
qm9_cn_subset:11770,11770,1337,smiles,N#CC12CC(C1)CN2,N#CC12CC(CN1)C2,rdkit_canonicalization
qm9_cn_subset:11773,11773,1338,smiles,N#CC12CC(CC1)N2,N#CC12CCC(C1)N2,rdkit_canonicalization
qm9_cn_subset:11775,11775,1339,smiles,N#CC12CN(C1)CC2,N#CC12CCN(C1)C2,rdkit_canonicalization
qm9_cn_subset:11894,11894,1343,smiles,CC1=CC2(CN2)CC1,CC1=CC2(CC1)CN2,rdkit_canonicalization
qm9_cn_subset:11902,11902,1344,smiles,CC1CC2(CN2)C=C1,CC1C=CC2(CN2)C1,rdkit_canonicalization
qm9_cn_subset:11920,11920,1345,smiles,CC12CC1(CC2)C#N,CC12CCC1(C#N)C2,rdkit_canonicalization
qm9_cn_subset:11921,11921,1346,smiles,CC12CC1(CN2)C#N,CC12CC1(C#N)CN2,rdkit_canonicalization
qm9_cn_subset:11924,11924,1347,smiles,CC12CC1(NC2)C#N,CC12CNC1(C#N)C2,rdkit_canonicalization
qm9_cn_subset:11927,11927,1348,smiles,CC12CCC1(N2)C#C,C#CC12CCC1(C)N2,rdkit_canonicalization
qm9_cn_subset:11928,11928,1349,smiles,CC12CCC1(N2)C#N,CC12CCC1(C#N)N2,rdkit_canonicalization
qm9_cn_subset:11931,11931,1350,smiles,NC12CC1(NC2)C#N,N#CC12CC1(N)CN2,rdkit_canonicalization
qm9_cn_subset:11998,11998,1352,smiles,CC1(C)C=CC2NC12,CC1(C)C=CC2NC21,rdkit_canonicalization
qm9_cn_subset:12005,12005,1353,smiles,CC1(C)CCN2CC12,CC1(C)CCN2CC21,rdkit_canonicalization
qm9_cn_subset:12028,12028,1357,smiles,CC1(CC2CC12)C#N,CC1(C#N)CC2CC21,rdkit_canonicalization
qm9_cn_subset:12029,12029,1358,smiles,CC1(CC2CN12)C#C,C#CC1(C)CC2CN21,rdkit_canonicalization
qm9_cn_subset:12030,12030,1359,smiles,CC1(CC2CN12)C#N,CC1(C#N)CC2CN21,rdkit_canonicalization
qm9_cn_subset:12031,12031,1360,smiles,CC1(CC2NC12)C#C,C#CC1(C)CC2NC21,rdkit_canonicalization
qm9_cn_subset:12032,12032,1361,smiles,CC1(CC2NC12)C#N,CC1(C#N)CC2NC21,rdkit_canonicalization
qm9_cn_subset:12035,12035,1362,smiles,CC1(CN2CC12)C#N,CC1(C#N)CN2CC21,rdkit_canonicalization
qm9_cn_subset:12036,12036,1363,smiles,CC1(NC2CC12)C#N,CC1(C#N)NC2CC21,rdkit_canonicalization
qm9_cn_subset:12039,12039,1364,smiles,NC1(CC2CC12)C#N,N#CC1(N)CC2CC21,rdkit_canonicalization
qm9_cn_subset:12040,12040,1365,smiles,NC1(CC2NC12)C#N,N#CC1(N)CC2NC21,rdkit_canonicalization
qm9_cn_subset:12042,12042,1366,smiles,NC1(CN2CC12)C#N,N#CC1(N)CN2CC21,rdkit_canonicalization
qm9_cn_subset:12068,12068,1367,smiles,CCC1(C)CC2NC12,CCC1(C)CC2NC21,rdkit_canonicalization
qm9_cn_subset:12070,12070,1368,smiles,CCC1(C)CN2CC12,CCC1(C)CN2CC21,rdkit_canonicalization
qm9_cn_subset:12116,12116,1375,smiles,CC1(CN1)C1(C)CN1,CC1(C2(C)CN2)CN1,rdkit_canonicalization
qm9_cn_subset:12159,12159,1381,smiles,NC1C(NC1=N)C#N,N#CC1NC(=N)C1N,rdkit_canonicalization
qm9_cn_subset:12192,12192,1382,smiles,CC1C(CN1C)C#N,CC1C(C#N)CN1C,rdkit_canonicalization
qm9_cn_subset:12594,12594,1387,smiles,CN1C(=N)CN=C1C,CC1=NCC(=N)N1C,rdkit_canonicalization
qm9_cn_subset:12749,12749,1392,smiles,CC12NC1CC2C#C,C#CC1CC2NC12C,rdkit_canonicalization
qm9_cn_subset:12753,12753,1394,smiles,NC12CC1NC2C#N,N#CC1NC2CC12N,rdkit_canonicalization
qm9_cn_subset:12807,12807,1396,smiles,CC12NC1CCC=C2,CC12C=CCCC1N2,rdkit_canonicalization
qm9_cn_subset:12896,12896,1398,smiles,CC12CCN1C2C#C,C#CC1N2CCC12C,rdkit_canonicalization
qm9_cn_subset:12903,12903,1401,smiles,NC12CNC1C2C#N,N#CC1C2NCC12N,rdkit_canonicalization
qm9_cn_subset:13150,13150,1407,smiles,N=C(C#N)N1CCC1,N#CC(=N)N1CCC1,rdkit_canonicalization
qm9_cn_subset:13172,13172,1410,smiles,NC(C#N)C1CCC1,N#CC(N)C1CCC1,rdkit_canonicalization
qm9_cn_subset:13307,13307,1418,smiles,N#CCC1CCC=C1,N#CCC1C=CCC1,rdkit_canonicalization
qm9_cn_subset:13427,13427,1424,smiles,CC1C(C)N1CC#C,C#CCN1C(C)C1C,rdkit_canonicalization
qm9_cn_subset:13429,13429,1426,smiles,CC1C(CC#C)N1C,C#CCC1C(C)N1C,rdkit_canonicalization
qm9_cn_subset:13533,13533,1430,smiles,CC(C#C)C1CN1C,C#CC(C)C1CN1C,rdkit_canonicalization
qm9_cn_subset:13535,13535,1431,smiles,CC(C#C)N1CC1C,C#CC(C)N1CC1C,rdkit_canonicalization
qm9_cn_subset:13646,13646,1445,smiles,CC1NC1C#CC#C,C#CC#CC1NC1C,rdkit_canonicalization
qm9_cn_subset:13650,13650,1447,smiles,CN1CC1C#CC#C,C#CC#CC1CN1C,rdkit_canonicalization
qm9_cn_subset:13664,13664,1451,smiles,CC1CN1CCC#C,C#CCCN1CC1C,rdkit_canonicalization
qm9_cn_subset:13669,13669,1454,smiles,CN1CC1CCC#C,C#CCCC1CN1C,rdkit_canonicalization
qm9_cn_subset:13762,13762,1461,smiles,CC(C)C1NC1C#C,C#CC1NC1C(C)C,rdkit_canonicalization
qm9_cn_subset:13766,13766,1463,smiles,CC(C)N1CC1C#C,C#CC1CN1C(C)C,rdkit_canonicalization
qm9_cn_subset:13952,13952,1468,smiles,N#CCC12CC1CC2,N#CCC12CCC1C2,rdkit_canonicalization
qm9_cn_subset:13957,13957,1470,smiles,N#CCC12CN1CC2,N#CCC12CCN1C2,rdkit_canonicalization
qm9_cn_subset:13975,13975,1472,smiles,CC#CC12CN1CC2,CC#CC12CCN1C2,rdkit_canonicalization
qm9_cn_subset:13997,13997,1473,smiles,C#CC1NC11CCC1,C#CC1NC12CCC2,rdkit_canonicalization
qm9_cn_subset:14001,14001,1474,smiles,N#CC1CC11CCC1,N#CC1CC12CCC2,rdkit_canonicalization
qm9_cn_subset:14004,14004,1475,smiles,N#CC1NC11CCC1,N#CC1NC12CCC2,rdkit_canonicalization
qm9_cn_subset:14141,14141,1476,smiles,CC1NC11CCC=C1,CC1NC12C=CCC2,rdkit_canonicalization
qm9_cn_subset:14185,14185,1477,smiles,CC12CN3C1CC23C,CC12CN3C1CC32C,rdkit_canonicalization
qm9_cn_subset:14186,14186,1478,smiles,CC12NC3C1NC23C,CC12NC3C1NC32C,rdkit_canonicalization
qm9_cn_subset:14198,14198,1479,smiles,CC12CN3C(CC13)C2,CC12CC3CC1N3C2,rdkit_canonicalization
qm9_cn_subset:14208,14208,1480,smiles,CC12CC3CN1C23C,CC12CC3CN1C32C,rdkit_canonicalization
qm9_cn_subset:14211,14211,1481,smiles,CC12CN3CC1C23C,CC12CN3CC1C32C,rdkit_canonicalization
qm9_cn_subset:14233,14233,1484,smiles,CC1C2N3C1CC23C,CC1C2CC3(C)C1N23,rdkit_canonicalization
qm9_cn_subset:14234,14234,1485,smiles,CN1C2C3C1CC23C,CN1C2CC3(C)C2C13,rdkit_canonicalization
qm9_cn_subset:14355,14355,1487,smiles,C1C2CC11C=CCN21,C1=CC23CC(C2)N3C1,rdkit_canonicalization
qm9_cn_subset:14361,14361,1488,smiles,C1N2CC11CC=CC21,C1=CC2N3CC2(C1)C3,rdkit_canonicalization
qm9_cn_subset:14380,14380,1489,smiles,CC1(C)C2C3C1CN23,CC1(C)C2CN3C2C31,rdkit_canonicalization
qm9_cn_subset:14382,14382,1490,smiles,CC1(C)C2C3CC1N23,CC1(C)C2CC3C1N32,rdkit_canonicalization
qm9_cn_subset:14384,14384,1491,smiles,CC1(C)C2CC3C2N13,CC1(C)C2CC3C2N31,rdkit_canonicalization
qm9_cn_subset:14390,14390,1492,smiles,CC1(C)C2C3CC3N12,CC1(C)C2C3CC3N21,rdkit_canonicalization
qm9_cn_subset:14391,14391,1493,smiles,CC1(C)C2C3CN3C12,CC1(C)C2C3CN3C21,rdkit_canonicalization
qm9_cn_subset:14392,14392,1494,smiles,CC1(C)C2C3NC3C12,CC1(C)C2C3NC3C21,rdkit_canonicalization
qm9_cn_subset:14425,14425,1496,smiles,CC1C2N3CC1C23C,CC1C2CN3C1C23C,rdkit_canonicalization
qm9_cn_subset:14426,14426,1497,smiles,CN1C2C3CC1C23C,CN1C2CC3C1C32C,rdkit_canonicalization
qm9_cn_subset:14434,14434,1498,smiles,CC12CC3C=CC1N23,CC12CC3C=CC1N32,rdkit_canonicalization
qm9_cn_subset:14448,14448,1499,smiles,CC12CN3C1C=CC23,CC12CN3C1C=CC32,rdkit_canonicalization
qm9_cn_subset:14454,14454,1500,smiles,CC12CN3C1CCC23,CC12CN3C1CCC32,rdkit_canonicalization
qm9_cn_subset:14470,14470,1502,smiles,CC12C3CC1(C)CN23,CC12CC3N(C1)C32C,rdkit_canonicalization
qm9_cn_subset:14487,14487,1505,smiles,CC12C3C4N1C4(C)C23,CC12C3C4N1C4(C)C32,rdkit_canonicalization
qm9_cn_subset:14491,14491,1506,smiles,CC1(C#C)C2CN1C2,C#CC1(C)C2CN1C2,rdkit_canonicalization
qm9_cn_subset:14496,14496,1510,smiles,NC1(C#N)C2CC1C2,N#CC1(N)C2CC1C2,rdkit_canonicalization
qm9_cn_subset:14497,14497,1511,smiles,NC1(C#N)C2CC1N2,N#CC1(N)C2CC1N2,rdkit_canonicalization
qm9_cn_subset:14533,14533,1512,smiles,CC1(C#C)C2CCN12,C#CC1(C)C2CCN21,rdkit_canonicalization
qm9_cn_subset:14535,14535,1513,smiles,CC1(C#N)C2CCC12,CC1(C#N)C2CCC21,rdkit_canonicalization
qm9_cn_subset:14536,14536,1514,smiles,CC1(C#N)C2CCN12,CC1(C#N)C2CCN21,rdkit_canonicalization
qm9_cn_subset:14538,14538,1515,smiles,NC1(C#N)C2CCC12,N#CC1(N)C2CCC21,rdkit_canonicalization
qm9_cn_subset:14539,14539,1516,smiles,NC1(C#N)C2CNC12,N#CC1(N)C2CNC21,rdkit_canonicalization
qm9_cn_subset:14571,14571,1523,smiles,N#CCCC#CC#N,N#CC#CCCC#N,rdkit_canonicalization
qm9_cn_subset:14898,14898,1551,smiles,N#CC1CCC=CC1,N#CC1CC=CCC1,rdkit_canonicalization
qm9_cn_subset:14905,14905,1552,smiles,N#CC1CCCC=C1,N#CC1C=CCCC1,rdkit_canonicalization
qm9_cn_subset:14908,14908,1553,smiles,N#CC1NCCC=C1,N#CC1C=CCCN1,rdkit_canonicalization
qm9_cn_subset:15045,15045,1565,smiles,CCC(C#C)N1CC1,C#CC(CC)N1CC1,rdkit_canonicalization
qm9_cn_subset:15059,15059,1571,smiles,NCC(C#N)N1CC1,N#CC(CN)N1CC1,rdkit_canonicalization
qm9_cn_subset:15203,15203,1591,smiles,CC1C(C#C)C1C#N,C#CC1C(C)C1C#N,rdkit_canonicalization
qm9_cn_subset:15205,15205,1593,smiles,CN1C(C#C)C1C#C,C#CC1C(C#C)N1C,rdkit_canonicalization
qm9_cn_subset:15206,15206,1594,smiles,CN1C(C#C)C1C#N,C#CC1C(C#N)N1C,rdkit_canonicalization
qm9_cn_subset:15208,15208,1596,smiles,NC1C(C#C)C1C#N,C#CC1C(N)C1C#N,rdkit_canonicalization
qm9_cn_subset:15209,15209,1597,smiles,NC1C(C#N)C1C#N,N#CC1C(N)C1C#N,rdkit_canonicalization
qm9_cn_subset:15227,15227,1598,smiles,CCC1C(C#C)N1C,C#CC1C(CC)N1C,rdkit_canonicalization
qm9_cn_subset:15233,15233,1601,smiles,CCN1C(C)C1C#C,C#CC1C(C)N1CC,rdkit_canonicalization
qm9_cn_subset:15325,15325,1618,smiles,CC#CC1NC1C#C,C#CC1NC1C#CC,rdkit_canonicalization
qm9_cn_subset:15338,15338,1621,smiles,CCC1NC1C#CC,CC#CC1NC1CC,rdkit_canonicalization
qm9_cn_subset:15340,15340,1622,smiles,CCN1CC1C#CC,CC#CC1CN1CC,rdkit_canonicalization
qm9_cn_subset:15344,15344,1624,smiles,CCC1CN1CC#C,C#CCN1CC1CC,rdkit_canonicalization
qm9_cn_subset:15349,15349,1627,smiles,CCN1CC1CC#C,C#CCC1CN1CC,rdkit_canonicalization
qm9_cn_subset:15381,15381,1630,smiles,CCCC1NC1C#C,C#CC1NC1CCC,rdkit_canonicalization
qm9_cn_subset:15385,15385,1632,smiles,CCCN1CC1C#C,C#CC1CN1CCC,rdkit_canonicalization
qm9_cn_subset:15448,15448,1635,smiles,[NH2+]=C1NC=C[C-]1C#N,N#C[c-]1cc[nH]c1=[NH2+],rdkit_canonicalization
qm9_cn_subset:15449,15449,1636,smiles,N=C1NC=NC1C#C,C#CC1N=CNC1=N,rdkit_canonicalization
qm9_cn_subset:15519,15519,1638,smiles,CC1=C(CCC1)C#N,CC1=C(C#N)CCC1,rdkit_canonicalization
qm9_cn_subset:15588,15588,1652,smiles,NC1CCNC1C#N,N#CC1NCCC1N,rdkit_canonicalization
qm9_cn_subset:15773,15773,1658,smiles,CC(CC#C)N1CC1,C#CCC(C)N1CC1,rdkit_canonicalization
qm9_cn_subset:15779,15779,1663,smiles,NC(CC#N)C1CN1,N#CCC(N)C1CN1,rdkit_canonicalization
qm9_cn_subset:15952,15952,1674,smiles,C#CC1CCC11CN1,C#CC1CCC12CN2,rdkit_canonicalization
qm9_cn_subset:15959,15959,1675,smiles,N#CC1CCC11CC1,N#CC1CCC12CC2,rdkit_canonicalization
qm9_cn_subset:15960,15960,1676,smiles,N#CC1CCC11CN1,N#CC1CCC12CN2,rdkit_canonicalization
qm9_cn_subset:15962,15962,1677,smiles,N#CC1CNC11CC1,N#CC1CNC12CC2,rdkit_canonicalization
qm9_cn_subset:15964,15964,1678,smiles,N#CC1NCC11CC1,N#CC1NCC12CC2,rdkit_canonicalization
qm9_cn_subset:15965,15965,1679,smiles,N#CC1NCC11CN1,N#CC1NCC12CN2,rdkit_canonicalization
qm9_cn_subset:16012,16012,1680,smiles,C1NC11CCCC=C1,C1=CC2(CCC1)CN2,rdkit_canonicalization
qm9_cn_subset:16037,16037,1684,smiles,CC1N2CCC12C#C,C#CC12CCN1C2C,rdkit_canonicalization
qm9_cn_subset:16039,16039,1686,smiles,CN1C2CCC12C#C,C#CC12CCC1N2C,rdkit_canonicalization
qm9_cn_subset:16040,16040,1687,smiles,CN1C2CCC12C#N,CN1C2CCC21C#N,rdkit_canonicalization
qm9_cn_subset:16041,16041,1688,smiles,NC1C2CNC12C#N,N#CC12NCC1C2N,rdkit_canonicalization
qm9_cn_subset:16043,16043,1689,smiles,NC1C2NCC12C#N,N#CC12CNC1C2N,rdkit_canonicalization
qm9_cn_subset:16086,16086,1692,smiles,C#CC12CN1C=NC2,C#CC12CN=CN1C2,rdkit_canonicalization
qm9_cn_subset:16087,16087,1693,smiles,N#CC12CC1C=CC2,N#CC12CC=CC1C2,rdkit_canonicalization
qm9_cn_subset:16092,16092,1696,smiles,N#CC12CN1C=NC2,N#CC12CN=CN1C2,rdkit_canonicalization
qm9_cn_subset:16096,16096,1698,smiles,C#CC12CN1CC=C2,C#CC12C=CCN1C2,rdkit_canonicalization
qm9_cn_subset:16097,16097,1699,smiles,C#CC12NC1CC=C2,C#CC12C=CCC1N2,rdkit_canonicalization
qm9_cn_subset:16099,16099,1700,smiles,N#CC12CC1CC=C2,N#CC12C=CCC1C2,rdkit_canonicalization
qm9_cn_subset:16102,16102,1702,smiles,N#CC12CN1CC=C2,N#CC12C=CCN1C2,rdkit_canonicalization
qm9_cn_subset:16103,16103,1703,smiles,N#CC12NC1CC=C2,N#CC12C=CCC1N2,rdkit_canonicalization
qm9_cn_subset:16112,16112,1705,smiles,C#CC12CN1CCC2,C#CC12CCCN1C2,rdkit_canonicalization
qm9_cn_subset:16115,16115,1706,smiles,N#CC12CC1CCC2,N#CC12CCCC1C2,rdkit_canonicalization
qm9_cn_subset:16123,16123,1709,smiles,N#CC12CN1CCC2,N#CC12CCCN1C2,rdkit_canonicalization
qm9_cn_subset:16161,16161,1712,smiles,CCC12NC1CC=C2,CCC12C=CCC1N2,rdkit_canonicalization
qm9_cn_subset:16194,16194,1713,smiles,N=C1NC=NC11CC1,N=C1NC=NC12CC2,rdkit_canonicalization
qm9_cn_subset:16224,16224,1714,smiles,CC1=CCCC11CN1,CC1=CCCC12CN2,rdkit_canonicalization
qm9_cn_subset:16234,16234,1715,smiles,CC1CC=CC11CN1,CC1CC=CC12CN2,rdkit_canonicalization
qm9_cn_subset:16279,16279,1717,smiles,CC1CC2NC12C#C,C#CC12NC1CC2C,rdkit_canonicalization
qm9_cn_subset:16283,16283,1719,smiles,CC1CN2CC12C#C,C#CC12CN1CC2C,rdkit_canonicalization
qm9_cn_subset:16288,16288,1722,smiles,CN1CC2CC12C#N,CN1CC2CC21C#N,rdkit_canonicalization
qm9_cn_subset:16289,16289,1723,smiles,NC1CC2NC12C#N,N#CC12NC1CC2N,rdkit_canonicalization
qm9_cn_subset:16291,16291,1724,smiles,NC1CN2CC12C#N,N#CC12CN1CC2N,rdkit_canonicalization
qm9_cn_subset:16435,16435,1727,smiles,CN1C2C3CC2C13C,CN1C2C3CC2C31C,rdkit_canonicalization
qm9_cn_subset:16436,16436,1728,smiles,CN1C2C3NC2C13C,CN1C2C3NC2C31C,rdkit_canonicalization
qm9_cn_subset:16455,16455,1729,smiles,CC12C=CC3C1CN23,CC12C=CC3C1CN32,rdkit_canonicalization
qm9_cn_subset:16462,16462,1730,smiles,CC12CCN3C1CC23,CC12CCN3C1CC32,rdkit_canonicalization
qm9_cn_subset:16494,16494,1733,smiles,CC1N2CC3C2C13C,CC1N2CC3C2C31C,rdkit_canonicalization
qm9_cn_subset:16507,16507,1735,smiles,CC12C=CC3CC1N23,CC12C=CC3CC1N32,rdkit_canonicalization
qm9_cn_subset:16512,16512,1736,smiles,CC12CC=C3CN1C23,CC12CC=C3CN1C32,rdkit_canonicalization
qm9_cn_subset:16514,16514,1737,smiles,NC12CN=C3NC1C23,NC12CN=C3NC1C32,rdkit_canonicalization
qm9_cn_subset:16622,16622,1739,smiles,CC1C2NC2C=C1C,CC1=CC2NC2C1C,rdkit_canonicalization
qm9_cn_subset:16808,16808,1750,smiles,CC1C=C(C)C2NC12,CC1=CC(C)C2NC12,rdkit_canonicalization
qm9_cn_subset:16895,16895,1752,smiles,CC1CC2NC2C=C1,CC1C=CC2NC2C1,rdkit_canonicalization
qm9_cn_subset:16974,16974,1753,smiles,C1CC23CC(C=C2)N13,C1=CC23CCN2C1C3,rdkit_canonicalization
qm9_cn_subset:16997,16997,1754,smiles,C1CC23NC12CC=C3,C1=CC23CCC2(C1)N3,rdkit_canonicalization
qm9_cn_subset:17006,17006,1755,smiles,C1CC23CCCC12N3,C1CC23CCC2(C1)N3,rdkit_canonicalization
qm9_cn_subset:17021,17021,1757,smiles,CC1C2CN1C2C#C,C#CC1C2CN1C2C,rdkit_canonicalization
qm9_cn_subset:17027,17027,1761,smiles,N#CC1C2CC1N2C,CN1C2CC1C2C#N,rdkit_canonicalization
qm9_cn_subset:17073,17073,1762,smiles,C(C1CCC1)N1CC1,C1CC(CN2CC2)C1,rdkit_canonicalization
qm9_cn_subset:17132,17132,1769,smiles,CC1CC(C1)N1CC1,CC1CC(N2CC2)C1,rdkit_canonicalization
qm9_cn_subset:17141,17141,1770,smiles,C#CC12CC3C1CN23,C#CC12CC3C1CN32,rdkit_canonicalization
qm9_cn_subset:17143,17143,1771,smiles,C#CC12CN3C1CC23,C#CC12CN3C1CC32,rdkit_canonicalization
qm9_cn_subset:17144,17144,1772,smiles,C#CC12NC3C1NC23,C#CC12NC3C1NC32,rdkit_canonicalization
qm9_cn_subset:17149,17149,1773,smiles,N#CC12CC3C1CC23,N#CC12CC3C1CC32,rdkit_canonicalization
qm9_cn_subset:17150,17150,1774,smiles,N#CC12CC3C1CN23,N#CC12CC3C1CN32,rdkit_canonicalization
qm9_cn_subset:17151,17151,1775,smiles,N#CC12CC3C1NC23,N#CC12CC3C1NC32,rdkit_canonicalization
qm9_cn_subset:17153,17153,1776,smiles,N#CC12CN3C1CC23,N#CC12CN3C1CC32,rdkit_canonicalization
qm9_cn_subset:17154,17154,1777,smiles,N#CC12NC3C1CC23,N#CC12NC3C1CC32,rdkit_canonicalization
qm9_cn_subset:17155,17155,1778,smiles,N#CC12NC3C1NC23,N#CC12NC3C1NC32,rdkit_canonicalization
qm9_cn_subset:17170,17170,1779,smiles,CCC12CC3C1CN23,CCC12CC3C1CN32,rdkit_canonicalization
qm9_cn_subset:17172,17172,1780,smiles,CCC12CN3C1CC23,CCC12CN3C1CC32,rdkit_canonicalization
qm9_cn_subset:17173,17173,1781,smiles,CCC12NC3C1NC23,CCC12NC3C1NC32,rdkit_canonicalization
qm9_cn_subset:17212,17212,1783,smiles,C1NC11CN2CCC12,C1CN2CC3(CN3)C12,rdkit_canonicalization
qm9_cn_subset:17218,17218,1784,smiles,C#CC12CC3CC1N23,C#CC12CC3CC1N32,rdkit_canonicalization
qm9_cn_subset:17219,17219,1785,smiles,C#CC12CC3CN1C23,C#CC12CC3CN1C32,rdkit_canonicalization
qm9_cn_subset:17221,17221,1786,smiles,C#CC12CN3CC1C23,C#CC12CN3CC1C32,rdkit_canonicalization
qm9_cn_subset:17223,17223,1787,smiles,N#CC12CC3CC1C23,N#CC12CC3CC1C32,rdkit_canonicalization
qm9_cn_subset:17224,17224,1788,smiles,N#CC12CC3CC1N23,N#CC12CC3CC1N32,rdkit_canonicalization
qm9_cn_subset:17225,17225,1789,smiles,N#CC12CC3CN1C23,N#CC12CC3CN1C32,rdkit_canonicalization
qm9_cn_subset:17226,17226,1790,smiles,N#CC12CC3NC1C23,N#CC12CC3NC1C32,rdkit_canonicalization
qm9_cn_subset:17228,17228,1791,smiles,N#CC12CN3CC1C23,N#CC12CN3CC1C32,rdkit_canonicalization
qm9_cn_subset:17229,17229,1792,smiles,N#CC12NC3CC1C23,N#CC12NC3CC1C32,rdkit_canonicalization
qm9_cn_subset:17238,17238,1793,smiles,CCC12CC3CC1N23,CCC12CC3CC1N32,rdkit_canonicalization
qm9_cn_subset:17239,17239,1794,smiles,CCC12CC3CN1C23,CCC12CC3CN1C32,rdkit_canonicalization
qm9_cn_subset:17241,17241,1795,smiles,CCC12CN3CC1C23,CCC12CN3CC1C32,rdkit_canonicalization
qm9_cn_subset:17287,17287,1803,smiles,CC12CCC1C1NC21,CC12CCC1C1NC12,rdkit_canonicalization
qm9_cn_subset:17289,17289,1804,smiles,CC12CCC1N1CC21,CC12CCC1N1CC12,rdkit_canonicalization
qm9_cn_subset:17320,17320,1809,smiles,CN1C2C3CC3C12C,CN1C2C3CC3C21C,rdkit_canonicalization
qm9_cn_subset:17321,17321,1810,smiles,CN1C2C3NC3C12C,CN1C2C3NC3C21C,rdkit_canonicalization
qm9_cn_subset:17329,17329,1811,smiles,CC12CC1CN1CC21,CC12CC1CN1CC12,rdkit_canonicalization
qm9_cn_subset:17331,17331,1812,smiles,CC12CN1CC1NC21,CC12CN1CC1NC12,rdkit_canonicalization
qm9_cn_subset:17333,17333,1813,smiles,CC12NC1CC1NC21,CC12NC1CC1NC12,rdkit_canonicalization
qm9_cn_subset:17335,17335,1814,smiles,CC12NC1CN1CC21,CC12NC1CN1CC12,rdkit_canonicalization
qm9_cn_subset:17387,17387,1820,smiles,C1C2N1CC21CCC1,C1CC2(C1)CN1CC12,rdkit_canonicalization
qm9_cn_subset:17392,17392,1821,smiles,C1CC2(C1)CC1NC21,C1CC2(C1)CC1NC12,rdkit_canonicalization
qm9_cn_subset:17399,17399,1822,smiles,CC1CC11CC2NC12,CC1CC12CC1NC12,rdkit_canonicalization
qm9_cn_subset:17401,17401,1823,smiles,CC1CC11CN2CC12,CC1CC12CN1CC12,rdkit_canonicalization
qm9_cn_subset:17403,17403,1824,smiles,CC1NC11CC2NC12,CC1NC12CC1NC12,rdkit_canonicalization
qm9_cn_subset:17405,17405,1825,smiles,CC1NC11CN2CC12,CC1NC12CN1CC12,rdkit_canonicalization
qm9_cn_subset:17410,17410,1826,smiles,CN1CC11CC2NC12,CN1CC12CC1NC12,rdkit_canonicalization
qm9_cn_subset:17432,17432,1827,smiles,CC1C2C3CC1(C)N23,CC1C2C3CC1(C)N32,rdkit_canonicalization
qm9_cn_subset:17437,17437,1829,smiles,CC1N2C3CC1(C)C23,CC1N2C3CC1(C)C32,rdkit_canonicalization
qm9_cn_subset:17451,17451,1833,smiles,CC1C2N1C1CC21C,CC1C2N1C1CC12C,rdkit_canonicalization
qm9_cn_subset:17453,17453,1834,smiles,CN1C2C3CC3(C)C12,CN1C2C3CC3(C)C21,rdkit_canonicalization
qm9_cn_subset:17455,17455,1835,smiles,CN1C2C3NC3(C)C12,CN1C2C3NC3(C)C21,rdkit_canonicalization
qm9_cn_subset:17462,17462,1837,smiles,CC12CC1N1CC1C2,CC12CC3CN3C1C2,rdkit_canonicalization
qm9_cn_subset:17476,17476,1840,smiles,CC12CC3C(C=C1)N23,CC12C=CC3C(C1)N32,rdkit_canonicalization
qm9_cn_subset:17477,17477,1841,smiles,CC12CN3C(C=C1)C23,CC12C=CC3C1N3C2,rdkit_canonicalization
qm9_cn_subset:17484,17484,1842,smiles,CC12CC3C1N3CC2,CC12CCN3C(C1)C32,rdkit_canonicalization
qm9_cn_subset:17486,17486,1843,smiles,CC12CN3C(CC1)C23,CC12CCC3C1N3C2,rdkit_canonicalization
qm9_cn_subset:17495,17495,1844,smiles,CC12CC1C1NC21C,CC12CC1C1NC12C,rdkit_canonicalization
qm9_cn_subset:17497,17497,1845,smiles,CC12CC1N1CC21C,CC12CC1N1CC12C,rdkit_canonicalization
qm9_cn_subset:17500,17500,1846,smiles,CC12NC1C1NC21C,CC12NC1C1NC12C,rdkit_canonicalization
qm9_cn_subset:17506,17506,1847,smiles,C#CC12CC3C(C1)N23,C#CC12CC3C(C1)N32,rdkit_canonicalization
qm9_cn_subset:17509,17509,1849,smiles,N#CC12CC3C(C1)C23,N#CC12CC3C(C1)C32,rdkit_canonicalization
qm9_cn_subset:17510,17510,1850,smiles,N#CC12CC3C(C1)N23,N#CC12CC3C(C1)N32,rdkit_canonicalization
qm9_cn_subset:17511,17511,1851,smiles,N#CC12CC3C(N1)C23,N#CC12CC3C(N1)C32,rdkit_canonicalization
qm9_cn_subset:17519,17519,1853,smiles,CCC12CC3C(C1)N23,CCC12CC3C(C1)N32,rdkit_canonicalization
qm9_cn_subset:17534,17534,1857,smiles,CN1C2CC3(CC3)C12,CN1C2CC3(CC3)C21,rdkit_canonicalization
qm9_cn_subset:17535,17535,1858,smiles,CN1C2CC3(CN3)C12,CN1C2CC3(CN3)C21,rdkit_canonicalization
qm9_cn_subset:17546,17546,1860,smiles,C1NC11CC2CN2C1,C1C2CC3(CN3)CN12,rdkit_canonicalization
qm9_cn_subset:17567,17567,1865,smiles,CC12CC(C1)C1CN21,CC12CC(C1)C1CN12,rdkit_canonicalization
qm9_cn_subset:17568,17568,1866,smiles,CC12CC(C1)C1NC21,CC12CC(C1)C1NC12,rdkit_canonicalization
qm9_cn_subset:17570,17570,1867,smiles,CC12CC(C1)N1CC21,CC12CC(C1)N1CC12,rdkit_canonicalization
qm9_cn_subset:17579,17579,1868,smiles,CC12CC1(C)C1NC21,CC12CC1(C)C1NC12,rdkit_canonicalization
qm9_cn_subset:17581,17581,1869,smiles,CC12CC1(C)N1CC21,CC12CC1(C)N1CC12,rdkit_canonicalization
qm9_cn_subset:17586,17586,1870,smiles,CC12NC1(C)C1CC21,CC12NC1(C)C1CC12,rdkit_canonicalization
qm9_cn_subset:17587,17587,1871,smiles,CC12NC1(C)C1NC21,CC12NC1(C)C1NC12,rdkit_canonicalization
qm9_cn_subset:17654,17654,1872,smiles,CC1(CCC1)N1CC1,CC1(N2CC2)CCC1,rdkit_canonicalization
qm9_cn_subset:17697,17697,1879,smiles,CC12C3C1C1CC3N21,CC12C3C4CC(C31)N42,rdkit_canonicalization
qm9_cn_subset:17699,17699,1880,smiles,CC12C3C1N1CC3C21,CC12C3C4CN(C41)C32,rdkit_canonicalization
qm9_cn_subset:17700,17700,1881,smiles,CC12C3C4CC(C14)N23,CC12C3C4CC3N1C42,rdkit_canonicalization
qm9_cn_subset:17717,17717,1885,smiles,C1C2C3C4C=CC13N24,C1=CC23CC4C2C1N43,rdkit_canonicalization
qm9_cn_subset:17718,17718,1886,smiles,C1C2C3N4C=NC13C24,C1=NC23CC4C2N1C43,rdkit_canonicalization
qm9_cn_subset:17719,17719,1887,smiles,C1N2C3C4C=CC13C24,C1=CC23CN4C2C1C43,rdkit_canonicalization
qm9_cn_subset:17722,17722,1888,smiles,C1C2C3C4CCC13N24,C1CC23CC4C2C1N43,rdkit_canonicalization
qm9_cn_subset:17725,17725,1889,smiles,C1C2C3N4CCC13C24,C1CC23CC4C2N1C43,rdkit_canonicalization
qm9_cn_subset:17726,17726,1890,smiles,C1CC23NC4C2N1C34,C1CC23NC4C2N1C43,rdkit_canonicalization
qm9_cn_subset:17729,17729,1891,smiles,C1N2C3C4CCC13C24,C1CC23CN4C2C1C43,rdkit_canonicalization
qm9_cn_subset:17734,17734,1892,smiles,C1CC11C2C3CC2N13,C1C2C3C1N2C31CC1,rdkit_canonicalization
qm9_cn_subset:17735,17735,1893,smiles,C1CC11C2C3CN2C13,C1C2C3N1C2C31CC1,rdkit_canonicalization
qm9_cn_subset:17737,17737,1894,smiles,C1NC11C2C3CN2C13,C1C2C3N1C2C31CN1,rdkit_canonicalization
qm9_cn_subset:17743,17743,1896,smiles,CC12CC3C4C(C13)N24,CC12CC3C4C(C31)N42,rdkit_canonicalization
qm9_cn_subset:17745,17745,1897,smiles,CC12CC3C4C(C14)N23,CC12CC3C4C(C41)N32,rdkit_canonicalization
qm9_cn_subset:17746,17746,1898,smiles,CC12CC3C4C1N4C23,CC12CC3C4C1N4C32,rdkit_canonicalization
qm9_cn_subset:17747,17747,1899,smiles,CC12CN3C4C(C14)C23,CC12CN3C4C(C41)C32,rdkit_canonicalization
qm9_cn_subset:17755,17755,1900,smiles,CC12C3C4C1C2(C)N34,CC12C3C4C1C2(C)N43,rdkit_canonicalization
qm9_cn_subset:17757,17757,1901,smiles,CC12C3C4C3C1(C)N24,CC12C3C4C3C1(C)N42,rdkit_canonicalization
qm9_cn_subset:17759,17759,1902,smiles,CC12C3C4N3C1C24C,CC12C3C4N3C1C42C,rdkit_canonicalization
qm9_cn_subset:17931,17931,1910,smiles,CC12C3CC=C1CN23,CC12C3=CCC1N2C3,rdkit_canonicalization
qm9_cn_subset:18061,18061,1916,smiles,C#CCN1C2CCC12,C#CCN1C2CCC21,rdkit_canonicalization
qm9_cn_subset:18065,18065,1919,smiles,N#CCN1C2CCC12,N#CCN1C2CCC21,rdkit_canonicalization
qm9_cn_subset:18092,18092,1921,smiles,C1N=CN2C=NCC12,C1=NCC2CN=CN12,rdkit_canonicalization
qm9_cn_subset:18101,18101,1922,smiles,C1CC2N=CNC2=N1,C1=NC2CCN=C2N1,rdkit_canonicalization
qm9_cn_subset:18102,18102,1923,smiles,C1CN2C=NCC2=N1,C1=NCC2=NCCN12,rdkit_canonicalization
qm9_cn_subset:18132,18132,1924,smiles,CC1C2C(CN12)C#N,CC1C2C(C#N)CN12,rdkit_canonicalization
qm9_cn_subset:18134,18134,1925,smiles,CC1C2CC(C#C)N12,C#CC1CC2C(C)N12,rdkit_canonicalization
qm9_cn_subset:18140,18140,1929,smiles,CN1C2CC(C#N)C12,CN1C2CC(C#N)C21,rdkit_canonicalization
qm9_cn_subset:18205,18205,1949,smiles,N#CC1NCC2CC12,N#CC1NCC2CC21,rdkit_canonicalization
qm9_cn_subset:18375,18375,1954,smiles,C1C2N=CNC=NC12,C1=NC2CC2N=CN1,rdkit_canonicalization
qm9_cn_subset:18376,18376,1955,smiles,C1C=CC2NC2C=C1,C1=CC2NC2C=CC1,rdkit_canonicalization
qm9_cn_subset:18379,18379,1956,smiles,C1C=CC=CC2NC12,C1=CCC2NC2C=C1,rdkit_canonicalization
qm9_cn_subset:18393,18393,1957,smiles,C1CC=CC2NC2C1,C1=CC2NC2CCC1,rdkit_canonicalization
qm9_cn_subset:18433,18433,1958,smiles,CC1CC2C(C#C)N12,C#CC1C2CC(C)N12,rdkit_canonicalization
qm9_cn_subset:18436,18436,1961,smiles,CC1CN2C(C#C)C12,C#CC1C2C(C)CN12,rdkit_canonicalization
qm9_cn_subset:18440,18440,1963,smiles,CN1CC2C(C#N)C12,CN1CC2C(C#N)C21,rdkit_canonicalization
qm9_cn_subset:18493,18493,1968,smiles,N#CCN1CC2CC12,N#CCN1CC2CC21,rdkit_canonicalization
qm9_cn_subset:18770,18770,1973,smiles,CC12C3C1C1C3CN21,CC12C3C4CN1C4C32,rdkit_canonicalization
qm9_cn_subset:18772,18772,1974,smiles,CC12C3C1N1C3CC21,CC12C3C4CC1N4C32,rdkit_canonicalization
qm9_cn_subset:18773,18773,1975,smiles,CC12C3C1N1CC2C31,CC12C3CN4C3C1C42,rdkit_canonicalization
qm9_cn_subset:18774,18774,1976,smiles,CC12C3C4C(CC14)N23,CC12C3CC4C3C1N42,rdkit_canonicalization
qm9_cn_subset:18775,18775,1977,smiles,CC12C3C4CC1C4N23,CC12C3CC4C3N1C42,rdkit_canonicalization
qm9_cn_subset:18790,18790,1978,smiles,CC1C2CC3CC1N23,CC1C2CC3CC1N32,rdkit_canonicalization
qm9_cn_subset:18799,18799,1980,smiles,C1C2C=CC3CN2C13,C1=CC2CC3C1CN23,rdkit_canonicalization
qm9_cn_subset:18801,18801,1981,smiles,N1C2C=CC3NC2C13,C1=CC2NC3C1NC23,rdkit_canonicalization
qm9_cn_subset:18804,18804,1982,smiles,C1C2C3CN2CCN13,C1CN2CC3C2CN13,rdkit_canonicalization
qm9_cn_subset:18841,18841,1984,smiles,N=C1C2C3N=CN1C23,N=C1C2C3N=CN1C32,rdkit_canonicalization
qm9_cn_subset:18858,18858,1985,smiles,CC1C2C3C=CC1N23,CC1C2C=CC3C1N23,rdkit_canonicalization
qm9_cn_subset:18859,18859,1986,smiles,CN1C2C3C=CC1C23,CN1C2C=CC3C2C31,rdkit_canonicalization
qm9_cn_subset:18860,18860,1987,smiles,NC1C2C3C1N=CN23,NC1C2N=CN3C1C23,rdkit_canonicalization
qm9_cn_subset:18865,18865,1988,smiles,CC1N2C3CC=C1C23,CC1C2=CCC3C2N13,rdkit_canonicalization
qm9_cn_subset:18890,18890,1990,smiles,CC12CC3C4C3N1C24,CC12CC3C4C3N1C42,rdkit_canonicalization
qm9_cn_subset:18891,18891,1991,smiles,CC12CN3C4C3C1C24,CC12CN3C4C3C1C42,rdkit_canonicalization
qm9_cn_subset:18898,18898,1992,smiles,CC12C3C1N1C3C21C,CC12C3C1N1C3C12C,rdkit_canonicalization
qm9_cn_subset:18901,18901,1993,smiles,CC12C3C4C1CC2N34,CC12C3CC1N1C3C12,rdkit_canonicalization
qm9_cn_subset:18904,18904,1994,smiles,CC12C3C4C3N1CC24,CC12C3CN1C1C3C12,rdkit_canonicalization
qm9_cn_subset:18905,18905,1995,smiles,CC12C3CC1C1C3N21,CC12C3CC1C1C3N12,rdkit_canonicalization
qm9_cn_subset:18910,18910,1996,smiles,CC12C3C4CC1N2C34,CC12C3C4CC1N2C43,rdkit_canonicalization
qm9_cn_subset:18911,18911,1997,smiles,CC12C3C4CN1C2C34,CC12C3C4CN1C2C43,rdkit_canonicalization
qm9_cn_subset:18912,18912,1998,smiles,CC12C3CC4C(C13)N24,CC12C3CC4C(C31)N42,rdkit_canonicalization
qm9_cn_subset:18914,18914,1999,smiles,CC12C3CC4C1N4C23,CC12C3CC4C1N4C32,rdkit_canonicalization
qm9_cn_subset:18915,18915,2000,smiles,CC12C3CN4C(C13)C24,CC12C3CN4C(C31)C42,rdkit_canonicalization
qm9_cn_subset:18960,18960,2008,smiles,CCN1C2C3CC2C13,CCN1C2C3CC2C31,rdkit_canonicalization
qm9_cn_subset:18961,18961,2009,smiles,CCN1C2C3NC2C13,CCN1C2C3NC2C31,rdkit_canonicalization
qm9_cn_subset:19063,19063,2012,smiles,CN1C2C1C1CC2C1,CN1C2C3CC(C3)C21,rdkit_canonicalization
qm9_cn_subset:19085,19085,2016,smiles,C1C2CC3NC3CN12,C1C2NC2CN2CC12,rdkit_canonicalization
qm9_cn_subset:19105,19105,2020,smiles,CC1C2C3C4C1C2N34,CC1C2C3C1C1C2N31,rdkit_canonicalization
qm9_cn_subset:19106,19106,2021,smiles,CC1C2C3C4C2C1N34,CC1C2C3C1N1C2C31,rdkit_canonicalization
qm9_cn_subset:19109,19109,2023,smiles,CC1C2C3C4C3N2C14,CC1C2C3C4C1N2C34,rdkit_canonicalization
qm9_cn_subset:19110,19110,2024,smiles,CN1C2C3C4C1C2N34,CN1C2C3C1C1C2N31,rdkit_canonicalization
qm9_cn_subset:19111,19111,2025,smiles,CN1C2C3C4C3C1C24,CN1C2C3C4C3C1C42,rdkit_canonicalization
qm9_cn_subset:19121,19121,2028,smiles,C#CC1(CC1)N1CC1,C#CC1(N2CC2)CC1,rdkit_canonicalization
qm9_cn_subset:19122,19122,2029,smiles,C#CC1(CN1)C1CC1,C#CC1(C2CC2)CN1,rdkit_canonicalization
qm9_cn_subset:19123,19123,2030,smiles,C#CC1(CN1)C1CN1,C#CC1(C2CN2)CN1,rdkit_canonicalization
qm9_cn_subset:19128,19128,2031,smiles,N#CC1(CC1)C1CC1,N#CC1(C2CC2)CC1,rdkit_canonicalization
qm9_cn_subset:19129,19129,2032,smiles,N#CC1(CC1)C1NC1,N#CC1(C2CN2)CC1,rdkit_canonicalization
qm9_cn_subset:19131,19131,2033,smiles,N#CC1(CC1)N1CC1,N#CC1(N2CC2)CC1,rdkit_canonicalization
qm9_cn_subset:19132,19132,2034,smiles,N#CC1(CN1)C1CC1,N#CC1(C2CC2)CN1,rdkit_canonicalization
qm9_cn_subset:19133,19133,2035,smiles,N#CC1(CN1)C1CN1,N#CC1(C2CN2)CN1,rdkit_canonicalization
qm9_cn_subset:19150,19150,2036,smiles,CCC1(CC1)N1CC1,CCC1(N2CC2)CC1,rdkit_canonicalization
qm9_cn_subset:19151,19151,2037,smiles,CCC1(CN1)C1CN1,CCC1(C2CN2)CN1,rdkit_canonicalization
qm9_cn_subset:19215,19215,2039,smiles,N=C1C(C#N)C2CN12,N#CC1C(=N)N2CC12,rdkit_canonicalization
qm9_cn_subset:19231,19231,2041,smiles,CC1C2CC2C1C#N,CC1C(C#N)C2CC12,rdkit_canonicalization
qm9_cn_subset:19232,19232,2042,smiles,CC1C2CN2C1C#C,C#CC1C(C)C2CN12,rdkit_canonicalization
qm9_cn_subset:19233,19233,2043,smiles,CC1C2CN2C1C#N,CC1C(C#N)N2CC12,rdkit_canonicalization
qm9_cn_subset:19234,19234,2044,smiles,CC1C2NC2C1C#C,C#CC1C(C)C2NC12,rdkit_canonicalization
qm9_cn_subset:19235,19235,2045,smiles,CC1C2NC2C1C#N,CC1C(C#N)C2NC12,rdkit_canonicalization
qm9_cn_subset:19238,19238,2046,smiles,CN1C2CC2C1C#N,CN1C(C#N)C2CC21,rdkit_canonicalization
qm9_cn_subset:19239,19239,2047,smiles,NC1C2CN2C1C#N,N#CC1C(N)C2CN12,rdkit_canonicalization
qm9_cn_subset:19240,19240,2048,smiles,NC1C2NC2C1C#N,N#CC1C(N)C2NC12,rdkit_canonicalization
qm9_cn_subset:19305,19305,2049,smiles,C(CN1CC1)C1CC1,C1CC1CCN1CC1,rdkit_canonicalization
qm9_cn_subset:19307,19307,2050,smiles,C(CN1CC1)N1CC1,C1CN1CCN1CC1,rdkit_canonicalization
qm9_cn_subset:19312,19312,2051,smiles,C1CC1C#CC1CN1,C(#CC1CN1)C1CC1,rdkit_canonicalization
qm9_cn_subset:19314,19314,2052,smiles,C1NC1C#CC1CN1,C(#CC1CN1)C1CN1,rdkit_canonicalization
qm9_cn_subset:19318,19318,2053,smiles,C#CC12CC1C1CN21,C#CC12CC1C1CN12,rdkit_canonicalization
qm9_cn_subset:19319,19319,2054,smiles,C#CC12CC1C1NC21,C#CC12CC1C1NC12,rdkit_canonicalization
qm9_cn_subset:19321,19321,2055,smiles,C#CC12CC1N1CC21,C#CC12CC1N1CC12,rdkit_canonicalization
qm9_cn_subset:19322,19322,2056,smiles,C#CC12CN1C1CC21,C#CC12CN1C1CC12,rdkit_canonicalization
qm9_cn_subset:19323,19323,2057,smiles,C#CC12NC1C1CC21,C#CC12NC1C1CC12,rdkit_canonicalization
qm9_cn_subset:19324,19324,2058,smiles,C#CC12NC1C1NC21,C#CC12NC1C1NC12,rdkit_canonicalization
qm9_cn_subset:19329,19329,2059,smiles,N#CC12CC1C1CC21,N#CC12CC1C1CC12,rdkit_canonicalization
qm9_cn_subset:19330,19330,2060,smiles,N#CC12CC1C1CN21,N#CC12CC1C1CN12,rdkit_canonicalization
qm9_cn_subset:19331,19331,2061,smiles,N#CC12CC1C1NC21,N#CC12CC1C1NC12,rdkit_canonicalization
qm9_cn_subset:19333,19333,2062,smiles,N#CC12CC1N1CC21,N#CC12CC1N1CC12,rdkit_canonicalization
qm9_cn_subset:19334,19334,2063,smiles,N#CC12CN1C1CC21,N#CC12CN1C1CC12,rdkit_canonicalization
qm9_cn_subset:19335,19335,2064,smiles,N#CC12NC1C1CC21,N#CC12NC1C1CC12,rdkit_canonicalization
qm9_cn_subset:19336,19336,2065,smiles,N#CC12NC1C1NC21,N#CC12NC1C1NC12,rdkit_canonicalization
qm9_cn_subset:19354,19354,2066,smiles,CCC12CC1C1CN21,CCC12CC1C1CN12,rdkit_canonicalization
qm9_cn_subset:19355,19355,2067,smiles,CCC12CC1C1NC21,CCC12CC1C1NC12,rdkit_canonicalization
qm9_cn_subset:19357,19357,2068,smiles,CCC12CC1N1CC21,CCC12CC1N1CC12,rdkit_canonicalization
qm9_cn_subset:19358,19358,2069,smiles,CCC12CN1C1CC21,CCC12CN1C1CC12,rdkit_canonicalization
qm9_cn_subset:19359,19359,2070,smiles,CCC12NC1C1CC21,CCC12NC1C1CC12,rdkit_canonicalization
qm9_cn_subset:19360,19360,2071,smiles,CCC12NC1C1NC21,CCC12NC1C1NC12,rdkit_canonicalization
qm9_cn_subset:19397,19397,2072,smiles,CC1C2NC2C11CC1,CC1C2NC2C12CC2,rdkit_canonicalization
qm9_cn_subset:19398,19398,2073,smiles,CC1C2NC2C11CN1,CC1C2NC2C12CN2,rdkit_canonicalization
qm9_cn_subset:19403,19403,2074,smiles,CC1N2CC2C11CC1,CC1N2CC2C12CC2,rdkit_canonicalization
qm9_cn_subset:19404,19404,2075,smiles,CC1N2CC2C11CN1,CC1N2CC2C12CN2,rdkit_canonicalization
qm9_cn_subset:19417,19417,2076,smiles,C1CC11C=CC2NC12,C1=CC2(CC2)C2NC12,rdkit_canonicalization
qm9_cn_subset:19419,19419,2077,smiles,C1NC11C=CC2CC12,C1=CC2(CN2)C2CC12,rdkit_canonicalization
qm9_cn_subset:19420,19420,2078,smiles,C1NC11C=CC2NC12,C1=CC2(CN2)C2NC12,rdkit_canonicalization
qm9_cn_subset:19427,19427,2079,smiles,C1C2N1CCC21CC1,C1CC2(CC2)C2CN12,rdkit_canonicalization
qm9_cn_subset:19432,19432,2080,smiles,C1NC11CCC2NC12,C1CC2(CN2)C2NC12,rdkit_canonicalization
qm9_cn_subset:19434,19434,2081,smiles,C1NC11CCN2CC12,C1CC2(CN2)C2CN12,rdkit_canonicalization
qm9_cn_subset:19446,19446,2082,smiles,C1NC11CCC11CN1,C1CC2(CN2)C12CN2,rdkit_canonicalization
qm9_cn_subset:19451,19451,2083,smiles,N#CC1C2CC1C=C2,N#CC1C2C=CC1C2,rdkit_canonicalization
qm9_cn_subset:19452,19452,2084,smiles,N#CC1C2NC1C=C2,N#CC1C2C=CC1N2,rdkit_canonicalization
qm9_cn_subset:19457,19457,2085,smiles,N#CC1C2CC1CC2,N#CC1C2CCC1C2,rdkit_canonicalization
qm9_cn_subset:19461,19461,2087,smiles,N#CC1C2CN1CC2,N#CC1C2CCN1C2,rdkit_canonicalization
qm9_cn_subset:19490,19490,2091,smiles,N#CC1C2CC=CC12,N#CC1C2C=CCC12,rdkit_canonicalization
qm9_cn_subset:19538,19538,2096,smiles,C#CC12C3CC1CN23,C#CC12C3CC1N2C3,rdkit_canonicalization
qm9_cn_subset:19540,19540,2097,smiles,C#CC12C3CN1CC23,C#CC12C3CN1CC32,rdkit_canonicalization
qm9_cn_subset:19541,19541,2098,smiles,N#CC12C3CC1CC23,N#CC12C3CC1C2C3,rdkit_canonicalization
qm9_cn_subset:19542,19542,2099,smiles,N#CC12C3CC1CN23,N#CC12C3CC1N2C3,rdkit_canonicalization
qm9_cn_subset:19543,19543,2100,smiles,N#CC12C3CC1NC23,N#CC12C3CC1C2N3,rdkit_canonicalization
qm9_cn_subset:19545,19545,2101,smiles,N#CC12C3CN1CC23,N#CC12C3CN1CC32,rdkit_canonicalization
qm9_cn_subset:19551,19551,2102,smiles,CCC12C3CC1CN23,CCC12C3CC1N2C3,rdkit_canonicalization
qm9_cn_subset:19561,19561,2103,smiles,C1NC11C2NC1C=C2,C1=CC2NC1C21CN1,rdkit_canonicalization
qm9_cn_subset:19590,19590,2105,smiles,CN1C2CC1C1NC21,CN1C2CC1C1NC12,rdkit_canonicalization
qm9_cn_subset:19610,19610,2106,smiles,CC1C2C3C(C)C1N23,CC1C2C(C)C3C1N23,rdkit_canonicalization
qm9_cn_subset:19613,19613,2107,smiles,CC1C2C3C1C(C)N23,CC1C2C(C)N3C1C23,rdkit_canonicalization
qm9_cn_subset:19618,19618,2108,smiles,C1CC11C2C3C1CN23,C1C2C3C(N13)C21CC1,rdkit_canonicalization
qm9_cn_subset:19620,19620,2109,smiles,C1CC11C2C3CC1N23,C1C2C3N2C1C31CC1,rdkit_canonicalization
qm9_cn_subset:19621,19621,2110,smiles,C1CC11C2C3CN1C23,C1C2C3C2C2(CC2)N13,rdkit_canonicalization
qm9_cn_subset:19623,19623,2111,smiles,C1CC11C2CC3C2N13,C1C2C3C1C1(CC1)N23,rdkit_canonicalization
qm9_cn_subset:19624,19624,2112,smiles,C1NC11C2C3C1CN23,C1C2C3C(N13)C21CN1,rdkit_canonicalization
qm9_cn_subset:19625,19625,2113,smiles,C1NC11C2C3CC1N23,C1C2C3N2C1C31CN1,rdkit_canonicalization
qm9_cn_subset:19631,19631,2114,smiles,C#CC12C3C4C(C13)N24,C#CC12C3C4C(C31)N42,rdkit_canonicalization
qm9_cn_subset:19632,19632,2115,smiles,C#CC12C3C4C1N4C23,C#CC12C3C4C1N4C32,rdkit_canonicalization
qm9_cn_subset:19634,19634,2116,smiles,C#CC12C3C4C3N1C24,C#CC12C3C4C3N1C42,rdkit_canonicalization
qm9_cn_subset:19635,19635,2117,smiles,N#CC12C3C4C(C13)N24,N#CC12C3C4C(C31)N42,rdkit_canonicalization
qm9_cn_subset:19636,19636,2118,smiles,N#CC12C3C4C1N4C23,N#CC12C3C4C1N4C32,rdkit_canonicalization
qm9_cn_subset:19637,19637,2119,smiles,N#CC12C3C4C3C1C24,N#CC12C3C4C3C1C42,rdkit_canonicalization
qm9_cn_subset:19638,19638,2120,smiles,N#CC12C3C4C3N1C24,N#CC12C3C4C3N1C42,rdkit_canonicalization
qm9_cn_subset:19643,19643,2121,smiles,CCC12C3C4C(C13)N24,CCC12C3C4C(C31)N42,rdkit_canonicalization
qm9_cn_subset:19644,19644,2122,smiles,CCC12C3C4C1N4C23,CCC12C3C4C1N4C32,rdkit_canonicalization
qm9_cn_subset:19646,19646,2123,smiles,CCC12C3C4C3N1C24,CCC12C3C4C3N1C42,rdkit_canonicalization
qm9_cn_subset:19667,19667,2124,smiles,C#CC1C2C3C1CN23,C#CC1C2CN3C1C23,rdkit_canonicalization
qm9_cn_subset:19669,19669,2125,smiles,C#CC1C2C3CC1N23,C#CC1C2CC3C1N23,rdkit_canonicalization
qm9_cn_subset:19670,19670,2126,smiles,C#CC1C2C3CN1C23,C#CC1C2C3CN1C32,rdkit_canonicalization
qm9_cn_subset:19673,19673,2128,smiles,N#CC1C2C3C1CN23,N#CC1C2CN3C1C23,rdkit_canonicalization
qm9_cn_subset:19674,19674,2129,smiles,N#CC1C2C3CC1C23,N#CC1C2CC3C1C23,rdkit_canonicalization
qm9_cn_subset:19675,19675,2130,smiles,N#CC1C2C3CC1N23,N#CC1C2CC3C1N23,rdkit_canonicalization
qm9_cn_subset:19676,19676,2131,smiles,N#CC1C2C3CN1C23,N#CC1C2C3CN1C32,rdkit_canonicalization
qm9_cn_subset:19677,19677,2132,smiles,N#CC1C2C3NC1C23,N#CC1C2NC3C1C23,rdkit_canonicalization
qm9_cn_subset:19687,19687,2134,smiles,CCC1C2C3C1CN23,CCC1C2CN3C1C23,rdkit_canonicalization
qm9_cn_subset:19689,19689,2135,smiles,CCC1C2C3CC1N23,CCC1C2CC3C1N23,rdkit_canonicalization
qm9_cn_subset:19753,19753,2138,smiles,CC1C2C3CC1CN23,CC1C2CC3C1N3C2,rdkit_canonicalization
qm9_cn_subset:19832,19832,2142,smiles,C1C2C=CC3NC3C12,C1=CC2NC2C2CC12,rdkit_canonicalization
qm9_cn_subset:19834,19834,2143,smiles,N1C2C=CC3NC3C12,C1=CC2NC2C2NC12,rdkit_canonicalization
qm9_cn_subset:19837,19837,2144,smiles,C1C2C3NC3CCN12,C1CN2CC2C2NC12,rdkit_canonicalization
qm9_cn_subset:19850,19850,2146,smiles,C1C2C3CCN=C3N12,C1CC2C(=N1)N1CC21,rdkit_canonicalization
qm9_cn_subset:19851,19851,2147,smiles,C1CC2C3NC3C2=C1,C1=C2C(CC1)C1NC21,rdkit_canonicalization
qm9_cn_subset:19878,19878,2149,smiles,CN1C2CC3NC3C12,CN1C2CC3NC3C21,rdkit_canonicalization
qm9_cn_subset:19909,19909,2160,smiles,CCN1C2C3CC3C12,CCN1C2C3CC3C21,rdkit_canonicalization
qm9_cn_subset:19910,19910,2161,smiles,CCN1C2C3NC3C12,CCN1C2C3NC3C21,rdkit_canonicalization
qm9_cn_subset:19924,19924,2162,smiles,C1CC2=CC3NC3C12,C1=C2CCC2C2NC12,rdkit_canonicalization
qm9_cn_subset:20043,20043,2179,smiles,C1NC1C1=CCCC1,C1=C(C2CN2)CCC1,rdkit_canonicalization
qm9_cn_subset:20052,20052,2180,smiles,C1CN1C1CC=CC1,C1=CCC(N2CC2)C1,rdkit_canonicalization
qm9_cn_subset:20059,20059,2181,smiles,C1CN1C1CCC=C1,C1=CC(N2CC2)CC1,rdkit_canonicalization
qm9_cn_subset:20070,20070,2182,smiles,C1CN1C1CCCC1,C1CCC(N2CC2)C1,rdkit_canonicalization
qm9_cn_subset:20098,20098,2187,smiles,C1CN1C12CC1CC2,C1CC2(N3CC3)CC12,rdkit_canonicalization
qm9_cn_subset:20103,20103,2189,smiles,C1NC1C12CN1CC2,C1NC1C12CCN1C2,rdkit_canonicalization
qm9_cn_subset:20134,20134,2191,smiles,C1C2CC(C12)N1CC1,C1C2CC(N3CC3)C12,rdkit_canonicalization
qm9_cn_subset:20135,20135,2192,smiles,C1CN1C1CC2NC12,C1C2NC2C1N1CC1,rdkit_canonicalization
qm9_cn_subset:20137,20137,2193,smiles,C1NC1C1CC2CN12,C1NC1C1CC2CN21,rdkit_canonicalization
qm9_cn_subset:20150,20150,2195,smiles,CC1C2C3C2N2C3C12,CC1C2C3C2N2C1C32,rdkit_canonicalization
qm9_cn_subset:20153,20153,2196,smiles,C1C2C3C4C1CC2N34,C1C2CC3C1C1C2N31,rdkit_canonicalization
qm9_cn_subset:20154,20154,2197,smiles,C1C2C3C4C2CC1N34,C1C2C3CC1N1C2C31,rdkit_canonicalization
qm9_cn_subset:20160,20160,2198,smiles,C1C2CC=C3CN1C23,C1=C2CN3CC(C1)C23,rdkit_canonicalization
qm9_cn_subset:20164,20164,2199,smiles,C1C2CC3C=CC1N23,C1=CC2CC3CC1N23,rdkit_canonicalization
qm9_cn_subset:20195,20195,2200,smiles,C1=CC2C=CC3C1N23,C1=CC2C3C=CC1N23,rdkit_canonicalization
qm9_cn_subset:20196,20196,2201,smiles,C1=CC2N=CN3C1C23,C1=CC2C3C1N=CN23,rdkit_canonicalization
qm9_cn_subset:20199,20199,2203,smiles,C1C=C2C=CC3C2N13,C1=CC2C3C1=CCN23,rdkit_canonicalization
qm9_cn_subset:20218,20218,2206,smiles,C1CN2C3C4C(C23)N14,C1CN2C3C4C(C32)N14,rdkit_canonicalization
qm9_cn_subset:20219,20219,2207,smiles,C1CN2C3C4C1C4C23,C1CN2C3C4C1C4C32,rdkit_canonicalization
qm9_cn_subset:20222,20222,2208,smiles,C1=CC2C3C4C(C13)N24,C1=CC2C3C1C1C3N21,rdkit_canonicalization
qm9_cn_subset:20223,20223,2209,smiles,C1=CC2C3C4C1C2N34,C1=CC2C3C1C1C2N31,rdkit_canonicalization
qm9_cn_subset:20225,20225,2210,smiles,C1=CC2C3C4C3N2C14,C1=CC2C3C4C1N2C43,rdkit_canonicalization
qm9_cn_subset:20226,20226,2211,smiles,C1C=C2C3C4C1C2N34,C1=C2C3C(C1)C1C2N31,rdkit_canonicalization
qm9_cn_subset:20227,20227,2212,smiles,C1C=C2C3C4C2C1N34,C1=C2C3C(C1)N1C2C31,rdkit_canonicalization
qm9_cn_subset:20229,20229,2213,smiles,C1C=C2C3C4C3N1C24,C1=C2C3C4C2N(C1)C34,rdkit_canonicalization
qm9_cn_subset:20230,20230,2214,smiles,C1N=C2C3C4C(C13)N24,C1N=C2C3C1C1C3N21,rdkit_canonicalization
qm9_cn_subset:20231,20231,2215,smiles,C1CC2C3C4C(C13)N24,C1CC2C3C1C1C3N21,rdkit_canonicalization
qm9_cn_subset:20232,20232,2216,smiles,C1CC2C3C4C1C2N34,C1CC2C3C1C1C2N31,rdkit_canonicalization
qm9_cn_subset:20234,20234,2217,smiles,C1CC2C3C4C3N2C14,C1CC2C3C4C1N2C43,rdkit_canonicalization
qm9_cn_subset:20244,20244,2221,smiles,C1C2C3C4C(C=C13)N24,C1=C2CC3C2C2C1N32,rdkit_canonicalization
qm9_cn_subset:20246,20246,2222,smiles,C1C2C3C4C=C1C2N34,C1=C2CC3C2N2C1C32,rdkit_canonicalization
qm9_cn_subset:20247,20247,2223,smiles,C1N2C3C4C=C1C2C34,C1=C2CN3C2C2C1C23,rdkit_canonicalization
qm9_cn_subset:20255,20255,2227,smiles,C1C2CC3C4C3N1C24,C1C2CN3C2C2C1C23,rdkit_canonicalization
qm9_cn_subset:20256,20256,2228,smiles,C1C2CC3C4C3N2C14,C1C2C3C4CC1N4C23,rdkit_canonicalization
qm9_cn_subset:20257,20257,2229,smiles,C1C2CN3C4C3C2C14,C1C2CN3C4C1C2C43,rdkit_canonicalization
qm9_cn_subset:20262,20262,2230,smiles,C1C2C3C4C1C2CN34,C1C2C3CN4C2C4C13,rdkit_canonicalization
qm9_cn_subset:20264,20264,2231,smiles,C1C2C3C4CC2C1N34,C1C2C3CC4C2N4C13,rdkit_canonicalization
qm9_cn_subset:20277,20277,2235,smiles,C1C2C1N1C3CC1C23,C1C2C3C4CC3N4C12,rdkit_canonicalization
qm9_cn_subset:20278,20278,2236,smiles,C1C2C3C4CC3C4N12,C1C2C3C1C2N1CC31,rdkit_canonicalization
qm9_cn_subset:20285,20285,2238,smiles,C12C3C1C1C3C3C2N13,C12C3C1C1C4C2C3N14,rdkit_canonicalization
qm9_cn_subset:20286,20286,2239,smiles,C12C3C1N1C4C1C3C24,C12C3C4C1C1C4N1C23,rdkit_canonicalization
qm9_cn_subset:20289,20289,2241,smiles,C12C3C4C5C(C1N25)N34,C12C3C4C5C(C1N54)N23,rdkit_canonicalization
qm9_cn_subset:20292,20292,2242,smiles,C1CN1C1C2CC1C2,C1C2CC1C2N1CC1,rdkit_canonicalization
qm9_cn_subset:20300,20300,2244,smiles,C1CN1C1C2CCC12,C1CC2C1C2N1CC1,rdkit_canonicalization
qm9_cn_subset:20302,20302,2245,smiles,C1NC1C1C2CCN12,C1NC1C1C2CCN21,rdkit_canonicalization
qm9_cn_subset:20306,20306,2246,smiles,C#CC1=CN=CN=N1,C#Cc1cncnn1,rdkit_canonicalization
qm9_cn_subset:20307,20307,2247,smiles,C#CC1=CN=NC=N1,C#Cc1cnncn1,rdkit_canonicalization
qm9_cn_subset:20308,20308,2248,smiles,C#CC1=CN=NN=N1,C#Cc1cnnnn1,rdkit_canonicalization
qm9_cn_subset:20309,20309,2249,smiles,C#CC1=NC=CN=N1,C#Cc1nccnn1,rdkit_canonicalization
qm9_cn_subset:20310,20310,2250,smiles,C#CC1=NC=NN=N1,C#Cc1ncnnn1,rdkit_canonicalization
qm9_cn_subset:20311,20311,2251,smiles,C#CCC1=CC=NN1,C#CCc1ccn[nH]1,rdkit_canonicalization
qm9_cn_subset:20313,20313,2252,smiles,C#CCC1=CN=NN1,C#CCc1cnn[nH]1,rdkit_canonicalization
qm9_cn_subset:20315,20315,2253,smiles,C#CCC1=CNN=C1,C#CCc1cn[nH]c1,rdkit_canonicalization
qm9_cn_subset:20316,20316,2254,smiles,C#CCC1=CNN=N1,C#CCc1c[nH]nn1,rdkit_canonicalization
qm9_cn_subset:20319,20319,2255,smiles,C#CCC1=NC=NN1,C#CCc1ncn[nH]1,rdkit_canonicalization
qm9_cn_subset:20321,20321,2256,smiles,C#CCC1=NNC=C1,C#CCc1cc[nH]n1,rdkit_canonicalization
qm9_cn_subset:20322,20322,2257,smiles,C#CCC1=NNC=N1,C#CCc1nc[nH]n1,rdkit_canonicalization
qm9_cn_subset:20323,20323,2258,smiles,C#CCC1=NNN=C1,C#CCc1cn[nH]n1,rdkit_canonicalization
qm9_cn_subset:20328,20328,2259,smiles,C#CCN1C=CC=N1,C#CCn1cccn1,rdkit_canonicalization
qm9_cn_subset:20329,20329,2260,smiles,C#CCN1C=CN=N1,C#CCn1ccnn1,rdkit_canonicalization
qm9_cn_subset:20330,20330,2261,smiles,C#CCN1C=NC=N1,C#CCn1cncn1,rdkit_canonicalization
qm9_cn_subset:20331,20331,2262,smiles,C#CCN1C=NN=C1,C#CCn1cnnc1,rdkit_canonicalization
qm9_cn_subset:20332,20332,2263,smiles,C#CCN1C=NN=N1,C#CCn1cnnn1,rdkit_canonicalization
qm9_cn_subset:20333,20333,2264,smiles,C#CCN1N=CC=N1,C#CCn1nccn1,rdkit_canonicalization
qm9_cn_subset:20334,20334,2265,smiles,C#CCN1N=CN=N1,C#CCn1ncnn1,rdkit_canonicalization
qm9_cn_subset:20335,20335,2266,smiles,C#CCN1N=NN=N1,C#CCn1nnnn1,rdkit_canonicalization
qm9_cn_subset:20336,20336,2267,smiles,C1C2C1C1=CC=NN21,c1cc2n(n1)C1CC21,rdkit_canonicalization
qm9_cn_subset:20337,20337,2268,smiles,C1C2C1C1=CN=NN21,c1nnn2c1C1CC12,rdkit_canonicalization
qm9_cn_subset:20338,20338,2269,smiles,C1C2C1C1=NC=NN21,c1nc2n(n1)C1CC21,rdkit_canonicalization
qm9_cn_subset:20339,20339,2270,smiles,C1C=CC2=C1C=NN2,C1=Cc2[nH]ncc2C1,rdkit_canonicalization
qm9_cn_subset:20341,20341,2271,smiles,C1C=CC2=C1NN=C2,C1=Cc2cn[nH]c2C1,rdkit_canonicalization
qm9_cn_subset:20343,20343,2272,smiles,C1C=CC2=CC=NN12,C1=Cc2ccnn2C1,rdkit_canonicalization
qm9_cn_subset:20344,20344,2273,smiles,C1C=CC2=CN=NN12,C1=Cc2cnnn2C1,rdkit_canonicalization
qm9_cn_subset:20345,20345,2274,smiles,C1C=CC2=CNN=C12,C1=Cc2c[nH]nc2C1,rdkit_canonicalization
qm9_cn_subset:20347,20347,2275,smiles,C1C=CC2=NC=NN12,C1=Cc2ncnn2C1,rdkit_canonicalization
qm9_cn_subset:20348,20348,2276,smiles,C1C=CC2=NNC=C12,C1=Cc2n[nH]cc2C1,rdkit_canonicalization
qm9_cn_subset:20350,20350,2277,smiles,C1C=CN2N=CC=C12,C1=Cn2nccc2C1,rdkit_canonicalization
qm9_cn_subset:20351,20351,2278,smiles,C1C=CN2N=CN=C12,C1=Cn2ncnc2C1,rdkit_canonicalization
qm9_cn_subset:20352,20352,2279,smiles,C1C=CN2N=NC=C12,C1=Cn2nncc2C1,rdkit_canonicalization
qm9_cn_subset:20353,20353,2280,smiles,C1CC1C1=CC=NN1,c1cc(C2CC2)[nH]n1,rdkit_canonicalization
qm9_cn_subset:20355,20355,2281,smiles,C1CC1C1=CN=NN1,c1nn[nH]c1C1CC1,rdkit_canonicalization
qm9_cn_subset:20357,20357,2282,smiles,C1CC1C1=CNN=C1,c1n[nH]cc1C1CC1,rdkit_canonicalization
qm9_cn_subset:20358,20358,2283,smiles,C1CC1C1=CNN=N1,c1[nH]nnc1C1CC1,rdkit_canonicalization
qm9_cn_subset:20361,20361,2284,smiles,C1CC1C1=NC=NN1,c1n[nH]c(C2CC2)n1,rdkit_canonicalization
qm9_cn_subset:20363,20363,2285,smiles,C1CC1C1=NNC=C1,c1cc(C2CC2)n[nH]1,rdkit_canonicalization
qm9_cn_subset:20364,20364,2286,smiles,C1CC1C1=NNC=N1,c1nc(C2CC2)n[nH]1,rdkit_canonicalization
qm9_cn_subset:20365,20365,2287,smiles,C1CC1C1=NNN=C1,c1n[nH]nc1C1CC1,rdkit_canonicalization
qm9_cn_subset:20366,20366,2288,smiles,C1CC1C1=NNN=N1,C1CC1c1nn[nH]n1,rdkit_canonicalization
qm9_cn_subset:20371,20371,2289,smiles,C1CC1N1C=CC=N1,c1cnn(C2CC2)c1,rdkit_canonicalization
qm9_cn_subset:20372,20372,2290,smiles,C1CC1N1C=CN=N1,c1cn(C2CC2)nn1,rdkit_canonicalization
qm9_cn_subset:20373,20373,2291,smiles,C1CC1N1C=NC=N1,c1ncn(C2CC2)n1,rdkit_canonicalization
qm9_cn_subset:20374,20374,2292,smiles,C1CC1N1C=NN=C1,c1nncn1C1CC1,rdkit_canonicalization
qm9_cn_subset:20375,20375,2293,smiles,C1CC1N1C=NN=N1,c1nnnn1C1CC1,rdkit_canonicalization
qm9_cn_subset:20376,20376,2294,smiles,C1CC1N1N=CC=N1,c1cnn(C2CC2)n1,rdkit_canonicalization
qm9_cn_subset:20377,20377,2295,smiles,C1CC1N1N=CN=N1,c1nnn(C2CC2)n1,rdkit_canonicalization
qm9_cn_subset:20378,20378,2296,smiles,C1CC1N1N=NN=N1,C1CC1n1nnnn1,rdkit_canonicalization
qm9_cn_subset:20379,20379,2297,smiles,C1CC2=C(C1)C=NN2,c1n[nH]c2c1CCC2,rdkit_canonicalization
qm9_cn_subset:20381,20381,2298,smiles,C1CC2=C(C1)N=NN2,C1Cc2nn[nH]c2C1,rdkit_canonicalization
qm9_cn_subset:20383,20383,2299,smiles,C1CC2=C(N1)C=NN2,c1n[nH]c2c1NCC2,rdkit_canonicalization
qm9_cn_subset:20385,20385,2300,smiles,C1CC2=C(N1)N=NN2,C1Cc2[nH]nnc2N1,rdkit_canonicalization
qm9_cn_subset:20387,20387,2301,smiles,C1CC2=C(N1)NN=C2,c1n[nH]c2c1CCN2,rdkit_canonicalization
qm9_cn_subset:20388,20388,2302,smiles,C1CC2=C(N1)NN=N2,C1Cc2nn[nH]c2N1,rdkit_canonicalization
qm9_cn_subset:20399,20399,2303,smiles,C1CC2=CNN=C2C1,c1[nH]nc2c1CCC2,rdkit_canonicalization
qm9_cn_subset:20400,20400,2304,smiles,C1CC2=CNN=C2N1,c1[nH]nc2c1CCN2,rdkit_canonicalization
qm9_cn_subset:20405,20405,2305,smiles,C1CC2=NNC=C2N1,c1[nH]nc2c1NCC2,rdkit_canonicalization
qm9_cn_subset:20407,20407,2306,smiles,C1CC2=NNN=C2C1,C1Cc2n[nH]nc2C1,rdkit_canonicalization
qm9_cn_subset:20408,20408,2307,smiles,C1CC2=NNN=C2N1,C1Cc2n[nH]nc2N1,rdkit_canonicalization
qm9_cn_subset:20415,20415,2308,smiles,C1CN1C1=CC=NN1,c1cc(N2CC2)[nH]n1,rdkit_canonicalization
qm9_cn_subset:20417,20417,2309,smiles,C1CN1C1=CN=NN1,c1nn[nH]c1N1CC1,rdkit_canonicalization
qm9_cn_subset:20419,20419,2310,smiles,C1CN1C1=CNN=C1,c1n[nH]cc1N1CC1,rdkit_canonicalization
qm9_cn_subset:20420,20420,2311,smiles,C1CN1C1=CNN=N1,c1[nH]nnc1N1CC1,rdkit_canonicalization
qm9_cn_subset:20423,20423,2312,smiles,C1CN1C1=NC=NN1,c1n[nH]c(N2CC2)n1,rdkit_canonicalization
qm9_cn_subset:20425,20425,2313,smiles,C1CN1C1=NNC=C1,c1cc(N2CC2)n[nH]1,rdkit_canonicalization
qm9_cn_subset:20426,20426,2314,smiles,C1CN1C1=NNC=N1,c1nc(N2CC2)n[nH]1,rdkit_canonicalization
qm9_cn_subset:20427,20427,2315,smiles,C1CN1C1=NNN=C1,c1n[nH]nc1N1CC1,rdkit_canonicalization
qm9_cn_subset:20428,20428,2316,smiles,C1CN1C1=NNN=N1,C1CN1c1nn[nH]n1,rdkit_canonicalization
qm9_cn_subset:20433,20433,2317,smiles,C1CN2N=CC=C2C1,c1cc2n(n1)CCC2,rdkit_canonicalization
qm9_cn_subset:20434,20434,2318,smiles,C1CN2N=CC=C2N1,c1cc2n(n1)CCN2,rdkit_canonicalization
qm9_cn_subset:20436,20436,2319,smiles,C1CN2N=CN=C2C1,c1nc2n(n1)CCC2,rdkit_canonicalization
qm9_cn_subset:20437,20437,2320,smiles,C1CN2N=CN=C2N1,c1nc2n(n1)CCN2,rdkit_canonicalization
qm9_cn_subset:20439,20439,2321,smiles,C1CN2N=NC=C2C1,c1nnn2c1CCC2,rdkit_canonicalization
qm9_cn_subset:20440,20440,2322,smiles,C1CN2N=NC=C2N1,c1nnn2c1NCC2,rdkit_canonicalization
qm9_cn_subset:20442,20442,2323,smiles,C1NC1C1=CC=NN1,c1cc(C2CN2)[nH]n1,rdkit_canonicalization
qm9_cn_subset:20444,20444,2324,smiles,C1NC1C1=CN=NN1,c1nn[nH]c1C1CN1,rdkit_canonicalization
qm9_cn_subset:20446,20446,2325,smiles,C1NC1C1=CNN=C1,c1n[nH]cc1C1CN1,rdkit_canonicalization
qm9_cn_subset:20447,20447,2326,smiles,C1NC1C1=CNN=N1,c1[nH]nnc1C1CN1,rdkit_canonicalization
qm9_cn_subset:20450,20450,2327,smiles,C1NC1C1=NC=NN1,c1n[nH]c(C2CN2)n1,rdkit_canonicalization
qm9_cn_subset:20452,20452,2328,smiles,C1NC1C1=NNC=C1,c1cc(C2CN2)n[nH]1,rdkit_canonicalization
qm9_cn_subset:20453,20453,2329,smiles,C1NC1C1=NNC=N1,c1nc(C2CN2)n[nH]1,rdkit_canonicalization
qm9_cn_subset:20454,20454,2330,smiles,C1NC1C1=NNN=C1,c1n[nH]nc1C1CN1,rdkit_canonicalization
qm9_cn_subset:20459,20459,2331,smiles,C1NCC2=C1NN=N2,C1NCc2[nH]nnc21,rdkit_canonicalization
qm9_cn_subset:20462,20462,2332,smiles,C1NCC2=NNN=C12,C1NCc2n[nH]nc21,rdkit_canonicalization
qm9_cn_subset:20495,20495,2333,smiles,CC#CC1=CC=NN1,CC#Cc1ccn[nH]1,rdkit_canonicalization
qm9_cn_subset:20497,20497,2334,smiles,CC#CC1=CN=NN1,CC#Cc1cnn[nH]1,rdkit_canonicalization
qm9_cn_subset:20499,20499,2335,smiles,CC#CC1=CNN=C1,CC#Cc1cn[nH]c1,rdkit_canonicalization
qm9_cn_subset:20500,20500,2336,smiles,CC#CC1=CNN=N1,CC#Cc1c[nH]nn1,rdkit_canonicalization
qm9_cn_subset:20504,20504,2337,smiles,CC#CC1=NNC=C1,CC#Cc1cc[nH]n1,rdkit_canonicalization
qm9_cn_subset:20505,20505,2338,smiles,CC#CC1=NNC=N1,CC#Cc1nc[nH]n1,rdkit_canonicalization
qm9_cn_subset:20506,20506,2339,smiles,CC#CC1=NNN=C1,CC#Cc1cn[nH]n1,rdkit_canonicalization
qm9_cn_subset:20507,20507,2340,smiles,CC#CC1=NNN=N1,CC#Cc1nn[nH]n1,rdkit_canonicalization
qm9_cn_subset:20534,20534,2341,smiles,CC(C)C1=CC=NN1,CC(C)c1ccn[nH]1,rdkit_canonicalization
qm9_cn_subset:20536,20536,2342,smiles,CC(C)C1=CN=NN1,CC(C)c1cnn[nH]1,rdkit_canonicalization
qm9_cn_subset:20538,20538,2343,smiles,CC(C)C1=CNN=C1,CC(C)c1cn[nH]c1,rdkit_canonicalization
qm9_cn_subset:20539,20539,2344,smiles,CC(C)C1=CNN=N1,CC(C)c1c[nH]nn1,rdkit_canonicalization
qm9_cn_subset:20542,20542,2345,smiles,CC(C)C1=NC=NN1,CC(C)c1ncn[nH]1,rdkit_canonicalization
qm9_cn_subset:20544,20544,2346,smiles,CC(C)C1=NNC=C1,CC(C)c1cc[nH]n1,rdkit_canonicalization
qm9_cn_subset:20545,20545,2347,smiles,CC(C)C1=NNC=N1,CC(C)c1nc[nH]n1,rdkit_canonicalization
qm9_cn_subset:20546,20546,2348,smiles,CC(C)C1=NNN=C1,CC(C)c1cn[nH]n1,rdkit_canonicalization
qm9_cn_subset:20547,20547,2349,smiles,CC(C)C1=NNN=N1,CC(C)c1nn[nH]n1,rdkit_canonicalization
qm9_cn_subset:20552,20552,2350,smiles,CC(C)N1C=CC=N1,CC(C)n1cccn1,rdkit_canonicalization
qm9_cn_subset:20553,20553,2351,smiles,CC(C)N1C=CN=N1,CC(C)n1ccnn1,rdkit_canonicalization
qm9_cn_subset:20554,20554,2352,smiles,CC(C)N1C=NC=N1,CC(C)n1cncn1,rdkit_canonicalization
qm9_cn_subset:20555,20555,2353,smiles,CC(C)N1C=NN=C1,CC(C)n1cnnc1,rdkit_canonicalization
qm9_cn_subset:20556,20556,2354,smiles,CC(C)N1C=NN=N1,CC(C)n1cnnn1,rdkit_canonicalization
qm9_cn_subset:20557,20557,2355,smiles,CC(C)N1N=CC=N1,CC(C)n1nccn1,rdkit_canonicalization
qm9_cn_subset:20558,20558,2356,smiles,CC(C)N1N=CN=N1,CC(C)n1ncnn1,rdkit_canonicalization
qm9_cn_subset:20559,20559,2357,smiles,CC(C)N1N=NN=N1,CC(C)n1nnnn1,rdkit_canonicalization
qm9_cn_subset:20560,20560,2358,smiles,CC([NH3+])C1=CN=N[N-]1,CC([NH3+])c1cnn[n-]1,rdkit_canonicalization
qm9_cn_subset:20562,20562,2359,smiles,CC([NH3+])C1=N[N-]N=N1,CC([NH3+])c1nn[n-]n1,rdkit_canonicalization
qm9_cn_subset:20579,20579,2360,smiles,CC1=C(C)C(N)=NN1,Cc1[nH]nc(N)c1C,rdkit_canonicalization
qm9_cn_subset:20583,20583,2361,smiles,CC1=C(C=NN1)C#C,C#Cc1cn[nH]c1C,rdkit_canonicalization
qm9_cn_subset:20584,20584,2362,smiles,CC1=C(C=NN1)C#N,Cc1[nH]ncc1C#N,rdkit_canonicalization
qm9_cn_subset:20599,20599,2363,smiles,CC1=C(N)C(N)=NN1,Cc1[nH]nc(N)c1N,rdkit_canonicalization
qm9_cn_subset:20603,20603,2364,smiles,CC1=C(N)NN=C1N,Cc1c(N)n[nH]c1N,rdkit_canonicalization
qm9_cn_subset:20607,20607,2365,smiles,CC1=C(N=NN1)C#C,C#Cc1nn[nH]c1C,rdkit_canonicalization
qm9_cn_subset:20608,20608,2366,smiles,CC1=C(N=NN1)C#N,Cc1[nH]nnc1C#N,rdkit_canonicalization
qm9_cn_subset:20611,20611,2367,smiles,CC1=C(NN=C1)C#C,C#Cc1[nH]ncc1C,rdkit_canonicalization
qm9_cn_subset:20612,20612,2368,smiles,CC1=C(NN=C1)C#N,Cc1cn[nH]c1C#N,rdkit_canonicalization
qm9_cn_subset:20614,20614,2369,smiles,CC1=C(NN=N1)C#C,C#Cc1[nH]nnc1C,rdkit_canonicalization
qm9_cn_subset:20615,20615,2370,smiles,CC1=C(NN=N1)C#N,Cc1nn[nH]c1C#N,rdkit_canonicalization
qm9_cn_subset:20627,20627,2371,smiles,CC1=C2CCN2N=C1,Cc1cnn2c1CC2,rdkit_canonicalization
qm9_cn_subset:20628,20628,2372,smiles,CC1=C2CCN2N=N1,Cc1nnn2c1CC2,rdkit_canonicalization
qm9_cn_subset:20630,20630,2373,smiles,CC1=CC(=N)N=NN1,Cc1cc(=N)nn[nH]1,rdkit_canonicalization
qm9_cn_subset:20632,20632,2374,smiles,CC1=CC(=N)NN=C1,Cc1cn[nH]c(=N)c1,rdkit_canonicalization
qm9_cn_subset:20633,20633,2375,smiles,CC1=CC(=N)NN=N1,Cc1cc(=N)[nH]nn1,rdkit_canonicalization
qm9_cn_subset:20636,20636,2376,smiles,CC1=CC(=NN1)C#C,C#Cc1cc(C)[nH]n1,rdkit_canonicalization
qm9_cn_subset:20637,20637,2377,smiles,CC1=CC(=NN1)C#N,Cc1cc(C#N)n[nH]1,rdkit_canonicalization
qm9_cn_subset:20652,20652,2378,smiles,CC1=CC=NNC1=N,Cc1ccn[nH]c1=N,rdkit_canonicalization
qm9_cn_subset:20658,20658,2379,smiles,CC1=CN=C(N)N=N1,Cc1cnc(N)nn1,rdkit_canonicalization
qm9_cn_subset:20660,20660,2380,smiles,CC1=CN=NC=C1C,Cc1cnncc1C,rdkit_canonicalization
qm9_cn_subset:20662,20662,2381,smiles,CC1=CN=NNC1=N,Cc1cnn[nH]c1=N,rdkit_canonicalization
qm9_cn_subset:20666,20666,2382,smiles,CC1=CNN=C1C#C,C#Cc1n[nH]cc1C,rdkit_canonicalization
qm9_cn_subset:20667,20667,2383,smiles,CC1=CNN=C1C#N,Cc1c[nH]nc1C#N,rdkit_canonicalization
qm9_cn_subset:20671,20671,2384,smiles,CC1=CNN=NC1=N,Cc1c[nH]nnc1=N,rdkit_canonicalization
qm9_cn_subset:20680,20680,2385,smiles,CC1=NC(=N)C=NN1,Cc1nc(=N)cn[nH]1,rdkit_canonicalization
qm9_cn_subset:20682,20682,2386,smiles,CC1=NC(=N)N=NN1,Cc1nc(=N)nn[nH]1,rdkit_canonicalization
qm9_cn_subset:20684,20684,2387,smiles,CC1=NC(=N)NN=C1,Cc1cn[nH]c(=N)n1,rdkit_canonicalization
qm9_cn_subset:20685,20685,2388,smiles,CC1=NC(=N)NN=N1,Cc1nn[nH]c(=N)n1,rdkit_canonicalization
qm9_cn_subset:20688,20688,2389,smiles,CC1=NC(=NN1)C#C,C#Cc1n[nH]c(C)n1,rdkit_canonicalization
qm9_cn_subset:20700,20700,2390,smiles,CC1=NC=C(N)N=N1,Cc1ncc(N)nn1,rdkit_canonicalization
qm9_cn_subset:20703,20703,2391,smiles,CC1=NC=NNC1=N,Cc1ncn[nH]c1=N,rdkit_canonicalization
qm9_cn_subset:20711,20711,2392,smiles,CC1=NN2CCC2=C1,Cc1cc2n(n1)CC2,rdkit_canonicalization
qm9_cn_subset:20712,20712,2393,smiles,CC1=NN2CCC2=N1,Cc1nc2n(n1)CC2,rdkit_canonicalization
qm9_cn_subset:20713,20713,2394,smiles,CC1=NN=C(C)C=C1,Cc1ccc(C)nn1,rdkit_canonicalization
qm9_cn_subset:20714,20714,2395,smiles,CC1=NNC(=C1)C#C,C#Cc1cc(C)n[nH]1,rdkit_canonicalization
qm9_cn_subset:20715,20715,2396,smiles,CC1=NNC(=C1)C#N,Cc1cc(C#N)[nH]n1,rdkit_canonicalization
qm9_cn_subset:20716,20716,2397,smiles,CC1=NNC(=N)C=C1,Cc1ccc(=N)[nH]n1,rdkit_canonicalization
qm9_cn_subset:20717,20717,2398,smiles,CC1=NNC(=N)C=N1,Cc1ncc(=N)[nH]n1,rdkit_canonicalization
qm9_cn_subset:20718,20718,2399,smiles,CC1=NNC(=N)N=C1,Cc1cnc(=N)[nH]n1,rdkit_canonicalization
qm9_cn_subset:20719,20719,2400,smiles,CC1=NNC(=N1)C#C,C#Cc1nc(C)n[nH]1,rdkit_canonicalization
qm9_cn_subset:20723,20723,2401,smiles,CC1=NNC(C)=C1C,Cc1n[nH]c(C)c1C,rdkit_canonicalization
qm9_cn_subset:20724,20724,2402,smiles,CC1=NNC(C)=C1N,Cc1n[nH]c(C)c1N,rdkit_canonicalization
qm9_cn_subset:20729,20729,2403,smiles,CC1=NNC(N)=C1C,Cc1n[nH]c(N)c1C,rdkit_canonicalization
qm9_cn_subset:20730,20730,2404,smiles,CC1=NNC(N)=C1N,Cc1n[nH]c(N)c1N,rdkit_canonicalization
qm9_cn_subset:20735,20735,2405,smiles,CC1=NNC=C1C#C,C#Cc1c[nH]nc1C,rdkit_canonicalization
qm9_cn_subset:20736,20736,2406,smiles,CC1=NNC=C1C#N,Cc1n[nH]cc1C#N,rdkit_canonicalization
qm9_cn_subset:20740,20740,2407,smiles,CC1=NNC=NC1=N,Cc1n[nH]cnc1=N,rdkit_canonicalization
qm9_cn_subset:20741,20741,2408,smiles,CC1=NNN=C1C#C,C#Cc1n[nH]nc1C,rdkit_canonicalization
qm9_cn_subset:20742,20742,2409,smiles,CC1=NNN=C1C#N,Cc1n[nH]nc1C#N,rdkit_canonicalization
qm9_cn_subset:20745,20745,2410,smiles,CC1=NNN=CC1=N,Cc1n[nH]ncc1=N,rdkit_canonicalization
qm9_cn_subset:20746,20746,2411,smiles,CC1=NNN=NC1=N,Cc1n[nH]nnc1=N,rdkit_canonicalization
qm9_cn_subset:20782,20782,2412,smiles,CC1CC2=CC=NN12,CC1Cc2ccnn21,rdkit_canonicalization
qm9_cn_subset:20783,20783,2413,smiles,CC1CC2=CN=NN12,CC1Cc2cnnn21,rdkit_canonicalization
qm9_cn_subset:20784,20784,2414,smiles,CC1CC2=NC=NN12,CC1Cc2ncnn21,rdkit_canonicalization
qm9_cn_subset:20785,20785,2415,smiles,CC1CN2N=CC=C12,CC1Cn2nccc21,rdkit_canonicalization
qm9_cn_subset:20786,20786,2416,smiles,CC1CN2N=CN=C12,CC1Cn2ncnc21,rdkit_canonicalization
qm9_cn_subset:20787,20787,2417,smiles,CC1CN2N=NC=C12,CC1Cn2nncc21,rdkit_canonicalization
qm9_cn_subset:20788,20788,2418,smiles,CCC1=C(C)C=NN1,CCc1[nH]ncc1C,rdkit_canonicalization
qm9_cn_subset:20790,20790,2419,smiles,CCC1=C(C)N=NN1,CCc1[nH]nnc1C,rdkit_canonicalization
qm9_cn_subset:20792,20792,2420,smiles,CCC1=C(C)NN=C1,CCc1cn[nH]c1C,rdkit_canonicalization
qm9_cn_subset:20793,20793,2421,smiles,CCC1=C(C)NN=N1,CCc1nn[nH]c1C,rdkit_canonicalization
qm9_cn_subset:20796,20796,2422,smiles,CCC1=C(N)C=NN1,CCc1[nH]ncc1N,rdkit_canonicalization
qm9_cn_subset:20798,20798,2423,smiles,CCC1=C(N)N=NN1,CCc1[nH]nnc1N,rdkit_canonicalization
qm9_cn_subset:20800,20800,2424,smiles,CCC1=C(N)NN=C1,CCc1cn[nH]c1N,rdkit_canonicalization
qm9_cn_subset:20801,20801,2425,smiles,CCC1=C(N)NN=N1,CCc1nn[nH]c1N,rdkit_canonicalization
qm9_cn_subset:20808,20808,2426,smiles,CCC1=CC(C)=NN1,CCc1cc(C)n[nH]1,rdkit_canonicalization
qm9_cn_subset:20810,20810,2427,smiles,CCC1=CC(N)=NN1,CCc1cc(N)n[nH]1,rdkit_canonicalization
qm9_cn_subset:20814,20814,2428,smiles,CCC1=CC=NN1C,CCc1ccnn1C,rdkit_canonicalization
qm9_cn_subset:20815,20815,2429,smiles,CCC1=CN(C)N=C1,CCc1cnn(C)c1,rdkit_canonicalization
qm9_cn_subset:20816,20816,2430,smiles,CCC1=CN(C)N=N1,CCc1cn(C)nn1,rdkit_canonicalization
qm9_cn_subset:20817,20817,2431,smiles,CCC1=CN=CN=N1,CCc1cncnn1,rdkit_canonicalization
qm9_cn_subset:20818,20818,2432,smiles,CCC1=CN=NC=N1,CCc1cnncn1,rdkit_canonicalization
qm9_cn_subset:20819,20819,2433,smiles,CCC1=CN=NN1C,CCc1cnnn1C,rdkit_canonicalization
qm9_cn_subset:20820,20820,2434,smiles,CCC1=CN=NN=N1,CCc1cnnnn1,rdkit_canonicalization
qm9_cn_subset:20821,20821,2435,smiles,CCC1=CNN=C1C,CCc1c[nH]nc1C,rdkit_canonicalization
qm9_cn_subset:20822,20822,2436,smiles,CCC1=CNN=C1N,CCc1c[nH]nc1N,rdkit_canonicalization
qm9_cn_subset:20827,20827,2437,smiles,CCC1=NC(C)=NN1,CCc1nc(C)n[nH]1,rdkit_canonicalization
qm9_cn_subset:20829,20829,2438,smiles,CCC1=NC(N)=NN1,CCc1nc(N)n[nH]1,rdkit_canonicalization
qm9_cn_subset:20833,20833,2439,smiles,CCC1=NC=CN=N1,CCc1nccnn1,rdkit_canonicalization
qm9_cn_subset:20834,20834,2440,smiles,CCC1=NC=NN1C,CCc1ncnn1C,rdkit_canonicalization
qm9_cn_subset:20835,20835,2441,smiles,CCC1=NC=NN=N1,CCc1ncnnn1,rdkit_canonicalization
qm9_cn_subset:20836,20836,2442,smiles,CCC1=NN(C)C=C1,CCc1ccn(C)n1,rdkit_canonicalization
qm9_cn_subset:20837,20837,2443,smiles,CCC1=NN(C)C=N1,CCc1ncn(C)n1,rdkit_canonicalization
qm9_cn_subset:20838,20838,2444,smiles,CCC1=NN(C)N=C1,CCc1cnn(C)n1,rdkit_canonicalization
qm9_cn_subset:20839,20839,2445,smiles,CCC1=NN(C)N=N1,CCc1nnn(C)n1,rdkit_canonicalization
qm9_cn_subset:20842,20842,2446,smiles,CCC1=NNC(C)=C1,CCc1cc(C)[nH]n1,rdkit_canonicalization
qm9_cn_subset:20843,20843,2447,smiles,CCC1=NNC(C)=N1,CCc1n[nH]c(C)n1,rdkit_canonicalization
qm9_cn_subset:20844,20844,2448,smiles,CCC1=NNC(N)=C1,CCc1cc(N)[nH]n1,rdkit_canonicalization
qm9_cn_subset:20845,20845,2449,smiles,CCC1=NNC(N)=N1,CCc1n[nH]c(N)n1,rdkit_canonicalization
qm9_cn_subset:20847,20847,2450,smiles,CCC1=NNC=C1C,CCc1n[nH]cc1C,rdkit_canonicalization
qm9_cn_subset:20848,20848,2451,smiles,CCC1=NNC=C1N,CCc1n[nH]cc1N,rdkit_canonicalization
qm9_cn_subset:20850,20850,2452,smiles,CCC1=NNN=C1C,CCc1n[nH]nc1C,rdkit_canonicalization
qm9_cn_subset:20851,20851,2453,smiles,CCC1=NNN=C1N,CCc1n[nH]nc1N,rdkit_canonicalization
qm9_cn_subset:20864,20864,2454,smiles,CCCC1=CC=NN1,CCCc1ccn[nH]1,rdkit_canonicalization
qm9_cn_subset:20866,20866,2455,smiles,CCCC1=CN=NN1,CCCc1cnn[nH]1,rdkit_canonicalization
qm9_cn_subset:20868,20868,2456,smiles,CCCC1=CNN=C1,CCCc1cn[nH]c1,rdkit_canonicalization
qm9_cn_subset:20869,20869,2457,smiles,CCCC1=CNN=N1,CCCc1c[nH]nn1,rdkit_canonicalization
qm9_cn_subset:20872,20872,2458,smiles,CCCC1=NC=NN1,CCCc1ncn[nH]1,rdkit_canonicalization
qm9_cn_subset:20874,20874,2459,smiles,CCCC1=NNC=C1,CCCc1cc[nH]n1,rdkit_canonicalization
qm9_cn_subset:20875,20875,2460,smiles,CCCC1=NNC=N1,CCCc1nc[nH]n1,rdkit_canonicalization
qm9_cn_subset:20876,20876,2461,smiles,CCCC1=NNN=C1,CCCc1cn[nH]n1,rdkit_canonicalization
qm9_cn_subset:20877,20877,2462,smiles,CCCC1=NNN=N1,CCCc1nn[nH]n1,rdkit_canonicalization
qm9_cn_subset:20882,20882,2463,smiles,CCCN1C=CC=N1,CCCn1cccn1,rdkit_canonicalization
qm9_cn_subset:20883,20883,2464,smiles,CCCN1C=CN=N1,CCCn1ccnn1,rdkit_canonicalization
qm9_cn_subset:20884,20884,2465,smiles,CCCN1C=NC=N1,CCCn1cncn1,rdkit_canonicalization
qm9_cn_subset:20885,20885,2466,smiles,CCCN1C=NN=C1,CCCn1cnnc1,rdkit_canonicalization
qm9_cn_subset:20886,20886,2467,smiles,CCCN1C=NN=N1,CCCn1cnnn1,rdkit_canonicalization
qm9_cn_subset:20887,20887,2468,smiles,CCCN1N=CC=N1,CCCn1nccn1,rdkit_canonicalization
qm9_cn_subset:20888,20888,2469,smiles,CCCN1N=CN=N1,CCCn1ncnn1,rdkit_canonicalization
qm9_cn_subset:20889,20889,2470,smiles,CCCN1N=NN=N1,CCCn1nnnn1,rdkit_canonicalization
qm9_cn_subset:20890,20890,2471,smiles,CCN1C=C(C)C=N1,CCn1cc(C)cn1,rdkit_canonicalization
qm9_cn_subset:20891,20891,2472,smiles,CCN1C=C(C)N=N1,CCn1cc(C)nn1,rdkit_canonicalization
qm9_cn_subset:20892,20892,2473,smiles,CCN1C=C(N)C=N1,CCn1cc(N)cn1,rdkit_canonicalization
qm9_cn_subset:20893,20893,2474,smiles,CCN1C=C(N)N=N1,CCn1cc(N)nn1,rdkit_canonicalization
qm9_cn_subset:20896,20896,2475,smiles,CCN1C=CC(C)=N1,CCn1ccc(C)n1,rdkit_canonicalization
qm9_cn_subset:20897,20897,2476,smiles,CCN1C=CC(N)=N1,CCn1ccc(N)n1,rdkit_canonicalization
qm9_cn_subset:20899,20899,2477,smiles,CCN1C=NC(C)=N1,CCn1cnc(C)n1,rdkit_canonicalization
qm9_cn_subset:20900,20900,2478,smiles,CCN1C=NC(N)=N1,CCn1cnc(N)n1,rdkit_canonicalization
qm9_cn_subset:20905,20905,2479,smiles,CCN1N=CC(C)=N1,CCn1ncc(C)n1,rdkit_canonicalization
qm9_cn_subset:20906,20906,2480,smiles,CCN1N=CC(N)=N1,CCn1ncc(N)n1,rdkit_canonicalization
qm9_cn_subset:20908,20908,2481,smiles,CCN1N=CC=C1C,CCn1nccc1C,rdkit_canonicalization
qm9_cn_subset:20909,20909,2482,smiles,CCN1N=CC=C1N,CCn1nccc1N,rdkit_canonicalization
qm9_cn_subset:20911,20911,2483,smiles,CCN1N=CN=C1C,CCn1ncnc1C,rdkit_canonicalization
qm9_cn_subset:20912,20912,2484,smiles,CCN1N=CN=C1N,CCn1ncnc1N,rdkit_canonicalization
qm9_cn_subset:20917,20917,2485,smiles,CCN1N=NC(C)=N1,CCn1nnc(C)n1,rdkit_canonicalization
qm9_cn_subset:20918,20918,2486,smiles,CCN1N=NC(N)=N1,CCn1nnc(N)n1,rdkit_canonicalization
qm9_cn_subset:20920,20920,2487,smiles,CCN1N=NC=C1C,CCn1nncc1C,rdkit_canonicalization
qm9_cn_subset:20921,20921,2488,smiles,CCN1N=NC=C1N,CCn1nncc1N,rdkit_canonicalization
qm9_cn_subset:20923,20923,2489,smiles,CCN1N=NNC1=N,CCn1nn[nH]c1=N,rdkit_canonicalization
qm9_cn_subset:20928,20928,2490,smiles,CCN=C1NN=NN1,CCN=c1[nH]nn[nH]1,rdkit_canonicalization
qm9_cn_subset:20931,20931,2491,smiles,CCNC1=CC=NN1,CCNc1ccn[nH]1,rdkit_canonicalization
qm9_cn_subset:20933,20933,2492,smiles,CCNC1=CN=NN1,CCNc1cnn[nH]1,rdkit_canonicalization
qm9_cn_subset:20935,20935,2493,smiles,CCNC1=CNN=C1,CCNc1cn[nH]c1,rdkit_canonicalization
qm9_cn_subset:20936,20936,2494,smiles,CCNC1=CNN=N1,CCNc1c[nH]nn1,rdkit_canonicalization
qm9_cn_subset:20939,20939,2495,smiles,CCNC1=NC=NN1,CCNc1ncn[nH]1,rdkit_canonicalization
qm9_cn_subset:20941,20941,2496,smiles,CCNC1=NNC=C1,CCNc1cc[nH]n1,rdkit_canonicalization
qm9_cn_subset:20942,20942,2497,smiles,CCNC1=NNC=N1,CCNc1nc[nH]n1,rdkit_canonicalization
qm9_cn_subset:20943,20943,2498,smiles,CCNC1=NNN=C1,CCNc1cn[nH]n1,rdkit_canonicalization
qm9_cn_subset:20944,20944,2499,smiles,CCNC1=NNN=N1,CCNc1nn[nH]n1,rdkit_canonicalization
qm9_cn_subset:20965,20965,2500,smiles,CN(C)C1=CC=NN1,CN(C)c1ccn[nH]1,rdkit_canonicalization
qm9_cn_subset:20967,20967,2501,smiles,CN(C)C1=CN=NN1,CN(C)c1cnn[nH]1,rdkit_canonicalization
qm9_cn_subset:20969,20969,2502,smiles,CN(C)C1=CNN=C1,CN(C)c1cn[nH]c1,rdkit_canonicalization
qm9_cn_subset:20970,20970,2503,smiles,CN(C)C1=CNN=N1,CN(C)c1c[nH]nn1,rdkit_canonicalization
qm9_cn_subset:20973,20973,2504,smiles,CN(C)C1=NC=NN1,CN(C)c1ncn[nH]1,rdkit_canonicalization
qm9_cn_subset:20975,20975,2505,smiles,CN(C)C1=NNC=C1,CN(C)c1cc[nH]n1,rdkit_canonicalization
qm9_cn_subset:20976,20976,2506,smiles,CN(C)C1=NNC=N1,CN(C)c1nc[nH]n1,rdkit_canonicalization
qm9_cn_subset:20977,20977,2507,smiles,CN(C)C1=NNN=C1,CN(C)c1cn[nH]n1,rdkit_canonicalization
qm9_cn_subset:20978,20978,2508,smiles,CN(C)C1=NNN=N1,CN(C)c1nn[nH]n1,rdkit_canonicalization
qm9_cn_subset:20992,20992,2509,smiles,CN1C(C)=NN=C1C,Cc1nnc(C)n1C,rdkit_canonicalization
qm9_cn_subset:20993,20993,2510,smiles,CN1C(N)=NN=C1N,Cn1c(N)nnc1N,rdkit_canonicalization
qm9_cn_subset:20995,20995,2511,smiles,CN1C=C(C)C(C)=N1,Cc1cn(C)nc1C,rdkit_canonicalization
qm9_cn_subset:20996,20996,2512,smiles,CN1C=C(C)C(N)=N1,Cc1cn(C)nc1N,rdkit_canonicalization
qm9_cn_subset:20998,20998,2513,smiles,CN1C=C(C=N1)C#C,C#Cc1cnn(C)c1,rdkit_canonicalization
qm9_cn_subset:20999,20999,2514,smiles,CN1C=C(C=N1)C#N,Cn1cc(C#N)cn1,rdkit_canonicalization
qm9_cn_subset:21004,21004,2515,smiles,CN1C=C(N)C(C)=N1,Cc1nn(C)cc1N,rdkit_canonicalization
qm9_cn_subset:21005,21005,2516,smiles,CN1C=C(N)C(N)=N1,Cn1cc(N)c(N)n1,rdkit_canonicalization
qm9_cn_subset:21007,21007,2517,smiles,CN1C=C(N=N1)C#C,C#Cc1cn(C)nn1,rdkit_canonicalization
qm9_cn_subset:21008,21008,2518,smiles,CN1C=C(N=N1)C#N,Cn1cc(C#N)nn1,rdkit_canonicalization
qm9_cn_subset:21010,21010,2519,smiles,CN1C=CC(=N)N=N1,Cn1ccc(=N)nn1,rdkit_canonicalization
qm9_cn_subset:21011,21011,2520,smiles,CN1C=CC(=N1)C#C,C#Cc1ccn(C)n1,rdkit_canonicalization
qm9_cn_subset:21012,21012,2521,smiles,CN1C=CC(=N1)C#N,Cn1ccc(C#N)n1,rdkit_canonicalization
qm9_cn_subset:21017,21017,2522,smiles,CN1C=NC(=N)C=N1,Cn1cnc(=N)cn1,rdkit_canonicalization
qm9_cn_subset:21018,21018,2523,smiles,CN1C=NC(=N)N=N1,Cn1cnc(=N)nn1,rdkit_canonicalization
qm9_cn_subset:21019,21019,2524,smiles,CN1C=NC(=N1)C#C,C#Cc1ncn(C)n1,rdkit_canonicalization
qm9_cn_subset:21020,21020,2525,smiles,CN1C=NC(=N1)C#N,Cn1cnc(C#N)n1,rdkit_canonicalization
qm9_cn_subset:21026,21026,2526,smiles,CN1N=C(C)C(C)=N1,Cc1nn(C)nc1C,rdkit_canonicalization
qm9_cn_subset:21027,21027,2527,smiles,CN1N=C(C)C(N)=N1,Cc1nn(C)nc1N,rdkit_canonicalization
qm9_cn_subset:21029,21029,2528,smiles,CN1N=C(C)C=C1C,Cc1cc(C)n(C)n1,rdkit_canonicalization
qm9_cn_subset:21030,21030,2529,smiles,CN1N=C(C)C=C1N,Cc1cc(N)n(C)n1,rdkit_canonicalization
qm9_cn_subset:21032,21032,2530,smiles,CN1N=C(C)N=C1C,Cc1nc(C)n(C)n1,rdkit_canonicalization
qm9_cn_subset:21033,21033,2531,smiles,CN1N=C(C)N=C1N,Cc1nc(N)n(C)n1,rdkit_canonicalization
qm9_cn_subset:21038,21038,2532,smiles,CN1N=C(N)C(N)=N1,Cn1nc(N)c(N)n1,rdkit_canonicalization
qm9_cn_subset:21040,21040,2533,smiles,CN1N=C(N)C=C1C,Cc1cc(N)nn1C,rdkit_canonicalization
qm9_cn_subset:21041,21041,2534,smiles,CN1N=C(N)C=C1N,Cn1nc(N)cc1N,rdkit_canonicalization
qm9_cn_subset:21043,21043,2535,smiles,CN1N=C(N)N=C1C,Cc1nc(N)nn1C,rdkit_canonicalization
qm9_cn_subset:21044,21044,2536,smiles,CN1N=C(N)N=C1N,Cn1nc(N)nc1N,rdkit_canonicalization
qm9_cn_subset:21060,21060,2537,smiles,CN1N=CC(=N)C=N1,Cn1ncc(=N)cn1,rdkit_canonicalization
qm9_cn_subset:21061,21061,2538,smiles,CN1N=CC(=N)N=N1,Cn1ncc(=N)nn1,rdkit_canonicalization
qm9_cn_subset:21062,21062,2539,smiles,CN1N=CC(=N1)C#C,C#Cc1cnn(C)n1,rdkit_canonicalization
qm9_cn_subset:21063,21063,2540,smiles,CN1N=CC(=N1)C#N,Cn1ncc(C#N)n1,rdkit_canonicalization
qm9_cn_subset:21066,21066,2541,smiles,CN1N=CC(C)=C1C,Cc1cnn(C)c1C,rdkit_canonicalization
qm9_cn_subset:21067,21067,2542,smiles,CN1N=CC(C)=C1N,Cc1cnn(C)c1N,rdkit_canonicalization
qm9_cn_subset:21071,21071,2543,smiles,CN1N=CC(N)=C1C,Cc1c(N)cnn1C,rdkit_canonicalization
qm9_cn_subset:21072,21072,2544,smiles,CN1N=CC(N)=C1N,Cn1ncc(N)c1N,rdkit_canonicalization
qm9_cn_subset:21077,21077,2545,smiles,CN1N=CC=C1C#C,C#Cc1ccnn1C,rdkit_canonicalization
qm9_cn_subset:21078,21078,2546,smiles,CN1N=CC=C1C#N,Cn1nccc1C#N,rdkit_canonicalization
qm9_cn_subset:21081,21081,2547,smiles,CN1N=CC=CC1=N,Cn1ncccc1=N,rdkit_canonicalization
qm9_cn_subset:21083,21083,2548,smiles,CN1N=CC=NC1=N,Cn1nccnc1=N,rdkit_canonicalization
qm9_cn_subset:21085,21085,2549,smiles,CN1N=CN=C1C#C,C#Cc1ncnn1C,rdkit_canonicalization
qm9_cn_subset:21086,21086,2550,smiles,CN1N=CN=C1C#N,Cn1ncnc1C#N,rdkit_canonicalization
qm9_cn_subset:21089,21089,2551,smiles,CN1N=CN=CC1=N,Cn1ncncc1=N,rdkit_canonicalization
qm9_cn_subset:21091,21091,2552,smiles,CN1N=NC(=N)N=N1,Cn1nnc(=N)nn1,rdkit_canonicalization
qm9_cn_subset:21092,21092,2553,smiles,CN1N=NC(=N1)C#C,C#Cc1nnn(C)n1,rdkit_canonicalization
qm9_cn_subset:21093,21093,2554,smiles,CN1N=NC(=N1)C#N,Cn1nnc(C#N)n1,rdkit_canonicalization
qm9_cn_subset:21095,21095,2555,smiles,CN1N=NC(C)=C1C,Cc1nnn(C)c1C,rdkit_canonicalization
qm9_cn_subset:21096,21096,2556,smiles,CN1N=NC(C)=C1N,Cc1nnn(C)c1N,rdkit_canonicalization
qm9_cn_subset:21100,21100,2557,smiles,CN1N=NC(N)=C1C,Cc1c(N)nnn1C,rdkit_canonicalization
qm9_cn_subset:21101,21101,2558,smiles,CN1N=NC(N)=C1N,Cn1nnc(N)c1N,rdkit_canonicalization
qm9_cn_subset:21106,21106,2559,smiles,CN1N=NC=C1C#C,C#Cc1cnnn1C,rdkit_canonicalization
qm9_cn_subset:21107,21107,2560,smiles,CN1N=NC=C1C#N,Cn1nncc1C#N,rdkit_canonicalization
qm9_cn_subset:21110,21110,2561,smiles,CN1N=NC=CC1=N,Cn1nnccc1=N,rdkit_canonicalization
qm9_cn_subset:21112,21112,2562,smiles,CN1N=NC=NC1=N,Cn1nncnc1=N,rdkit_canonicalization
qm9_cn_subset:21114,21114,2563,smiles,CN1N=NN(C)C1=N,Cn1nnn(C)c1=N,rdkit_canonicalization
qm9_cn_subset:21116,21116,2564,smiles,CN=C1C=CNN=C1,CN=c1cc[nH]nc1,rdkit_canonicalization
qm9_cn_subset:21117,21117,2565,smiles,CN=C1C=CNN=N1,CN=c1cc[nH]nn1,rdkit_canonicalization
qm9_cn_subset:21120,21120,2566,smiles,CN=C1C=NNC=N1,CN=c1cn[nH]cn1,rdkit_canonicalization
qm9_cn_subset:21121,21121,2567,smiles,CN=C1C=NNN=C1,CN=c1cn[nH]nc1,rdkit_canonicalization
qm9_cn_subset:21122,21122,2568,smiles,CN=C1C=NNN=N1,CN=c1cn[nH]nn1,rdkit_canonicalization
qm9_cn_subset:21126,21126,2569,smiles,CN=C1N=CNN=N1,CN=c1nc[nH]nn1,rdkit_canonicalization
qm9_cn_subset:21128,21128,2570,smiles,CN=C1N=NNN=N1,CN=c1nn[nH]nn1,rdkit_canonicalization
qm9_cn_subset:21133,21133,2571,smiles,CN=C1NN=CC=C1,CN=c1cccn[nH]1,rdkit_canonicalization
qm9_cn_subset:21134,21134,2572,smiles,CN=C1NN=CC=N1,CN=c1nccn[nH]1,rdkit_canonicalization
qm9_cn_subset:21135,21135,2573,smiles,CN=C1NN=CN=C1,CN=c1cncn[nH]1,rdkit_canonicalization
qm9_cn_subset:21136,21136,2574,smiles,CN=C1NN=NC=C1,CN=c1ccnn[nH]1,rdkit_canonicalization
qm9_cn_subset:21137,21137,2575,smiles,CN=C1NN=NC=N1,CN=c1ncnn[nH]1,rdkit_canonicalization
qm9_cn_subset:21138,21138,2576,smiles,CN=C1NN=NN1C,CN=c1[nH]nnn1C,rdkit_canonicalization
qm9_cn_subset:21150,21150,2577,smiles,CNC1=C(C)C=NN1,CNc1[nH]ncc1C,rdkit_canonicalization
qm9_cn_subset:21152,21152,2578,smiles,CNC1=C(C)N=NN1,CNc1[nH]nnc1C,rdkit_canonicalization
qm9_cn_subset:21154,21154,2579,smiles,CNC1=C(C)NN=C1,CNc1cn[nH]c1C,rdkit_canonicalization
qm9_cn_subset:21155,21155,2580,smiles,CNC1=C(C)NN=N1,CNc1nn[nH]c1C,rdkit_canonicalization
qm9_cn_subset:21158,21158,2581,smiles,CNC1=C(N)C=NN1,CNc1[nH]ncc1N,rdkit_canonicalization
qm9_cn_subset:21160,21160,2582,smiles,CNC1=C(N)N=NN1,CNc1[nH]nnc1N,rdkit_canonicalization
qm9_cn_subset:21162,21162,2583,smiles,CNC1=C(N)NN=C1,CNc1cn[nH]c1N,rdkit_canonicalization
qm9_cn_subset:21163,21163,2584,smiles,CNC1=C(N)NN=N1,CNc1nn[nH]c1N,rdkit_canonicalization
qm9_cn_subset:21171,21171,2585,smiles,CNC1=CC(C)=NN1,CNc1cc(C)n[nH]1,rdkit_canonicalization
qm9_cn_subset:21173,21173,2586,smiles,CNC1=CC(N)=NN1,CNc1cc(N)n[nH]1,rdkit_canonicalization
qm9_cn_subset:21177,21177,2587,smiles,CNC1=CC=NN1C,CNc1ccnn1C,rdkit_canonicalization
qm9_cn_subset:21178,21178,2588,smiles,CNC1=CN(C)N=C1,CNc1cnn(C)c1,rdkit_canonicalization
qm9_cn_subset:21179,21179,2589,smiles,CNC1=CN(C)N=N1,CNc1cn(C)nn1,rdkit_canonicalization
qm9_cn_subset:21180,21180,2590,smiles,CNC1=CN=CN=N1,CNc1cncnn1,rdkit_canonicalization
qm9_cn_subset:21181,21181,2591,smiles,CNC1=CN=NC=N1,CNc1cnncn1,rdkit_canonicalization
qm9_cn_subset:21182,21182,2592,smiles,CNC1=CN=NN1C,CNc1cnnn1C,rdkit_canonicalization
qm9_cn_subset:21183,21183,2593,smiles,CNC1=CN=NN=N1,CNc1cnnnn1,rdkit_canonicalization
qm9_cn_subset:21184,21184,2594,smiles,CNC1=CNN=C1C,CNc1c[nH]nc1C,rdkit_canonicalization
qm9_cn_subset:21185,21185,2595,smiles,CNC1=CNN=C1N,CNc1c[nH]nc1N,rdkit_canonicalization
qm9_cn_subset:21190,21190,2596,smiles,CNC1=NC(C)=NN1,CNc1nc(C)n[nH]1,rdkit_canonicalization
qm9_cn_subset:21192,21192,2597,smiles,CNC1=NC(N)=NN1,CNc1nc(N)n[nH]1,rdkit_canonicalization
qm9_cn_subset:21196,21196,2598,smiles,CNC1=NC=CN=N1,CNc1nccnn1,rdkit_canonicalization
qm9_cn_subset:21197,21197,2599,smiles,CNC1=NC=NN1C,CNc1ncnn1C,rdkit_canonicalization
qm9_cn_subset:21198,21198,2600,smiles,CNC1=NC=NN=N1,CNc1ncnnn1,rdkit_canonicalization
qm9_cn_subset:21199,21199,2601,smiles,CNC1=NN(C)C=C1,CNc1ccn(C)n1,rdkit_canonicalization
qm9_cn_subset:21200,21200,2602,smiles,CNC1=NN(C)C=N1,CNc1ncn(C)n1,rdkit_canonicalization
qm9_cn_subset:21201,21201,2603,smiles,CNC1=NN(C)N=C1,CNc1cnn(C)n1,rdkit_canonicalization
qm9_cn_subset:21202,21202,2604,smiles,CNC1=NN(C)N=N1,CNc1nnn(C)n1,rdkit_canonicalization
qm9_cn_subset:21205,21205,2605,smiles,CNC1=NNC(C)=C1,CNc1cc(C)[nH]n1,rdkit_canonicalization
qm9_cn_subset:21206,21206,2606,smiles,CNC1=NNC(C)=N1,CNc1n[nH]c(C)n1,rdkit_canonicalization
qm9_cn_subset:21207,21207,2607,smiles,CNC1=NNC(N)=C1,CNc1cc(N)[nH]n1,rdkit_canonicalization
qm9_cn_subset:21208,21208,2608,smiles,CNC1=NNC(N)=N1,CNc1n[nH]c(N)n1,rdkit_canonicalization
qm9_cn_subset:21211,21211,2609,smiles,CNC1=NNC=C1C,CNc1n[nH]cc1C,rdkit_canonicalization
qm9_cn_subset:21212,21212,2610,smiles,CNC1=NNC=C1N,CNc1n[nH]cc1N,rdkit_canonicalization
qm9_cn_subset:21213,21213,2611,smiles,CNC1=NNN=C1C,CNc1n[nH]nc1C,rdkit_canonicalization
qm9_cn_subset:21214,21214,2612,smiles,CNC1=NNN=C1N,CNc1n[nH]nc1N,rdkit_canonicalization
qm9_cn_subset:21229,21229,2613,smiles,CNCC1=NNC=N1,CNCc1nc[nH]n1,rdkit_canonicalization
qm9_cn_subset:21322,21322,2614,smiles,N#CC1=CN=CN=N1,N#Cc1cncnn1,rdkit_canonicalization
qm9_cn_subset:21323,21323,2615,smiles,N#CC1=CN=NC=N1,N#Cc1cnncn1,rdkit_canonicalization
qm9_cn_subset:21324,21324,2616,smiles,N#CC1=CN=NN=N1,N#Cc1cnnnn1,rdkit_canonicalization
qm9_cn_subset:21325,21325,2617,smiles,N#CC1=NC=CN=N1,N#Cc1nccnn1,rdkit_canonicalization
qm9_cn_subset:21326,21326,2618,smiles,N#CC1=NC=NN=N1,N#Cc1ncnnn1,rdkit_canonicalization
qm9_cn_subset:21327,21327,2619,smiles,N#CCC1=CC=NN1,N#CCc1ccn[nH]1,rdkit_canonicalization
qm9_cn_subset:21329,21329,2620,smiles,N#CCC1=CN=NN1,N#CCc1cnn[nH]1,rdkit_canonicalization
qm9_cn_subset:21331,21331,2621,smiles,N#CCC1=CNN=C1,N#CCc1cn[nH]c1,rdkit_canonicalization
qm9_cn_subset:21332,21332,2622,smiles,N#CCC1=CNN=N1,N#CCc1c[nH]nn1,rdkit_canonicalization
qm9_cn_subset:21335,21335,2623,smiles,N#CCC1=NC=NN1,N#CCc1ncn[nH]1,rdkit_canonicalization
qm9_cn_subset:21337,21337,2624,smiles,N#CCC1=NNC=C1,N#CCc1cc[nH]n1,rdkit_canonicalization
qm9_cn_subset:21342,21342,2625,smiles,N#CCN1C=CC=N1,N#CCn1cccn1,rdkit_canonicalization
qm9_cn_subset:21343,21343,2626,smiles,N#CCN1C=CN=N1,N#CCn1ccnn1,rdkit_canonicalization
qm9_cn_subset:21344,21344,2627,smiles,N#CCN1C=NC=N1,N#CCn1cncn1,rdkit_canonicalization
qm9_cn_subset:21345,21345,2628,smiles,N#CCN1C=NN=C1,N#CCn1cnnc1,rdkit_canonicalization
qm9_cn_subset:21346,21346,2629,smiles,N#CCN1C=NN=N1,N#CCn1cnnn1,rdkit_canonicalization
qm9_cn_subset:21347,21347,2630,smiles,N#CCN1N=CC=N1,N#CCn1nccn1,rdkit_canonicalization
qm9_cn_subset:21348,21348,2631,smiles,N#CCN1N=CN=N1,N#CCn1ncnn1,rdkit_canonicalization
qm9_cn_subset:21349,21349,2632,smiles,N#CCN1N=NN=N1,N#CCn1nnnn1,rdkit_canonicalization
qm9_cn_subset:21350,21350,2633,smiles,N1C=C2N=CNC2=N1,c1nc2c[nH]nc2[nH]1,rdkit_canonicalization
qm9_cn_subset:21351,21351,2634,smiles,N1C=C2N=NNC2=N1,c1[nH]nc2[nH]nnc12,rdkit_canonicalization
qm9_cn_subset:21353,21353,2635,smiles,N1C=C2NC=NC2=N1,c1nc2n[nH]cc2[nH]1,rdkit_canonicalization
qm9_cn_subset:21354,21354,2636,smiles,N1C=C2NN=NC2=C1,c1[nH]cc2[nH]nnc12,rdkit_canonicalization
qm9_cn_subset:21357,21357,2637,smiles,N1C=CC2=C1C=NN2,c1cc2[nH]ncc2[nH]1,rdkit_canonicalization
qm9_cn_subset:21359,21359,2638,smiles,N1C=CC2=C1N=NN2,c1cc2[nH]nnc2[nH]1,rdkit_canonicalization
qm9_cn_subset:21361,21361,2639,smiles,N1C=CC2=C1NN=C2,c1cc2cn[nH]c2[nH]1,rdkit_canonicalization
qm9_cn_subset:21362,21362,2640,smiles,N1C=CC2=C1NN=N2,c1cc2nn[nH]c2[nH]1,rdkit_canonicalization
qm9_cn_subset:21365,21365,2641,smiles,N1C=CN2C=NN=C12,c1cn2cnnc2[nH]1,rdkit_canonicalization
qm9_cn_subset:21366,21366,2642,smiles,N1C=CN2N=CN=C12,c1nc2[nH]ccn2n1,rdkit_canonicalization
qm9_cn_subset:21367,21367,2643,smiles,N1C=CN2N=NN=C12,c1cn2nnnc2[nH]1,rdkit_canonicalization
qm9_cn_subset:21368,21368,2644,smiles,N1C=NC2=C1C=NN2,c1nc2[nH]ncc2[nH]1,rdkit_canonicalization
qm9_cn_subset:21369,21369,2645,smiles,N1C=NC2=C1N=NN2,c1nc2[nH]nnc2[nH]1,rdkit_canonicalization
qm9_cn_subset:21371,21371,2646,smiles,N1C=NC2=C1NN=C2,c1nc2cn[nH]c2[nH]1,rdkit_canonicalization
qm9_cn_subset:21372,21372,2647,smiles,N1C=NC2=C1NN=N2,c1nc2nn[nH]c2[nH]1,rdkit_canonicalization
qm9_cn_subset:21374,21374,2648,smiles,N1C=NC2=NNN=C12,c1nc2n[nH]nc2[nH]1,rdkit_canonicalization
qm9_cn_subset:21377,21377,2649,smiles,N1C=NN2C=CN=C12,c1cn2nc[nH]c2n1,rdkit_canonicalization
qm9_cn_subset:21378,21378,2650,smiles,N1C=NN2C=NN=C12,c1nn2cnnc2[nH]1,rdkit_canonicalization
qm9_cn_subset:21379,21379,2651,smiles,N1C=NN2N=CN=C12,c1nc2[nH]cnn2n1,rdkit_canonicalization
qm9_cn_subset:21380,21380,2652,smiles,N1C=NN2N=NN=C12,c1nn2nnnc2[nH]1,rdkit_canonicalization
qm9_cn_subset:21383,21383,2653,smiles,N1N=CC2=C1C=NN2,c1n[nH]c2cn[nH]c12,rdkit_canonicalization
qm9_cn_subset:21387,21387,2654,smiles,N1N=CC2=C1NN=C2,c1n[nH]c2[nH]ncc12,rdkit_canonicalization
qm9_cn_subset:21388,21388,2655,smiles,N1N=CC2=C1NN=N2,c1n[nH]c2[nH]nnc12,rdkit_canonicalization
qm9_cn_subset:21390,21390,2656,smiles,N1N=CN2C=CN=C12,c1cn2cn[nH]c2n1,rdkit_canonicalization
qm9_cn_subset:21391,21391,2657,smiles,N1N=CN2C=NN=C12,c1nnc2[nH]ncn12,rdkit_canonicalization
qm9_cn_subset:21392,21392,2658,smiles,N1N=CN2N=CN=C12,c1nc2[nH]ncn2n1,rdkit_canonicalization
qm9_cn_subset:21393,21393,2659,smiles,N1N=CN2N=NN=C12,c1n[nH]c2nnnn12,rdkit_canonicalization
qm9_cn_subset:21394,21394,2660,smiles,N1N=NC2=C1NN=N2,n1nc2nn[nH]c2[nH]1,rdkit_canonicalization
qm9_cn_subset:21395,21395,2661,smiles,N1N=NN2C=CN=C12,c1cn2nn[nH]c2n1,rdkit_canonicalization
qm9_cn_subset:21396,21396,2662,smiles,N1N=NN2C=NN=C12,c1nnc2[nH]nnn12,rdkit_canonicalization
qm9_cn_subset:21397,21397,2663,smiles,N1N=NN2N=CN=C12,c1nc2[nH]nnn2n1,rdkit_canonicalization
qm9_cn_subset:21398,21398,2664,smiles,N=C1N=CN=NC=N1,N=c1ncnncn1,rdkit_canonicalization
qm9_cn_subset:21411,21411,2665,smiles,N=C1NC=NNC1=N,N=c1[nH]cn[nH]c1=N,rdkit_canonicalization
qm9_cn_subset:21415,21415,2666,smiles,N=C1NN=C(N1)C#N,N#Cc1n[nH]c(=N)[nH]1,rdkit_canonicalization
qm9_cn_subset:21420,21420,2667,smiles,N=C1NN=NC(=N)N1,N=c1nn[nH]c(=N)[nH]1,rdkit_canonicalization
qm9_cn_subset:21424,21424,2668,smiles,N=C1NN=NNC1=N,N=c1[nH]nn[nH]c1=N,rdkit_canonicalization
qm9_cn_subset:21448,21448,2669,smiles,N=CNC1=CNN=C1,N=CNc1cn[nH]c1,rdkit_canonicalization
qm9_cn_subset:21449,21449,2670,smiles,N=CNC1=CNN=N1,N=CNc1c[nH]nn1,rdkit_canonicalization
qm9_cn_subset:21452,21452,2671,smiles,N=CNC1=NC=NN1,N=CNc1ncn[nH]1,rdkit_canonicalization
qm9_cn_subset:21454,21454,2672,smiles,N=CNC1=NNC=C1,N=CNc1cc[nH]n1,rdkit_canonicalization
qm9_cn_subset:21455,21455,2673,smiles,N=CNC1=NNC=N1,N=CNc1nc[nH]n1,rdkit_canonicalization
qm9_cn_subset:21456,21456,2674,smiles,N=CNC1=NNN=C1,N=CNc1cn[nH]n1,rdkit_canonicalization
qm9_cn_subset:21457,21457,2675,smiles,N=CNC1=NNN=N1,N=CNc1nn[nH]n1,rdkit_canonicalization
qm9_cn_subset:21479,21479,2676,smiles,NC(=[NH2+])C1=CN=N[N-]1,NC(=[NH2+])c1cnn[n-]1,rdkit_canonicalization
qm9_cn_subset:21481,21481,2677,smiles,NC(=N)C1=CNN=N1,N=C(N)c1c[nH]nn1,rdkit_canonicalization
qm9_cn_subset:21484,21484,2678,smiles,NC(=[NH2+])C1=NC=N[N-]1,NC(=[NH2+])c1ncn[n-]1,rdkit_canonicalization
qm9_cn_subset:21486,21486,2679,smiles,NC(=N)C1=NNC=N1,N=C(N)c1nc[nH]n1,rdkit_canonicalization
qm9_cn_subset:21487,21487,2680,smiles,NC(=N)C1=NNN=C1,N=C(N)c1cn[nH]n1,rdkit_canonicalization
qm9_cn_subset:21488,21488,2681,smiles,NC(=N)C1=NNN=N1,N=C(N)c1nn[nH]n1,rdkit_canonicalization
qm9_cn_subset:21493,21493,2682,smiles,NC(=N)N1N=NN=N1,N=C(N)n1nnnn1,rdkit_canonicalization
qm9_cn_subset:21515,21515,2683,smiles,NC1=C(C=NN1)C#C,C#Cc1cn[nH]c1N,rdkit_canonicalization
qm9_cn_subset:21516,21516,2684,smiles,NC1=C(C=NN1)C#N,N#Cc1cn[nH]c1N,rdkit_canonicalization
qm9_cn_subset:21532,21532,2685,smiles,NC1=C(N=NN1)C#C,C#Cc1nn[nH]c1N,rdkit_canonicalization
qm9_cn_subset:21533,21533,2686,smiles,NC1=C(N=NN1)C#N,N#Cc1nn[nH]c1N,rdkit_canonicalization
qm9_cn_subset:21536,21536,2687,smiles,NC1=C(NN=C1)C#C,C#Cc1[nH]ncc1N,rdkit_canonicalization
qm9_cn_subset:21537,21537,2688,smiles,NC1=C(NN=C1)C#N,N#Cc1[nH]ncc1N,rdkit_canonicalization
qm9_cn_subset:21539,21539,2689,smiles,NC1=C(NN=N1)C#C,C#Cc1[nH]nnc1N,rdkit_canonicalization
qm9_cn_subset:21540,21540,2690,smiles,NC1=C(NN=N1)C#N,N#Cc1[nH]nnc1N,rdkit_canonicalization
qm9_cn_subset:21550,21550,2691,smiles,NC1=C2CCN2N=C1,Nc1cnn2c1CC2,rdkit_canonicalization
qm9_cn_subset:21551,21551,2692,smiles,NC1=C2CCN2N=N1,Nc1nnn2c1CC2,rdkit_canonicalization
qm9_cn_subset:21552,21552,2693,smiles,NC1=CC(=N)C=NN1,N=c1cn[nH]c(N)c1,rdkit_canonicalization
qm9_cn_subset:21554,21554,2694,smiles,NC1=CC(=N)N=NN1,N=c1cc(N)[nH]nn1,rdkit_canonicalization
qm9_cn_subset:21556,21556,2695,smiles,NC1=CC(=N)NN=C1,N=c1cc(N)cn[nH]1,rdkit_canonicalization
qm9_cn_subset:21557,21557,2696,smiles,NC1=CC(=N)NN=N1,N=c1cc(N)nn[nH]1,rdkit_canonicalization
qm9_cn_subset:21560,21560,2697,smiles,NC1=CC(=NN1)C#C,C#Cc1cc(N)[nH]n1,rdkit_canonicalization
qm9_cn_subset:21561,21561,2698,smiles,NC1=CC(=NN1)C#N,N#Cc1cc(N)[nH]n1,rdkit_canonicalization
qm9_cn_subset:21578,21578,2699,smiles,NC1=CC=NNC1=N,N=c1[nH]nccc1N,rdkit_canonicalization
qm9_cn_subset:21588,21588,2700,smiles,NC1=CN=NNC1=N,N=c1[nH]nncc1N,rdkit_canonicalization
qm9_cn_subset:21592,21592,2701,smiles,NC1=CNN=C1C#C,C#Cc1n[nH]cc1N,rdkit_canonicalization
qm9_cn_subset:21593,21593,2702,smiles,NC1=CNN=C1C#N,N#Cc1n[nH]cc1N,rdkit_canonicalization
qm9_cn_subset:21596,21596,2703,smiles,NC1=CNN=CC1=N,N=c1cn[nH]cc1N,rdkit_canonicalization
qm9_cn_subset:21598,21598,2704,smiles,NC1=CNN=NC1=N,N=c1nn[nH]cc1N,rdkit_canonicalization
qm9_cn_subset:21608,21608,2705,smiles,NC1=[NH+]C(=N)C=N[N-]1,N=c1cn[n-]c(N)[nH+]1,rdkit_canonicalization
qm9_cn_subset:21610,21610,2706,smiles,NC1=NC(=N)N=NN1,N=c1nn[nH]c(N)n1,rdkit_canonicalization
qm9_cn_subset:21612,21612,2707,smiles,NC1=NC(=N)NN=N1,N=c1nc(N)nn[nH]1,rdkit_canonicalization
qm9_cn_subset:21615,21615,2708,smiles,NC1=NC(=NN1)C#C,C#Cc1n[nH]c(N)n1,rdkit_canonicalization
qm9_cn_subset:21616,21616,2709,smiles,NC1=NC(=NN1)C#N,N#Cc1n[nH]c(N)n1,rdkit_canonicalization
qm9_cn_subset:21630,21630,2710,smiles,NC1=NC=NNC1=N,N=c1[nH]ncnc1N,rdkit_canonicalization
qm9_cn_subset:21638,21638,2711,smiles,NC1=NN2CCC2=C1,Nc1cc2n(n1)CC2,rdkit_canonicalization
qm9_cn_subset:21639,21639,2712,smiles,NC1=NN2CCC2=N1,Nc1nc2n(n1)CC2,rdkit_canonicalization
qm9_cn_subset:21640,21640,2713,smiles,NC1=NN=C(N)C=C1,Nc1ccc(N)nn1,rdkit_canonicalization
qm9_cn_subset:21642,21642,2714,smiles,NC1=NNC(=C1)C#C,C#Cc1cc(N)n[nH]1,rdkit_canonicalization
qm9_cn_subset:21643,21643,2715,smiles,NC1=NNC(=C1)C#N,N#Cc1cc(N)n[nH]1,rdkit_canonicalization
qm9_cn_subset:21644,21644,2716,smiles,NC1=NNC(=N)C=N1,N=c1cnc(N)n[nH]1,rdkit_canonicalization
qm9_cn_subset:21645,21645,2717,smiles,NC1=NNC(=N)N=C1,N=c1ncc(N)n[nH]1,rdkit_canonicalization
qm9_cn_subset:21646,21646,2718,smiles,NC1=NNC(=N1)C#C,C#Cc1nc(N)n[nH]1,rdkit_canonicalization
qm9_cn_subset:21647,21647,2719,smiles,NC1=NNC(=N1)C#N,N#Cc1nc(N)n[nH]1,rdkit_canonicalization
qm9_cn_subset:21655,21655,2720,smiles,NC1=NNC(N)=C1N,Nc1n[nH]c(N)c1N,rdkit_canonicalization
qm9_cn_subset:21658,21658,2721,smiles,NC1=NNC=C1C#C,C#Cc1c[nH]nc1N,rdkit_canonicalization
qm9_cn_subset:21659,21659,2722,smiles,NC1=NNC=C1C#N,N#Cc1c[nH]nc1N,rdkit_canonicalization
qm9_cn_subset:21662,21662,2723,smiles,NC1=NNC=CC1=N,N=c1cc[nH]nc1N,rdkit_canonicalization
qm9_cn_subset:21664,21664,2724,smiles,NC1=NNC=NC1=N,N=c1nc[nH]nc1N,rdkit_canonicalization
qm9_cn_subset:21665,21665,2725,smiles,NC1=NNN=C1C#C,C#Cc1n[nH]nc1N,rdkit_canonicalization
qm9_cn_subset:21666,21666,2726,smiles,NC1=NNN=C1C#N,N#Cc1n[nH]nc1N,rdkit_canonicalization
qm9_cn_subset:21669,21669,2727,smiles,NC1=NNN=CC1=N,N=c1cn[nH]nc1N,rdkit_canonicalization
qm9_cn_subset:21670,21670,2728,smiles,NC1=NNN=NC1=N,N=c1nn[nH]nc1N,rdkit_canonicalization
qm9_cn_subset:21703,21703,2729,smiles,NC=[NH+]C1=CN=N[N-]1,NC=[NH+]c1cnn[n-]1,rdkit_canonicalization
qm9_cn_subset:21705,21705,2730,smiles,NC=NC1=CNN=N1,NC=Nc1c[nH]nn1,rdkit_canonicalization
qm9_cn_subset:21706,21706,2731,smiles,NC=[NH+]C1=NC=N[N-]1,NC=[NH+]c1ncn[n-]1,rdkit_canonicalization
qm9_cn_subset:21708,21708,2732,smiles,NC=NC1=NNC=N1,NC=Nc1nc[nH]n1,rdkit_canonicalization
qm9_cn_subset:21709,21709,2733,smiles,NC=NC1=NNN=C1,NC=Nc1cn[nH]n1,rdkit_canonicalization
qm9_cn_subset:21710,21710,2734,smiles,NC=NC1=NNN=N1,NC=Nc1nn[nH]n1,rdkit_canonicalization
qm9_cn_subset:23928,23928,2735,smiles,C#CC#CC1=CC=CN1,C#CC#Cc1ccc[nH]1,rdkit_canonicalization
qm9_cn_subset:23930,23930,2736,smiles,C#CC#CC1=CN=CN1,C#CC#Cc1cnc[nH]1,rdkit_canonicalization
qm9_cn_subset:23932,23932,2737,smiles,C#CC#CC1=NC=CN1,C#CC#Cc1ncc[nH]1,rdkit_canonicalization
qm9_cn_subset:23934,23934,2738,smiles,N#CC#CC1=CC=CN1,N#CC#Cc1ccc[nH]1,rdkit_canonicalization
qm9_cn_subset:23936,23936,2739,smiles,N#CC#CC1=CN=CN1,N#CC#Cc1cnc[nH]1,rdkit_canonicalization
qm9_cn_subset:23938,23938,2740,smiles,N#CC#CC1=NC=CN1,N#CC#Cc1ncc[nH]1,rdkit_canonicalization
qm9_cn_subset:23940,23940,2741,smiles,C#CC#CC1=CNC=C1,C#CC#Cc1cc[nH]c1,rdkit_canonicalization
qm9_cn_subset:23941,23941,2742,smiles,C#CC#CC1=CNC=N1,C#CC#Cc1c[nH]cn1,rdkit_canonicalization
qm9_cn_subset:23944,23944,2743,smiles,N#CC#CC1=CNC=C1,N#CC#Cc1cc[nH]c1,rdkit_canonicalization
qm9_cn_subset:23945,23945,2744,smiles,N#CC#CC1=CNC=N1,N#CC#Cc1c[nH]cn1,rdkit_canonicalization
qm9_cn_subset:23948,23948,2745,smiles,C#CC1=C(C=CN1)C#C,C#Cc1cc[nH]c1C#C,rdkit_canonicalization
qm9_cn_subset:23949,23949,2746,smiles,C#CC1=C(C=CN1)C#N,C#Cc1[nH]ccc1C#N,rdkit_canonicalization
qm9_cn_subset:23952,23952,2747,smiles,C#CC1=C(N=CN1)C#C,C#Cc1nc[nH]c1C#C,rdkit_canonicalization
qm9_cn_subset:23953,23953,2748,smiles,C#CC1=C(N=CN1)C#N,C#Cc1[nH]cnc1C#N,rdkit_canonicalization
qm9_cn_subset:23956,23956,2749,smiles,C#CC1=C(NC=C1)C#N,C#Cc1cc[nH]c1C#N,rdkit_canonicalization
qm9_cn_subset:23957,23957,2750,smiles,C#CC1=C(NC=N1)C#N,C#Cc1nc[nH]c1C#N,rdkit_canonicalization
qm9_cn_subset:23960,23960,2751,smiles,N#CC1=C(C=CN1)C#N,N#Cc1cc[nH]c1C#N,rdkit_canonicalization
qm9_cn_subset:23962,23962,2752,smiles,N#CC1=C(N=CN1)C#N,N#Cc1nc[nH]c1C#N,rdkit_canonicalization
qm9_cn_subset:23964,23964,2753,smiles,C#CC1=C2CCN2C=C1,C#Cc1ccn2c1CC2,rdkit_canonicalization
qm9_cn_subset:23965,23965,2754,smiles,C#CC1=C2CCN2C=N1,C#Cc1ncn2c1CC2,rdkit_canonicalization
qm9_cn_subset:23966,23966,2755,smiles,N#CC1=C2CCN2C=C1,N#Cc1ccn2c1CC2,rdkit_canonicalization
qm9_cn_subset:23967,23967,2756,smiles,N#CC1=C2CCN2C=N1,N#Cc1ncn2c1CC2,rdkit_canonicalization
qm9_cn_subset:23968,23968,2757,smiles,C#CC1=CC(=CN1)C#C,C#Cc1c[nH]c(C#C)c1,rdkit_canonicalization
qm9_cn_subset:23969,23969,2758,smiles,C#CC1=CC(=CN1)C#N,C#Cc1cc(C#N)c[nH]1,rdkit_canonicalization
qm9_cn_subset:23972,23972,2759,smiles,C#CC1=CNC(=C1)C#N,C#Cc1c[nH]c(C#N)c1,rdkit_canonicalization
qm9_cn_subset:23973,23973,2760,smiles,C#CC1=CNC(=N1)C#N,C#Cc1c[nH]c(C#N)n1,rdkit_canonicalization
qm9_cn_subset:23976,23976,2761,smiles,C#CC1=NC(=CN1)C#C,C#Cc1c[nH]c(C#C)n1,rdkit_canonicalization
qm9_cn_subset:23977,23977,2762,smiles,C#CC1=NC(=CN1)C#N,C#Cc1nc(C#N)c[nH]1,rdkit_canonicalization
qm9_cn_subset:23980,23980,2763,smiles,N#CC1=CC(=CN1)C#N,N#Cc1c[nH]c(C#N)c1,rdkit_canonicalization
qm9_cn_subset:23983,23983,2764,smiles,C#CC1=CN2CCC2=C1,C#Cc1cc2n(c1)CC2,rdkit_canonicalization
qm9_cn_subset:23984,23984,2765,smiles,C#CC1=CN2CCC2=N1,C#Cc1cn2c(n1)CC2,rdkit_canonicalization
qm9_cn_subset:23985,23985,2766,smiles,N#CC1=CN2CCC2=C1,N#Cc1cc2n(c1)CC2,rdkit_canonicalization
qm9_cn_subset:23986,23986,2767,smiles,N#CC1=CN2CCC2=N1,N#Cc1cn2c(n1)CC2,rdkit_canonicalization
qm9_cn_subset:23987,23987,2768,smiles,C#CC1=CC=C(N1)C#C,C#Cc1ccc(C#C)[nH]1,rdkit_canonicalization
qm9_cn_subset:23988,23988,2769,smiles,C#CC1=CC=C(N1)C#N,C#Cc1ccc(C#N)[nH]1,rdkit_canonicalization
qm9_cn_subset:23991,23991,2770,smiles,C#CC1=CN=C(N1)C#C,C#Cc1cnc(C#C)[nH]1,rdkit_canonicalization
qm9_cn_subset:23992,23992,2771,smiles,C#CC1=CN=C(N1)C#N,C#Cc1cnc(C#N)[nH]1,rdkit_canonicalization
qm9_cn_subset:23995,23995,2772,smiles,C#CC1=NC=C(N1)C#N,C#Cc1ncc(C#N)[nH]1,rdkit_canonicalization
qm9_cn_subset:23997,23997,2773,smiles,N#CC1=CC=C(N1)C#N,N#Cc1ccc(C#N)[nH]1,rdkit_canonicalization
qm9_cn_subset:24000,24000,2774,smiles,C#CC1=CC=C2CCN12,C#Cc1ccc2n1CC2,rdkit_canonicalization
qm9_cn_subset:24001,24001,2775,smiles,C#CC1=CN=C2CCN12,C#Cc1cnc2n1CC2,rdkit_canonicalization
qm9_cn_subset:24002,24002,2776,smiles,C#CC1=NC=C2CCN12,C#Cc1ncc2n1CC2,rdkit_canonicalization
qm9_cn_subset:24003,24003,2777,smiles,N#CC1=CC=C2CCN12,N#Cc1ccc2n1CC2,rdkit_canonicalization
qm9_cn_subset:24004,24004,2778,smiles,N#CC1=CN=C2CCN12,N#Cc1cnc2n1CC2,rdkit_canonicalization
qm9_cn_subset:24005,24005,2779,smiles,N#CC1=NC=C2CCN12,N#Cc1ncc2n1CC2,rdkit_canonicalization
qm9_cn_subset:24006,24006,2780,smiles,C#CC1=CNC=C1C#C,C#Cc1c[nH]cc1C#C,rdkit_canonicalization
qm9_cn_subset:24007,24007,2781,smiles,C#CC1=CNC=C1C#N,C#Cc1c[nH]cc1C#N,rdkit_canonicalization
qm9_cn_subset:24010,24010,2782,smiles,N#CC1=CNC=C1C#N,N#Cc1c[nH]cc1C#N,rdkit_canonicalization
qm9_cn_subset:24012,24012,2783,smiles,C#CC1CC2=CC=CN12,C#CC1Cc2cccn21,rdkit_canonicalization
qm9_cn_subset:24013,24013,2784,smiles,C#CC1CC2=CN=CN12,C#CC1Cc2cncn21,rdkit_canonicalization
qm9_cn_subset:24014,24014,2785,smiles,C#CC1CC2=NC=CN12,C#CC1Cc2nccn21,rdkit_canonicalization
qm9_cn_subset:24015,24015,2786,smiles,N#CC1CC2=CC=CN12,N#CC1Cc2cccn21,rdkit_canonicalization
qm9_cn_subset:24016,24016,2787,smiles,N#CC1CC2=CN=CN12,N#CC1Cc2cncn21,rdkit_canonicalization
qm9_cn_subset:24017,24017,2788,smiles,N#CC1CC2=NC=CN12,N#CC1Cc2nccn21,rdkit_canonicalization
qm9_cn_subset:24018,24018,2789,smiles,C#CC1CN2C=CC=C12,C#CC1Cn2cccc21,rdkit_canonicalization
qm9_cn_subset:24019,24019,2790,smiles,C#CC1CN2C=CN=C12,C#CC1Cn2ccnc21,rdkit_canonicalization
qm9_cn_subset:24020,24020,2791,smiles,C#CC1CN2C=NC=C12,C#CC1Cn2cncc21,rdkit_canonicalization
qm9_cn_subset:24021,24021,2792,smiles,N#CC1CN2C=CC=C12,N#CC1Cn2cccc21,rdkit_canonicalization
qm9_cn_subset:24022,24022,2793,smiles,N#CC1CN2C=CN=C12,N#CC1Cn2ccnc21,rdkit_canonicalization
qm9_cn_subset:24023,24023,2794,smiles,N#CC1CN2C=NC=C12,N#CC1Cn2cncc21,rdkit_canonicalization
qm9_cn_subset:24025,24025,2795,smiles,C#CCC1=CC=NC=C1,C#CCc1ccncc1,rdkit_canonicalization
qm9_cn_subset:24026,24026,2796,smiles,C#CCC1=CN=CC=C1,C#CCc1cccnc1,rdkit_canonicalization
qm9_cn_subset:24027,24027,2797,smiles,C#CCC1=CN=CC=N1,C#CCc1cnccn1,rdkit_canonicalization
qm9_cn_subset:24028,24028,2798,smiles,C#CCC1=CN=CN=C1,C#CCc1cncnc1,rdkit_canonicalization
qm9_cn_subset:24029,24029,2799,smiles,C#CCC1=NC=CC=C1,C#CCc1ccccn1,rdkit_canonicalization
qm9_cn_subset:24030,24030,2800,smiles,C#CCC1=NC=CC=N1,C#CCc1ncccn1,rdkit_canonicalization
qm9_cn_subset:24031,24031,2801,smiles,C#CCC1=NC=CN=C1,C#CCc1cnccn1,rdkit_canonicalization
qm9_cn_subset:24032,24032,2802,smiles,C#CCC1=NC=NC=C1,C#CCc1ccncn1,rdkit_canonicalization
qm9_cn_subset:24033,24033,2803,smiles,C#CCC1=NC=NC=N1,C#CCc1ncncn1,rdkit_canonicalization
qm9_cn_subset:24034,24034,2804,smiles,N#CCC1=CC=CC=C1,N#CCc1ccccc1,rdkit_canonicalization
qm9_cn_subset:24035,24035,2805,smiles,N#CCC1=CC=NC=C1,N#CCc1ccncc1,rdkit_canonicalization
qm9_cn_subset:24036,24036,2806,smiles,N#CCC1=CN=CC=C1,N#CCc1cccnc1,rdkit_canonicalization
qm9_cn_subset:24037,24037,2807,smiles,N#CCC1=CN=CC=N1,N#CCc1cnccn1,rdkit_canonicalization
qm9_cn_subset:24038,24038,2808,smiles,N#CCC1=CN=CN=C1,N#CCc1cncnc1,rdkit_canonicalization
qm9_cn_subset:24039,24039,2809,smiles,N#CCC1=NC=CC=C1,N#CCc1ccccn1,rdkit_canonicalization
qm9_cn_subset:24040,24040,2810,smiles,N#CCC1=NC=CC=N1,N#CCc1ncccn1,rdkit_canonicalization
qm9_cn_subset:24041,24041,2811,smiles,N#CCC1=NC=CN=C1,N#CCc1cnccn1,rdkit_canonicalization
qm9_cn_subset:24042,24042,2812,smiles,N#CCC1=NC=NC=C1,N#CCc1ccncn1,rdkit_canonicalization
qm9_cn_subset:24043,24043,2813,smiles,N#CCC1=NC=NC=N1,N#CCc1ncncn1,rdkit_canonicalization
qm9_cn_subset:24046,24046,2814,smiles,N#CCN=C1NC=CN1,N#CCN=c1[nH]cc[nH]1,rdkit_canonicalization
qm9_cn_subset:24049,24049,2815,smiles,C#CCCC1=CC=CN1,C#CCCc1ccc[nH]1,rdkit_canonicalization
qm9_cn_subset:24051,24051,2816,smiles,C#CCCC1=CN=CN1,C#CCCc1cnc[nH]1,rdkit_canonicalization
qm9_cn_subset:24053,24053,2817,smiles,C#CCCC1=NC=CN1,C#CCCc1ncc[nH]1,rdkit_canonicalization
qm9_cn_subset:24055,24055,2818,smiles,C#CCNC1=CC=CN1,C#CCNc1ccc[nH]1,rdkit_canonicalization
qm9_cn_subset:24065,24065,2819,smiles,N#CCCC1=CC=CN1,N#CCCc1ccc[nH]1,rdkit_canonicalization
qm9_cn_subset:24067,24067,2820,smiles,N#CCCC1=CN=CN1,N#CCCc1cnc[nH]1,rdkit_canonicalization
qm9_cn_subset:24069,24069,2821,smiles,N#CCCC1=NC=CN1,N#CCCc1ncc[nH]1,rdkit_canonicalization
qm9_cn_subset:24071,24071,2822,smiles,N#CCNC1=CC=CN1,N#CCNc1ccc[nH]1,rdkit_canonicalization
qm9_cn_subset:24073,24073,2823,smiles,N#CCNC1=CN=CN1,N#CCNc1cnc[nH]1,rdkit_canonicalization
qm9_cn_subset:24075,24075,2824,smiles,N#CCNC1=NC=CN1,N#CCNc1ncc[nH]1,rdkit_canonicalization
qm9_cn_subset:24083,24083,2825,smiles,C#CCCC1=CNC=C1,C#CCCc1cc[nH]c1,rdkit_canonicalization
qm9_cn_subset:24084,24084,2826,smiles,C#CCCC1=CNC=N1,C#CCCc1c[nH]cn1,rdkit_canonicalization
qm9_cn_subset:24087,24087,2827,smiles,C#CCNC1=CNC=C1,C#CCNc1cc[nH]c1,rdkit_canonicalization
qm9_cn_subset:24088,24088,2828,smiles,C#CCNC1=CNC=N1,C#CCNc1c[nH]cn1,rdkit_canonicalization
qm9_cn_subset:24095,24095,2829,smiles,N#CCCC1=CNC=C1,N#CCCc1cc[nH]c1,rdkit_canonicalization
qm9_cn_subset:24096,24096,2830,smiles,N#CCCC1=CNC=N1,N#CCCc1c[nH]cn1,rdkit_canonicalization
qm9_cn_subset:24099,24099,2831,smiles,N#CCNC1=CNC=C1,N#CCNc1cc[nH]c1,rdkit_canonicalization
qm9_cn_subset:24100,24100,2832,smiles,N#CCNC1=CNC=N1,N#CCNc1c[nH]cn1,rdkit_canonicalization
qm9_cn_subset:24107,24107,2833,smiles,C#CCCN1C=CC=C1,C#CCCn1cccc1,rdkit_canonicalization
qm9_cn_subset:24108,24108,2834,smiles,C#CCCN1C=CN=C1,C#CCCn1ccnc1,rdkit_canonicalization
qm9_cn_subset:24109,24109,2835,smiles,N#CCCN1C=CC=C1,N#CCCn1cccc1,rdkit_canonicalization
qm9_cn_subset:24110,24110,2836,smiles,N#CCCN1C=CN=C1,N#CCCn1ccnc1,rdkit_canonicalization
qm9_cn_subset:24111,24111,2837,smiles,C(C1CC1)C1=CC=CN1,c1c[nH]c(CC2CC2)c1,rdkit_canonicalization
qm9_cn_subset:24113,24113,2838,smiles,C(C1CC1)C1=CN=CN1,c1ncc(CC2CC2)[nH]1,rdkit_canonicalization
qm9_cn_subset:24115,24115,2839,smiles,C(C1CC1)C1=NC=CN1,c1c[nH]c(CC2CC2)n1,rdkit_canonicalization
qm9_cn_subset:24118,24118,2840,smiles,C(C1CN1)C1=CN=CN1,c1ncc(CC2CN2)[nH]1,rdkit_canonicalization
qm9_cn_subset:24120,24120,2841,smiles,C(C1CN1)C1=NC=CN1,c1c[nH]c(CC2CN2)n1,rdkit_canonicalization
qm9_cn_subset:24128,24128,2842,smiles,C(N1CC1)C1=CC=CN1,c1c[nH]c(CN2CC2)c1,rdkit_canonicalization
qm9_cn_subset:24130,24130,2843,smiles,C(N1CC1)C1=CN=CN1,c1ncc(CN2CC2)[nH]1,rdkit_canonicalization
qm9_cn_subset:24132,24132,2844,smiles,C(N1CC1)C1=NC=CN1,c1c[nH]c(CN2CC2)n1,rdkit_canonicalization
qm9_cn_subset:24134,24134,2845,smiles,C1CC1NC1=CC=CN1,c1c[nH]c(NC2CC2)c1,rdkit_canonicalization
qm9_cn_subset:24144,24144,2846,smiles,C(C1CC1)C1=CNC=C1,c1cc(CC2CC2)c[nH]1,rdkit_canonicalization
qm9_cn_subset:24145,24145,2847,smiles,C(C1CC1)C1=CNC=N1,c1nc(CC2CC2)c[nH]1,rdkit_canonicalization
qm9_cn_subset:24148,24148,2848,smiles,C(C1CN1)C1=CNC=N1,c1nc(CC2CN2)c[nH]1,rdkit_canonicalization
qm9_cn_subset:24155,24155,2849,smiles,C(N1CC1)C1=CNC=C1,c1cc(CN2CC2)c[nH]1,rdkit_canonicalization
qm9_cn_subset:24156,24156,2850,smiles,C(N1CC1)C1=CNC=N1,c1nc(CN2CC2)c[nH]1,rdkit_canonicalization
qm9_cn_subset:24159,24159,2851,smiles,C1CC1NC1=CNC=C1,c1cc(NC2CC2)c[nH]1,rdkit_canonicalization
qm9_cn_subset:24160,24160,2852,smiles,C1CC1NC1=CNC=N1,c1nc(NC2CC2)c[nH]1,rdkit_canonicalization
qm9_cn_subset:24167,24167,2853,smiles,C(C1CC1)N1C=CC=C1,c1ccn(CC2CC2)c1,rdkit_canonicalization
qm9_cn_subset:24168,24168,2854,smiles,C(C1CC1)N1C=CN=C1,c1cn(CC2CC2)cn1,rdkit_canonicalization
qm9_cn_subset:24169,24169,2855,smiles,C(C1CN1)N1C=CN=C1,c1cn(CC2CN2)cn1,rdkit_canonicalization
qm9_cn_subset:24172,24172,2856,smiles,C1=CN2C=CC=CC2=C1,c1ccn2cccc2c1,rdkit_canonicalization
qm9_cn_subset:24173,24173,2857,smiles,C1=CN2C=CC=CC2=N1,c1ccn2ccnc2c1,rdkit_canonicalization
qm9_cn_subset:24174,24174,2858,smiles,C1=CN2C=CC=NC2=C1,c1cnc2cccn2c1,rdkit_canonicalization
qm9_cn_subset:24175,24175,2859,smiles,C1=CN2C=CC=NC2=N1,c1cnc2nccn2c1,rdkit_canonicalization
qm9_cn_subset:24176,24176,2860,smiles,C1=CN2C=CN=CC2=C1,c1cc2cnccn2c1,rdkit_canonicalization
qm9_cn_subset:24177,24177,2861,smiles,C1=CN2C=CN=CC2=N1,c1cn2ccnc2cn1,rdkit_canonicalization
qm9_cn_subset:24178,24178,2862,smiles,C1=CN2C=NC=CC2=C1,c1cc2ccncn2c1,rdkit_canonicalization
qm9_cn_subset:24179,24179,2863,smiles,C1=CN2C=NC=CC2=N1,c1cc2nccn2cn1,rdkit_canonicalization
qm9_cn_subset:24180,24180,2864,smiles,C1=CN2C=NC=NC2=C1,c1cc2ncncn2c1,rdkit_canonicalization
qm9_cn_subset:24181,24181,2865,smiles,C1=CN2C=NC=NC2=N1,c1cn2cncnc2n1,rdkit_canonicalization
qm9_cn_subset:24182,24182,2866,smiles,C1=NC=C2C=NC=CN12,c1cn2cncc2cn1,rdkit_canonicalization
qm9_cn_subset:24183,24183,2867,smiles,C1=NC=C2N=CC=CN12,c1cnc2cncn2c1,rdkit_canonicalization
qm9_cn_subset:24184,24184,2868,smiles,C1=NC=C2N=CN=CN12,c1ncn2cncc2n1,rdkit_canonicalization
qm9_cn_subset:24185,24185,2869,smiles,C1C2C=CC3=C2N1C=C3,C1=CC2Cn3ccc1c32,rdkit_canonicalization
qm9_cn_subset:24186,24186,2870,smiles,C1C2C=CC3=C2N1C=N3,C1=CC2Cn3cnc1c32,rdkit_canonicalization
qm9_cn_subset:24187,24187,2871,smiles,C1C2C=CC3=CC=C1N23,C1=CC2Cc3ccc1n32,rdkit_canonicalization
qm9_cn_subset:24188,24188,2872,smiles,C1C2C=CC3=CN=C1N23,C1=CC2Cc3ncc1n32,rdkit_canonicalization
qm9_cn_subset:24189,24189,2873,smiles,C1C2C=CC3=NC=C1N23,C1=CC2Cc3cnc1n32,rdkit_canonicalization
qm9_cn_subset:24190,24190,2874,smiles,C1C2CC1C1=C2NC=C1,c1cc2c([nH]1)C1CC2C1,rdkit_canonicalization
qm9_cn_subset:24191,24191,2875,smiles,C1C2CC1C1=C2NC=N1,c1nc2c([nH]1)C1CC2C1,rdkit_canonicalization
qm9_cn_subset:24194,24194,2876,smiles,C1C2CN1C1=C2C=CN1,c1cc2c([nH]1)N1CC2C1,rdkit_canonicalization
qm9_cn_subset:24197,24197,2877,smiles,C1C2CN1C1=C2NC=C1,c1cc2c([nH]1)C1CN2C1,rdkit_canonicalization
qm9_cn_subset:24198,24198,2878,smiles,C1C2CN1C1=C2NC=N1,c1nc2c([nH]1)C1CN2C1,rdkit_canonicalization
qm9_cn_subset:24201,24201,2879,smiles,C1C2NC1C1=C2NC=N1,c1nc2c([nH]1)C1CC2N1,rdkit_canonicalization
qm9_cn_subset:24208,24208,2880,smiles,C1C2CC1C1=CC=CN21,c1cc2n(c1)C1CC2C1,rdkit_canonicalization
qm9_cn_subset:24209,24209,2881,smiles,C1C2CC1C1=CN=CN21,c1ncn2c1C1CC2C1,rdkit_canonicalization
qm9_cn_subset:24210,24210,2882,smiles,C1C2CC1C1=NC=CN21,c1cn2c(n1)C1CC2C1,rdkit_canonicalization
qm9_cn_subset:24211,24211,2883,smiles,C1C2CN1C1=CC=CN21,c1cc2n(c1)C1CN2C1,rdkit_canonicalization
qm9_cn_subset:24212,24212,2884,smiles,C1C2CN1C1=NC=CN21,c1cn2c(n1)N1CC2C1,rdkit_canonicalization
qm9_cn_subset:24213,24213,2885,smiles,C1C2CC1C1=CNC=C21,c1[nH]cc2c1C1CC2C1,rdkit_canonicalization
qm9_cn_subset:24215,24215,2886,smiles,C1C2CN1C1=CNC=C21,c1[nH]cc2c1C1CN2C1,rdkit_canonicalization
qm9_cn_subset:24219,24219,2887,smiles,C1C2CC3=C(C=CN3)C12,c1cc2c([nH]1)CC1CC21,rdkit_canonicalization
qm9_cn_subset:24220,24220,2888,smiles,C1C2CC3=C(C=CN3)N12,c1cc2c([nH]1)CC1CN21,rdkit_canonicalization
qm9_cn_subset:24223,24223,2889,smiles,C1C2CC3=C(N=CN3)C12,c1nc2c([nH]1)CC1CC21,rdkit_canonicalization
qm9_cn_subset:24224,24224,2890,smiles,C1C2CC3=C(N=CN3)N12,c1nc2c([nH]1)CC1CN21,rdkit_canonicalization
qm9_cn_subset:24227,24227,2891,smiles,C1C2N1CC1=C2C=CN1,c1cc2c([nH]1)CN1CC21,rdkit_canonicalization
qm9_cn_subset:24229,24229,2892,smiles,C1C2N1CC1=C2N=CN1,c1nc2c([nH]1)CN1CC21,rdkit_canonicalization
qm9_cn_subset:24231,24231,2893,smiles,C1C2NC2C2=C1NC=C2,c1cc2c([nH]1)CC1NC21,rdkit_canonicalization
qm9_cn_subset:24232,24232,2894,smiles,C1C2NC2C2=C1NC=N2,c1nc2c([nH]1)CC1NC21,rdkit_canonicalization
qm9_cn_subset:24235,24235,2895,smiles,C1C2NC3=C(C=CN3)C12,c1cc2c([nH]1)NC1CC21,rdkit_canonicalization
qm9_cn_subset:24246,24246,2896,smiles,C1C2CC3=C(NC=C3)C12,c1cc2c([nH]1)C1CC1C2,rdkit_canonicalization
qm9_cn_subset:24247,24247,2897,smiles,C1C2CC3=C(NC=C3)N12,c1cc2c([nH]1)N1CC1C2,rdkit_canonicalization
qm9_cn_subset:24248,24248,2898,smiles,C1C2CC3=C(NC=N3)C12,c1nc2c([nH]1)C1CC1C2,rdkit_canonicalization
qm9_cn_subset:24253,24253,2899,smiles,C1C2N1CC1=C2NC=C1,c1cc2c([nH]1)C1CN1C2,rdkit_canonicalization
qm9_cn_subset:24254,24254,2900,smiles,C1C2N1CC1=C2NC=N1,c1nc2c([nH]1)C1CN1C2,rdkit_canonicalization
qm9_cn_subset:24257,24257,2901,smiles,C1C2NC2C2=C1C=CN2,c1cc2c([nH]1)C1NC1C2,rdkit_canonicalization
qm9_cn_subset:24259,24259,2902,smiles,C1C2NC2C2=C1N=CN2,c1nc2c([nH]1)C1NC1C2,rdkit_canonicalization
qm9_cn_subset:24261,24261,2903,smiles,C1C2NC3=C(NC=C3)C12,c1cc2c([nH]1)C1CC1N2,rdkit_canonicalization
qm9_cn_subset:24262,24262,2904,smiles,C1C2NC3=C(NC=N3)C12,c1nc2c([nH]1)C1CC1N2,rdkit_canonicalization
qm9_cn_subset:24273,24273,2905,smiles,C1C2CC3=CC=CN3C12,c1cc2n(c1)C1CC1C2,rdkit_canonicalization
qm9_cn_subset:24274,24274,2906,smiles,C1C2CC3=CN=CN3C12,c1ncn2c1CC1CC12,rdkit_canonicalization
qm9_cn_subset:24275,24275,2907,smiles,C1C2CC3=NC=CN3C12,c1cn2c(n1)CC1CC12,rdkit_canonicalization
qm9_cn_subset:24276,24276,2908,smiles,C1C2NC3=CC=CN3C12,c1cc2n(c1)C1CC1N2,rdkit_canonicalization
qm9_cn_subset:24280,24280,2909,smiles,C1C2CC3=CNC=C3C12,c1[nH]cc2c1CC1CC21,rdkit_canonicalization
qm9_cn_subset:24281,24281,2910,smiles,C1C2CC3=CNC=C3N12,c1[nH]cc2c1CC1CN21,rdkit_canonicalization
qm9_cn_subset:24285,24285,2911,smiles,C1C2NC2C2=CNC=C12,c1[nH]cc2c1CC1NC21,rdkit_canonicalization
qm9_cn_subset:24287,24287,2912,smiles,C1C2NC3=CNC=C3C12,c1[nH]cc2c1NC1CC21,rdkit_canonicalization
qm9_cn_subset:24293,24293,2913,smiles,C1C2CN3C=CC=C3C12,c1cc2n(c1)CC1CC21,rdkit_canonicalization
qm9_cn_subset:24294,24294,2914,smiles,C1C2CN3C=CC=C3N12,c1cc2n(c1)CC1CN21,rdkit_canonicalization
qm9_cn_subset:24295,24295,2915,smiles,C1C2CN3C=CN=C3C12,c1cn2c(n1)C1CC1C2,rdkit_canonicalization
qm9_cn_subset:24296,24296,2916,smiles,C1C2CN3C=CN=C3N12,c1cn2c(n1)N1CC1C2,rdkit_canonicalization
qm9_cn_subset:24297,24297,2917,smiles,C1C2CN3C=NC=C3C12,c1ncn2c1C1CC1C2,rdkit_canonicalization
qm9_cn_subset:24298,24298,2918,smiles,C1C2NC2C2=CC=CN12,c1cc2n(c1)CC1NC21,rdkit_canonicalization
qm9_cn_subset:24299,24299,2919,smiles,C1C2NC2C2=CN=CN12,c1ncn2c1C1NC1C2,rdkit_canonicalization
qm9_cn_subset:24300,24300,2920,smiles,C1C2NC2C2=NC=CN12,c1cn2c(n1)C1NC1C2,rdkit_canonicalization
qm9_cn_subset:24304,24304,2921,smiles,C1C2CCC3=C2N1C=C3,c1cn2c3c1CCC3C2,rdkit_canonicalization
qm9_cn_subset:24305,24305,2922,smiles,C1C2CCC3=C2N1C=N3,c1nc2c3n1CC3CC2,rdkit_canonicalization
qm9_cn_subset:24306,24306,2923,smiles,C1C2CNC3=C2N1C=C3,c1cn2c3c1NCC3C2,rdkit_canonicalization
qm9_cn_subset:24307,24307,2924,smiles,C1C2CNC3=C2N1C=N3,c1nc2c3n1CC3CN2,rdkit_canonicalization
qm9_cn_subset:24310,24310,2925,smiles,C1C2NCC3=C2N1C=N3,c1nc2c3n1CC3NC2,rdkit_canonicalization
qm9_cn_subset:24313,24313,2926,smiles,C1C2CCC3=CC=C1N23,c1cc2n3c1CCC3C2,rdkit_canonicalization
qm9_cn_subset:24314,24314,2927,smiles,C1C2CCC3=CN=C1N23,c1nc2n3c1CCC3C2,rdkit_canonicalization
qm9_cn_subset:24315,24315,2928,smiles,C1C2CCC3=NC=C1N23,c1nc2n3c1CC3CC2,rdkit_canonicalization
qm9_cn_subset:24316,24316,2929,smiles,C1C2CNC3=CC=C1N23,c1cc2n3c1CC3CN2,rdkit_canonicalization
qm9_cn_subset:24320,24320,2930,smiles,N1C=C2C=CC=CC2=C1,c1ccc2c[nH]cc2c1,rdkit_canonicalization
qm9_cn_subset:24321,24321,2931,smiles,N1C=C2C=CC=NC2=C1,c1cnc2c[nH]cc2c1,rdkit_canonicalization
qm9_cn_subset:24322,24322,2932,smiles,N1C=C2C=CN=CC2=C1,c1cc2c[nH]cc2cn1,rdkit_canonicalization
qm9_cn_subset:24323,24323,2933,smiles,N1C=C2C=NC=NC2=C1,c1ncc2c[nH]cc2n1,rdkit_canonicalization
qm9_cn_subset:24324,24324,2934,smiles,N1C=C2N=CC=NC2=C1,c1cnc2c[nH]cc2n1,rdkit_canonicalization
qm9_cn_subset:24330,24330,2935,smiles,C1C=CCC2=CNC=C12,C1=CCc2c[nH]cc2C1,rdkit_canonicalization
qm9_cn_subset:24332,24332,2936,smiles,C1N=CNC2=CNC=C12,C1=NCc2c[nH]cc2N1,rdkit_canonicalization
qm9_cn_subset:24336,24336,2937,smiles,C1CC2=CNC=C2C=C1,C1=Cc2c[nH]cc2CC1,rdkit_canonicalization
qm9_cn_subset:24338,24338,2938,smiles,C1NC2=CNC=C2C=C1,C1=Cc2c[nH]cc2NC1,rdkit_canonicalization
qm9_cn_subset:24346,24346,2939,smiles,C1CCC2=CNC=C2C1,c1[nH]cc2c1CCCC2,rdkit_canonicalization
qm9_cn_subset:24348,24348,2940,smiles,C1CNC2=CNC=C2C1,c1[nH]cc2c1CCCN2,rdkit_canonicalization
qm9_cn_subset:24349,24349,2941,smiles,C1CNC2=CNC=C2N1,c1[nH]cc2c1NCCN2,rdkit_canonicalization
qm9_cn_subset:24360,24360,2942,smiles,C1CC2=C(NC=C2)C=C1,C1=Cc2[nH]ccc2CC1,rdkit_canonicalization
qm9_cn_subset:24361,24361,2943,smiles,C1CC2=C(NC=N2)C=C1,C1=Cc2[nH]cnc2CC1,rdkit_canonicalization
qm9_cn_subset:24364,24364,2944,smiles,C1NC2=C(NC=C2)C=C1,C1=Cc2[nH]ccc2NC1,rdkit_canonicalization
qm9_cn_subset:24365,24365,2945,smiles,C1NC2=C(NC=N2)C=C1,C1=Cc2[nH]cnc2NC1,rdkit_canonicalization
qm9_cn_subset:24378,24378,2946,smiles,C1C=CCC2=C1NC=C2,C1=CCc2[nH]ccc2C1,rdkit_canonicalization
qm9_cn_subset:24379,24379,2947,smiles,C1C=CCC2=C1NC=N2,C1=CCc2[nH]cnc2C1,rdkit_canonicalization
qm9_cn_subset:24383,24383,2948,smiles,C1N=CNC2=C1N=CN2,C1=NCc2nc[nH]c2N1,rdkit_canonicalization
qm9_cn_subset:24385,24385,2949,smiles,C1N=CNC2=C1NC=C2,C1=NCc2[nH]ccc2N1,rdkit_canonicalization
qm9_cn_subset:24386,24386,2950,smiles,C1N=CNC2=C1NC=N2,C1=NCc2[nH]cnc2N1,rdkit_canonicalization
qm9_cn_subset:24397,24397,2951,smiles,C1CC2=C(C=C1)N=CN2,C1=Cc2nc[nH]c2CC1,rdkit_canonicalization
qm9_cn_subset:24399,24399,2952,smiles,C1CC2=C(C=CN2)C=C1,C1=Cc2cc[nH]c2CC1,rdkit_canonicalization
qm9_cn_subset:24402,24402,2953,smiles,C1NC2=C(C=CN2)C=C1,C1=Cc2cc[nH]c2NC1,rdkit_canonicalization
qm9_cn_subset:24404,24404,2954,smiles,C1NC=NC2=C1NC=N2,C1=Nc2nc[nH]c2CN1,rdkit_canonicalization
qm9_cn_subset:24421,24421,2955,smiles,C1CCC2=C(C1)NC=C2,c1cc2c([nH]1)CCCC2,rdkit_canonicalization
qm9_cn_subset:24422,24422,2956,smiles,C1CCC2=C(C1)NC=N2,c1nc2c([nH]1)CCCC2,rdkit_canonicalization
qm9_cn_subset:24425,24425,2957,smiles,C1CNC2=C(C1)C=CN2,c1cc2c([nH]1)NCCC2,rdkit_canonicalization
qm9_cn_subset:24428,24428,2958,smiles,C1CNC2=C(C1)NC=C2,c1cc2c([nH]1)CCCN2,rdkit_canonicalization
qm9_cn_subset:24429,24429,2959,smiles,C1CNC2=C(C1)NC=N2,c1nc2c([nH]1)CCCN2,rdkit_canonicalization
qm9_cn_subset:24434,24434,2960,smiles,C1CNC2=C(NC=C2)N1,c1cc2c([nH]1)NCCN2,rdkit_canonicalization
qm9_cn_subset:24435,24435,2961,smiles,C1CNC2=C(NC=N2)N1,c1nc2c([nH]1)NCCN2,rdkit_canonicalization
qm9_cn_subset:24464,24464,2962,smiles,N1C=CC2=CC=CC2=C1,c1cc2cc[nH]cc-2c1,rdkit_canonicalization
qm9_cn_subset:24465,24465,2963,smiles,N1C=CC2=CC=NC2=C1,c1cc2cc[nH]cc-2n1,rdkit_canonicalization
qm9_cn_subset:24466,24466,2964,smiles,N1C=CC2=CN=CC2=C1,c1cc2cncc-2c[nH]1,rdkit_canonicalization
qm9_cn_subset:24467,24467,2965,smiles,N1C=CC2=NC=CC2=C1,c1cc2c[nH]ccc-2n1,rdkit_canonicalization
qm9_cn_subset:24468,24468,2966,smiles,N1C=CC2=NC=NC2=C1,c1nc2cc[nH]cc-2n1,rdkit_canonicalization
qm9_cn_subset:24469,24469,2967,smiles,N1C=NC2=CC=CC2=C1,c1cc2c[nH]cnc-2c1,rdkit_canonicalization
qm9_cn_subset:24470,24470,2968,smiles,N1C=NC2=CC=NC2=C1,c1cc2nc[nH]cc-2n1,rdkit_canonicalization
qm9_cn_subset:24471,24471,2969,smiles,N1C=NC2=CN=CC2=C1,c1nc2cncc-2c[nH]1,rdkit_canonicalization
qm9_cn_subset:24472,24472,2970,smiles,N1C=NC2=NC=CC2=C1,c1cc2c[nH]cnc-2n1,rdkit_canonicalization
qm9_cn_subset:24473,24473,2971,smiles,N1C=NC2=NC=NC2=C1,c1nc2c[nH]cnc-2n1,rdkit_canonicalization
qm9_cn_subset:24485,24485,2972,smiles,C1C=CC2=CC=CN=C12,C1=Cc2cccnc2C1,rdkit_canonicalization
qm9_cn_subset:24486,24486,2973,smiles,C1C=CC2=CC=NC=C12,C1=Cc2ccncc2C1,rdkit_canonicalization
qm9_cn_subset:24487,24487,2974,smiles,C1C=CC2=CN=CC=C12,C1=Cc2cnccc2C1,rdkit_canonicalization
qm9_cn_subset:24488,24488,2975,smiles,C1C=CC2=CN=CN=C12,C1=Cc2cncnc2C1,rdkit_canonicalization
qm9_cn_subset:24489,24489,2976,smiles,C1C=CC2=NC=CC=C12,C1=Cc2ncccc2C1,rdkit_canonicalization
qm9_cn_subset:24490,24490,2977,smiles,C1C=CC2=NC=CN=C12,C1=Cc2nccnc2C1,rdkit_canonicalization
qm9_cn_subset:24491,24491,2978,smiles,C1C=CC2=NC=NC=C12,C1=Cc2ncncc2C1,rdkit_canonicalization
qm9_cn_subset:24492,24492,2979,smiles,N1C=CC2=C1C=CC=C2,c1ccc2[nH]ccc2c1,rdkit_canonicalization
qm9_cn_subset:24493,24493,2980,smiles,N1C=CC2=C1C=CC=N2,c1cnc2cc[nH]c2c1,rdkit_canonicalization
qm9_cn_subset:24494,24494,2981,smiles,N1C=CC2=C1C=NC=C2,c1cc2cc[nH]c2cn1,rdkit_canonicalization
qm9_cn_subset:24495,24495,2982,smiles,N1C=CC2=C1C=NC=N2,c1ncc2[nH]ccc2n1,rdkit_canonicalization
qm9_cn_subset:24496,24496,2983,smiles,N1C=CC2=C1N=CC=C2,c1cnc2[nH]ccc2c1,rdkit_canonicalization
qm9_cn_subset:24497,24497,2984,smiles,N1C=CC2=C1N=CC=N2,c1cnc2[nH]ccc2n1,rdkit_canonicalization
qm9_cn_subset:24498,24498,2985,smiles,N1C=CC2=C1N=CN=C2,c1ncc2cc[nH]c2n1,rdkit_canonicalization
qm9_cn_subset:24499,24499,2986,smiles,N1C=NC2=C1C=CC=C2,c1ccc2[nH]cnc2c1,rdkit_canonicalization
qm9_cn_subset:24500,24500,2987,smiles,N1C=NC2=C1C=CC=N2,c1cnc2nc[nH]c2c1,rdkit_canonicalization
qm9_cn_subset:24501,24501,2988,smiles,N1C=NC2=C1C=CN=C2,c1cc2[nH]cnc2cn1,rdkit_canonicalization
qm9_cn_subset:24502,24502,2989,smiles,N1C=NC2=C1C=NC=C2,c1cc2nc[nH]c2cn1,rdkit_canonicalization
qm9_cn_subset:24503,24503,2990,smiles,N1C=NC2=C1C=NC=N2,c1ncc2[nH]cnc2n1,rdkit_canonicalization
qm9_cn_subset:24504,24504,2991,smiles,N1C=NC2=C1N=CC=C2,c1cnc2[nH]cnc2c1,rdkit_canonicalization
qm9_cn_subset:24505,24505,2992,smiles,N1C=NC2=C1N=CC=N2,c1cnc2[nH]cnc2n1,rdkit_canonicalization
qm9_cn_subset:24506,24506,2993,smiles,N1C=NC2=C1N=CN=C2,c1ncc2nc[nH]c2n1,rdkit_canonicalization
qm9_cn_subset:24523,24523,2994,smiles,N1C=CC=C2C=CC=C12,c1c[nH]c2cccc-2c1,rdkit_canonicalization
qm9_cn_subset:24524,24524,2995,smiles,N1C=CC=C2C=CN=C12,c1c[nH]c2nccc-2c1,rdkit_canonicalization
qm9_cn_subset:24525,24525,2996,smiles,N1C=CC=C2C=NC=C12,c1c[nH]c2cncc-2c1,rdkit_canonicalization
qm9_cn_subset:24526,24526,2997,smiles,N1C=CC=C2N=CC=C12,c1c[nH]c2ccnc-2c1,rdkit_canonicalization
qm9_cn_subset:24527,24527,2998,smiles,N1C=CC=C2N=CN=C12,c1c[nH]c2ncnc-2c1,rdkit_canonicalization
qm9_cn_subset:24528,24528,2999,smiles,N1C=CN=C2C=CC=C12,c1cc2ncc[nH]c-2c1,rdkit_canonicalization
qm9_cn_subset:24529,24529,3000,smiles,N1C=CN=C2C=CN=C12,c1c[nH]c2nccc-2n1,rdkit_canonicalization
qm9_cn_subset:24530,24530,3001,smiles,N1C=CN=C2C=NC=C12,c1c[nH]c2cncc-2n1,rdkit_canonicalization
qm9_cn_subset:24531,24531,3002,smiles,N1C=CN=C2N=CC=C12,c1c[nH]c2ccnc-2n1,rdkit_canonicalization
qm9_cn_subset:24532,24532,3003,smiles,N1C=CN=C2N=CN=C12,c1c[nH]c2ncnc-2n1,rdkit_canonicalization
qm9_cn_subset:24533,24533,3004,smiles,N1C=NC=C2C=CC=C12,c1cc2cnc[nH]c-2c1,rdkit_canonicalization
qm9_cn_subset:24534,24534,3005,smiles,N1C=NC=C2C=CN=C12,c1cc2cnc[nH]c-2n1,rdkit_canonicalization
qm9_cn_subset:24535,24535,3006,smiles,N1C=NC=C2C=NC=C12,c1ncc2cncc-2[nH]1,rdkit_canonicalization
qm9_cn_subset:24536,24536,3007,smiles,N1C=NC=C2N=CC=C12,c1cc2[nH]cncc-2n1,rdkit_canonicalization
qm9_cn_subset:24537,24537,3008,smiles,N1C=NC=C2N=CN=C12,c1nc2cnc[nH]c-2n1,rdkit_canonicalization
qm9_cn_subset:24553,24553,3009,smiles,N1C=CC=CC=CC=C1,c1cccc[nH]ccc1,rdkit_canonicalization
qm9_cn_subset:24554,24554,3010,smiles,N1C=CC=CC=CN=C1,c1ccc[nH]cncc1,rdkit_canonicalization
qm9_cn_subset:24555,24555,3011,smiles,N1C=CC=CC=NC=C1,c1ccncc[nH]cc1,rdkit_canonicalization
qm9_cn_subset:24556,24556,3012,smiles,N1C=CC=CN=CC=C1,c1cc[nH]cccnc1,rdkit_canonicalization
qm9_cn_subset:24557,24557,3013,smiles,N1C=CC=CN=CN=C1,c1cc[nH]cncnc1,rdkit_canonicalization
qm9_cn_subset:24558,24558,3014,smiles,N1C=CC=NC=CN=C1,c1cnccnc[nH]c1,rdkit_canonicalization
qm9_cn_subset:24559,24559,3015,smiles,N1C=CC=NC=NC=C1,c1cncncc[nH]c1,rdkit_canonicalization
qm9_cn_subset:24560,24560,3016,smiles,N1C=CN=CC=CN=C1,c1cncc[nH]cnc1,rdkit_canonicalization
qm9_cn_subset:24561,24561,3017,smiles,N1C=CN=CC=NC=C1,c1cncc[nH]ccn1,rdkit_canonicalization
qm9_cn_subset:24562,24562,3018,smiles,N1C=CN=CN=CN=C1,c1c[nH]cncncn1,rdkit_canonicalization
qm9_cn_subset:24563,24563,3019,smiles,N1C=NC=CC=CN=C1,c1ccnc[nH]cnc1,rdkit_canonicalization
qm9_cn_subset:24564,24564,3020,smiles,N1C=NC=CN=CN=C1,c1cnc[nH]cncn1,rdkit_canonicalization
qm9_cn_subset:24577,24577,3021,smiles,C1C=CCC2=CC=CN12,C1=CCn2cccc2C1,rdkit_canonicalization
qm9_cn_subset:24578,24578,3022,smiles,C1C=CCC2=CN=CN12,C1=CCn2cncc2C1,rdkit_canonicalization
qm9_cn_subset:24579,24579,3023,smiles,C1C=CCC2=NC=CN12,C1=CCn2ccnc2C1,rdkit_canonicalization
qm9_cn_subset:24580,24580,3024,smiles,C1CC(C1)C1=CC=CN1,c1c[nH]c(C2CCC2)c1,rdkit_canonicalization
qm9_cn_subset:24582,24582,3025,smiles,C1CC(C1)C1=CN=CN1,c1ncc(C2CCC2)[nH]1,rdkit_canonicalization
qm9_cn_subset:24584,24584,3026,smiles,C1CC(C1)C1=NC=CN1,c1c[nH]c(C2CCC2)n1,rdkit_canonicalization
qm9_cn_subset:24592,24592,3027,smiles,C1CN(C1)C1=CC=CN1,c1c[nH]c(N2CCC2)c1,rdkit_canonicalization
qm9_cn_subset:24595,24595,3028,smiles,C1CN(C1)C1=NC=CN1,c1c[nH]c(N2CCC2)n1,rdkit_canonicalization
qm9_cn_subset:24603,24603,3029,smiles,C1CC(C1)C1=CNC=C1,c1cc(C2CCC2)c[nH]1,rdkit_canonicalization
qm9_cn_subset:24604,24604,3030,smiles,C1CC(C1)C1=CNC=N1,c1nc(C2CCC2)c[nH]1,rdkit_canonicalization
qm9_cn_subset:24611,24611,3031,smiles,C1CN(C1)C1=CNC=C1,c1cc(N2CCC2)c[nH]1,rdkit_canonicalization
qm9_cn_subset:24612,24612,3032,smiles,C1CN(C1)C1=CNC=N1,c1nc(N2CCC2)c[nH]1,rdkit_canonicalization
qm9_cn_subset:24619,24619,3033,smiles,C1CC(C1)N1C=CC=C1,c1ccn(C2CCC2)c1,rdkit_canonicalization
qm9_cn_subset:24620,24620,3034,smiles,C1CC(C1)N1C=CN=C1,c1cn(C2CCC2)cn1,rdkit_canonicalization
qm9_cn_subset:24623,24623,3035,smiles,C1CC11CC2=CC=CN12,c1cc2n(c1)C1(CC1)C2,rdkit_canonicalization
qm9_cn_subset:24624,24624,3036,smiles,C1CC11CC2=CN=CN12,c1ncn2c1CC21CC1,rdkit_canonicalization
qm9_cn_subset:24625,24625,3037,smiles,C1CC11CC2=NC=CN12,c1cn2c(n1)CC21CC1,rdkit_canonicalization
qm9_cn_subset:24626,24626,3038,smiles,C1CC11CN2C=CC=C12,c1cc2n(c1)CC21CC1,rdkit_canonicalization
qm9_cn_subset:24627,24627,3039,smiles,C1CC11CN2C=CN=C12,c1cn2c(n1)C1(CC1)C2,rdkit_canonicalization
qm9_cn_subset:24628,24628,3040,smiles,C1CC11CN2C=NC=C12,c1ncn2c1C1(CC1)C2,rdkit_canonicalization
qm9_cn_subset:24629,24629,3041,smiles,C1NC11CN2C=CC=C12,c1cc2n(c1)CC21CN1,rdkit_canonicalization
qm9_cn_subset:24630,24630,3042,smiles,C1NC11CN2C=CN=C12,c1cn2c(n1)C1(CN1)C2,rdkit_canonicalization
qm9_cn_subset:24631,24631,3043,smiles,C1NC11CN2C=NC=C12,c1ncn2c1C1(CN1)C2,rdkit_canonicalization
qm9_cn_subset:24636,24636,3044,smiles,C1CC1C1=CC=NC=C1,c1cc(C2CC2)ccn1,rdkit_canonicalization
qm9_cn_subset:24637,24637,3045,smiles,C1CC1C1=CN=CC=C1,c1cncc(C2CC2)c1,rdkit_canonicalization
qm9_cn_subset:24638,24638,3046,smiles,C1CC1C1=CN=CC=N1,c1cnc(C2CC2)cn1,rdkit_canonicalization
qm9_cn_subset:24639,24639,3047,smiles,C1CC1C1=CN=CN=C1,c1ncc(C2CC2)cn1,rdkit_canonicalization
qm9_cn_subset:24640,24640,3048,smiles,C1CC1C1=NC=CC=C1,c1ccc(C2CC2)nc1,rdkit_canonicalization
qm9_cn_subset:24641,24641,3049,smiles,C1CC1C1=NC=CC=N1,c1cnc(C2CC2)nc1,rdkit_canonicalization
qm9_cn_subset:24642,24642,3050,smiles,C1CC1C1=NC=CN=C1,c1cnc(C2CC2)cn1,rdkit_canonicalization
qm9_cn_subset:24643,24643,3051,smiles,C1CC1C1=NC=NC=C1,c1cc(C2CC2)ncn1,rdkit_canonicalization
qm9_cn_subset:24644,24644,3052,smiles,C1CC1C1=NC=NC=N1,c1ncnc(C2CC2)n1,rdkit_canonicalization
qm9_cn_subset:24645,24645,3053,smiles,C1CN1C1=CC=CC=C1,c1ccc(N2CC2)cc1,rdkit_canonicalization
qm9_cn_subset:24646,24646,3054,smiles,C1CN1C1=CN=CC=C1,c1cncc(N2CC2)c1,rdkit_canonicalization
qm9_cn_subset:24647,24647,3055,smiles,C1CN1C1=CN=CC=N1,c1cnc(N2CC2)cn1,rdkit_canonicalization
qm9_cn_subset:24648,24648,3056,smiles,C1CN1C1=CN=CN=C1,c1ncc(N2CC2)cn1,rdkit_canonicalization
qm9_cn_subset:24649,24649,3057,smiles,C1CN1C1=NC=CC=C1,c1ccc(N2CC2)nc1,rdkit_canonicalization
qm9_cn_subset:24650,24650,3058,smiles,C1CN1C1=NC=CC=N1,c1cnc(N2CC2)nc1,rdkit_canonicalization
qm9_cn_subset:24651,24651,3059,smiles,C1CN1C1=NC=CN=C1,c1cnc(N2CC2)cn1,rdkit_canonicalization
qm9_cn_subset:24652,24652,3060,smiles,C1CN1C1=NC=NC=C1,c1cc(N2CC2)ncn1,rdkit_canonicalization
qm9_cn_subset:24653,24653,3061,smiles,C1CN1C1=NC=NC=N1,c1ncnc(N2CC2)n1,rdkit_canonicalization
qm9_cn_subset:24654,24654,3062,smiles,C1NC1C1=CC=CC=C1,c1ccc(C2CN2)cc1,rdkit_canonicalization
qm9_cn_subset:24655,24655,3063,smiles,C1NC1C1=CC=NC=C1,c1cc(C2CN2)ccn1,rdkit_canonicalization
qm9_cn_subset:24656,24656,3064,smiles,C1NC1C1=CN=CC=C1,c1cncc(C2CN2)c1,rdkit_canonicalization
qm9_cn_subset:24657,24657,3065,smiles,C1NC1C1=CN=CC=N1,c1cnc(C2CN2)cn1,rdkit_canonicalization
qm9_cn_subset:24658,24658,3066,smiles,C1NC1C1=CN=CN=C1,c1ncc(C2CN2)cn1,rdkit_canonicalization
qm9_cn_subset:24659,24659,3067,smiles,C1NC1C1=NC=CC=C1,c1ccc(C2CN2)nc1,rdkit_canonicalization
qm9_cn_subset:24660,24660,3068,smiles,C1NC1C1=NC=CC=N1,c1cnc(C2CN2)nc1,rdkit_canonicalization
qm9_cn_subset:24661,24661,3069,smiles,C1NC1C1=NC=CN=C1,c1cnc(C2CN2)cn1,rdkit_canonicalization
qm9_cn_subset:24662,24662,3070,smiles,C1NC1C1=NC=NC=C1,c1cc(C2CN2)ncn1,rdkit_canonicalization
qm9_cn_subset:24663,24663,3071,smiles,C1NC1C1=NC=NC=N1,c1ncnc(C2CN2)n1,rdkit_canonicalization
qm9_cn_subset:24676,24676,3072,smiles,C1CC2=CC=CN2C=C1,C1=Cn2cccc2CC1,rdkit_canonicalization
qm9_cn_subset:24677,24677,3073,smiles,C1CC2=CN=CN2C=C1,C1=Cn2cncc2CC1,rdkit_canonicalization
qm9_cn_subset:24678,24678,3074,smiles,C1CC2=NC=CN2C=C1,C1=Cn2ccnc2CC1,rdkit_canonicalization
qm9_cn_subset:24679,24679,3075,smiles,C1NC2=CC=CN2C=C1,C1=Cn2cccc2NC1,rdkit_canonicalization
qm9_cn_subset:24684,24684,3076,smiles,C1CC2=CC=CC=C2N1,c1ccc2c(c1)CCN2,rdkit_canonicalization
qm9_cn_subset:24686,24686,3077,smiles,C1CC2=CC=CN=C2C1,c1cnc2c(c1)CCC2,rdkit_canonicalization
qm9_cn_subset:24687,24687,3078,smiles,C1CC2=CC=CN=C2N1,c1cnc2c(c1)CCN2,rdkit_canonicalization
qm9_cn_subset:24689,24689,3079,smiles,C1CC2=CC=NC=C2C1,c1cc2c(cn1)CCC2,rdkit_canonicalization
qm9_cn_subset:24690,24690,3080,smiles,C1CC2=CC=NC=C2N1,c1cc2c(cn1)NCC2,rdkit_canonicalization
qm9_cn_subset:24693,24693,3081,smiles,C1CC2=CN=CN=C2C1,c1ncc2c(n1)CCC2,rdkit_canonicalization
qm9_cn_subset:24694,24694,3082,smiles,C1CC2=CN=CN=C2N1,c1ncc2c(n1)NCC2,rdkit_canonicalization
qm9_cn_subset:24696,24696,3083,smiles,C1CC2=NC=CC=C2N1,c1cnc2c(c1)NCC2,rdkit_canonicalization
qm9_cn_subset:24698,24698,3084,smiles,C1CC2=NC=CN=C2C1,c1cnc2c(n1)CCC2,rdkit_canonicalization
qm9_cn_subset:24699,24699,3085,smiles,C1CC2=NC=CN=C2N1,c1cnc2c(n1)CCN2,rdkit_canonicalization
qm9_cn_subset:24701,24701,3086,smiles,C1CC2=NC=NC=C2N1,c1ncc2c(n1)CCN2,rdkit_canonicalization
qm9_cn_subset:24703,24703,3087,smiles,C1NCC2=NC=CN=C12,c1cnc2c(n1)CNC2,rdkit_canonicalization
qm9_cn_subset:24714,24714,3088,smiles,C1CC2C1N1C=CC=C21,c1cc2n(c1)C1CCC21,rdkit_canonicalization
qm9_cn_subset:24715,24715,3089,smiles,C1CC2C1N1C=CN=C21,c1cn2c(n1)C1CCC12,rdkit_canonicalization
qm9_cn_subset:24716,24716,3090,smiles,C1CC2C1N1C=NC=C21,c1ncn2c1C1CCC12,rdkit_canonicalization
qm9_cn_subset:24717,24717,3091,smiles,C1NC2C1N1C=CN=C21,c1cn2c(n1)C1NCC12,rdkit_canonicalization
qm9_cn_subset:24718,24718,3092,smiles,C1NC2C1N1C=NC=C21,c1ncn2c1C1NCC12,rdkit_canonicalization
qm9_cn_subset:24722,24722,3093,smiles,C1CN2C=CC=C2C=C1,C1=Cc2cccn2CC1,rdkit_canonicalization
qm9_cn_subset:24723,24723,3094,smiles,C1CN2C=CN=C2C=C1,C1=Cc2nccn2CC1,rdkit_canonicalization
qm9_cn_subset:24724,24724,3095,smiles,C1CN2C=NC=C2C=C1,C1=Cc2cncn2CC1,rdkit_canonicalization
qm9_cn_subset:24725,24725,3096,smiles,C1CCC2=CC=CN2C1,c1cc2n(c1)CCCC2,rdkit_canonicalization
qm9_cn_subset:24726,24726,3097,smiles,C1CCC2=CN=CN2C1,c1ncn2c1CCCC2,rdkit_canonicalization
qm9_cn_subset:24727,24727,3098,smiles,C1CCC2=NC=CN2C1,c1cn2c(n1)CCCC2,rdkit_canonicalization
qm9_cn_subset:24729,24729,3099,smiles,C1CN2C=CN=C2CN1,c1cn2c(n1)CNCC2,rdkit_canonicalization
qm9_cn_subset:24732,24732,3100,smiles,C1CNC2=CC=CN2C1,c1cc2n(c1)CCCN2,rdkit_canonicalization
qm9_cn_subset:24774,24774,3101,smiles,N=C1C=C2CCN2C=N1,N=c1cc2n(cn1)CC2,rdkit_canonicalization
qm9_cn_subset:24775,24775,3102,smiles,N=C1C=CN2CCC2=N1,N=c1ccn2c(n1)CC2,rdkit_canonicalization
qm9_cn_subset:24776,24776,3103,smiles,N=C1N=CN2CCC2=N1,N=c1ncn2c(n1)CC2,rdkit_canonicalization
qm9_cn_subset:24781,24781,3104,smiles,N=C1C=CN=C2CCN12,N=c1ccnc2n1CC2,rdkit_canonicalization
qm9_cn_subset:24782,24782,3105,smiles,N=C1N=CN=C2CCN12,N=c1ncnc2n1CC2,rdkit_canonicalization
qm9_cn_subset:24788,24788,3106,smiles,N=C1C=C(NC=N1)C#C,C#Cc1cc(=N)nc[nH]1,rdkit_canonicalization
qm9_cn_subset:24789,24789,3107,smiles,N=C1C=C(NC=N1)C#N,N#Cc1cc(=N)nc[nH]1,rdkit_canonicalization
qm9_cn_subset:24792,24792,3108,smiles,N=C1C=CNC(=N1)C#C,C#Cc1nc(=N)cc[nH]1,rdkit_canonicalization
qm9_cn_subset:24793,24793,3109,smiles,N=C1C=CNC(=N1)C#N,N#Cc1nc(=N)cc[nH]1,rdkit_canonicalization
qm9_cn_subset:24798,24798,3110,smiles,N=C1N=CNC(=N1)C#C,C#Cc1nc(=N)nc[nH]1,rdkit_canonicalization
qm9_cn_subset:24813,24813,3111,smiles,N=C1C=CNC=C1C#N,N#Cc1c[nH]ccc1=N,rdkit_canonicalization
qm9_cn_subset:24816,24816,3112,smiles,N=C1N=CNC=C1C#C,C#Cc1c[nH]cnc1=N,rdkit_canonicalization
qm9_cn_subset:24817,24817,3113,smiles,N=C1N=CNC=C1C#N,N#Cc1c[nH]cnc1=N,rdkit_canonicalization
qm9_cn_subset:24828,24828,3114,smiles,N=C1C=CNC=NC1=N,N=c1cc[nH]cnc1=N,rdkit_canonicalization
qm9_cn_subset:24835,24835,3115,smiles,N=C1N=CNC=NC1=N,N=c1nc[nH]cnc1=N,rdkit_canonicalization
qm9_cn_subset:24845,24845,3116,smiles,N=C1NC(=N)C=NC=C1,N=c1ccncc(=N)[nH]1,rdkit_canonicalization
qm9_cn_subset:24846,24846,3117,smiles,N=C1NC(=N)N=CC=N1,N=c1nccnc(=N)[nH]1,rdkit_canonicalization
qm9_cn_subset:24847,24847,3118,smiles,N=C1NC(=N)N=CN=C1,N=c1cncnc(=N)[nH]1,rdkit_canonicalization
qm9_cn_subset:24871,24871,3119,smiles,N=C1NC(=CC=N1)C#N,N#Cc1ccnc(=N)[nH]1,rdkit_canonicalization
qm9_cn_subset:24872,24872,3120,smiles,N=C1NC(=CN=C1)C#C,C#Cc1cncc(=N)[nH]1,rdkit_canonicalization
qm9_cn_subset:24873,24873,3121,smiles,N=C1NC(=CN=C1)C#N,N#Cc1cncc(=N)[nH]1,rdkit_canonicalization
qm9_cn_subset:24874,24874,3122,smiles,N=C1NC(=NC=C1)C#C,C#Cc1nccc(=N)[nH]1,rdkit_canonicalization
qm9_cn_subset:24875,24875,3123,smiles,N=C1NC(=NC=C1)C#N,N#Cc1nccc(=N)[nH]1,rdkit_canonicalization
qm9_cn_subset:24876,24876,3124,smiles,N=C1NC(=NC=N1)C#C,C#Cc1ncnc(=N)[nH]1,rdkit_canonicalization
qm9_cn_subset:24877,24877,3125,smiles,N=C1NC(=NC=N1)C#N,N#Cc1ncnc(=N)[nH]1,rdkit_canonicalization
qm9_cn_subset:24904,24904,3126,smiles,N=C1CC2=C(N1)N=CN2,N=C1Cc2[nH]cnc2N1,rdkit_canonicalization
qm9_cn_subset:25001,25001,3127,smiles,N=C1CN2C=CN=C2N1,N=C1Cn2ccnc2N1,rdkit_canonicalization
qm9_cn_subset:25041,25041,3128,smiles,N=C1NC=C(N=C1)C#C,C#Cc1c[nH]c(=N)cn1,rdkit_canonicalization
qm9_cn_subset:25042,25042,3129,smiles,N=C1NC=C(N=C1)C#N,N#Cc1c[nH]c(=N)cn1,rdkit_canonicalization
qm9_cn_subset:25101,25101,3130,smiles,N=C1NC=NC(=N)C=N1,N=c1cnc(=N)[nH]cn1,rdkit_canonicalization
qm9_cn_subset:25102,25102,3131,smiles,N=C1NC=NC(=N)N=C1,N=c1nc[nH]c(=N)cn1,rdkit_canonicalization
qm9_cn_subset:25128,25128,3132,smiles,N=C1NC=NC(=C1)C#C,C#Cc1cc(=N)[nH]cn1,rdkit_canonicalization
qm9_cn_subset:25129,25129,3133,smiles,N=C1NC=NC(=C1)C#N,N#Cc1cc(=N)[nH]cn1,rdkit_canonicalization
qm9_cn_subset:25130,25130,3134,smiles,N=C1NC=NC(=N1)C#C,C#Cc1nc[nH]c(=N)n1,rdkit_canonicalization
qm9_cn_subset:25131,25131,3135,smiles,N=C1NC=NC(=N1)C#N,N#Cc1nc[nH]c(=N)n1,rdkit_canonicalization
qm9_cn_subset:25164,25164,3136,smiles,N=C1NC=CN=C1C#N,N#Cc1ncc[nH]c1=N,rdkit_canonicalization
qm9_cn_subset:25165,25165,3137,smiles,N=C1NC=NC=C1C#C,C#Cc1cnc[nH]c1=N,rdkit_canonicalization
qm9_cn_subset:25166,25166,3138,smiles,N=C1NC=NC=C1C#N,N#Cc1cnc[nH]c1=N,rdkit_canonicalization
qm9_cn_subset:25195,25195,3139,smiles,N=C1NC=CC=NC1=N,N=c1nccc[nH]c1=N,rdkit_canonicalization
qm9_cn_subset:25198,25198,3140,smiles,N=C1NC=NC=CC1=N,N=c1ccnc[nH]c1=N,rdkit_canonicalization
qm9_cn_subset:25200,25200,3141,smiles,N=C1NC=NC=NC1=N,N=c1ncnc[nH]c1=N,rdkit_canonicalization
qm9_cn_subset:25222,25222,3142,smiles,N=C1NCC2=C1N=CN2,N=C1NCc2[nH]cnc21,rdkit_canonicalization
qm9_cn_subset:25477,25477,3143,smiles,N=CNC1=CN=CC=N1,N=CNc1cnccn1,rdkit_canonicalization
qm9_cn_subset:25478,25478,3144,smiles,N=CNC1=CN=CN=C1,N=CNc1cncnc1,rdkit_canonicalization
qm9_cn_subset:25479,25479,3145,smiles,N=CNC1=NC=CC=C1,N=CNc1ccccn1,rdkit_canonicalization
qm9_cn_subset:25480,25480,3146,smiles,N=CNC1=NC=CC=N1,N=CNc1ncccn1,rdkit_canonicalization
qm9_cn_subset:25481,25481,3147,smiles,N=CNC1=NC=CN=C1,N=CNc1cnccn1,rdkit_canonicalization
qm9_cn_subset:25482,25482,3148,smiles,N=CNC1=NC=NC=C1,N=CNc1ccncn1,rdkit_canonicalization
qm9_cn_subset:25483,25483,3149,smiles,N=CNC1=NC=NC=N1,N=CNc1ncncn1,rdkit_canonicalization
qm9_cn_subset:25618,25618,3150,smiles,CC#CC1=C(C)C=CN1,CC#Cc1[nH]ccc1C,rdkit_canonicalization
qm9_cn_subset:25620,25620,3151,smiles,CC#CC1=C(C)N=CN1,CC#Cc1[nH]cnc1C,rdkit_canonicalization
qm9_cn_subset:25622,25622,3152,smiles,CC#CC1=C(N)C=CN1,CC#Cc1[nH]ccc1N,rdkit_canonicalization
qm9_cn_subset:25624,25624,3153,smiles,CC#CC1=C(N)N=CN1,CC#Cc1[nH]cnc1N,rdkit_canonicalization
qm9_cn_subset:25629,25629,3154,smiles,CC#CC1=C(C)NC=C1,CC#Cc1cc[nH]c1C,rdkit_canonicalization
qm9_cn_subset:25630,25630,3155,smiles,CC#CC1=C(C)NC=N1,CC#Cc1nc[nH]c1C,rdkit_canonicalization
qm9_cn_subset:25633,25633,3156,smiles,CC#CC1=C(N)NC=C1,CC#Cc1cc[nH]c1N,rdkit_canonicalization
qm9_cn_subset:25634,25634,3157,smiles,CC#CC1=C(N)NC=N1,CC#Cc1nc[nH]c1N,rdkit_canonicalization
qm9_cn_subset:25639,25639,3158,smiles,CC#CC1=CC(C)=CN1,CC#Cc1cc(C)c[nH]1,rdkit_canonicalization
qm9_cn_subset:25641,25641,3159,smiles,CC#CC1=CC(N)=CN1,CC#Cc1cc(N)c[nH]1,rdkit_canonicalization
qm9_cn_subset:25644,25644,3160,smiles,CC#CC1=NC(C)=CN1,CC#Cc1nc(C)c[nH]1,rdkit_canonicalization
qm9_cn_subset:25646,25646,3161,smiles,CC#CC1=NC(N)=CN1,CC#Cc1nc(N)c[nH]1,rdkit_canonicalization
qm9_cn_subset:25650,25650,3162,smiles,CC#CC1=CN(C)C=C1,CC#Cc1ccn(C)c1,rdkit_canonicalization
qm9_cn_subset:25651,25651,3163,smiles,CC#CC1=CN(C)C=N1,CC#Cc1cn(C)cn1,rdkit_canonicalization
qm9_cn_subset:25652,25652,3164,smiles,CC#CC1=CC=C(C)N1,CC#Cc1ccc(C)[nH]1,rdkit_canonicalization
qm9_cn_subset:25654,25654,3165,smiles,CC#CC1=CC=C(N)N1,CC#Cc1ccc(N)[nH]1,rdkit_canonicalization
qm9_cn_subset:25657,25657,3166,smiles,CC#CC1=CN=C(C)N1,CC#Cc1cnc(C)[nH]1,rdkit_canonicalization
qm9_cn_subset:25662,25662,3167,smiles,CC#CC1=NC=C(C)N1,CC#Cc1ncc(C)[nH]1,rdkit_canonicalization
qm9_cn_subset:25664,25664,3168,smiles,CC#CC1=NC=C(N)N1,CC#Cc1ncc(N)[nH]1,rdkit_canonicalization
qm9_cn_subset:25667,25667,3169,smiles,CC#CC1=CC=CN1C,CC#Cc1cccn1C,rdkit_canonicalization
qm9_cn_subset:25668,25668,3170,smiles,CC#CC1=CN=CN1C,CC#Cc1cncn1C,rdkit_canonicalization
qm9_cn_subset:25669,25669,3171,smiles,CC#CC1=NC=CN1C,CC#Cc1nccn1C,rdkit_canonicalization
qm9_cn_subset:25671,25671,3172,smiles,CC#CC1=CC=NC=C1,CC#Cc1ccncc1,rdkit_canonicalization
qm9_cn_subset:25672,25672,3173,smiles,CC#CC1=CN=CC=C1,CC#Cc1cccnc1,rdkit_canonicalization
qm9_cn_subset:25673,25673,3174,smiles,CC#CC1=CN=CC=N1,CC#Cc1cnccn1,rdkit_canonicalization
qm9_cn_subset:25674,25674,3175,smiles,CC#CC1=CN=CN=C1,CC#Cc1cncnc1,rdkit_canonicalization
qm9_cn_subset:25675,25675,3176,smiles,CC#CC1=NC=CC=C1,CC#Cc1ccccn1,rdkit_canonicalization
qm9_cn_subset:25676,25676,3177,smiles,CC#CC1=NC=CC=N1,CC#Cc1ncccn1,rdkit_canonicalization
qm9_cn_subset:25677,25677,3178,smiles,CC#CC1=NC=CN=C1,CC#Cc1cnccn1,rdkit_canonicalization
qm9_cn_subset:25678,25678,3179,smiles,CC#CC1=NC=NC=C1,CC#Cc1ccncn1,rdkit_canonicalization
qm9_cn_subset:25679,25679,3180,smiles,CC#CC1=NC=NC=N1,CC#Cc1ncncn1,rdkit_canonicalization
qm9_cn_subset:25687,25687,3181,smiles,CC#CC1=CNC(C)=C1,CC#Cc1c[nH]c(C)c1,rdkit_canonicalization
qm9_cn_subset:25688,25688,3182,smiles,CC#CC1=CNC(C)=N1,CC#Cc1c[nH]c(C)n1,rdkit_canonicalization
qm9_cn_subset:25689,25689,3183,smiles,CC#CC1=CNC(N)=C1,CC#Cc1c[nH]c(N)c1,rdkit_canonicalization
qm9_cn_subset:25690,25690,3184,smiles,CC#CC1=CNC(N)=N1,CC#Cc1c[nH]c(N)n1,rdkit_canonicalization
qm9_cn_subset:25697,25697,3185,smiles,CC#CC1=CNC=C1C,CC#Cc1c[nH]cc1C,rdkit_canonicalization
qm9_cn_subset:25698,25698,3186,smiles,CC#CC1=CNC=C1N,CC#Cc1c[nH]cc1N,rdkit_canonicalization
qm9_cn_subset:25702,25702,3187,smiles,CC#CCC1=CC=CN1,CC#CCc1ccc[nH]1,rdkit_canonicalization
qm9_cn_subset:25704,25704,3188,smiles,CC#CCC1=CN=CN1,CC#CCc1cnc[nH]1,rdkit_canonicalization
qm9_cn_subset:25706,25706,3189,smiles,CC#CCC1=NC=CN1,CC#CCc1ncc[nH]1,rdkit_canonicalization
qm9_cn_subset:25708,25708,3190,smiles,CC#CCC1=CNC=C1,CC#CCc1cc[nH]c1,rdkit_canonicalization
qm9_cn_subset:25709,25709,3191,smiles,CC#CCC1=CNC=N1,CC#CCc1c[nH]cn1,rdkit_canonicalization
qm9_cn_subset:25712,25712,3192,smiles,CC#CCN1C=CC=C1,CC#CCn1cccc1,rdkit_canonicalization
qm9_cn_subset:25713,25713,3193,smiles,CC#CCN1C=CN=C1,CC#CCn1ccnc1,rdkit_canonicalization
qm9_cn_subset:25841,25841,3194,smiles,NC(=N)C1=NC=CC=N1,N=C(N)c1ncccn1,rdkit_canonicalization
qm9_cn_subset:25842,25842,3195,smiles,NC(=N)C1=NC=NC=N1,N=C(N)c1ncncn1,rdkit_canonicalization
qm9_cn_subset:25993,25993,3196,smiles,CC(=N)NC1=CNC=N1,CC(=N)Nc1c[nH]cn1,rdkit_canonicalization
qm9_cn_subset:26027,26027,3197,smiles,CC(C#C)C1=CC=CN1,C#CC(C)c1ccc[nH]1,rdkit_canonicalization
qm9_cn_subset:26029,26029,3198,smiles,CC(C#C)C1=CN=CN1,C#CC(C)c1cnc[nH]1,rdkit_canonicalization
qm9_cn_subset:26031,26031,3199,smiles,CC(C#C)C1=NC=CN1,C#CC(C)c1ncc[nH]1,rdkit_canonicalization
qm9_cn_subset:26033,26033,3200,smiles,CC(C#N)C1=CC=CN1,CC(C#N)c1ccc[nH]1,rdkit_canonicalization
qm9_cn_subset:26035,26035,3201,smiles,CC(C#N)C1=CN=CN1,CC(C#N)c1cnc[nH]1,rdkit_canonicalization
qm9_cn_subset:26037,26037,3202,smiles,CC(C#N)C1=NC=CN1,CC(C#N)c1ncc[nH]1,rdkit_canonicalization
qm9_cn_subset:26041,26041,3203,smiles,NC(C#C)C1=NC=CN1,C#CC(N)c1ncc[nH]1,rdkit_canonicalization
qm9_cn_subset:26043,26043,3204,smiles,NC(C#N)C1=CC=CN1,N#CC(N)c1ccc[nH]1,rdkit_canonicalization
qm9_cn_subset:26045,26045,3205,smiles,NC(C#N)C1=CN=CN1,N#CC(N)c1cnc[nH]1,rdkit_canonicalization
qm9_cn_subset:26047,26047,3206,smiles,NC(C#N)C1=NC=CN1,N#CC(N)c1ncc[nH]1,rdkit_canonicalization
qm9_cn_subset:26061,26061,3207,smiles,CC(C#C)C1=CNC=C1,C#CC(C)c1cc[nH]c1,rdkit_canonicalization
qm9_cn_subset:26062,26062,3208,smiles,CC(C#C)C1=CNC=N1,C#CC(C)c1c[nH]cn1,rdkit_canonicalization
qm9_cn_subset:26065,26065,3209,smiles,CC(C#N)C1=CNC=C1,CC(C#N)c1cc[nH]c1,rdkit_canonicalization
qm9_cn_subset:26066,26066,3210,smiles,CC(C#N)C1=CNC=N1,CC(C#N)c1c[nH]cn1,rdkit_canonicalization
qm9_cn_subset:26070,26070,3211,smiles,NC(C#N)C1=CNC=C1,N#CC(N)c1cc[nH]c1,rdkit_canonicalization
qm9_cn_subset:26071,26071,3212,smiles,NC(C#N)C1=CNC=N1,N#CC(N)c1c[nH]cn1,rdkit_canonicalization
qm9_cn_subset:26082,26082,3213,smiles,CC(C#C)N1C=CC=C1,C#CC(C)n1cccc1,rdkit_canonicalization
qm9_cn_subset:26083,26083,3214,smiles,CC(C#C)N1C=CN=C1,C#CC(C)n1ccnc1,rdkit_canonicalization
qm9_cn_subset:26084,26084,3215,smiles,CC(C#N)N1C=CC=C1,CC(C#N)n1cccc1,rdkit_canonicalization
qm9_cn_subset:26085,26085,3216,smiles,CC(C#N)N1C=CN=C1,CC(C#N)n1ccnc1,rdkit_canonicalization
qm9_cn_subset:26086,26086,3217,smiles,CC(C)(C)C1=CC=CN1,CC(C)(C)c1ccc[nH]1,rdkit_canonicalization
qm9_cn_subset:26088,26088,3218,smiles,CC(C)(C)C1=CN=CN1,CC(C)(C)c1cnc[nH]1,rdkit_canonicalization
qm9_cn_subset:26090,26090,3219,smiles,CC(C)(C)C1=NC=CN1,CC(C)(C)c1ncc[nH]1,rdkit_canonicalization
qm9_cn_subset:26098,26098,3220,smiles,CC(C)(C)C1=CNC=C1,CC(C)(C)c1cc[nH]c1,rdkit_canonicalization
qm9_cn_subset:26099,26099,3221,smiles,CC(C)(C)C1=CNC=N1,CC(C)(C)c1c[nH]cn1,rdkit_canonicalization
qm9_cn_subset:26106,26106,3222,smiles,CC(C)(C)N1C=CC=C1,CC(C)(C)n1cccc1,rdkit_canonicalization
qm9_cn_subset:26107,26107,3223,smiles,CC(C)(C)N1C=CN=C1,CC(C)(C)n1ccnc1,rdkit_canonicalization
qm9_cn_subset:26110,26110,3224,smiles,CC(C)C1=C(C)C=CN1,Cc1cc[nH]c1C(C)C,rdkit_canonicalization
qm9_cn_subset:26112,26112,3225,smiles,CC(C)C1=C(C)N=CN1,Cc1nc[nH]c1C(C)C,rdkit_canonicalization
qm9_cn_subset:26114,26114,3226,smiles,CC(C)C1=C(N)C=CN1,CC(C)c1[nH]ccc1N,rdkit_canonicalization
qm9_cn_subset:26116,26116,3227,smiles,CC(C)C1=C(N)N=CN1,CC(C)c1[nH]cnc1N,rdkit_canonicalization
qm9_cn_subset:26135,26135,3228,smiles,CN(C)C1=C(C)C=CN1,Cc1cc[nH]c1N(C)C,rdkit_canonicalization
qm9_cn_subset:26144,26144,3229,smiles,CC(C)C1=C(C)NC=C1,Cc1[nH]ccc1C(C)C,rdkit_canonicalization
qm9_cn_subset:26145,26145,3230,smiles,CC(C)C1=C(C)NC=N1,Cc1[nH]cnc1C(C)C,rdkit_canonicalization
qm9_cn_subset:26148,26148,3231,smiles,CC(C)C1=C(N)NC=C1,CC(C)c1cc[nH]c1N,rdkit_canonicalization
qm9_cn_subset:26165,26165,3232,smiles,CN(C)C1=C(C)NC=C1,Cc1[nH]ccc1N(C)C,rdkit_canonicalization
qm9_cn_subset:26166,26166,3233,smiles,CN(C)C1=C(C)NC=N1,Cc1[nH]cnc1N(C)C,rdkit_canonicalization
qm9_cn_subset:26169,26169,3234,smiles,CN(C)C1=C(N)NC=N1,CN(C)c1nc[nH]c1N,rdkit_canonicalization
qm9_cn_subset:26175,26175,3235,smiles,CC(C)C1=CC(C)=CN1,Cc1c[nH]c(C(C)C)c1,rdkit_canonicalization
qm9_cn_subset:26177,26177,3236,smiles,CC(C)C1=CC(N)=CN1,CC(C)c1cc(N)c[nH]1,rdkit_canonicalization
qm9_cn_subset:26181,26181,3237,smiles,CC(C)C1=NC(C)=CN1,Cc1c[nH]c(C(C)C)n1,rdkit_canonicalization
qm9_cn_subset:26183,26183,3238,smiles,CC(C)C1=NC(N)=CN1,CC(C)c1nc(N)c[nH]1,rdkit_canonicalization
qm9_cn_subset:26200,26200,3239,smiles,CN(C)C1=CC(C)=CN1,Cc1c[nH]c(N(C)C)c1,rdkit_canonicalization
qm9_cn_subset:26202,26202,3240,smiles,CN(C)C1=CC(N)=CN1,CN(C)c1cc(N)c[nH]1,rdkit_canonicalization
qm9_cn_subset:26206,26206,3241,smiles,CN(C)C1=NC(C)=CN1,Cc1c[nH]c(N(C)C)n1,rdkit_canonicalization
qm9_cn_subset:26211,26211,3242,smiles,CC(C)C1=CN(C)C=C1,CC(C)c1ccn(C)c1,rdkit_canonicalization
qm9_cn_subset:26212,26212,3243,smiles,CC(C)C1=CN(C)C=N1,CC(C)c1cn(C)cn1,rdkit_canonicalization
qm9_cn_subset:26215,26215,3244,smiles,CN(C)C1=CN(C)C=C1,CN(C)c1ccn(C)c1,rdkit_canonicalization
qm9_cn_subset:26216,26216,3245,smiles,CN(C)C1=CN(C)C=N1,CN(C)c1cn(C)cn1,rdkit_canonicalization
qm9_cn_subset:26217,26217,3246,smiles,CC(C)C1=CC=C(C)N1,Cc1ccc(C(C)C)[nH]1,rdkit_canonicalization
qm9_cn_subset:26219,26219,3247,smiles,CC(C)C1=CC=C(N)N1,CC(C)c1ccc(N)[nH]1,rdkit_canonicalization
qm9_cn_subset:26245,26245,3248,smiles,CN(C)C1=CC=C(C)N1,Cc1ccc(N(C)C)[nH]1,rdkit_canonicalization
qm9_cn_subset:26256,26256,3249,smiles,CC(C)C1=CC=CN1C,CC(C)c1cccn1C,rdkit_canonicalization
qm9_cn_subset:26257,26257,3250,smiles,CC(C)C1=CN=CN1C,CC(C)c1cncn1C,rdkit_canonicalization
qm9_cn_subset:26258,26258,3251,smiles,CC(C)C1=NC=CN1C,CC(C)c1nccn1C,rdkit_canonicalization
qm9_cn_subset:26262,26262,3252,smiles,CN(C)C1=CC=CN1C,CN(C)c1cccn1C,rdkit_canonicalization
qm9_cn_subset:26263,26263,3253,smiles,CN(C)C1=NC=CN1C,CN(C)c1nccn1C,rdkit_canonicalization
qm9_cn_subset:26265,26265,3254,smiles,CC(C)C1=CC=NC=C1,CC(C)c1ccncc1,rdkit_canonicalization
qm9_cn_subset:26266,26266,3255,smiles,CC(C)C1=CN=CC=C1,CC(C)c1cccnc1,rdkit_canonicalization
qm9_cn_subset:26267,26267,3256,smiles,CC(C)C1=CN=CC=N1,CC(C)c1cnccn1,rdkit_canonicalization
qm9_cn_subset:26268,26268,3257,smiles,CC(C)C1=CN=CN=C1,CC(C)c1cncnc1,rdkit_canonicalization
qm9_cn_subset:26269,26269,3258,smiles,CC(C)C1=NC=CC=C1,CC(C)c1ccccn1,rdkit_canonicalization
qm9_cn_subset:26270,26270,3259,smiles,CC(C)C1=NC=CC=N1,CC(C)c1ncccn1,rdkit_canonicalization
qm9_cn_subset:26271,26271,3260,smiles,CC(C)C1=NC=CN=C1,CC(C)c1cnccn1,rdkit_canonicalization
qm9_cn_subset:26272,26272,3261,smiles,CC(C)C1=NC=NC=C1,CC(C)c1ccncn1,rdkit_canonicalization
qm9_cn_subset:26273,26273,3262,smiles,CC(C)C1=NC=NC=N1,CC(C)c1ncncn1,rdkit_canonicalization
qm9_cn_subset:26284,26284,3263,smiles,CN(C)C1=CC=CC=C1,CN(C)c1ccccc1,rdkit_canonicalization
qm9_cn_subset:26285,26285,3264,smiles,CN(C)C1=CN=CC=C1,CN(C)c1cccnc1,rdkit_canonicalization
qm9_cn_subset:26286,26286,3265,smiles,CN(C)C1=CN=CC=N1,CN(C)c1cnccn1,rdkit_canonicalization
qm9_cn_subset:26287,26287,3266,smiles,CN(C)C1=CN=CN=C1,CN(C)c1cncnc1,rdkit_canonicalization
qm9_cn_subset:26288,26288,3267,smiles,CN(C)C1=NC=CC=C1,CN(C)c1ccccn1,rdkit_canonicalization
qm9_cn_subset:26289,26289,3268,smiles,CN(C)C1=NC=CC=N1,CN(C)c1ncccn1,rdkit_canonicalization
qm9_cn_subset:26290,26290,3269,smiles,CN(C)C1=NC=CN=C1,CN(C)c1cnccn1,rdkit_canonicalization
qm9_cn_subset:26291,26291,3270,smiles,CN(C)C1=NC=NC=C1,CN(C)c1ccncn1,rdkit_canonicalization
qm9_cn_subset:26292,26292,3271,smiles,CN(C)C1=NC=NC=N1,CN(C)c1ncncn1,rdkit_canonicalization
qm9_cn_subset:26313,26313,3272,smiles,CC(C)C1=CNC(C)=C1,Cc1cc(C(C)C)c[nH]1,rdkit_canonicalization
qm9_cn_subset:26314,26314,3273,smiles,CC(C)C1=CNC(C)=N1,Cc1nc(C(C)C)c[nH]1,rdkit_canonicalization
qm9_cn_subset:26315,26315,3274,smiles,CC(C)C1=CNC(N)=C1,CC(C)c1c[nH]c(N)c1,rdkit_canonicalization
qm9_cn_subset:26334,26334,3275,smiles,CN(C)C1=CNC(C)=C1,Cc1cc(N(C)C)c[nH]1,rdkit_canonicalization
qm9_cn_subset:26335,26335,3276,smiles,CN(C)C1=CNC(C)=N1,Cc1nc(N(C)C)c[nH]1,rdkit_canonicalization
qm9_cn_subset:26336,26336,3277,smiles,CN(C)C1=CNC(N)=C1,CN(C)c1c[nH]c(N)c1,rdkit_canonicalization
qm9_cn_subset:26344,26344,3278,smiles,CC(C)C1=CNC=C1C,Cc1c[nH]cc1C(C)C,rdkit_canonicalization
qm9_cn_subset:26345,26345,3279,smiles,CC(C)C1=CNC=C1N,CC(C)c1c[nH]cc1N,rdkit_canonicalization
qm9_cn_subset:26356,26356,3280,smiles,CN(C)C1=CNC=C1C,Cc1c[nH]cc1N(C)C,rdkit_canonicalization
qm9_cn_subset:26357,26357,3281,smiles,CN(C)C1=CNC=C1N,CN(C)c1c[nH]cc1N,rdkit_canonicalization
qm9_cn_subset:26361,26361,3282,smiles,CC(C)N1C=CC(C)=C1,Cc1ccn(C(C)C)c1,rdkit_canonicalization
qm9_cn_subset:26362,26362,3283,smiles,CC(C)N1C=CC(N)=C1,CC(C)n1ccc(N)c1,rdkit_canonicalization
qm9_cn_subset:26364,26364,3284,smiles,CC(C)N1C=NC(C)=C1,Cc1cn(C(C)C)cn1,rdkit_canonicalization
qm9_cn_subset:26365,26365,3285,smiles,CC(C)N1C=NC(N)=C1,CC(C)n1cnc(N)c1,rdkit_canonicalization
qm9_cn_subset:26367,26367,3286,smiles,CC(C)N1C=CC=C1C,Cc1cccn1C(C)C,rdkit_canonicalization
qm9_cn_subset:26368,26368,3287,smiles,CC(C)N1C=CC=C1N,CC(C)n1cccc1N,rdkit_canonicalization
qm9_cn_subset:26370,26370,3288,smiles,CC(C)N1C=CN=C1C,Cc1nccn1C(C)C,rdkit_canonicalization
qm9_cn_subset:26372,26372,3289,smiles,CC(C)N1C=NC=C1C,Cc1cncn1C(C)C,rdkit_canonicalization
qm9_cn_subset:26379,26379,3290,smiles,CC(C)CC1=CC=CN1,CC(C)Cc1ccc[nH]1,rdkit_canonicalization
qm9_cn_subset:26381,26381,3291,smiles,CC(C)CC1=CN=CN1,CC(C)Cc1cnc[nH]1,rdkit_canonicalization
qm9_cn_subset:26383,26383,3292,smiles,CC(C)CC1=NC=CN1,CC(C)Cc1ncc[nH]1,rdkit_canonicalization
qm9_cn_subset:26385,26385,3293,smiles,CC(C)NC1=CC=CN1,CC(C)Nc1ccc[nH]1,rdkit_canonicalization
qm9_cn_subset:26401,26401,3294,smiles,CN(C)CC1=NC=CN1,CN(C)Cc1ncc[nH]1,rdkit_canonicalization
qm9_cn_subset:26403,26403,3295,smiles,CC(C)CC1=CNC=C1,CC(C)Cc1cc[nH]c1,rdkit_canonicalization
qm9_cn_subset:26404,26404,3296,smiles,CC(C)CC1=CNC=N1,CC(C)Cc1c[nH]cn1,rdkit_canonicalization
qm9_cn_subset:26407,26407,3297,smiles,CC(C)NC1=CNC=C1,CC(C)Nc1cc[nH]c1,rdkit_canonicalization
qm9_cn_subset:26408,26408,3298,smiles,CC(C)NC1=CNC=N1,CC(C)Nc1c[nH]cn1,rdkit_canonicalization
qm9_cn_subset:26420,26420,3299,smiles,CC(C)CN1C=CC=C1,CC(C)Cn1cccc1,rdkit_canonicalization
qm9_cn_subset:26421,26421,3300,smiles,CC(C)CN1C=CN=C1,CC(C)Cn1ccnc1,rdkit_canonicalization
qm9_cn_subset:26449,26449,3301,smiles,CN(C=N)C1=CNC=N1,CN(C=N)c1c[nH]cn1,rdkit_canonicalization
qm9_cn_subset:26462,26462,3302,smiles,CC1(C)CC2=CC=CN12,CC1(C)Cc2cccn21,rdkit_canonicalization
qm9_cn_subset:26463,26463,3303,smiles,CC1(C)CC2=CN=CN12,CC1(C)Cc2cncn21,rdkit_canonicalization
qm9_cn_subset:26464,26464,3304,smiles,CC1(C)CC2=NC=CN12,CC1(C)Cc2nccn21,rdkit_canonicalization
qm9_cn_subset:26465,26465,3305,smiles,CC1(C)CN2C=CC=C12,CC1(C)Cn2cccc21,rdkit_canonicalization
qm9_cn_subset:26466,26466,3306,smiles,CC1(C)CN2C=CN=C12,CC1(C)Cn2ccnc21,rdkit_canonicalization
qm9_cn_subset:26467,26467,3307,smiles,CC1(C)CN2C=NC=C12,CC1(C)Cn2cncc21,rdkit_canonicalization
qm9_cn_subset:26471,26471,3308,smiles,CC1(CC1)C1=CC=CN1,CC1(c2ccc[nH]2)CC1,rdkit_canonicalization
qm9_cn_subset:26473,26473,3309,smiles,CC1(CC1)C1=CN=CN1,CC1(c2cnc[nH]2)CC1,rdkit_canonicalization
qm9_cn_subset:26475,26475,3310,smiles,CC1(CC1)C1=NC=CN1,CC1(c2ncc[nH]2)CC1,rdkit_canonicalization
qm9_cn_subset:26477,26477,3311,smiles,CC1(CN1)C1=CC=CN1,CC1(c2ccc[nH]2)CN1,rdkit_canonicalization
qm9_cn_subset:26479,26479,3312,smiles,CC1(CN1)C1=CN=CN1,CC1(c2cnc[nH]2)CN1,rdkit_canonicalization
qm9_cn_subset:26481,26481,3313,smiles,CC1(CN1)C1=NC=CN1,CC1(c2ncc[nH]2)CN1,rdkit_canonicalization
qm9_cn_subset:26495,26495,3314,smiles,CC1(CC1)C1=CNC=C1,CC1(c2cc[nH]c2)CC1,rdkit_canonicalization
qm9_cn_subset:26496,26496,3315,smiles,CC1(CC1)C1=CNC=N1,CC1(c2c[nH]cn2)CC1,rdkit_canonicalization
qm9_cn_subset:26499,26499,3316,smiles,CC1(CN1)C1=CNC=C1,CC1(c2cc[nH]c2)CN1,rdkit_canonicalization
qm9_cn_subset:26500,26500,3317,smiles,CC1(CN1)C1=CNC=N1,CC1(c2c[nH]cn2)CN1,rdkit_canonicalization
qm9_cn_subset:26511,26511,3318,smiles,CC1(CC1)N1C=CC=C1,CC1(n2cccc2)CC1,rdkit_canonicalization
qm9_cn_subset:26512,26512,3319,smiles,CC1(CC1)N1C=CN=C1,CC1(n2ccnc2)CC1,rdkit_canonicalization
qm9_cn_subset:26513,26513,3320,smiles,CC12CC1C1=CC=CN21,CC12CC1c1cccn12,rdkit_canonicalization
qm9_cn_subset:26514,26514,3321,smiles,CC12CC1C1=CN=CN21,CC12CC1c1cncn12,rdkit_canonicalization
qm9_cn_subset:26515,26515,3322,smiles,CC12CC1C1=NC=CN21,CC12CC1c1nccn12,rdkit_canonicalization
qm9_cn_subset:26516,26516,3323,smiles,CC12CC1N1C=CC=C21,CC12CC1n1cccc12,rdkit_canonicalization
qm9_cn_subset:26517,26517,3324,smiles,CC12CC1N1C=CN=C21,CC12CC1n1ccnc12,rdkit_canonicalization
qm9_cn_subset:26518,26518,3325,smiles,CC12CC1N1C=NC=C21,CC12CC1n1cncc12,rdkit_canonicalization
qm9_cn_subset:26522,26522,3326,smiles,CC1=C(C)C(=N)N=CN1,Cc1[nH]cnc(=N)c1C,rdkit_canonicalization
qm9_cn_subset:26528,26528,3327,smiles,CC1=C(N)C(=N)N=CN1,Cc1[nH]cnc(=N)c1N,rdkit_canonicalization
qm9_cn_subset:26625,26625,3328,smiles,CC1=C(C)C(=CN1)C#C,C#Cc1c[nH]c(C)c1C,rdkit_canonicalization
qm9_cn_subset:26626,26626,3329,smiles,CC1=C(C)C(=CN1)C#N,Cc1[nH]cc(C#N)c1C,rdkit_canonicalization
qm9_cn_subset:26629,26629,3330,smiles,CC1=C(N)C(=CN1)C#C,C#Cc1c[nH]c(C)c1N,rdkit_canonicalization
qm9_cn_subset:26630,26630,3331,smiles,CC1=C(N)C(=CN1)C#N,Cc1[nH]cc(C#N)c1N,rdkit_canonicalization
qm9_cn_subset:26633,26633,3332,smiles,CC1=C(N)NC=C1C#C,C#Cc1c[nH]c(N)c1C,rdkit_canonicalization
qm9_cn_subset:26634,26634,3333,smiles,CC1=C(N)NC=C1C#N,Cc1c(C#N)c[nH]c1N,rdkit_canonicalization
qm9_cn_subset:26650,26650,3334,smiles,CC1=C(C)C(C)=C(C)N1,Cc1[nH]c(C)c(C)c1C,rdkit_canonicalization
qm9_cn_subset:26652,26652,3335,smiles,CC1=C(C)C(C)=C(N)N1,Cc1[nH]c(N)c(C)c1C,rdkit_canonicalization
qm9_cn_subset:26655,26655,3336,smiles,CC1=C(C)C(N)=C(C)N1,Cc1[nH]c(C)c(N)c1C,rdkit_canonicalization
qm9_cn_subset:26665,26665,3337,smiles,CC1=C(N)C(C)=C(N)N1,Cc1[nH]c(N)c(C)c1N,rdkit_canonicalization
qm9_cn_subset:26668,26668,3338,smiles,CC1=C(N)C(N)=C(C)N1,Cc1[nH]c(C)c(N)c1N,rdkit_canonicalization
qm9_cn_subset:26745,26745,3339,smiles,CC1=C(C)N2CCC2=C1,Cc1cc2n(c1C)CC2,rdkit_canonicalization
qm9_cn_subset:26746,26746,3340,smiles,CC1=C(C)N2CCC2=N1,Cc1nc2n(c1C)CC2,rdkit_canonicalization
qm9_cn_subset:26747,26747,3341,smiles,CC1=C(N)C=C2CCN12,Cc1c(N)cc2n1CC2,rdkit_canonicalization
qm9_cn_subset:26748,26748,3342,smiles,CC1=C(N)N2CCC2=C1,Cc1cc2n(c1N)CC2,rdkit_canonicalization
qm9_cn_subset:26759,26759,3343,smiles,CC1=C(C)C=C(N1)C#C,C#Cc1cc(C)c(C)[nH]1,rdkit_canonicalization
qm9_cn_subset:26760,26760,3344,smiles,CC1=C(C)C=C(N1)C#N,Cc1cc(C#N)[nH]c1C,rdkit_canonicalization
qm9_cn_subset:26763,26763,3345,smiles,CC1=C(C)N=C(N1)C#C,C#Cc1nc(C)c(C)[nH]1,rdkit_canonicalization
qm9_cn_subset:26764,26764,3346,smiles,CC1=C(C)N=C(N1)C#N,Cc1nc(C#N)[nH]c1C,rdkit_canonicalization
qm9_cn_subset:26767,26767,3347,smiles,CC1=C(N)C=C(N1)C#C,C#Cc1cc(N)c(C)[nH]1,rdkit_canonicalization
qm9_cn_subset:26768,26768,3348,smiles,CC1=C(N)C=C(N1)C#N,Cc1[nH]c(C#N)cc1N,rdkit_canonicalization
qm9_cn_subset:26771,26771,3349,smiles,CC1=C(N)N=C(N1)C#C,C#Cc1nc(N)c(C)[nH]1,rdkit_canonicalization
qm9_cn_subset:26772,26772,3350,smiles,CC1=C(N)N=C(N1)C#N,Cc1[nH]c(C#N)nc1N,rdkit_canonicalization
qm9_cn_subset:26775,26775,3351,smiles,CC1=C(N)NC(=C1)C#C,C#Cc1cc(C)c(N)[nH]1,rdkit_canonicalization
qm9_cn_subset:26776,26776,3352,smiles,CC1=C(N)NC(=C1)C#N,Cc1cc(C#N)[nH]c1N,rdkit_canonicalization
qm9_cn_subset:26777,26777,3353,smiles,CC1=C(N)NC(=N1)C#C,C#Cc1nc(C)c(N)[nH]1,rdkit_canonicalization
qm9_cn_subset:26778,26778,3354,smiles,CC1=C(N)NC(=N1)C#N,Cc1nc(C#N)[nH]c1N,rdkit_canonicalization
qm9_cn_subset:26794,26794,3355,smiles,NC1=C(N)C=C(N1)C#N,N#Cc1cc(N)c(N)[nH]1,rdkit_canonicalization
qm9_cn_subset:26797,26797,3356,smiles,NC1=C(N)N=C(N1)C#C,C#Cc1nc(N)c(N)[nH]1,rdkit_canonicalization
qm9_cn_subset:26798,26798,3357,smiles,NC1=C(N)N=C(N1)C#N,N#Cc1nc(N)c(N)[nH]1,rdkit_canonicalization
qm9_cn_subset:26936,26936,3358,smiles,CC1=C(C=CN1)C1CC1,Cc1[nH]ccc1C1CC1,rdkit_canonicalization
qm9_cn_subset:26937,26937,3359,smiles,CC1=C(C=CN1)C1CN1,Cc1[nH]ccc1C1CN1,rdkit_canonicalization
qm9_cn_subset:26939,26939,3360,smiles,CC1=C(C=CN1)N1CC1,Cc1[nH]ccc1N1CC1,rdkit_canonicalization
qm9_cn_subset:26944,26944,3361,smiles,CC1=C(N=CN1)C1CC1,Cc1[nH]cnc1C1CC1,rdkit_canonicalization
qm9_cn_subset:26945,26945,3362,smiles,CC1=C(N=CN1)C1CN1,Cc1[nH]cnc1C1CN1,rdkit_canonicalization
qm9_cn_subset:26947,26947,3363,smiles,CC1=C(N=CN1)N1CC1,Cc1[nH]cnc1N1CC1,rdkit_canonicalization
qm9_cn_subset:26952,26952,3364,smiles,NC1=C(C=CN1)C1CC1,Nc1[nH]ccc1C1CC1,rdkit_canonicalization
qm9_cn_subset:26953,26953,3365,smiles,NC1=C(C=CN1)C1CN1,Nc1[nH]ccc1C1CN1,rdkit_canonicalization
qm9_cn_subset:26960,26960,3366,smiles,NC1=C(N=CN1)N1CC1,Nc1[nH]cnc1N1CC1,rdkit_canonicalization
qm9_cn_subset:26972,26972,3367,smiles,CC1=C(CC#C)C=CN1,C#CCc1cc[nH]c1C,rdkit_canonicalization
qm9_cn_subset:26974,26974,3368,smiles,CC1=C(CC#C)N=CN1,C#CCc1nc[nH]c1C,rdkit_canonicalization
qm9_cn_subset:26976,26976,3369,smiles,CC1=C(CC#N)C=CN1,Cc1[nH]ccc1CC#N,rdkit_canonicalization
qm9_cn_subset:26978,26978,3370,smiles,CC1=C(CC#N)N=CN1,Cc1[nH]cnc1CC#N,rdkit_canonicalization
qm9_cn_subset:26980,26980,3371,smiles,NC1=C(CC#C)C=CN1,C#CCc1cc[nH]c1N,rdkit_canonicalization
qm9_cn_subset:26983,26983,3372,smiles,NC1=C(CC#N)C=CN1,N#CCc1cc[nH]c1N,rdkit_canonicalization
qm9_cn_subset:26985,26985,3373,smiles,NC1=C(CC#N)N=CN1,N#CCc1nc[nH]c1N,rdkit_canonicalization
qm9_cn_subset:26989,26989,3374,smiles,CC1=C(CC#C)NC=C1,C#CCc1[nH]ccc1C,rdkit_canonicalization
qm9_cn_subset:26990,26990,3375,smiles,CC1=C(CC#C)NC=N1,C#CCc1[nH]cnc1C,rdkit_canonicalization
qm9_cn_subset:26993,26993,3376,smiles,CC1=C(CC#N)NC=C1,Cc1cc[nH]c1CC#N,rdkit_canonicalization
qm9_cn_subset:26994,26994,3377,smiles,CC1=C(CC#N)NC=N1,Cc1nc[nH]c1CC#N,rdkit_canonicalization
qm9_cn_subset:26997,26997,3378,smiles,NC1=C(CC#C)NC=C1,C#CCc1[nH]ccc1N,rdkit_canonicalization
qm9_cn_subset:26998,26998,3379,smiles,NC1=C(CC#C)NC=N1,C#CCc1[nH]cnc1N,rdkit_canonicalization
qm9_cn_subset:27001,27001,3380,smiles,NC1=C(CC#N)NC=C1,N#CCc1[nH]ccc1N,rdkit_canonicalization
qm9_cn_subset:27002,27002,3381,smiles,NC1=C(CC#N)NC=N1,N#CCc1[nH]cnc1N,rdkit_canonicalization
qm9_cn_subset:27053,27053,3382,smiles,CC1=C(NC=N)N=CN1,Cc1[nH]cnc1NC=N,rdkit_canonicalization
qm9_cn_subset:27070,27070,3383,smiles,NC1=C(NC=N)N=CN1,N=CNc1nc[nH]c1N,rdkit_canonicalization
qm9_cn_subset:27144,27144,3384,smiles,CC1=C(NC=C1)C1CC1,Cc1cc[nH]c1C1CC1,rdkit_canonicalization
qm9_cn_subset:27145,27145,3385,smiles,CC1=C(NC=C1)C1CN1,Cc1cc[nH]c1C1CN1,rdkit_canonicalization
qm9_cn_subset:27147,27147,3386,smiles,CC1=C(NC=C1)N1CC1,Cc1cc[nH]c1N1CC1,rdkit_canonicalization
qm9_cn_subset:27148,27148,3387,smiles,CC1=C(NC=N1)C1CC1,Cc1nc[nH]c1C1CC1,rdkit_canonicalization
qm9_cn_subset:27149,27149,3388,smiles,CC1=C(NC=N1)C1CN1,Cc1nc[nH]c1C1CN1,rdkit_canonicalization
qm9_cn_subset:27159,27159,3389,smiles,NC1=C(NC=C1)C1CC1,Nc1cc[nH]c1C1CC1,rdkit_canonicalization
qm9_cn_subset:27160,27160,3390,smiles,NC1=C(NC=C1)C1CN1,Nc1cc[nH]c1C1CN1,rdkit_canonicalization
qm9_cn_subset:27162,27162,3391,smiles,NC1=C(NC=C1)N1CC1,Nc1cc[nH]c1N1CC1,rdkit_canonicalization
qm9_cn_subset:27163,27163,3392,smiles,NC1=C(NC=N1)C1CC1,Nc1nc[nH]c1C1CC1,rdkit_canonicalization
qm9_cn_subset:27164,27164,3393,smiles,NC1=C(NC=N1)C1CN1,Nc1nc[nH]c1C1CN1,rdkit_canonicalization
qm9_cn_subset:27188,27188,3394,smiles,CC1=C2C3CC3N2C=C1,Cc1ccn2c1C1CC12,rdkit_canonicalization
qm9_cn_subset:27189,27189,3395,smiles,CC1=C2C3CC3N2C=N1,Cc1ncn2c1C1CC12,rdkit_canonicalization
qm9_cn_subset:27190,27190,3396,smiles,NC1=C2C3CC3N2C=C1,Nc1ccn2c1C1CC12,rdkit_canonicalization
qm9_cn_subset:27191,27191,3397,smiles,NC1=C2C3CC3N2C=N1,Nc1ncn2c1C1CC12,rdkit_canonicalization
qm9_cn_subset:27194,27194,3398,smiles,CC1=C2C=CCC2=CN1,Cc1[nH]cc2c1C=CC2,rdkit_canonicalization
qm9_cn_subset:27196,27196,3399,smiles,CC1=C2N=CNC2=CN1,Cc1[nH]cc2[nH]cnc12,rdkit_canonicalization
qm9_cn_subset:27200,27200,3400,smiles,NC1=C2C=CCC2=CN1,Nc1[nH]cc2c1C=CC2,rdkit_canonicalization
qm9_cn_subset:27202,27202,3401,smiles,NC1=C2N=CNC2=CN1,Nc1[nH]cc2[nH]cnc12,rdkit_canonicalization
qm9_cn_subset:27207,27207,3402,smiles,CC1=C2C=CCN2C=C1,Cc1ccn2c1C=CC2,rdkit_canonicalization
qm9_cn_subset:27208,27208,3403,smiles,CC1=C2C=CCN2C=N1,Cc1ncn2c1C=CC2,rdkit_canonicalization
qm9_cn_subset:27209,27209,3404,smiles,NC1=C2C=CCN2C=C1,Nc1ccn2c1C=CC2,rdkit_canonicalization
qm9_cn_subset:27210,27210,3405,smiles,NC1=C2C=CCN2C=N1,Nc1ncn2c1C=CC2,rdkit_canonicalization
qm9_cn_subset:27213,27213,3406,smiles,CC1=C2CC=CC2=CN1,Cc1[nH]cc2c1CC=C2,rdkit_canonicalization
qm9_cn_subset:27215,27215,3407,smiles,CC1=C2NC=NC2=CN1,Cc1[nH]cc2nc[nH]c12,rdkit_canonicalization
qm9_cn_subset:27219,27219,3408,smiles,NC1=C2CC=CC2=CN1,Nc1[nH]cc2c1CC=C2,rdkit_canonicalization
qm9_cn_subset:27221,27221,3409,smiles,NC1=C2NC=NC2=CN1,Nc1[nH]cc2nc[nH]c12,rdkit_canonicalization
qm9_cn_subset:27227,27227,3410,smiles,CC1=C2CC=CN2C=C1,Cc1ccn2c1CC=C2,rdkit_canonicalization
qm9_cn_subset:27228,27228,3411,smiles,CC1=C2CC=CN2C=N1,Cc1ncn2c1CC=C2,rdkit_canonicalization
qm9_cn_subset:27229,27229,3412,smiles,NC1=C2CC=CN2C=C1,Nc1ccn2c1CC=C2,rdkit_canonicalization
qm9_cn_subset:27230,27230,3413,smiles,NC1=C2CC=CN2C=N1,Nc1ncn2c1CC=C2,rdkit_canonicalization
qm9_cn_subset:27242,27242,3414,smiles,CC1=C2CCCC2=CN1,Cc1[nH]cc2c1CCC2,rdkit_canonicalization
qm9_cn_subset:27244,27244,3415,smiles,CC1=C2CCNC2=CN1,Cc1[nH]cc2c1CCN2,rdkit_canonicalization
qm9_cn_subset:27250,27250,3416,smiles,CC1=C2NCCC2=CN1,Cc1[nH]cc2c1NCC2,rdkit_canonicalization
qm9_cn_subset:27256,27256,3417,smiles,NC1=C2CCCC2=CN1,Nc1[nH]cc2c1CCC2,rdkit_canonicalization
qm9_cn_subset:27258,27258,3418,smiles,NC1=C2CCNC2=CN1,Nc1[nH]cc2c1CCN2,rdkit_canonicalization
qm9_cn_subset:27278,27278,3419,smiles,CC1=C2CCCN2C=C1,Cc1ccn2c1CCC2,rdkit_canonicalization
qm9_cn_subset:27279,27279,3420,smiles,CC1=C2CCCN2C=N1,Cc1ncn2c1CCC2,rdkit_canonicalization
qm9_cn_subset:27280,27280,3421,smiles,CC1=C2NCCN2C=C1,Cc1ccn2c1NCC2,rdkit_canonicalization
qm9_cn_subset:27283,27283,3422,smiles,NC1=C2CCCN2C=C1,Nc1ccn2c1CCC2,rdkit_canonicalization
qm9_cn_subset:27284,27284,3423,smiles,NC1=C2CCCN2C=N1,Nc1ncn2c1CCC2,rdkit_canonicalization
qm9_cn_subset:27285,27285,3424,smiles,NC1=C2NCCN2C=C1,Nc1ccn2c1NCC2,rdkit_canonicalization
qm9_cn_subset:27363,27363,3425,smiles,CC1=NC(=N)N=C(C)N1,Cc1nc(=N)nc(C)[nH]1,rdkit_canonicalization
qm9_cn_subset:27365,27365,3426,smiles,CC1=NC(=N)[NH+]=C(N)[N-]1,Cc1nc(=N)[nH+]c(N)[n-]1,rdkit_canonicalization
qm9_cn_subset:27405,27405,3427,smiles,CC1=CC(=N)C=NC=N1,Cc1cc(=N)cncn1,rdkit_canonicalization
qm9_cn_subset:27406,27406,3428,smiles,CC1=CC(=N)N=CC=N1,Cc1cc(=N)nccn1,rdkit_canonicalization
qm9_cn_subset:27407,27407,3429,smiles,CC1=CC(=N)N=CN=C1,Cc1cncnc(=N)c1,rdkit_canonicalization
qm9_cn_subset:27416,27416,3430,smiles,CC1=NC(=N)C=CC=N1,Cc1ncccc(=N)n1,rdkit_canonicalization
qm9_cn_subset:27417,27417,3431,smiles,CC1=NC(=N)C=CN=C1,Cc1cnccc(=N)n1,rdkit_canonicalization
qm9_cn_subset:27418,27418,3432,smiles,CC1=NC(=N)C=NC=C1,Cc1ccncc(=N)n1,rdkit_canonicalization
qm9_cn_subset:27419,27419,3433,smiles,CC1=NC(=N)C=NC=N1,Cc1ncncc(=N)n1,rdkit_canonicalization
qm9_cn_subset:27420,27420,3434,smiles,CC1=NC(=N)N=CC=C1,Cc1cccnc(=N)n1,rdkit_canonicalization
qm9_cn_subset:27421,27421,3435,smiles,CC1=NC(=N)N=CC=N1,Cc1nccnc(=N)n1,rdkit_canonicalization
qm9_cn_subset:27422,27422,3436,smiles,CC1=NC(=N)N=CN=C1,Cc1cncnc(=N)n1,rdkit_canonicalization
qm9_cn_subset:27431,27431,3437,smiles,NC1=CC(=N)C=NC=N1,N=c1cncnc(N)c1,rdkit_canonicalization
qm9_cn_subset:27432,27432,3438,smiles,NC1=CC(=N)N=CN=C1,N=c1cc(N)cncn1,rdkit_canonicalization
qm9_cn_subset:27440,27440,3439,smiles,NC1=NC(=N)C=CN=C1,N=c1ccncc(N)n1,rdkit_canonicalization
qm9_cn_subset:27441,27441,3440,smiles,NC1=NC(=N)C=NC=C1,N=c1cnccc(N)n1,rdkit_canonicalization
qm9_cn_subset:27442,27442,3441,smiles,NC1=NC(=N)C=NC=N1,N=c1cncnc(N)n1,rdkit_canonicalization
qm9_cn_subset:27443,27443,3442,smiles,NC1=NC(=N)N=CC=C1,N=c1ncccc(N)n1,rdkit_canonicalization
qm9_cn_subset:27444,27444,3443,smiles,NC1=NC(=N)N=CC=N1,N=c1nccnc(N)n1,rdkit_canonicalization
qm9_cn_subset:27445,27445,3444,smiles,NC1=NC(=N)N=CN=C1,N=c1ncncc(N)n1,rdkit_canonicalization
qm9_cn_subset:27523,27523,3445,smiles,CC1=CC(=CN1)C1CC1,Cc1cc(C2CC2)c[nH]1,rdkit_canonicalization
qm9_cn_subset:27524,27524,3446,smiles,CC1=CC(=CN1)C1CN1,Cc1cc(C2CN2)c[nH]1,rdkit_canonicalization
qm9_cn_subset:27526,27526,3447,smiles,CC1=CC(=CN1)N1CC1,Cc1cc(N2CC2)c[nH]1,rdkit_canonicalization
qm9_cn_subset:27531,27531,3448,smiles,CC1=NC(=CN1)C1CC1,Cc1nc(C2CC2)c[nH]1,rdkit_canonicalization
qm9_cn_subset:27532,27532,3449,smiles,CC1=NC(=CN1)C1CN1,Cc1nc(C2CN2)c[nH]1,rdkit_canonicalization
qm9_cn_subset:27534,27534,3450,smiles,CC1=NC(=CN1)N1CC1,Cc1nc(N2CC2)c[nH]1,rdkit_canonicalization
qm9_cn_subset:27539,27539,3451,smiles,NC1=CC(=CN1)C1CC1,Nc1cc(C2CC2)c[nH]1,rdkit_canonicalization
qm9_cn_subset:27540,27540,3452,smiles,NC1=CC(=CN1)C1CN1,Nc1cc(C2CN2)c[nH]1,rdkit_canonicalization
qm9_cn_subset:27542,27542,3453,smiles,NC1=CC(=CN1)N1CC1,Nc1cc(N2CC2)c[nH]1,rdkit_canonicalization
qm9_cn_subset:27562,27562,3454,smiles,CC1=CC(=CC=C1)C#N,Cc1cccc(C#N)c1,rdkit_canonicalization
qm9_cn_subset:27563,27563,3455,smiles,CC1=CC(=CC=N1)C#C,C#Cc1ccnc(C)c1,rdkit_canonicalization
qm9_cn_subset:27564,27564,3456,smiles,CC1=CC(=CC=N1)C#N,Cc1cc(C#N)ccn1,rdkit_canonicalization
qm9_cn_subset:27565,27565,3457,smiles,CC1=CC(=CN=C1)C#C,C#Cc1cncc(C)c1,rdkit_canonicalization
qm9_cn_subset:27566,27566,3458,smiles,CC1=CC(=CN=C1)C#N,Cc1cncc(C#N)c1,rdkit_canonicalization
qm9_cn_subset:27567,27567,3459,smiles,CC1=CC(=NC=C1)C#C,C#Cc1cc(C)ccn1,rdkit_canonicalization
qm9_cn_subset:27568,27568,3460,smiles,CC1=CC(=NC=C1)C#N,Cc1ccnc(C#N)c1,rdkit_canonicalization
qm9_cn_subset:27569,27569,3461,smiles,CC1=CC(=NC=N1)C#C,C#Cc1cc(C)ncn1,rdkit_canonicalization
qm9_cn_subset:27570,27570,3462,smiles,CC1=CC(=NC=N1)C#N,Cc1cc(C#N)ncn1,rdkit_canonicalization
qm9_cn_subset:27571,27571,3463,smiles,CC1=NC(=CC=C1)C#C,C#Cc1cccc(C)n1,rdkit_canonicalization
qm9_cn_subset:27572,27572,3464,smiles,CC1=NC(=CC=C1)C#N,Cc1cccc(C#N)n1,rdkit_canonicalization
qm9_cn_subset:27573,27573,3465,smiles,CC1=NC(=CC=N1)C#C,C#Cc1ccnc(C)n1,rdkit_canonicalization
qm9_cn_subset:27574,27574,3466,smiles,CC1=NC(=CC=N1)C#N,Cc1nccc(C#N)n1,rdkit_canonicalization
qm9_cn_subset:27575,27575,3467,smiles,CC1=NC(=CN=C1)C#C,C#Cc1cncc(C)n1,rdkit_canonicalization
qm9_cn_subset:27576,27576,3468,smiles,CC1=NC(=CN=C1)C#N,Cc1cncc(C#N)n1,rdkit_canonicalization
qm9_cn_subset:27577,27577,3469,smiles,CC1=NC(=NC=C1)C#C,C#Cc1nccc(C)n1,rdkit_canonicalization
qm9_cn_subset:27578,27578,3470,smiles,CC1=NC(=NC=C1)C#N,Cc1ccnc(C#N)n1,rdkit_canonicalization
qm9_cn_subset:27579,27579,3471,smiles,CC1=NC(=NC=N1)C#C,C#Cc1ncnc(C)n1,rdkit_canonicalization
qm9_cn_subset:27580,27580,3472,smiles,CC1=NC(=NC=N1)C#N,Cc1ncnc(C#N)n1,rdkit_canonicalization
qm9_cn_subset:27581,27581,3473,smiles,NC1=CC(=CC=C1)C#C,C#Cc1cccc(N)c1,rdkit_canonicalization
qm9_cn_subset:27582,27582,3474,smiles,NC1=CC(=CC=C1)C#N,N#Cc1cccc(N)c1,rdkit_canonicalization
qm9_cn_subset:27583,27583,3475,smiles,NC1=CC(=CC=N1)C#C,C#Cc1ccnc(N)c1,rdkit_canonicalization
qm9_cn_subset:27584,27584,3476,smiles,NC1=CC(=CC=N1)C#N,N#Cc1ccnc(N)c1,rdkit_canonicalization
qm9_cn_subset:27585,27585,3477,smiles,NC1=CC(=CN=C1)C#C,C#Cc1cncc(N)c1,rdkit_canonicalization
qm9_cn_subset:27586,27586,3478,smiles,NC1=CC(=CN=C1)C#N,N#Cc1cncc(N)c1,rdkit_canonicalization
qm9_cn_subset:27587,27587,3479,smiles,NC1=CC(=NC=C1)C#N,N#Cc1cc(N)ccn1,rdkit_canonicalization
qm9_cn_subset:27588,27588,3480,smiles,NC1=CC(=NC=N1)C#C,C#Cc1cc(N)ncn1,rdkit_canonicalization
qm9_cn_subset:27589,27589,3481,smiles,NC1=CC(=NC=N1)C#N,N#Cc1cc(N)ncn1,rdkit_canonicalization
qm9_cn_subset:27590,27590,3482,smiles,NC1=NC(=CC=C1)C#C,C#Cc1cccc(N)n1,rdkit_canonicalization
qm9_cn_subset:27591,27591,3483,smiles,NC1=NC(=CC=C1)C#N,N#Cc1cccc(N)n1,rdkit_canonicalization
qm9_cn_subset:27592,27592,3484,smiles,NC1=NC(=CC=N1)C#C,C#Cc1ccnc(N)n1,rdkit_canonicalization
qm9_cn_subset:27593,27593,3485,smiles,NC1=NC(=CC=N1)C#N,N#Cc1ccnc(N)n1,rdkit_canonicalization
qm9_cn_subset:27594,27594,3486,smiles,NC1=NC(=CN=C1)C#C,C#Cc1cncc(N)n1,rdkit_canonicalization
qm9_cn_subset:27595,27595,3487,smiles,NC1=NC(=CN=C1)C#N,N#Cc1cncc(N)n1,rdkit_canonicalization
qm9_cn_subset:27596,27596,3488,smiles,NC1=NC(=NC=C1)C#C,C#Cc1nccc(N)n1,rdkit_canonicalization
qm9_cn_subset:27597,27597,3489,smiles,NC1=NC(=NC=C1)C#N,N#Cc1nccc(N)n1,rdkit_canonicalization
qm9_cn_subset:27598,27598,3490,smiles,NC1=NC(=NC=N1)C#C,C#Cc1ncnc(N)n1,rdkit_canonicalization
qm9_cn_subset:27599,27599,3491,smiles,NC1=NC(=NC=N1)C#N,N#Cc1ncnc(N)n1,rdkit_canonicalization
qm9_cn_subset:27620,27620,3492,smiles,CC1=C(C=C(N)N1)C#C,C#Cc1cc(N)[nH]c1C,rdkit_canonicalization
qm9_cn_subset:27621,27621,3493,smiles,CC1=C(C=C(N)N1)C#N,Cc1[nH]c(N)cc1C#N,rdkit_canonicalization
qm9_cn_subset:27626,27626,3494,smiles,CC1=C(N=C(N)N1)C#N,Cc1[nH]c(N)nc1C#N,rdkit_canonicalization
qm9_cn_subset:27632,27632,3495,smiles,CC1=CC(C#C)=C(C)N1,C#Cc1cc(C)[nH]c1C,rdkit_canonicalization
qm9_cn_subset:27634,27634,3496,smiles,CC1=CC(C#C)=C(N)N1,C#Cc1cc(C)[nH]c1N,rdkit_canonicalization
qm9_cn_subset:27637,27637,3497,smiles,CC1=CC(C#N)=C(C)N1,Cc1cc(C#N)c(C)[nH]1,rdkit_canonicalization
qm9_cn_subset:27639,27639,3498,smiles,CC1=CC(C#N)=C(N)N1,Cc1cc(C#N)c(N)[nH]1,rdkit_canonicalization
qm9_cn_subset:27642,27642,3499,smiles,CC1=NC(C#C)=C(C)N1,C#Cc1nc(C)[nH]c1C,rdkit_canonicalization
qm9_cn_subset:27644,27644,3500,smiles,CC1=NC(C#C)=C(N)N1,C#Cc1nc(C)[nH]c1N,rdkit_canonicalization
qm9_cn_subset:27647,27647,3501,smiles,CC1=NC(C#N)=C(C)N1,Cc1nc(C#N)c(C)[nH]1,rdkit_canonicalization
qm9_cn_subset:27649,27649,3502,smiles,CC1=NC(C#N)=C(N)N1,Cc1nc(C#N)c(N)[nH]1,rdkit_canonicalization
qm9_cn_subset:27657,27657,3503,smiles,NC1=CC(C#C)=C(N)N1,C#Cc1cc(N)[nH]c1N,rdkit_canonicalization
qm9_cn_subset:27661,27661,3504,smiles,NC1=CC(C#N)=C(N)N1,N#Cc1cc(N)[nH]c1N,rdkit_canonicalization
qm9_cn_subset:27666,27666,3505,smiles,NC1=NC(C#N)=C(N)N1,N#Cc1nc(N)[nH]c1N,rdkit_canonicalization
qm9_cn_subset:27672,27672,3506,smiles,CC1=C(NC(N)=C1)C#C,C#Cc1[nH]c(N)cc1C,rdkit_canonicalization
qm9_cn_subset:27673,27673,3507,smiles,CC1=C(NC(N)=C1)C#N,Cc1cc(N)[nH]c1C#N,rdkit_canonicalization
qm9_cn_subset:27674,27674,3508,smiles,CC1=C(NC(N)=N1)C#N,Cc1nc(N)[nH]c1C#N,rdkit_canonicalization
qm9_cn_subset:27684,27684,3509,smiles,CC1=CC(C)=C(N1)C#C,C#Cc1[nH]c(C)cc1C,rdkit_canonicalization
qm9_cn_subset:27685,27685,3510,smiles,CC1=CC(C)=C(N1)C#N,Cc1cc(C)c(C#N)[nH]1,rdkit_canonicalization
qm9_cn_subset:27688,27688,3511,smiles,CC1=CC(N)=C(N1)C#C,C#Cc1[nH]c(C)cc1N,rdkit_canonicalization
qm9_cn_subset:27689,27689,3512,smiles,CC1=CC(N)=C(N1)C#N,Cc1cc(N)c(C#N)[nH]1,rdkit_canonicalization
qm9_cn_subset:27694,27694,3513,smiles,CC1=NC(C)=C(N1)C#C,C#Cc1[nH]c(C)nc1C,rdkit_canonicalization
qm9_cn_subset:27695,27695,3514,smiles,CC1=NC(C)=C(N1)C#N,Cc1nc(C)c(C#N)[nH]1,rdkit_canonicalization
qm9_cn_subset:27698,27698,3515,smiles,CC1=NC(N)=C(N1)C#C,C#Cc1[nH]c(C)nc1N,rdkit_canonicalization
qm9_cn_subset:27699,27699,3516,smiles,CC1=NC(N)=C(N1)C#N,Cc1nc(N)c(C#N)[nH]1,rdkit_canonicalization
qm9_cn_subset:27710,27710,3517,smiles,NC1=CC(N)=C(N1)C#C,C#Cc1[nH]c(N)cc1N,rdkit_canonicalization
qm9_cn_subset:27711,27711,3518,smiles,NC1=CC(N)=C(N1)C#N,N#Cc1[nH]c(N)cc1N,rdkit_canonicalization
qm9_cn_subset:27716,27716,3519,smiles,NC1=NC(N)=C(N1)C#N,N#Cc1[nH]c(N)nc1N,rdkit_canonicalization
qm9_cn_subset:27754,27754,3520,smiles,CC1=C2CCN2C(N)=C1,Cc1cc(N)n2c1CC2,rdkit_canonicalization
qm9_cn_subset:27757,27757,3521,smiles,CC1=CC(C)=C2CCN12,Cc1cc(C)n2c1CC2,rdkit_canonicalization
qm9_cn_subset:27758,27758,3522,smiles,CC1=CC(N)=C2CCN12,Cc1cc(N)c2n1CC2,rdkit_canonicalization
qm9_cn_subset:27763,27763,3523,smiles,NC1=CC(N)=C2CCN12,Nc1cc(N)n2c1CC2,rdkit_canonicalization
qm9_cn_subset:27790,27790,3524,smiles,CC1=CC(N)=NC(=[NH2+])[N-]1,Cc1cc(N)nc(=[NH2+])[n-]1,rdkit_canonicalization
qm9_cn_subset:27814,27814,3525,smiles,CC1=NC(C)=NC(=N)N1,Cc1nc(C)[nH]c(=N)n1,rdkit_canonicalization
qm9_cn_subset:27873,27873,3526,smiles,CC1=CC(C)=NC(C)=C1,Cc1cc(C)nc(C)c1,rdkit_canonicalization
qm9_cn_subset:27874,27874,3527,smiles,CC1=CC(C)=NC(C)=N1,Cc1cc(C)nc(C)n1,rdkit_canonicalization
qm9_cn_subset:27875,27875,3528,smiles,CC1=CC(C)=NC(N)=N1,Cc1cc(C)nc(N)n1,rdkit_canonicalization
qm9_cn_subset:27877,27877,3529,smiles,CC1=CC(N)=CC(C)=C1,Cc1cc(C)cc(N)c1,rdkit_canonicalization
qm9_cn_subset:27878,27878,3530,smiles,CC1=CC(N)=CC(N)=C1,Cc1cc(N)cc(N)c1,rdkit_canonicalization
qm9_cn_subset:27880,27880,3531,smiles,CC1=CC(N)=NC(C)=N1,Cc1cc(N)nc(C)n1,rdkit_canonicalization
qm9_cn_subset:27894,27894,3532,smiles,CC1=NC(C)=NC(C)=N1,Cc1nc(C)nc(C)n1,rdkit_canonicalization
qm9_cn_subset:27895,27895,3533,smiles,CC1=NC(N)=NC(C)=N1,Cc1nc(C)nc(N)n1,rdkit_canonicalization
qm9_cn_subset:27896,27896,3534,smiles,CC1=NC(N)=NC(N)=N1,Cc1nc(N)nc(N)n1,rdkit_canonicalization
qm9_cn_subset:27902,27902,3535,smiles,NC1=CC(N)=CC(N)=C1,Nc1cc(N)cc(N)c1,rdkit_canonicalization
qm9_cn_subset:27903,27903,3536,smiles,NC1=CC(N)=NC(N)=N1,Nc1cc(N)nc(N)n1,rdkit_canonicalization
qm9_cn_subset:28010,28010,3537,smiles,CC1=CN(C=C1)C1CC1,Cc1ccn(C2CC2)c1,rdkit_canonicalization
qm9_cn_subset:28011,28011,3538,smiles,CC1=CN(C=N1)C1CC1,Cc1cn(C2CC2)cn1,rdkit_canonicalization
qm9_cn_subset:28012,28012,3539,smiles,NC1=CN(C=C1)C1CC1,Nc1ccn(C2CC2)c1,rdkit_canonicalization
qm9_cn_subset:28013,28013,3540,smiles,NC1=CN(C=N1)C1CC1,Nc1cn(C2CC2)cn1,rdkit_canonicalization
qm9_cn_subset:28016,28016,3541,smiles,CC1=CC(CC#C)=CN1,C#CCc1c[nH]c(C)c1,rdkit_canonicalization
qm9_cn_subset:28018,28018,3542,smiles,CC1=CC(CC#N)=CN1,Cc1cc(CC#N)c[nH]1,rdkit_canonicalization
qm9_cn_subset:28020,28020,3543,smiles,CC1=NC(CC#C)=CN1,C#CCc1c[nH]c(C)n1,rdkit_canonicalization
qm9_cn_subset:28022,28022,3544,smiles,CC1=NC(CC#N)=CN1,Cc1nc(CC#N)c[nH]1,rdkit_canonicalization
qm9_cn_subset:28024,28024,3545,smiles,NC1=CC(CC#C)=CN1,C#CCc1c[nH]c(N)c1,rdkit_canonicalization
qm9_cn_subset:28026,28026,3546,smiles,NC1=CC(CC#N)=CN1,N#CCc1c[nH]c(N)c1,rdkit_canonicalization
qm9_cn_subset:28034,28034,3547,smiles,CC1=CN(CC#C)C=C1,C#CCn1ccc(C)c1,rdkit_canonicalization
qm9_cn_subset:28035,28035,3548,smiles,CC1=CN(CC#C)C=N1,C#CCn1cnc(C)c1,rdkit_canonicalization
qm9_cn_subset:28036,28036,3549,smiles,CC1=CN(CC#N)C=C1,Cc1ccn(CC#N)c1,rdkit_canonicalization
qm9_cn_subset:28037,28037,3550,smiles,CC1=CN(CC#N)C=N1,Cc1cn(CC#N)cn1,rdkit_canonicalization
qm9_cn_subset:28038,28038,3551,smiles,NC1=CN(CC#C)C=C1,C#CCn1ccc(N)c1,rdkit_canonicalization
qm9_cn_subset:28039,28039,3552,smiles,NC1=CN(CC#C)C=N1,C#CCn1cnc(N)c1,rdkit_canonicalization
qm9_cn_subset:28040,28040,3553,smiles,NC1=CN(CC#N)C=C1,N#CCn1ccc(N)c1,rdkit_canonicalization
qm9_cn_subset:28041,28041,3554,smiles,NC1=CN(CC#N)C=N1,N#CCn1cnc(N)c1,rdkit_canonicalization
qm9_cn_subset:28057,28057,3555,smiles,CC1=NC(NC=N)=CN1,Cc1nc(NC=N)c[nH]1,rdkit_canonicalization
qm9_cn_subset:28098,28098,3556,smiles,CC1=CC2=C(C1)C=CN2,CC1=Cc2[nH]ccc2C1,rdkit_canonicalization
qm9_cn_subset:28100,28100,3557,smiles,CC1=CC2=C(C1)N=CN2,CC1=Cc2[nH]cnc2C1,rdkit_canonicalization
qm9_cn_subset:28102,28102,3558,smiles,CC1=CC2=C(N1)C=CC2,Cc1cc2c([nH]1)C=CC2,rdkit_canonicalization
qm9_cn_subset:28103,28103,3559,smiles,CC1=CC2=C(N1)C=CN2,Cc1cc2[nH]ccc2[nH]1,rdkit_canonicalization
qm9_cn_subset:28105,28105,3560,smiles,CC1=CC2=C(N1)N=CN2,Cc1cc2[nH]cnc2[nH]1,rdkit_canonicalization
qm9_cn_subset:28112,28112,3561,smiles,CC1=NC2=C(N1)C=CC2,Cc1nc2c([nH]1)C=CC2,rdkit_canonicalization
qm9_cn_subset:28113,28113,3562,smiles,CC1=NC2=C(N1)C=CN2,Cc1nc2[nH]ccc2[nH]1,rdkit_canonicalization
qm9_cn_subset:28115,28115,3563,smiles,CC1=NC2=C(N1)N=CN2,Cc1nc2[nH]cnc2[nH]1,rdkit_canonicalization
qm9_cn_subset:28122,28122,3564,smiles,NC1=CC2=C(N1)C=CC2,Nc1cc2c([nH]1)C=CC2,rdkit_canonicalization
qm9_cn_subset:28123,28123,3565,smiles,NC1=CC2=C(N1)C=CN2,Nc1cc2[nH]ccc2[nH]1,rdkit_canonicalization
qm9_cn_subset:28125,28125,3566,smiles,NC1=CC2=C(N1)N=CN2,Nc1cc2[nH]cnc2[nH]1,rdkit_canonicalization
qm9_cn_subset:28135,28135,3567,smiles,NC1=NC2=C(N1)N=CN2,Nc1nc2[nH]cnc2[nH]1,rdkit_canonicalization
qm9_cn_subset:28151,28151,3568,smiles,CC1=CC2=C(C1)NC=C2,CC1=Cc2cc[nH]c2C1,rdkit_canonicalization
qm9_cn_subset:28152,28152,3569,smiles,CC1=CC2=C(C1)NC=N2,CC1=Cc2nc[nH]c2C1,rdkit_canonicalization
qm9_cn_subset:28155,28155,3570,smiles,CC1=CC2=C(CC=C2)N1,Cc1cc2c([nH]1)CC=C2,rdkit_canonicalization
qm9_cn_subset:28159,28159,3571,smiles,CC1=CC2=C(NC=C2)N1,Cc1cc2cc[nH]c2[nH]1,rdkit_canonicalization
qm9_cn_subset:28161,28161,3572,smiles,CC1=CC2=C(NC=N2)N1,Cc1cc2nc[nH]c2[nH]1,rdkit_canonicalization
qm9_cn_subset:28165,28165,3573,smiles,CC1=NC2=C(CC=C2)N1,Cc1nc2c([nH]1)CC=C2,rdkit_canonicalization
qm9_cn_subset:28168,28168,3574,smiles,CC1=NC2=C(NC=C2)N1,Cc1nc2cc[nH]c2[nH]1,rdkit_canonicalization
qm9_cn_subset:28170,28170,3575,smiles,CC1=NC2=C(NC=N2)N1,Cc1nc2nc[nH]c2[nH]1,rdkit_canonicalization
qm9_cn_subset:28173,28173,3576,smiles,NC1=CC2=C(CC=C2)N1,Nc1cc2c([nH]1)CC=C2,rdkit_canonicalization
qm9_cn_subset:28178,28178,3577,smiles,NC1=CC2=C(NC=N2)N1,Nc1cc2nc[nH]c2[nH]1,rdkit_canonicalization
qm9_cn_subset:28185,28185,3578,smiles,NC1=NC2=C(NC=N2)N1,Nc1nc2nc[nH]c2[nH]1,rdkit_canonicalization
qm9_cn_subset:28198,28198,3579,smiles,CC1=CC2=C(CCC2)N1,Cc1cc2c([nH]1)CCC2,rdkit_canonicalization
qm9_cn_subset:28200,28200,3580,smiles,CC1=CC2=C(CCN2)N1,Cc1cc2c([nH]1)CCN2,rdkit_canonicalization
qm9_cn_subset:28208,28208,3581,smiles,CC1=CC2=C(NCC2)N1,Cc1cc2c([nH]1)NCC2,rdkit_canonicalization
qm9_cn_subset:28213,28213,3582,smiles,CC1=NC2=C(CCN2)N1,Cc1nc2c([nH]1)CCN2,rdkit_canonicalization
qm9_cn_subset:28225,28225,3583,smiles,NC1=CC2=C(CCC2)N1,Nc1cc2c([nH]1)CCC2,rdkit_canonicalization
qm9_cn_subset:28227,28227,3584,smiles,NC1=CC2=C(CCN2)N1,Nc1cc2c([nH]1)CCN2,rdkit_canonicalization
qm9_cn_subset:28270,28270,3585,smiles,CC1=CC2=CC=CN2C1,CC1=Cc2cccn2C1,rdkit_canonicalization
qm9_cn_subset:28271,28271,3586,smiles,CC1=CC2=CN=CN2C1,CC1=Cc2cncn2C1,rdkit_canonicalization
qm9_cn_subset:28272,28272,3587,smiles,CC1=CC2=NC=CN2C1,CC1=Cc2nccn2C1,rdkit_canonicalization
qm9_cn_subset:28273,28273,3588,smiles,CC1=CC2=CNC=C2C1,CC1=Cc2c[nH]cc2C1,rdkit_canonicalization
qm9_cn_subset:28275,28275,3589,smiles,CC1=NC2=CNC=C2N1,Cc1nc2c[nH]cc2[nH]1,rdkit_canonicalization
qm9_cn_subset:28282,28282,3590,smiles,CC1=CN2C3CC3C2=C1,Cc1cc2n(c1)C1CC21,rdkit_canonicalization
qm9_cn_subset:28283,28283,3591,smiles,CC1=CN2C3CC3C2=N1,Cc1cn2c(n1)C1CC12,rdkit_canonicalization
qm9_cn_subset:28284,28284,3592,smiles,NC1=CN2C3CC3C2=C1,Nc1cc2n(c1)C1CC21,rdkit_canonicalization
qm9_cn_subset:28285,28285,3593,smiles,NC1=CN2C3CC3C2=N1,Nc1cn2c(n1)C1CC12,rdkit_canonicalization
qm9_cn_subset:28288,28288,3594,smiles,CC1=CN2C=CC=C2C1,CC1=Cn2cccc2C1,rdkit_canonicalization
qm9_cn_subset:28289,28289,3595,smiles,CC1=CN2C=CN=C2C1,CC1=Cn2ccnc2C1,rdkit_canonicalization
qm9_cn_subset:28291,28291,3596,smiles,CC1=CN2C=NC=C2C1,CC1=Cn2cncc2C1,rdkit_canonicalization
qm9_cn_subset:28293,28293,3597,smiles,CC1=CN2C=CCC2=C1,Cc1cc2n(c1)C=CC2,rdkit_canonicalization
qm9_cn_subset:28294,28294,3598,smiles,CC1=CN2C=CCC2=N1,Cc1cn2c(n1)CC=C2,rdkit_canonicalization
qm9_cn_subset:28295,28295,3599,smiles,CC1=CN2C=CNC2=N1,Cc1cn2cc[nH]c2n1,rdkit_canonicalization
qm9_cn_subset:28297,28297,3600,smiles,NC1=CN2C=CCC2=C1,Nc1cc2n(c1)C=CC2,rdkit_canonicalization
qm9_cn_subset:28298,28298,3601,smiles,NC1=CN2C=CCC2=N1,Nc1cn2c(n1)CC=C2,rdkit_canonicalization
qm9_cn_subset:28299,28299,3602,smiles,NC1=CN2C=CNC2=N1,Nc1cn2cc[nH]c2n1,rdkit_canonicalization
qm9_cn_subset:28305,28305,3603,smiles,CC1=CN2CC=CC2=C1,Cc1cc2n(c1)CC=C2,rdkit_canonicalization
qm9_cn_subset:28306,28306,3604,smiles,CC1=CN2CC=CC2=N1,Cc1cn2c(n1)C=CC2,rdkit_canonicalization
qm9_cn_subset:28307,28307,3605,smiles,NC1=CN2CC=CC2=C1,Nc1cc2n(c1)CC=C2,rdkit_canonicalization
qm9_cn_subset:28308,28308,3606,smiles,NC1=CN2CC=CC2=N1,Nc1cn2c(n1)C=CC2,rdkit_canonicalization
qm9_cn_subset:28311,28311,3607,smiles,CC1=C2CCN2C=C1N,Cc1c(N)cn2c1CC2,rdkit_canonicalization
qm9_cn_subset:28313,28313,3608,smiles,CC1=CN2CCC2=C1C,Cc1cn2c(c1C)CC2,rdkit_canonicalization
qm9_cn_subset:28314,28314,3609,smiles,CC1=CN2CCC2=C1N,Cc1cn2c(c1N)CC2,rdkit_canonicalization
qm9_cn_subset:28317,28317,3610,smiles,NC1=CN2CCC2=C1N,Nc1cn2c(c1N)CC2,rdkit_canonicalization
qm9_cn_subset:28320,28320,3611,smiles,CC1=CN2CCCC2=C1,Cc1cc2n(c1)CCC2,rdkit_canonicalization
qm9_cn_subset:28321,28321,3612,smiles,CC1=CN2CCCC2=N1,Cc1cn2c(n1)CCC2,rdkit_canonicalization
qm9_cn_subset:28322,28322,3613,smiles,CC1=CN2CCNC2=C1,Cc1cc2n(c1)CCN2,rdkit_canonicalization
qm9_cn_subset:28325,28325,3614,smiles,NC1=CN2CCCC2=C1,Nc1cc2n(c1)CCC2,rdkit_canonicalization
qm9_cn_subset:28326,28326,3615,smiles,NC1=CN2CCCC2=N1,Nc1cn2c(n1)CCC2,rdkit_canonicalization
qm9_cn_subset:28327,28327,3616,smiles,NC1=CN2CCNC2=C1,Nc1cc2n(c1)CCN2,rdkit_canonicalization
qm9_cn_subset:28412,28412,3617,smiles,CC1=CC(N)=CC=C1N,Cc1cc(N)ccc1N,rdkit_canonicalization
qm9_cn_subset:28414,28414,3618,smiles,CC1=CC(N)=CN=C1C,Cc1cc(N)cnc1C,rdkit_canonicalization
qm9_cn_subset:28424,28424,3619,smiles,CC1=CC=C(C)C(C)=N1,Cc1ccc(C)c(C)n1,rdkit_canonicalization
qm9_cn_subset:28425,28425,3620,smiles,CC1=CC=C(C)C(N)=C1,Cc1ccc(C)c(N)c1,rdkit_canonicalization
qm9_cn_subset:28428,28428,3621,smiles,CC1=CC=C(N)C(C)=C1,Cc1ccc(N)c(C)c1,rdkit_canonicalization
qm9_cn_subset:28429,28429,3622,smiles,CC1=CC=C(N)C(C)=N1,Cc1ccc(N)c(C)n1,rdkit_canonicalization
qm9_cn_subset:28430,28430,3623,smiles,CC1=CC=C(N)C(N)=C1,Cc1ccc(N)c(N)c1,rdkit_canonicalization
qm9_cn_subset:28433,28433,3624,smiles,CC1=CC=C(N)C=C1C,Cc1ccc(N)cc1C,rdkit_canonicalization
qm9_cn_subset:28434,28434,3625,smiles,CC1=CC=C(N)C=C1N,Cc1ccc(N)cc1N,rdkit_canonicalization
qm9_cn_subset:28448,28448,3626,smiles,CC1=CN=C(C)C(C)=C1,Cc1cnc(C)c(C)c1,rdkit_canonicalization
qm9_cn_subset:28449,28449,3627,smiles,CC1=CN=C(C)C(C)=N1,Cc1cnc(C)c(C)n1,rdkit_canonicalization
qm9_cn_subset:28450,28450,3628,smiles,CC1=CN=C(C)C(N)=C1,Cc1cnc(C)c(N)c1,rdkit_canonicalization
qm9_cn_subset:28451,28451,3629,smiles,CC1=CN=C(C)C(N)=N1,Cc1cnc(C)c(N)n1,rdkit_canonicalization
qm9_cn_subset:28454,28454,3630,smiles,CC1=CN=C(C)C=C1C,Cc1cc(C)c(C)cn1,rdkit_canonicalization
qm9_cn_subset:28456,28456,3631,smiles,CC1=CN=C(C)N=C1C,Cc1ncc(C)c(C)n1,rdkit_canonicalization
qm9_cn_subset:28457,28457,3632,smiles,CC1=NC=C(C)C(N)=N1,Cc1ncc(C)c(N)n1,rdkit_canonicalization
qm9_cn_subset:28459,28459,3633,smiles,CC1=CN=C(N)C(C)=N1,Cc1cnc(N)c(C)n1,rdkit_canonicalization
qm9_cn_subset:28460,28460,3634,smiles,CC1=CN=C(N)C(N)=N1,Cc1cnc(N)c(N)n1,rdkit_canonicalization
qm9_cn_subset:28463,28463,3635,smiles,CC1=CN=C(N)N=C1C,Cc1cnc(N)nc1C,rdkit_canonicalization
qm9_cn_subset:28464,28464,3636,smiles,CC1=CN=C(N)N=C1N,Cc1cnc(N)nc1N,rdkit_canonicalization
qm9_cn_subset:28478,28478,3637,smiles,CC1=NC(N)=CN=C1N,Cc1nc(N)cnc1N,rdkit_canonicalization
qm9_cn_subset:28480,28480,3638,smiles,CC1=NC(N)=NC=C1N,Cc1nc(N)ncc1N,rdkit_canonicalization
qm9_cn_subset:28488,28488,3639,smiles,CC1=NC=C(N)C(C)=C1,Cc1cc(C)c(N)cn1,rdkit_canonicalization
qm9_cn_subset:28489,28489,3640,smiles,CC1=NC=C(N)C(C)=N1,Cc1ncc(N)c(C)n1,rdkit_canonicalization
qm9_cn_subset:28490,28490,3641,smiles,CC1=NC=C(N)C(N)=N1,Cc1ncc(N)c(N)n1,rdkit_canonicalization
qm9_cn_subset:28493,28493,3642,smiles,CC1=NC=C(N)C=C1N,Cc1ncc(N)cc1N,rdkit_canonicalization
qm9_cn_subset:28495,28495,3643,smiles,CC1=NC=C(N)N=C1C,Cc1ncc(N)nc1C,rdkit_canonicalization
qm9_cn_subset:28496,28496,3644,smiles,CC1=NC=C(N)N=C1N,Cc1ncc(N)nc1N,rdkit_canonicalization
qm9_cn_subset:28512,28512,3645,smiles,NC1=CC=C(N)C(N)=C1,Nc1ccc(N)c(N)c1,rdkit_canonicalization
qm9_cn_subset:28522,28522,3646,smiles,NC1=CN=C(N)C(N)=N1,Nc1cnc(N)c(N)n1,rdkit_canonicalization
qm9_cn_subset:28563,28563,3647,smiles,CC1=CC=C(N1)C1CC1,Cc1ccc(C2CC2)[nH]1,rdkit_canonicalization
qm9_cn_subset:28564,28564,3648,smiles,CC1=CC=C(N1)C1CN1,Cc1ccc(C2CN2)[nH]1,rdkit_canonicalization
qm9_cn_subset:28566,28566,3649,smiles,CC1=CC=C(N1)N1CC1,Cc1ccc(N2CC2)[nH]1,rdkit_canonicalization
qm9_cn_subset:28571,28571,3650,smiles,CC1=CN=C(N1)C1CN1,Cc1cnc(C2CN2)[nH]1,rdkit_canonicalization
qm9_cn_subset:28577,28577,3651,smiles,CC1=NC=C(N1)C1CN1,Cc1ncc(C2CN2)[nH]1,rdkit_canonicalization
qm9_cn_subset:28583,28583,3652,smiles,NC1=CC=C(N1)C1CC1,Nc1ccc(C2CC2)[nH]1,rdkit_canonicalization
qm9_cn_subset:28584,28584,3653,smiles,NC1=CC=C(N1)C1CN1,Nc1ccc(C2CN2)[nH]1,rdkit_canonicalization
qm9_cn_subset:28586,28586,3654,smiles,NC1=CC=C(N1)N1CC1,Nc1ccc(N2CC2)[nH]1,rdkit_canonicalization
qm9_cn_subset:28633,28633,3655,smiles,CC1=CC=C(C=C1)C#N,Cc1ccc(C#N)cc1,rdkit_canonicalization
qm9_cn_subset:28634,28634,3656,smiles,CC1=CN=C(C=C1)C#C,C#Cc1ccc(C)cn1,rdkit_canonicalization
qm9_cn_subset:28635,28635,3657,smiles,CC1=CN=C(C=C1)C#N,Cc1ccc(C#N)nc1,rdkit_canonicalization
qm9_cn_subset:28636,28636,3658,smiles,CC1=CN=C(C=N1)C#C,C#Cc1cnc(C)cn1,rdkit_canonicalization
qm9_cn_subset:28637,28637,3659,smiles,CC1=CN=C(C=N1)C#N,Cc1cnc(C#N)cn1,rdkit_canonicalization
qm9_cn_subset:28638,28638,3660,smiles,CC1=CN=C(N=C1)C#C,C#Cc1ncc(C)cn1,rdkit_canonicalization
qm9_cn_subset:28639,28639,3661,smiles,CC1=CN=C(N=C1)C#N,Cc1cnc(C#N)nc1,rdkit_canonicalization
qm9_cn_subset:28640,28640,3662,smiles,CC1=NC=C(C=C1)C#C,C#Cc1ccc(C)nc1,rdkit_canonicalization
qm9_cn_subset:28641,28641,3663,smiles,CC1=NC=C(C=C1)C#N,Cc1ccc(C#N)cn1,rdkit_canonicalization
qm9_cn_subset:28642,28642,3664,smiles,CC1=NC=C(C=N1)C#C,C#Cc1cnc(C)nc1,rdkit_canonicalization
qm9_cn_subset:28643,28643,3665,smiles,CC1=NC=C(C=N1)C#N,Cc1ncc(C#N)cn1,rdkit_canonicalization
qm9_cn_subset:28644,28644,3666,smiles,CC1=NC=C(N=C1)C#C,C#Cc1cnc(C)cn1,rdkit_canonicalization
qm9_cn_subset:28645,28645,3667,smiles,CC1=NC=C(N=C1)C#N,Cc1cnc(C#N)cn1,rdkit_canonicalization
qm9_cn_subset:28646,28646,3668,smiles,NC1=CC=C(C=C1)C#C,C#Cc1ccc(N)cc1,rdkit_canonicalization
qm9_cn_subset:28647,28647,3669,smiles,NC1=CC=C(C=C1)C#N,N#Cc1ccc(N)cc1,rdkit_canonicalization
qm9_cn_subset:28648,28648,3670,smiles,NC1=CN=C(C=C1)C#C,C#Cc1ccc(N)cn1,rdkit_canonicalization
qm9_cn_subset:28649,28649,3671,smiles,NC1=CN=C(C=C1)C#N,N#Cc1ccc(N)cn1,rdkit_canonicalization
qm9_cn_subset:28650,28650,3672,smiles,NC1=CN=C(C=N1)C#C,C#Cc1cnc(N)cn1,rdkit_canonicalization
qm9_cn_subset:28651,28651,3673,smiles,NC1=CN=C(C=N1)C#N,N#Cc1cnc(N)cn1,rdkit_canonicalization
qm9_cn_subset:28652,28652,3674,smiles,NC1=CN=C(N=C1)C#C,C#Cc1ncc(N)cn1,rdkit_canonicalization
qm9_cn_subset:28653,28653,3675,smiles,NC1=CN=C(N=C1)C#N,N#Cc1ncc(N)cn1,rdkit_canonicalization
qm9_cn_subset:28654,28654,3676,smiles,NC1=NC=C(C=C1)C#C,C#Cc1ccc(N)nc1,rdkit_canonicalization
qm9_cn_subset:28655,28655,3677,smiles,NC1=NC=C(C=C1)C#N,N#Cc1ccc(N)nc1,rdkit_canonicalization
qm9_cn_subset:28656,28656,3678,smiles,NC1=NC=C(C=N1)C#C,C#Cc1cnc(N)nc1,rdkit_canonicalization
qm9_cn_subset:28657,28657,3679,smiles,NC1=NC=C(C=N1)C#N,N#Cc1cnc(N)nc1,rdkit_canonicalization
qm9_cn_subset:28658,28658,3680,smiles,NC1=NC=C(N=C1)C#C,C#Cc1cnc(N)cn1,rdkit_canonicalization
qm9_cn_subset:28659,28659,3681,smiles,NC1=NC=C(N=C1)C#N,N#Cc1cnc(N)cn1,rdkit_canonicalization
qm9_cn_subset:28672,28672,3682,smiles,CC1=CC=C(CC#C)N1,C#CCc1ccc(C)[nH]1,rdkit_canonicalization
qm9_cn_subset:28674,28674,3683,smiles,CC1=CC=C(CC#N)N1,Cc1ccc(CC#N)[nH]1,rdkit_canonicalization
qm9_cn_subset:28676,28676,3684,smiles,CC1=CN=C(CC#C)N1,C#CCc1ncc(C)[nH]1,rdkit_canonicalization
qm9_cn_subset:28678,28678,3685,smiles,CC1=CN=C(CC#N)N1,Cc1cnc(CC#N)[nH]1,rdkit_canonicalization
qm9_cn_subset:28680,28680,3686,smiles,CC1=NC=C(CC#C)N1,C#CCc1cnc(C)[nH]1,rdkit_canonicalization
qm9_cn_subset:28682,28682,3687,smiles,CC1=NC=C(CC#N)N1,Cc1ncc(CC#N)[nH]1,rdkit_canonicalization
qm9_cn_subset:28684,28684,3688,smiles,NC1=CC=C(CC#C)N1,C#CCc1ccc(N)[nH]1,rdkit_canonicalization
qm9_cn_subset:28686,28686,3689,smiles,NC1=CC=C(CC#N)N1,N#CCc1ccc(N)[nH]1,rdkit_canonicalization
qm9_cn_subset:28689,28689,3690,smiles,NC1=CN=C(CC#N)N1,N#CCc1ncc(N)[nH]1,rdkit_canonicalization
qm9_cn_subset:28762,28762,3691,smiles,CC1=CC=C2C3CC3N12,Cc1ccc2n1C1CC21,rdkit_canonicalization
qm9_cn_subset:28763,28763,3692,smiles,CC1=CN=C2C3CC3N12,Cc1cnc2n1C1CC21,rdkit_canonicalization
qm9_cn_subset:28764,28764,3693,smiles,NC1=CC=C2C3CC3N12,Nc1ccc2n1C1CC21,rdkit_canonicalization
qm9_cn_subset:28768,28768,3694,smiles,CC1=CC=C2C=CCN12,Cc1ccc2n1CC=C2,rdkit_canonicalization
qm9_cn_subset:28769,28769,3695,smiles,CC1=CN=C2C=CCN12,Cc1cnc2n1CC=C2,rdkit_canonicalization
qm9_cn_subset:28770,28770,3696,smiles,CC1=NC=C2C=CCN12,Cc1ncc2n1CC=C2,rdkit_canonicalization
qm9_cn_subset:28771,28771,3697,smiles,NC1=CC=C2C=CCN12,Nc1ccc2n1CC=C2,rdkit_canonicalization
qm9_cn_subset:28775,28775,3698,smiles,CC1=CC=C2CC=CN12,Cc1ccc2n1C=CC2,rdkit_canonicalization
qm9_cn_subset:28776,28776,3699,smiles,CC1=CN=C2CC=CN12,Cc1cnc2n1C=CC2,rdkit_canonicalization
qm9_cn_subset:28778,28778,3700,smiles,CC1=NC=C2CC=CN12,Cc1ncc2n1C=CC2,rdkit_canonicalization
qm9_cn_subset:28779,28779,3701,smiles,NC1=CC=C2CC=CN12,Nc1ccc2n1C=CC2,rdkit_canonicalization
qm9_cn_subset:28780,28780,3702,smiles,NC1=CN=C2CC=CN12,Nc1cnc2n1C=CC2,rdkit_canonicalization
qm9_cn_subset:28787,28787,3703,smiles,CC1=CC=C2CCCN12,Cc1ccc2n1CCC2,rdkit_canonicalization
qm9_cn_subset:28788,28788,3704,smiles,CC1=CC=C2NCCN12,Cc1ccc2n1CCN2,rdkit_canonicalization
qm9_cn_subset:28792,28792,3705,smiles,NC1=CC=C2CCCN12,Nc1ccc2n1CCC2,rdkit_canonicalization
qm9_cn_subset:28793,28793,3706,smiles,NC1=CC=C2NCCN12,Nc1ccc2n1CCN2,rdkit_canonicalization
qm9_cn_subset:28808,28808,3707,smiles,CC1=CC=NC(=N)C=N1,Cc1ccnc(=N)cn1,rdkit_canonicalization
qm9_cn_subset:28809,28809,3708,smiles,CC1=CC=NC(=N)N=C1,Cc1ccnc(=N)nc1,rdkit_canonicalization
qm9_cn_subset:28813,28813,3709,smiles,CC1=CN=CC(=N)C=N1,Cc1cncc(=N)cn1,rdkit_canonicalization
qm9_cn_subset:28814,28814,3710,smiles,CC1=CN=CC(=N)N=C1,Cc1cncc(=N)nc1,rdkit_canonicalization
qm9_cn_subset:28818,28818,3711,smiles,CC1=NC=CC(=N)C=N1,Cc1nccc(=N)cn1,rdkit_canonicalization
qm9_cn_subset:28819,28819,3712,smiles,CC1=NC=CC(=N)N=C1,Cc1cnc(=N)ccn1,rdkit_canonicalization
qm9_cn_subset:28823,28823,3713,smiles,CC1=NC=NC(=N)C=C1,Cc1ccc(=N)ncn1,rdkit_canonicalization
qm9_cn_subset:28824,28824,3714,smiles,CC1=NC=NC(=N)C=N1,Cc1ncnc(=N)cn1,rdkit_canonicalization
qm9_cn_subset:28825,28825,3715,smiles,CC1=NC=NC(=N)N=C1,Cc1cnc(=N)ncn1,rdkit_canonicalization
qm9_cn_subset:28832,28832,3716,smiles,NC1=CC=NC(=N)N=C1,N=c1nccc(N)cn1,rdkit_canonicalization
qm9_cn_subset:28836,28836,3717,smiles,NC1=CN=CC(=N)C=N1,N=c1cncc(N)nc1,rdkit_canonicalization
qm9_cn_subset:28837,28837,3718,smiles,NC1=CN=CC(=N)N=C1,N=c1cncc(N)cn1,rdkit_canonicalization
qm9_cn_subset:28841,28841,3719,smiles,NC1=NC=CC(=N)N=C1,N=c1ccnc(N)cn1,rdkit_canonicalization
qm9_cn_subset:28844,28844,3720,smiles,NC1=NC=NC(=N)C=N1,N=c1cnc(N)ncn1,rdkit_canonicalization
qm9_cn_subset:28845,28845,3721,smiles,NC1=NC=NC(=N)N=C1,N=c1ncnc(N)cn1,rdkit_canonicalization
qm9_cn_subset:28865,28865,3722,smiles,CC1=C(C)C(N)=CC=C1,Cc1cccc(N)c1C,rdkit_canonicalization
qm9_cn_subset:28866,28866,3723,smiles,CC1=C(C)C(N)=CN=C1,Cc1cncc(N)c1C,rdkit_canonicalization
qm9_cn_subset:28867,28867,3724,smiles,CC1=C(C)C(N)=NC=N1,Cc1ncnc(N)c1C,rdkit_canonicalization
qm9_cn_subset:28873,28873,3725,smiles,CC1=C(N)C(N)=CC=C1,Cc1cccc(N)c1N,rdkit_canonicalization
qm9_cn_subset:28874,28874,3726,smiles,CC1=C(N)C(N)=NC=N1,Cc1ncnc(N)c1N,rdkit_canonicalization
qm9_cn_subset:28879,28879,3727,smiles,CC1=C(N)C=CC=C1N,Cc1c(N)cccc1N,rdkit_canonicalization
qm9_cn_subset:28882,28882,3728,smiles,CC1=C(N)C=NC=C1N,Cc1c(N)cncc1N,rdkit_canonicalization
qm9_cn_subset:28884,28884,3729,smiles,CC1=C(N)N=CN=C1N,Cc1c(N)ncnc1N,rdkit_canonicalization
qm9_cn_subset:28900,28900,3730,smiles,CC1=CC=CC(C)=C1N,Cc1cccc(C)c1N,rdkit_canonicalization
qm9_cn_subset:28902,28902,3731,smiles,CC1=CN=CC(C)=C1C,Cc1cncc(C)c1C,rdkit_canonicalization
qm9_cn_subset:28904,28904,3732,smiles,CC1=NC=CC(C)=C1C,Cc1ccnc(C)c1C,rdkit_canonicalization
qm9_cn_subset:28905,28905,3733,smiles,CC1=NC=CC(C)=C1N,Cc1ccnc(C)c1N,rdkit_canonicalization
qm9_cn_subset:28907,28907,3734,smiles,CC1=NC=NC(C)=C1C,Cc1ncnc(C)c1C,rdkit_canonicalization
qm9_cn_subset:28908,28908,3735,smiles,CC1=NC=NC(C)=C1N,Cc1ncnc(C)c1N,rdkit_canonicalization
qm9_cn_subset:28920,28920,3736,smiles,NC1=CC=CC(N)=C1N,Nc1cccc(N)c1N,rdkit_canonicalization
qm9_cn_subset:28929,28929,3737,smiles,CC1=CC=CN1C1CC1,Cc1cccn1C1CC1,rdkit_canonicalization
qm9_cn_subset:28930,28930,3738,smiles,CC1=CN=CN1C1CC1,Cc1cncn1C1CC1,rdkit_canonicalization
qm9_cn_subset:28931,28931,3739,smiles,CC1=NC=CN1C1CC1,Cc1nccn1C1CC1,rdkit_canonicalization
qm9_cn_subset:28932,28932,3740,smiles,NC1=CC=CN1C1CC1,Nc1cccn1C1CC1,rdkit_canonicalization
qm9_cn_subset:28936,28936,3741,smiles,CC1=CC=CN1CC#C,C#CCn1cccc1C,rdkit_canonicalization
qm9_cn_subset:28937,28937,3742,smiles,CC1=CC=CN1CC#N,Cc1cccn1CC#N,rdkit_canonicalization
qm9_cn_subset:28938,28938,3743,smiles,CC1=CN=CN1CC#C,C#CCn1cncc1C,rdkit_canonicalization
qm9_cn_subset:28939,28939,3744,smiles,CC1=CN=CN1CC#N,Cc1cncn1CC#N,rdkit_canonicalization
qm9_cn_subset:28940,28940,3745,smiles,CC1=NC=CN1CC#C,C#CCn1ccnc1C,rdkit_canonicalization
qm9_cn_subset:28941,28941,3746,smiles,CC1=NC=CN1CC#N,Cc1nccn1CC#N,rdkit_canonicalization
qm9_cn_subset:28942,28942,3747,smiles,NC1=CC=CN1CC#C,C#CCn1cccc1N,rdkit_canonicalization
qm9_cn_subset:28943,28943,3748,smiles,NC1=CC=CN1CC#N,N#CCn1cccc1N,rdkit_canonicalization
qm9_cn_subset:28958,28958,3749,smiles,CC1=CC=CC=C1C#N,Cc1ccccc1C#N,rdkit_canonicalization
qm9_cn_subset:28959,28959,3750,smiles,CC1=CC=CN=C1C#C,C#Cc1ncccc1C,rdkit_canonicalization
qm9_cn_subset:28960,28960,3751,smiles,CC1=CC=CN=C1C#N,Cc1cccnc1C#N,rdkit_canonicalization
qm9_cn_subset:28961,28961,3752,smiles,CC1=CC=NC=C1C#C,C#Cc1cnccc1C,rdkit_canonicalization
qm9_cn_subset:28962,28962,3753,smiles,CC1=CC=NC=C1C#N,Cc1ccncc1C#N,rdkit_canonicalization
qm9_cn_subset:28963,28963,3754,smiles,CC1=CN=CC=C1C#C,C#Cc1ccncc1C,rdkit_canonicalization
qm9_cn_subset:28964,28964,3755,smiles,CC1=CN=CC=C1C#N,Cc1cnccc1C#N,rdkit_canonicalization
qm9_cn_subset:28965,28965,3756,smiles,CC1=CN=CN=C1C#C,C#Cc1ncncc1C,rdkit_canonicalization
qm9_cn_subset:28966,28966,3757,smiles,CC1=CN=CN=C1C#N,Cc1cncnc1C#N,rdkit_canonicalization
qm9_cn_subset:28967,28967,3758,smiles,CC1=NC=CC=C1C#C,C#Cc1cccnc1C,rdkit_canonicalization
qm9_cn_subset:28968,28968,3759,smiles,CC1=NC=CC=C1C#N,Cc1ncccc1C#N,rdkit_canonicalization
qm9_cn_subset:28969,28969,3760,smiles,CC1=NC=CN=C1C#C,C#Cc1nccnc1C,rdkit_canonicalization
qm9_cn_subset:28970,28970,3761,smiles,CC1=NC=CN=C1C#N,Cc1nccnc1C#N,rdkit_canonicalization
qm9_cn_subset:28971,28971,3762,smiles,CC1=NC=NC=C1C#C,C#Cc1cncnc1C,rdkit_canonicalization
qm9_cn_subset:28972,28972,3763,smiles,CC1=NC=NC=C1C#N,Cc1ncncc1C#N,rdkit_canonicalization
qm9_cn_subset:28973,28973,3764,smiles,NC1=CC=CC=C1C#C,C#Cc1ccccc1N,rdkit_canonicalization
qm9_cn_subset:28974,28974,3765,smiles,NC1=CC=CC=C1C#N,N#Cc1ccccc1N,rdkit_canonicalization
qm9_cn_subset:28975,28975,3766,smiles,NC1=CC=CN=C1C#C,C#Cc1ncccc1N,rdkit_canonicalization
qm9_cn_subset:28976,28976,3767,smiles,NC1=CC=CN=C1C#N,N#Cc1ncccc1N,rdkit_canonicalization
qm9_cn_subset:28977,28977,3768,smiles,NC1=CC=NC=C1C#N,N#Cc1cnccc1N,rdkit_canonicalization
qm9_cn_subset:28978,28978,3769,smiles,NC1=CN=CC=C1C#C,C#Cc1ccncc1N,rdkit_canonicalization
qm9_cn_subset:28979,28979,3770,smiles,NC1=CN=CC=C1C#N,N#Cc1ccncc1N,rdkit_canonicalization
qm9_cn_subset:28980,28980,3771,smiles,NC1=CN=CN=C1C#C,C#Cc1ncncc1N,rdkit_canonicalization
qm9_cn_subset:28981,28981,3772,smiles,NC1=CN=CN=C1C#N,N#Cc1ncncc1N,rdkit_canonicalization
qm9_cn_subset:28982,28982,3773,smiles,NC1=NC=CC=C1C#C,C#Cc1cccnc1N,rdkit_canonicalization
qm9_cn_subset:28983,28983,3774,smiles,NC1=NC=CC=C1C#N,N#Cc1cccnc1N,rdkit_canonicalization
qm9_cn_subset:28984,28984,3775,smiles,NC1=NC=CN=C1C#C,C#Cc1nccnc1N,rdkit_canonicalization
qm9_cn_subset:28985,28985,3776,smiles,NC1=NC=CN=C1C#N,N#Cc1nccnc1N,rdkit_canonicalization
qm9_cn_subset:28986,28986,3777,smiles,NC1=NC=NC=C1C#C,C#Cc1cncnc1N,rdkit_canonicalization
qm9_cn_subset:28987,28987,3778,smiles,NC1=NC=NC=C1C#N,N#Cc1cncnc1N,rdkit_canonicalization
qm9_cn_subset:29028,29028,3779,smiles,CC1=CC=NC=NC1=N,Cc1ccncnc1=N,rdkit_canonicalization
qm9_cn_subset:29031,29031,3780,smiles,CC1=CN=CC=NC1=N,Cc1cnccnc1=N,rdkit_canonicalization
qm9_cn_subset:29033,29033,3781,smiles,CC1=CN=CN=CC1=N,Cc1cncncc1=N,rdkit_canonicalization
qm9_cn_subset:29036,29036,3782,smiles,CC1=NC=CC=NC1=N,Cc1ncccnc1=N,rdkit_canonicalization
qm9_cn_subset:29038,29038,3783,smiles,CC1=NC=CN=CC1=N,Cc1nccncc1=N,rdkit_canonicalization
qm9_cn_subset:29040,29040,3784,smiles,CC1=NC=NC=CC1=N,Cc1ncnccc1=N,rdkit_canonicalization
qm9_cn_subset:29042,29042,3785,smiles,CC1=NC=NC=NC1=N,Cc1ncncnc1=N,rdkit_canonicalization
qm9_cn_subset:29048,29048,3786,smiles,NC1=CC=NC=NC1=N,N=c1ncnccc1N,rdkit_canonicalization
qm9_cn_subset:29051,29051,3787,smiles,NC1=CN=CC=NC1=N,N=c1nccncc1N,rdkit_canonicalization
qm9_cn_subset:29053,29053,3788,smiles,NC1=CN=CN=CC1=N,N=c1cncncc1N,rdkit_canonicalization
qm9_cn_subset:29056,29056,3789,smiles,NC1=NC=CC=NC1=N,N=c1ncccnc1N,rdkit_canonicalization
qm9_cn_subset:29058,29058,3790,smiles,NC1=NC=CN=CC1=N,N=c1cnccnc1N,rdkit_canonicalization
qm9_cn_subset:29060,29060,3791,smiles,NC1=NC=NC=CC1=N,N=c1ccncnc1N,rdkit_canonicalization
qm9_cn_subset:29062,29062,3792,smiles,NC1=NC=NC=NC1=N,N=c1ncncnc1N,rdkit_canonicalization
qm9_cn_subset:29213,29213,3793,smiles,NC1=C[N-]C(=N)[NH+]=C1N,N=c1[n-]cc(N)c(N)[nH+]1,rdkit_canonicalization
qm9_cn_subset:29264,29264,3794,smiles,CC1=CNC(=C1)C1CC1,Cc1c[nH]c(C2CC2)c1,rdkit_canonicalization
qm9_cn_subset:29265,29265,3795,smiles,CC1=CNC(=C1)C1CN1,Cc1c[nH]c(C2CN2)c1,rdkit_canonicalization
qm9_cn_subset:29267,29267,3796,smiles,CC1=CNC(=C1)N1CC1,Cc1c[nH]c(N2CC2)c1,rdkit_canonicalization
qm9_cn_subset:29268,29268,3797,smiles,CC1=CNC(=N1)C1CC1,Cc1c[nH]c(C2CC2)n1,rdkit_canonicalization
qm9_cn_subset:29269,29269,3798,smiles,CC1=CNC(=N1)C1CN1,Cc1c[nH]c(C2CN2)n1,rdkit_canonicalization
qm9_cn_subset:29271,29271,3799,smiles,CC1=CNC(=N1)N1CC1,Cc1c[nH]c(N2CC2)n1,rdkit_canonicalization
qm9_cn_subset:29280,29280,3800,smiles,NC1=CNC(=C1)C1CC1,Nc1c[nH]c(C2CC2)c1,rdkit_canonicalization
qm9_cn_subset:29281,29281,3801,smiles,NC1=CNC(=C1)C1CN1,Nc1c[nH]c(C2CN2)c1,rdkit_canonicalization
qm9_cn_subset:29283,29283,3802,smiles,NC1=CNC(=C1)N1CC1,Nc1c[nH]c(N2CC2)c1,rdkit_canonicalization
qm9_cn_subset:29284,29284,3803,smiles,NC1=CNC(=N1)C1CC1,Nc1c[nH]c(C2CC2)n1,rdkit_canonicalization
qm9_cn_subset:29285,29285,3804,smiles,NC1=CNC(=N1)C1CN1,Nc1c[nH]c(C2CN2)n1,rdkit_canonicalization
qm9_cn_subset:29308,29308,3805,smiles,CC1=C(NC=C1N)C#C,C#Cc1[nH]cc(N)c1C,rdkit_canonicalization
qm9_cn_subset:29309,29309,3806,smiles,CC1=C(NC=C1N)C#N,Cc1c(N)c[nH]c1C#N,rdkit_canonicalization
qm9_cn_subset:29314,29314,3807,smiles,CC1=CNC(C#C)=C1C,C#Cc1[nH]cc(C)c1C,rdkit_canonicalization
qm9_cn_subset:29315,29315,3808,smiles,CC1=CNC(C#C)=C1N,C#Cc1[nH]cc(C)c1N,rdkit_canonicalization
qm9_cn_subset:29317,29317,3809,smiles,CC1=CNC(C#N)=C1C,Cc1c[nH]c(C#N)c1C,rdkit_canonicalization
qm9_cn_subset:29318,29318,3810,smiles,CC1=CNC(C#N)=C1N,Cc1c[nH]c(C#N)c1N,rdkit_canonicalization
qm9_cn_subset:29326,29326,3811,smiles,NC1=CNC(C#C)=C1N,C#Cc1[nH]cc(N)c1N,rdkit_canonicalization
qm9_cn_subset:29328,29328,3812,smiles,NC1=CNC(C#N)=C1N,N#Cc1[nH]cc(N)c1N,rdkit_canonicalization
qm9_cn_subset:29332,29332,3813,smiles,CC1=C(C#C)C(N)=CN1,C#Cc1c(N)c[nH]c1C,rdkit_canonicalization
qm9_cn_subset:29335,29335,3814,smiles,CC1=C(C#N)C(N)=CN1,Cc1[nH]cc(N)c1C#N,rdkit_canonicalization
qm9_cn_subset:29338,29338,3815,smiles,CC1=CNC(C)=C1C#C,C#Cc1c(C)c[nH]c1C,rdkit_canonicalization
qm9_cn_subset:29339,29339,3816,smiles,CC1=CNC(C)=C1C#N,Cc1c[nH]c(C)c1C#N,rdkit_canonicalization
qm9_cn_subset:29340,29340,3817,smiles,CC1=CNC(N)=C1C#C,C#Cc1c(C)c[nH]c1N,rdkit_canonicalization
qm9_cn_subset:29341,29341,3818,smiles,CC1=CNC(N)=C1C#N,Cc1c[nH]c(N)c1C#N,rdkit_canonicalization
qm9_cn_subset:29350,29350,3819,smiles,NC1=CNC(N)=C1C#C,C#Cc1c(N)c[nH]c1N,rdkit_canonicalization
qm9_cn_subset:29351,29351,3820,smiles,NC1=CNC(N)=C1C#N,N#Cc1c(N)c[nH]c1N,rdkit_canonicalization
qm9_cn_subset:29371,29371,3821,smiles,CC1=CNC(CC#C)=C1,C#CCc1cc(C)c[nH]1,rdkit_canonicalization
qm9_cn_subset:29372,29372,3822,smiles,CC1=CNC(CC#C)=N1,C#CCc1nc(C)c[nH]1,rdkit_canonicalization
qm9_cn_subset:29373,29373,3823,smiles,CC1=CNC(CC#N)=C1,Cc1c[nH]c(CC#N)c1,rdkit_canonicalization
qm9_cn_subset:29374,29374,3824,smiles,CC1=CNC(CC#N)=N1,Cc1c[nH]c(CC#N)n1,rdkit_canonicalization
qm9_cn_subset:29379,29379,3825,smiles,NC1=CNC(CC#C)=C1,C#CCc1cc(N)c[nH]1,rdkit_canonicalization
qm9_cn_subset:29380,29380,3826,smiles,NC1=CNC(CC#C)=N1,C#CCc1nc(N)c[nH]1,rdkit_canonicalization
qm9_cn_subset:29381,29381,3827,smiles,NC1=CNC(CC#N)=C1,N#CCc1cc(N)c[nH]1,rdkit_canonicalization
qm9_cn_subset:29382,29382,3828,smiles,NC1=CNC(CC#N)=N1,N#CCc1nc(N)c[nH]1,rdkit_canonicalization
qm9_cn_subset:29444,29444,3829,smiles,CC1=CCC2=C1C=CN2,CC1=CCc2[nH]ccc21,rdkit_canonicalization
qm9_cn_subset:29446,29446,3830,smiles,CC1=CCC2=C1N=CN2,CC1=CCc2[nH]cnc21,rdkit_canonicalization
qm9_cn_subset:29448,29448,3831,smiles,CC1=CNC2=C1C=CC2,Cc1c[nH]c2c1C=CC2,rdkit_canonicalization
qm9_cn_subset:29449,29449,3832,smiles,CC1=CNC2=C1C=CN2,Cc1c[nH]c2[nH]ccc12,rdkit_canonicalization
qm9_cn_subset:29451,29451,3833,smiles,CC1=CNC2=C1N=CN2,Cc1c[nH]c2[nH]cnc12,rdkit_canonicalization
qm9_cn_subset:29458,29458,3834,smiles,NC1=CNC2=C1C=CC2,Nc1c[nH]c2c1C=CC2,rdkit_canonicalization
qm9_cn_subset:29459,29459,3835,smiles,NC1=CNC2=C1C=CN2,Nc1c[nH]c2[nH]ccc12,rdkit_canonicalization
qm9_cn_subset:29461,29461,3836,smiles,NC1=CNC2=C1N=CN2,Nc1c[nH]c2[nH]cnc12,rdkit_canonicalization
qm9_cn_subset:29469,29469,3837,smiles,NC1=NCC2=C1N=CN2,NC1=NCc2[nH]cnc21,rdkit_canonicalization
qm9_cn_subset:29476,29476,3838,smiles,CC1=CCC2=C1NC=C2,CC1=CCc2cc[nH]c21,rdkit_canonicalization
qm9_cn_subset:29477,29477,3839,smiles,CC1=CCC2=C1NC=N2,CC1=CCc2nc[nH]c21,rdkit_canonicalization
qm9_cn_subset:29480,29480,3840,smiles,CC1=CNC2=C1CC=C2,Cc1c[nH]c2c1CC=C2,rdkit_canonicalization
qm9_cn_subset:29481,29481,3841,smiles,CC1=CNC2=C1NC=C2,Cc1c[nH]c2cc[nH]c12,rdkit_canonicalization
qm9_cn_subset:29482,29482,3842,smiles,CC1=CNC2=C1NC=N2,Cc1c[nH]c2nc[nH]c12,rdkit_canonicalization
qm9_cn_subset:29490,29490,3843,smiles,NC1=CNC2=C1CC=C2,Nc1c[nH]c2c1CC=C2,rdkit_canonicalization
qm9_cn_subset:29491,29491,3844,smiles,NC1=CNC2=C1NC=C2,Nc1c[nH]c2cc[nH]c12,rdkit_canonicalization
qm9_cn_subset:29492,29492,3845,smiles,NC1=CNC2=C1NC=N2,Nc1c[nH]c2nc[nH]c12,rdkit_canonicalization
qm9_cn_subset:29505,29505,3846,smiles,CC1=CNC2=C1CCC2,Cc1c[nH]c2c1CCC2,rdkit_canonicalization
qm9_cn_subset:29506,29506,3847,smiles,CC1=CNC2=C1CCN2,Cc1c[nH]c2c1CCN2,rdkit_canonicalization
qm9_cn_subset:29509,29509,3848,smiles,CC1=CNC2=C1NCC2,Cc1c[nH]c2c1NCC2,rdkit_canonicalization
qm9_cn_subset:29519,29519,3849,smiles,NC1=CNC2=C1CCC2,Nc1c[nH]c2c1CCC2,rdkit_canonicalization
qm9_cn_subset:29520,29520,3850,smiles,NC1=CNC2=C1CCN2,Nc1c[nH]c2c1CCN2,rdkit_canonicalization
qm9_cn_subset:29523,29523,3851,smiles,NC1=CNC2=C1NCC2,Nc1c[nH]c2c1NCC2,rdkit_canonicalization
qm9_cn_subset:29541,29541,3852,smiles,CC1=CCC2=CC=CN12,CC1=CCc2cccn21,rdkit_canonicalization
qm9_cn_subset:29542,29542,3853,smiles,CC1=CCC2=CN=CN12,CC1=CCc2cncn21,rdkit_canonicalization
qm9_cn_subset:29543,29543,3854,smiles,CC1=CCC2=NC=CN12,CC1=CCc2nccn21,rdkit_canonicalization
qm9_cn_subset:29547,29547,3855,smiles,CC1=CCC2=CNC=C12,CC1=CCc2c[nH]cc21,rdkit_canonicalization
qm9_cn_subset:29550,29550,3856,smiles,CC1=CCN2C=CC=C12,CC1=CCn2cccc21,rdkit_canonicalization
qm9_cn_subset:29551,29551,3857,smiles,CC1=CCN2C=CN=C12,CC1=CCn2ccnc21,rdkit_canonicalization
qm9_cn_subset:29552,29552,3858,smiles,CC1=CCN2C=NC=C12,CC1=CCn2cncc21,rdkit_canonicalization
qm9_cn_subset:29569,29569,3859,smiles,CC1=CNC=C1C1CC1,Cc1c[nH]cc1C1CC1,rdkit_canonicalization
qm9_cn_subset:29570,29570,3860,smiles,CC1=CNC=C1C1CN1,Cc1c[nH]cc1C1CN1,rdkit_canonicalization
qm9_cn_subset:29572,29572,3861,smiles,CC1=CNC=C1N1CC1,Cc1c[nH]cc1N1CC1,rdkit_canonicalization
qm9_cn_subset:29577,29577,3862,smiles,NC1=CNC=C1C1CC1,Nc1c[nH]cc1C1CC1,rdkit_canonicalization
qm9_cn_subset:29578,29578,3863,smiles,NC1=CNC=C1C1CN1,Nc1c[nH]cc1C1CN1,rdkit_canonicalization
qm9_cn_subset:29580,29580,3864,smiles,NC1=CNC=C1N1CC1,Nc1c[nH]cc1N1CC1,rdkit_canonicalization
qm9_cn_subset:29589,29589,3865,smiles,CC1=CNC=C1CC#C,C#CCc1c[nH]cc1C,rdkit_canonicalization
qm9_cn_subset:29590,29590,3866,smiles,CC1=CNC=C1CC#N,Cc1c[nH]cc1CC#N,rdkit_canonicalization
qm9_cn_subset:29593,29593,3867,smiles,NC1=CNC=C1CC#C,C#CCc1c[nH]cc1N,rdkit_canonicalization
qm9_cn_subset:29594,29594,3868,smiles,NC1=CNC=C1CC#N,N#CCc1c[nH]cc1N,rdkit_canonicalization
qm9_cn_subset:29626,29626,3869,smiles,CN1C(=N)N=CN=C1C,Cc1ncnc(=N)n1C,rdkit_canonicalization
qm9_cn_subset:29685,29685,3870,smiles,CN1C(C)=CC(C)=C1C,Cc1cc(C)n(C)c1C,rdkit_canonicalization
qm9_cn_subset:29686,29686,3871,smiles,CN1C(C)=CC(C)=C1N,Cc1cc(C)n(C)c1N,rdkit_canonicalization
qm9_cn_subset:29688,29688,3872,smiles,CN1C(C)=CC(N)=C1C,Cc1cc(N)c(C)n1C,rdkit_canonicalization
qm9_cn_subset:29698,29698,3873,smiles,CN1C(N)=CC(C)=C1C,Cc1cc(N)n(C)c1C,rdkit_canonicalization
qm9_cn_subset:29700,29700,3874,smiles,CN1C(N)=CC(N)=C1C,Cc1c(N)cc(N)n1C,rdkit_canonicalization
qm9_cn_subset:29725,29725,3875,smiles,CN1C(C)=CC=C1C#C,C#Cc1ccc(C)n1C,rdkit_canonicalization
qm9_cn_subset:29726,29726,3876,smiles,CN1C(C)=CC=C1C#N,Cc1ccc(C#N)n1C,rdkit_canonicalization
qm9_cn_subset:29727,29727,3877,smiles,CN1C(C)=CN=C1C#C,C#Cc1ncc(C)n1C,rdkit_canonicalization
qm9_cn_subset:29728,29728,3878,smiles,CN1C(C)=CN=C1C#N,Cc1cnc(C#N)n1C,rdkit_canonicalization
qm9_cn_subset:29729,29729,3879,smiles,CN1C(C)=NC=C1C#C,C#Cc1cnc(C)n1C,rdkit_canonicalization
qm9_cn_subset:29730,29730,3880,smiles,CN1C(C)=NC=C1C#N,Cc1ncc(C#N)n1C,rdkit_canonicalization
qm9_cn_subset:29731,29731,3881,smiles,CN1C(N)=CC=C1C#C,C#Cc1ccc(N)n1C,rdkit_canonicalization
qm9_cn_subset:29732,29732,3882,smiles,CN1C(N)=CC=C1C#N,Cn1c(N)ccc1C#N,rdkit_canonicalization
qm9_cn_subset:29733,29733,3883,smiles,CN1C(N)=CN=C1C#C,C#Cc1ncc(N)n1C,rdkit_canonicalization
qm9_cn_subset:29734,29734,3884,smiles,CN1C(N)=CN=C1C#N,Cn1c(N)cnc1C#N,rdkit_canonicalization
qm9_cn_subset:29735,29735,3885,smiles,CN1C(N)=NC=C1C#N,Cn1c(C#N)cnc1N,rdkit_canonicalization
qm9_cn_subset:29750,29750,3886,smiles,CC1C(C)C2=CC=CN12,CC1c2cccn2C1C,rdkit_canonicalization
qm9_cn_subset:29751,29751,3887,smiles,CC1C(C)C2=CN=CN12,CC1c2cncn2C1C,rdkit_canonicalization
qm9_cn_subset:29752,29752,3888,smiles,CC1C(C)C2=NC=CN12,CC1c2nccn2C1C,rdkit_canonicalization
qm9_cn_subset:29756,29756,3889,smiles,CC1C2C1C1=CC=CN21,CC1C2c3cccn3C12,rdkit_canonicalization
qm9_cn_subset:29757,29757,3890,smiles,CC1C2C1C1=CN=CN21,CC1C2c3cncn3C12,rdkit_canonicalization
qm9_cn_subset:29758,29758,3891,smiles,CC1C2C1C1=NC=CN21,CC1C2c3nccn3C12,rdkit_canonicalization
qm9_cn_subset:29762,29762,3892,smiles,CN1C=C(C)C(=C1)C#C,C#Cc1cn(C)cc1C,rdkit_canonicalization
qm9_cn_subset:29763,29763,3893,smiles,CN1C=C(C)C(=C1)C#N,Cc1cn(C)cc1C#N,rdkit_canonicalization
qm9_cn_subset:29764,29764,3894,smiles,CN1C=C(N)C(=C1)C#C,C#Cc1cn(C)cc1N,rdkit_canonicalization
qm9_cn_subset:29765,29765,3895,smiles,CN1C=C(N)C(=C1)C#N,Cn1cc(N)c(C#N)c1,rdkit_canonicalization
qm9_cn_subset:29768,29768,3896,smiles,CN1C=C(C)C(C)=C1C,Cc1cn(C)c(C)c1C,rdkit_canonicalization
qm9_cn_subset:29769,29769,3897,smiles,CN1C=C(C)C(C)=C1N,Cc1cn(C)c(N)c1C,rdkit_canonicalization
qm9_cn_subset:29771,29771,3898,smiles,CN1C=C(C)C(N)=C1C,Cc1cn(C)c(C)c1N,rdkit_canonicalization
qm9_cn_subset:29776,29776,3899,smiles,CN1C=C(N)C(C)=C1C,Cc1c(N)cn(C)c1C,rdkit_canonicalization
qm9_cn_subset:29777,29777,3900,smiles,CN1C=C(N)C(C)=C1N,Cc1c(N)cn(C)c1N,rdkit_canonicalization
qm9_cn_subset:29779,29779,3901,smiles,CN1C=C(N)C(N)=C1C,Cc1c(N)c(N)cn1C,rdkit_canonicalization
qm9_cn_subset:29799,29799,3902,smiles,CN1C=C(C)C=C1C#C,C#Cc1cc(C)cn1C,rdkit_canonicalization
qm9_cn_subset:29800,29800,3903,smiles,CN1C=C(C)C=C1C#N,Cc1cc(C#N)n(C)c1,rdkit_canonicalization
qm9_cn_subset:29801,29801,3904,smiles,CN1C=C(C)N=C1C#C,C#Cc1nc(C)cn1C,rdkit_canonicalization
qm9_cn_subset:29802,29802,3905,smiles,CN1C=C(C)N=C1C#N,Cc1cn(C)c(C#N)n1,rdkit_canonicalization
qm9_cn_subset:29803,29803,3906,smiles,CN1C=C(N)C=C1C#C,C#Cc1cc(N)cn1C,rdkit_canonicalization
qm9_cn_subset:29804,29804,3907,smiles,CN1C=C(N)C=C1C#N,Cn1cc(N)cc1C#N,rdkit_canonicalization
qm9_cn_subset:29805,29805,3908,smiles,CN1C=C(N)N=C1C#C,C#Cc1nc(N)cn1C,rdkit_canonicalization
qm9_cn_subset:29806,29806,3909,smiles,CN1C=C(N)N=C1C#N,Cn1cc(N)nc1C#N,rdkit_canonicalization
qm9_cn_subset:29833,29833,3910,smiles,CN1C=C(C=C1C)C#C,C#Cc1cc(C)n(C)c1,rdkit_canonicalization
qm9_cn_subset:29834,29834,3911,smiles,CN1C=C(C=C1C)C#N,Cc1cc(C#N)cn1C,rdkit_canonicalization
qm9_cn_subset:29835,29835,3912,smiles,CN1C=C(C=C1N)C#C,C#Cc1cc(N)n(C)c1,rdkit_canonicalization
qm9_cn_subset:29836,29836,3913,smiles,CN1C=C(C=C1N)C#N,Cn1cc(C#N)cc1N,rdkit_canonicalization
qm9_cn_subset:29839,29839,3914,smiles,CN1C=C(N=C1C)C#C,C#Cc1cn(C)c(C)n1,rdkit_canonicalization
qm9_cn_subset:29840,29840,3915,smiles,CN1C=C(N=C1C)C#N,Cc1nc(C#N)cn1C,rdkit_canonicalization
qm9_cn_subset:29841,29841,3916,smiles,CN1C=C(N=C1N)C#C,C#Cc1cn(C)c(N)n1,rdkit_canonicalization
qm9_cn_subset:29842,29842,3917,smiles,CN1C=C(N=C1N)C#N,Cn1cc(C#N)nc1N,rdkit_canonicalization
qm9_cn_subset:29853,29853,3918,smiles,CN1C=C2CC=CC2=C1,Cn1cc2c(c1)CC=C2,rdkit_canonicalization
qm9_cn_subset:29854,29854,3919,smiles,CN1C=C2NC=NC2=C1,Cn1cc2nc[nH]c2c1,rdkit_canonicalization
qm9_cn_subset:29857,29857,3920,smiles,CN1C=C2CCCC2=C1,Cn1cc2c(c1)CCC2,rdkit_canonicalization
qm9_cn_subset:29858,29858,3921,smiles,CN1C=C2CCNC2=C1,Cn1cc2c(c1)NCC2,rdkit_canonicalization
qm9_cn_subset:29865,29865,3922,smiles,CN1C=NC(=N)C(C)=C1,Cc1cn(C)cnc1=N,rdkit_canonicalization
qm9_cn_subset:29866,29866,3923,smiles,CN1C=NC(=N)C(N)=C1,Cn1cnc(=N)c(N)c1,rdkit_canonicalization
qm9_cn_subset:29878,29878,3924,smiles,CN1C=NC(=N)C=C1C,Cc1cc(=N)ncn1C,rdkit_canonicalization
qm9_cn_subset:29880,29880,3925,smiles,CN1C=NC(=N)N=C1C,Cc1nc(=N)ncn1C,rdkit_canonicalization
qm9_cn_subset:29901,29901,3926,smiles,CN1C=CC(=C1)C1CC1,Cn1ccc(C2CC2)c1,rdkit_canonicalization
qm9_cn_subset:29902,29902,3927,smiles,CN1C=CC(=C1)C1CN1,Cn1ccc(C2CN2)c1,rdkit_canonicalization
qm9_cn_subset:29904,29904,3928,smiles,CN1C=CC(=C1)N1CC1,Cn1ccc(N2CC2)c1,rdkit_canonicalization
qm9_cn_subset:29905,29905,3929,smiles,CN1C=NC(=C1)C1CC1,Cn1cnc(C2CC2)c1,rdkit_canonicalization
qm9_cn_subset:29906,29906,3930,smiles,CN1C=NC(=C1)C1CN1,Cn1cnc(C2CN2)c1,rdkit_canonicalization
qm9_cn_subset:29908,29908,3931,smiles,CN1C=NC(=C1)N1CC1,Cn1cnc(N2CC2)c1,rdkit_canonicalization
qm9_cn_subset:29909,29909,3932,smiles,CN1C=CC(C#C)=C1C,C#Cc1ccn(C)c1C,rdkit_canonicalization
qm9_cn_subset:29910,29910,3933,smiles,CN1C=CC(C#C)=C1N,C#Cc1ccn(C)c1N,rdkit_canonicalization
qm9_cn_subset:29912,29912,3934,smiles,CN1C=CC(C#N)=C1C,Cc1c(C#N)ccn1C,rdkit_canonicalization
qm9_cn_subset:29913,29913,3935,smiles,CN1C=CC(C#N)=C1N,Cn1ccc(C#N)c1N,rdkit_canonicalization
qm9_cn_subset:29915,29915,3936,smiles,CN1C=NC(C#C)=C1C,C#Cc1ncn(C)c1C,rdkit_canonicalization
qm9_cn_subset:29916,29916,3937,smiles,CN1C=NC(C#C)=C1N,C#Cc1ncn(C)c1N,rdkit_canonicalization
qm9_cn_subset:29918,29918,3938,smiles,CN1C=NC(C#N)=C1C,Cc1c(C#N)ncn1C,rdkit_canonicalization
qm9_cn_subset:29919,29919,3939,smiles,CN1C=NC(C#N)=C1N,Cn1cnc(C#N)c1N,rdkit_canonicalization
qm9_cn_subset:29921,29921,3940,smiles,CN1C=CC(C)=C1C#C,C#Cc1c(C)ccn1C,rdkit_canonicalization
qm9_cn_subset:29922,29922,3941,smiles,CN1C=CC(C)=C1C#N,Cc1ccn(C)c1C#N,rdkit_canonicalization
qm9_cn_subset:29923,29923,3942,smiles,CN1C=CC(N)=C1C#C,C#Cc1c(N)ccn1C,rdkit_canonicalization
qm9_cn_subset:29924,29924,3943,smiles,CN1C=CC(N)=C1C#N,Cn1ccc(N)c1C#N,rdkit_canonicalization
qm9_cn_subset:29927,29927,3944,smiles,CN1C=NC(C)=C1C#C,C#Cc1c(C)ncn1C,rdkit_canonicalization
qm9_cn_subset:29928,29928,3945,smiles,CN1C=NC(C)=C1C#N,Cc1ncn(C)c1C#N,rdkit_canonicalization
qm9_cn_subset:29929,29929,3946,smiles,CN1C=NC(N)=C1C#C,C#Cc1c(N)ncn1C,rdkit_canonicalization
qm9_cn_subset:29930,29930,3947,smiles,CN1C=NC(N)=C1C#N,Cn1cnc(N)c1C#N,rdkit_canonicalization
qm9_cn_subset:29947,29947,3948,smiles,CN1C=NC(C)=NC1=N,Cc1ncn(C)c(=N)n1,rdkit_canonicalization
qm9_cn_subset:29963,29963,3949,smiles,CN1C=CC(CC#C)=C1,C#CCc1ccn(C)c1,rdkit_canonicalization
qm9_cn_subset:29964,29964,3950,smiles,CN1C=CC(CC#N)=C1,Cn1ccc(CC#N)c1,rdkit_canonicalization
qm9_cn_subset:29965,29965,3951,smiles,CN1C=NC(CC#C)=C1,C#CCc1cn(C)cn1,rdkit_canonicalization
qm9_cn_subset:29966,29966,3952,smiles,CN1C=NC(CC#N)=C1,Cn1cnc(CC#N)c1,rdkit_canonicalization
qm9_cn_subset:29972,29972,3953,smiles,CN1C=NC(NC=N)=C1,Cn1cnc(NC=N)c1,rdkit_canonicalization
qm9_cn_subset:29976,29976,3954,smiles,CC1C=CC2=C1C=CN2,CC1C=Cc2[nH]ccc21,rdkit_canonicalization
qm9_cn_subset:29978,29978,3955,smiles,CC1C=CC2=C1N=CN2,CC1C=Cc2[nH]cnc21,rdkit_canonicalization
qm9_cn_subset:29980,29980,3956,smiles,CN1C=CC2=C1C=CC2,Cn1ccc2c1C=CC2,rdkit_canonicalization
qm9_cn_subset:29981,29981,3957,smiles,CN1C=CC2=C1C=CN2,Cn1ccc2[nH]ccc21,rdkit_canonicalization
qm9_cn_subset:29983,29983,3958,smiles,CN1C=CC2=C1N=CN2,Cn1ccc2[nH]cnc21,rdkit_canonicalization
qm9_cn_subset:29985,29985,3959,smiles,CN1C=NC2=C1C=CC2,Cn1cnc2c1C=CC2,rdkit_canonicalization
qm9_cn_subset:29986,29986,3960,smiles,CN1C=NC2=C1C=CN2,Cn1cnc2[nH]ccc21,rdkit_canonicalization
qm9_cn_subset:29988,29988,3961,smiles,CN1C=NC2=C1N=CN2,Cn1cnc2[nH]cnc21,rdkit_canonicalization
qm9_cn_subset:29994,29994,3962,smiles,CC1C=CC2=C1NC=C2,CC1C=Cc2cc[nH]c21,rdkit_canonicalization
qm9_cn_subset:29995,29995,3963,smiles,CC1C=CC2=C1NC=N2,CC1C=Cc2nc[nH]c21,rdkit_canonicalization
qm9_cn_subset:29998,29998,3964,smiles,CN1C=CC2=C1CC=C2,Cn1ccc2c1CC=C2,rdkit_canonicalization
qm9_cn_subset:29999,29999,3965,smiles,CN1C=CC2=C1NC=C2,Cn1ccc2cc[nH]c21,rdkit_canonicalization
qm9_cn_subset:30000,30000,3966,smiles,CN1C=CC2=C1NC=N2,Cn1ccc2nc[nH]c21,rdkit_canonicalization
qm9_cn_subset:30003,30003,3967,smiles,CN1C=NC2=C1CC=C2,Cn1cnc2c1CC=C2,rdkit_canonicalization
qm9_cn_subset:30004,30004,3968,smiles,CN1C=NC2=C1NC=C2,Cn1cnc2cc[nH]c21,rdkit_canonicalization
qm9_cn_subset:30005,30005,3969,smiles,CN1C=NC2=C1NC=N2,Cn1cnc2nc[nH]c21,rdkit_canonicalization
qm9_cn_subset:30012,30012,3970,smiles,CN1C=CC2=C1CCC2,Cn1ccc2c1CCC2,rdkit_canonicalization
qm9_cn_subset:30013,30013,3971,smiles,CN1C=CC2=C1CCN2,Cn1ccc2c1CCN2,rdkit_canonicalization
qm9_cn_subset:30016,30016,3972,smiles,CN1C=CC2=C1NCC2,Cn1ccc2c1NCC2,rdkit_canonicalization
qm9_cn_subset:30019,30019,3973,smiles,CN1C=NC2=C1CCC2,Cn1cnc2c1CCC2,rdkit_canonicalization
qm9_cn_subset:30020,30020,3974,smiles,CN1C=NC2=C1CCN2,Cn1cnc2c1CCN2,rdkit_canonicalization
qm9_cn_subset:30025,30025,3975,smiles,CC1C=CC2=CC=CN12,CC1C=Cc2cccn21,rdkit_canonicalization
qm9_cn_subset:30026,30026,3976,smiles,CC1C=CC2=CN=CN12,CC1C=Cc2cncn21,rdkit_canonicalization
qm9_cn_subset:30027,30027,3977,smiles,CC1C=CC2=NC=CN12,CC1C=Cc2nccn21,rdkit_canonicalization
qm9_cn_subset:30028,30028,3978,smiles,CC1C=CC2=CNC=C12,CC1C=Cc2c[nH]cc21,rdkit_canonicalization
qm9_cn_subset:30030,30030,3979,smiles,CN1C=NC2=CNC=C12,Cn1cnc2c[nH]cc21,rdkit_canonicalization
qm9_cn_subset:30034,30034,3980,smiles,CC1C=CN2C=CC=C12,CC1C=Cn2cccc21,rdkit_canonicalization
qm9_cn_subset:30035,30035,3981,smiles,CC1C=CN2C=CN=C12,CC1C=Cn2ccnc21,rdkit_canonicalization
qm9_cn_subset:30036,30036,3982,smiles,CC1C=CN2C=NC=C12,CC1C=Cn2cncc21,rdkit_canonicalization
qm9_cn_subset:30037,30037,3983,smiles,CN1C=CN2C=CN=C12,Cn1ccn2ccnc12,rdkit_canonicalization
qm9_cn_subset:30055,30055,3984,smiles,CN1C=CC=C1C1CC1,Cn1cccc1C1CC1,rdkit_canonicalization
qm9_cn_subset:30056,30056,3985,smiles,CN1C=CC=C1C1CN1,Cn1cccc1C1CN1,rdkit_canonicalization
qm9_cn_subset:30058,30058,3986,smiles,CN1C=CC=C1N1CC1,Cn1cccc1N1CC1,rdkit_canonicalization
qm9_cn_subset:30059,30059,3987,smiles,CN1C=CN=C1C1CC1,Cn1ccnc1C1CC1,rdkit_canonicalization
qm9_cn_subset:30060,30060,3988,smiles,CN1C=CN=C1C1CN1,Cn1ccnc1C1CN1,rdkit_canonicalization
qm9_cn_subset:30062,30062,3989,smiles,CN1C=CN=C1N1CC1,Cn1ccnc1N1CC1,rdkit_canonicalization
qm9_cn_subset:30063,30063,3990,smiles,CN1C=NC=C1C1CC1,Cn1cncc1C1CC1,rdkit_canonicalization
qm9_cn_subset:30064,30064,3991,smiles,CN1C=NC=C1C1CN1,Cn1cncc1C1CN1,rdkit_canonicalization
qm9_cn_subset:30066,30066,3992,smiles,CN1C=CC=C1CC#C,C#CCc1cccn1C,rdkit_canonicalization
qm9_cn_subset:30067,30067,3993,smiles,CN1C=CC=C1CC#N,Cn1cccc1CC#N,rdkit_canonicalization
qm9_cn_subset:30068,30068,3994,smiles,CN1C=CN=C1CC#C,C#CCc1nccn1C,rdkit_canonicalization
qm9_cn_subset:30069,30069,3995,smiles,CN1C=CN=C1CC#N,Cn1ccnc1CC#N,rdkit_canonicalization
qm9_cn_subset:30070,30070,3996,smiles,CN1C=NC=C1CC#C,C#CCc1cncn1C,rdkit_canonicalization
qm9_cn_subset:30071,30071,3997,smiles,CN1C=NC=C1CC#N,Cn1cncc1CC#N,rdkit_canonicalization
qm9_cn_subset:30091,30091,3998,smiles,CC1CC1C1=CC=CN1,CC1CC1c1ccc[nH]1,rdkit_canonicalization
qm9_cn_subset:30093,30093,3999,smiles,CC1CC1C1=CN=CN1,CC1CC1c1cnc[nH]1,rdkit_canonicalization
qm9_cn_subset:30095,30095,4000,smiles,CC1CC1C1=NC=CN1,CC1CC1c1ncc[nH]1,rdkit_canonicalization
qm9_cn_subset:30097,30097,4001,smiles,CC1CN1C1=CC=CN1,CC1CN1c1ccc[nH]1,rdkit_canonicalization
qm9_cn_subset:30100,30100,4002,smiles,CC1CN1C1=NC=CN1,CC1CN1c1ncc[nH]1,rdkit_canonicalization
qm9_cn_subset:30102,30102,4003,smiles,CC1NC1C1=CC=CN1,CC1NC1c1ccc[nH]1,rdkit_canonicalization
qm9_cn_subset:30104,30104,4004,smiles,CC1NC1C1=CN=CN1,CC1NC1c1cnc[nH]1,rdkit_canonicalization
qm9_cn_subset:30106,30106,4005,smiles,CC1NC1C1=NC=CN1,CC1NC1c1ncc[nH]1,rdkit_canonicalization
qm9_cn_subset:30114,30114,4006,smiles,CN1CC1C1=CC=CN1,CN1CC1c1ccc[nH]1,rdkit_canonicalization
qm9_cn_subset:30116,30116,4007,smiles,CN1CC1C1=CN=CN1,CN1CC1c1cnc[nH]1,rdkit_canonicalization
qm9_cn_subset:30118,30118,4008,smiles,CN1CC1C1=NC=CN1,CN1CC1c1ncc[nH]1,rdkit_canonicalization
qm9_cn_subset:30126,30126,4009,smiles,CC1CC1C1=CNC=C1,CC1CC1c1cc[nH]c1,rdkit_canonicalization
qm9_cn_subset:30127,30127,4010,smiles,CC1CC1C1=CNC=N1,CC1CC1c1c[nH]cn1,rdkit_canonicalization
qm9_cn_subset:30130,30130,4011,smiles,CC1CN1C1=CNC=C1,CC1CN1c1cc[nH]c1,rdkit_canonicalization
qm9_cn_subset:30131,30131,4012,smiles,CC1CN1C1=CNC=N1,CC1CN1c1c[nH]cn1,rdkit_canonicalization
qm9_cn_subset:30134,30134,4013,smiles,CC1NC1C1=CNC=C1,CC1NC1c1cc[nH]c1,rdkit_canonicalization
qm9_cn_subset:30135,30135,4014,smiles,CC1NC1C1=CNC=N1,CC1NC1c1c[nH]cn1,rdkit_canonicalization
qm9_cn_subset:30142,30142,4015,smiles,CN1CC1C1=CNC=C1,CN1CC1c1cc[nH]c1,rdkit_canonicalization
qm9_cn_subset:30143,30143,4016,smiles,CN1CC1C1=CNC=N1,CN1CC1c1c[nH]cn1,rdkit_canonicalization
qm9_cn_subset:30150,30150,4017,smiles,CC1CC1N1C=CC=C1,CC1CC1n1cccc1,rdkit_canonicalization
qm9_cn_subset:30151,30151,4018,smiles,CC1CC1N1C=CN=C1,CC1CC1n1ccnc1,rdkit_canonicalization
qm9_cn_subset:30154,30154,4019,smiles,CC1CC2=C(C)C=CN12,Cc1ccn2c1CC2C,rdkit_canonicalization
qm9_cn_subset:30155,30155,4020,smiles,CC1CC2=C(C)N=CN12,Cc1ncn2c1CC2C,rdkit_canonicalization
qm9_cn_subset:30156,30156,4021,smiles,CC1CC2=C(N)C=CN12,CC1Cc2c(N)ccn21,rdkit_canonicalization
qm9_cn_subset:30157,30157,4022,smiles,CC1CC2=C(N)N=CN12,CC1Cc2c(N)ncn21,rdkit_canonicalization
qm9_cn_subset:30160,30160,4023,smiles,CC1CC2=C(C1)C=CN2,CC1Cc2cc[nH]c2C1,rdkit_canonicalization
qm9_cn_subset:30162,30162,4024,smiles,CC1CC2=C(C1)N=CN2,CC1Cc2nc[nH]c2C1,rdkit_canonicalization
qm9_cn_subset:30164,30164,4025,smiles,CC1CC2=C(N1)C=CN2,CC1Cc2[nH]ccc2N1,rdkit_canonicalization
qm9_cn_subset:30166,30166,4026,smiles,CC1CC2=C(N1)N=CN2,CC1Cc2[nH]cnc2N1,rdkit_canonicalization
qm9_cn_subset:30170,30170,4027,smiles,CC1CC2=C(NC=C2)N1,CC1Cc2cc[nH]c2N1,rdkit_canonicalization
qm9_cn_subset:30184,30184,4028,smiles,CN1CC2=C(C1)N=CN2,CN1Cc2nc[nH]c2C1,rdkit_canonicalization
qm9_cn_subset:30190,30190,4029,smiles,CC1CC2=CC(C)=CN12,Cc1cc2n(c1)C(C)C2,rdkit_canonicalization
qm9_cn_subset:30191,30191,4030,smiles,CC1CC2=CC(N)=CN12,CC1Cc2cc(N)cn21,rdkit_canonicalization
qm9_cn_subset:30193,30193,4031,smiles,CC1CC2=NC(C)=CN12,Cc1cn2c(n1)CC2C,rdkit_canonicalization
qm9_cn_subset:30194,30194,4032,smiles,CC1CC2=NC(N)=CN12,CC1Cc2nc(N)cn21,rdkit_canonicalization
qm9_cn_subset:30196,30196,4033,smiles,CC1CC2=CC=C(C)N12,Cc1ccc2n1C(C)C2,rdkit_canonicalization
qm9_cn_subset:30197,30197,4034,smiles,CC1CC2=CC=C(N)N12,CC1Cc2ccc(N)n21,rdkit_canonicalization
qm9_cn_subset:30204,30204,4035,smiles,CC1CC2=CNC=C2C1,CC1Cc2c[nH]cc2C1,rdkit_canonicalization
qm9_cn_subset:30205,30205,4036,smiles,CC1CC2=CNC=C2N1,CC1Cc2c[nH]cc2N1,rdkit_canonicalization
qm9_cn_subset:30218,30218,4037,smiles,CC1CN2C1=CC=C2C,Cc1ccc2n1CC2C,rdkit_canonicalization
qm9_cn_subset:30219,30219,4038,smiles,CC1CN2C1=CC=C2N,CC1Cn2c(N)ccc21,rdkit_canonicalization
qm9_cn_subset:30238,30238,4039,smiles,CC1CN2C=C(C)C=C12,Cc1cc2n(c1)CC2C,rdkit_canonicalization
qm9_cn_subset:30239,30239,4040,smiles,CC1CN2C=C(C)N=C12,Cc1cn2c(n1)C(C)C2,rdkit_canonicalization
qm9_cn_subset:30240,30240,4041,smiles,CC1CN2C=C(N)C=C12,CC1Cn2cc(N)cc21,rdkit_canonicalization
qm9_cn_subset:30241,30241,4042,smiles,CC1CN2C=C(N)N=C12,CC1Cn2cc(N)nc21,rdkit_canonicalization
qm9_cn_subset:30251,30251,4043,smiles,CC1CN2C=CC(C)=C12,Cc1ccn2c1C(C)C2,rdkit_canonicalization
qm9_cn_subset:30252,30252,4044,smiles,CC1CN2C=CC(N)=C12,CC1Cn2ccc(N)c21,rdkit_canonicalization
qm9_cn_subset:30254,30254,4045,smiles,CC1CN2C=NC(C)=C12,Cc1ncn2c1C(C)C2,rdkit_canonicalization
qm9_cn_subset:30255,30255,4046,smiles,CC1CN2C=NC(N)=C12,CC1Cn2cnc(N)c21,rdkit_canonicalization
qm9_cn_subset:30261,30261,4047,smiles,CC1CN2C=CC=C2C1,CC1Cc2cccn2C1,rdkit_canonicalization
qm9_cn_subset:30262,30262,4048,smiles,CC1CN2C=CC=C2N1,CC1Cn2cccc2N1,rdkit_canonicalization
qm9_cn_subset:30264,30264,4049,smiles,CC1CN2C=CN=C2C1,CC1Cc2nccn2C1,rdkit_canonicalization
qm9_cn_subset:30266,30266,4050,smiles,CC1CN2C=NC=C2C1,CC1Cc2cncn2C1,rdkit_canonicalization
qm9_cn_subset:30271,30271,4051,smiles,CC1CCC2=C1C=CN2,CC1CCc2[nH]ccc21,rdkit_canonicalization
qm9_cn_subset:30273,30273,4052,smiles,CC1CCC2=C1N=CN2,CC1CCc2[nH]cnc21,rdkit_canonicalization
qm9_cn_subset:30275,30275,4053,smiles,CC1CNC2=C1C=CN2,CC1CNc2[nH]ccc21,rdkit_canonicalization
qm9_cn_subset:30287,30287,4054,smiles,CN1CCC2=C1C=CN2,CN1CCc2[nH]ccc21,rdkit_canonicalization
qm9_cn_subset:30289,30289,4055,smiles,CN1CCC2=C1N=CN2,CN1CCc2[nH]cnc21,rdkit_canonicalization
qm9_cn_subset:30304,30304,4056,smiles,CC1CCC2=C1NC=C2,CC1CCc2cc[nH]c21,rdkit_canonicalization
qm9_cn_subset:30305,30305,4057,smiles,CC1CCC2=C1NC=N2,CC1CCc2nc[nH]c21,rdkit_canonicalization
qm9_cn_subset:30308,30308,4058,smiles,CC1CNC2=C1NC=C2,CC1CNc2cc[nH]c21,rdkit_canonicalization
qm9_cn_subset:30309,30309,4059,smiles,CC1CNC2=C1NC=N2,CC1CNc2nc[nH]c21,rdkit_canonicalization
qm9_cn_subset:30321,30321,4060,smiles,CN1CCC2=C1NC=C2,CN1CCc2cc[nH]c21,rdkit_canonicalization
qm9_cn_subset:30337,30337,4061,smiles,CC1CCC2=CC=CN12,CC1CCc2cccn21,rdkit_canonicalization
qm9_cn_subset:30338,30338,4062,smiles,CC1CCC2=CN=CN12,CC1CCc2cncn21,rdkit_canonicalization
qm9_cn_subset:30339,30339,4063,smiles,CC1CCC2=NC=CN12,CC1CCc2nccn21,rdkit_canonicalization
qm9_cn_subset:30340,30340,4064,smiles,CC1CNC2=CC=CN12,CC1CNc2cccn21,rdkit_canonicalization
qm9_cn_subset:30344,30344,4065,smiles,CC1CCC2=CNC=C12,CC1CCc2c[nH]cc21,rdkit_canonicalization
qm9_cn_subset:30346,30346,4066,smiles,CC1CNC2=CNC=C12,CC1CNc2c[nH]cc21,rdkit_canonicalization
qm9_cn_subset:30352,30352,4067,smiles,CN1CCC2=CNC=C12,CN1CCc2c[nH]cc21,rdkit_canonicalization
qm9_cn_subset:30360,30360,4068,smiles,CC1CCN2C=CC=C12,CC1CCn2cccc21,rdkit_canonicalization
qm9_cn_subset:30361,30361,4069,smiles,CC1CCN2C=CN=C12,CC1CCn2ccnc21,rdkit_canonicalization
qm9_cn_subset:30362,30362,4070,smiles,CC1CCN2C=NC=C12,CC1CCn2cncc21,rdkit_canonicalization
qm9_cn_subset:30363,30363,4071,smiles,CN1CCN2C=CC=C12,CN1CCn2cccc21,rdkit_canonicalization
qm9_cn_subset:30364,30364,4072,smiles,CN1CCN2C=CN=C12,CN1CCn2ccnc21,rdkit_canonicalization
qm9_cn_subset:30372,30372,4073,smiles,CN=C1C=CN(C)C=N1,CN=c1ccn(C)cn1,rdkit_canonicalization
qm9_cn_subset:30373,30373,4074,smiles,CN=C1N=CN(C)C=N1,CN=c1ncn(C)cn1,rdkit_canonicalization
qm9_cn_subset:30374,30374,4075,smiles,CN=C1C=CN=CN1C,CN=c1ccncn1C,rdkit_canonicalization
qm9_cn_subset:30375,30375,4076,smiles,CN=C1N=CN=CN1C,CN=c1ncncn1C,rdkit_canonicalization
qm9_cn_subset:30376,30376,4077,smiles,CN=C1C=CC=NC=N1,CN=c1cccncn1,rdkit_canonicalization
qm9_cn_subset:30377,30377,4078,smiles,CN=C1C=CN=CC=N1,CN=c1ccnccn1,rdkit_canonicalization
qm9_cn_subset:30378,30378,4079,smiles,CN=C1C=CN=CN=C1,CN=c1ccncnc1,rdkit_canonicalization
qm9_cn_subset:30379,30379,4080,smiles,CN=C1C=NC=CC=N1,CN=c1cncccn1,rdkit_canonicalization
qm9_cn_subset:30380,30380,4081,smiles,CN=C1C=NC=CN=C1,CN=c1cnccnc1,rdkit_canonicalization
qm9_cn_subset:30381,30381,4082,smiles,CN=C1C=NC=NC=N1,CN=c1cncncn1,rdkit_canonicalization
qm9_cn_subset:30382,30382,4083,smiles,CN=C1N=CC=CC=N1,CN=c1nccccn1,rdkit_canonicalization
qm9_cn_subset:30383,30383,4084,smiles,CN=C1N=CC=NC=N1,CN=c1nccncn1,rdkit_canonicalization
qm9_cn_subset:30384,30384,4085,smiles,CN=C1C=C(C)NC=N1,CN=c1cc(C)[nH]cn1,rdkit_canonicalization
qm9_cn_subset:30397,30397,4086,smiles,CN=C1N=CNC(C)=N1,CN=c1nc[nH]c(C)n1,rdkit_canonicalization
qm9_cn_subset:30398,30398,4087,smiles,CN=C1N=C[N-]C(N)=[NH+]1,CN=c1nc[n-]c(N)[nH+]1,rdkit_canonicalization
qm9_cn_subset:30407,30407,4088,smiles,CN=C1N=CNC=C1C,CN=c1nc[nH]cc1C,rdkit_canonicalization
qm9_cn_subset:30408,30408,4089,smiles,CN=C1N=CNC=C1N,CN=c1nc[nH]cc1N,rdkit_canonicalization
qm9_cn_subset:30435,30435,4090,smiles,CN=C1NC(C)=NC=N1,CN=c1ncnc(C)[nH]1,rdkit_canonicalization
qm9_cn_subset:30468,30468,4091,smiles,CN=C1NC=C(N1)C#N,CN=c1[nH]cc(C#N)[nH]1,rdkit_canonicalization
qm9_cn_subset:30486,30486,4092,smiles,C[NH+]=C1[N-]C=CC(N)=N1,C[NH+]=c1nc(N)cc[n-]1,rdkit_canonicalization
qm9_cn_subset:30487,30487,4093,smiles,CN=C1NC=NC(C)=C1,CN=c1cc(C)nc[nH]1,rdkit_canonicalization
qm9_cn_subset:30488,30488,4094,smiles,CN=C1NC=NC(C)=N1,CN=c1nc(C)nc[nH]1,rdkit_canonicalization
qm9_cn_subset:30506,30506,4095,smiles,CN=C1NC=NC=C1C,CN=c1[nH]cncc1C,rdkit_canonicalization
qm9_cn_subset:30542,30542,4096,smiles,NC=NC1=CN=CC=N1,NC=Nc1cnccn1,rdkit_canonicalization
qm9_cn_subset:30543,30543,4097,smiles,NC=NC1=NC=CC=N1,NC=Nc1ncccn1,rdkit_canonicalization
qm9_cn_subset:30544,30544,4098,smiles,NC=NC1=NC=CN=C1,NC=Nc1cnccn1,rdkit_canonicalization
qm9_cn_subset:30545,30545,4099,smiles,NC=NC1=NC=NC=N1,NC=Nc1ncncn1,rdkit_canonicalization
qm9_cn_subset:30563,30563,4100,smiles,CN=CNC1=CNC=N1,CN=CNc1c[nH]cn1,rdkit_canonicalization
qm9_cn_subset:30570,30570,4101,smiles,CCC#CC1=CC=CN1,CCC#Cc1ccc[nH]1,rdkit_canonicalization
qm9_cn_subset:30572,30572,4102,smiles,CCC#CC1=CN=CN1,CCC#Cc1cnc[nH]1,rdkit_canonicalization
qm9_cn_subset:30574,30574,4103,smiles,CCC#CC1=NC=CN1,CCC#Cc1ncc[nH]1,rdkit_canonicalization
qm9_cn_subset:30582,30582,4104,smiles,CCC#CC1=CNC=C1,CCC#Cc1cc[nH]c1,rdkit_canonicalization
qm9_cn_subset:30583,30583,4105,smiles,CCC#CC1=CNC=N1,CCC#Cc1c[nH]cn1,rdkit_canonicalization
qm9_cn_subset:30647,30647,4106,smiles,CCC(C)C1=CC=CN1,CCC(C)c1ccc[nH]1,rdkit_canonicalization
qm9_cn_subset:30649,30649,4107,smiles,CCC(C)C1=CN=CN1,CCC(C)c1cnc[nH]1,rdkit_canonicalization
qm9_cn_subset:30651,30651,4108,smiles,CCC(C)C1=NC=CN1,CCC(C)c1ncc[nH]1,rdkit_canonicalization
qm9_cn_subset:30659,30659,4109,smiles,CCN(C)C1=CC=CN1,CCN(C)c1ccc[nH]1,rdkit_canonicalization
qm9_cn_subset:30662,30662,4110,smiles,CCN(C)C1=NC=CN1,CCN(C)c1ncc[nH]1,rdkit_canonicalization
qm9_cn_subset:30682,30682,4111,smiles,CCC(C)C1=CNC=C1,CCC(C)c1cc[nH]c1,rdkit_canonicalization
qm9_cn_subset:30683,30683,4112,smiles,CCC(C)C1=CNC=N1,CCC(C)c1c[nH]cn1,rdkit_canonicalization
qm9_cn_subset:30690,30690,4113,smiles,CCN(C)C1=CNC=C1,CCN(C)c1cc[nH]c1,rdkit_canonicalization
qm9_cn_subset:30691,30691,4114,smiles,CCN(C)C1=CNC=N1,CCN(C)c1c[nH]cn1,rdkit_canonicalization
qm9_cn_subset:30704,30704,4115,smiles,CCC(C)N1C=CC=C1,CCC(C)n1cccc1,rdkit_canonicalization
qm9_cn_subset:30705,30705,4116,smiles,CCC(C)N1C=CN=C1,CCC(C)n1ccnc1,rdkit_canonicalization
qm9_cn_subset:30717,30717,4117,smiles,CCC1=C(C)C(C)=CN1,CCc1[nH]cc(C)c1C,rdkit_canonicalization
qm9_cn_subset:30719,30719,4118,smiles,CCC1=C(C)C(N)=CN1,CCc1[nH]cc(N)c1C,rdkit_canonicalization
qm9_cn_subset:30722,30722,4119,smiles,CCC1=C(N)C(C)=CN1,CCc1[nH]cc(C)c1N,rdkit_canonicalization
qm9_cn_subset:30724,30724,4120,smiles,CCC1=C(N)C(N)=CN1,CCc1[nH]cc(N)c1N,rdkit_canonicalization
qm9_cn_subset:30731,30731,4121,smiles,CNC1=C(C)C(C)=CN1,CNc1[nH]cc(C)c1C,rdkit_canonicalization
qm9_cn_subset:30733,30733,4122,smiles,CNC1=C(C)C(N)=CN1,CNc1[nH]cc(N)c1C,rdkit_canonicalization
qm9_cn_subset:30765,30765,4123,smiles,CCC1=C(C)N(C)C=C1,CCc1ccn(C)c1C,rdkit_canonicalization
qm9_cn_subset:30766,30766,4124,smiles,CCC1=C(C)N(C)C=N1,CCc1ncn(C)c1C,rdkit_canonicalization
qm9_cn_subset:30767,30767,4125,smiles,CCC1=C(N)N(C)C=C1,CCc1ccn(C)c1N,rdkit_canonicalization
qm9_cn_subset:30776,30776,4126,smiles,CNC1=C(C)N(C)C=C1,CNc1ccn(C)c1C,rdkit_canonicalization
qm9_cn_subset:30777,30777,4127,smiles,CNC1=C(C)N(C)C=N1,CNc1ncn(C)c1C,rdkit_canonicalization
qm9_cn_subset:30778,30778,4128,smiles,CNC1=C(N)N(C)C=N1,CNc1ncn(C)c1N,rdkit_canonicalization
qm9_cn_subset:30807,30807,4129,smiles,CCC1=C(C)C=C(C)N1,CCc1[nH]c(C)cc1C,rdkit_canonicalization
qm9_cn_subset:30809,30809,4130,smiles,CCC1=C(C)C=C(N)N1,CCc1[nH]c(N)cc1C,rdkit_canonicalization
qm9_cn_subset:30816,30816,4131,smiles,CCC1=C(N)C=C(C)N1,CCc1[nH]c(C)cc1N,rdkit_canonicalization
qm9_cn_subset:30818,30818,4132,smiles,CCC1=C(N)C=C(N)N1,CCc1[nH]c(N)cc1N,rdkit_canonicalization
qm9_cn_subset:30836,30836,4133,smiles,CNC1=C(C)C=C(C)N1,CNc1[nH]c(C)cc1C,rdkit_canonicalization
qm9_cn_subset:30907,30907,4134,smiles,CCC1=C(C)C=CN1C,CCc1c(C)ccn1C,rdkit_canonicalization
qm9_cn_subset:30908,30908,4135,smiles,CCC1=C(C)N=CN1C,CCc1c(C)ncn1C,rdkit_canonicalization
qm9_cn_subset:30909,30909,4136,smiles,CCC1=C(N)C=CN1C,CCc1c(N)ccn1C,rdkit_canonicalization
qm9_cn_subset:30910,30910,4137,smiles,CCC1=C(N)N=CN1C,CCc1c(N)ncn1C,rdkit_canonicalization
qm9_cn_subset:30919,30919,4138,smiles,CNC1=C(C)C=CN1C,CNc1c(C)ccn1C,rdkit_canonicalization
qm9_cn_subset:31018,31018,4139,smiles,CCC1=C(C)NC(C)=C1,CCc1cc(C)[nH]c1C,rdkit_canonicalization
qm9_cn_subset:31019,31019,4140,smiles,CCC1=C(C)NC(N)=C1,CCc1cc(N)[nH]c1C,rdkit_canonicalization
qm9_cn_subset:31027,31027,4141,smiles,CCC1=C(N)NC(C)=C1,CCc1cc(C)[nH]c1N,rdkit_canonicalization
qm9_cn_subset:31042,31042,4142,smiles,CNC1=C(C)NC(C)=C1,CNc1cc(C)[nH]c1C,rdkit_canonicalization
qm9_cn_subset:31043,31043,4143,smiles,CNC1=C(C)NC(C)=N1,CNc1nc(C)[nH]c1C,rdkit_canonicalization
qm9_cn_subset:31044,31044,4144,smiles,CNC1=C(C)NC(N)=C1,CNc1cc(N)[nH]c1C,rdkit_canonicalization
qm9_cn_subset:31126,31126,4145,smiles,CCC1=C(C)NC=C1C,CCc1c(C)c[nH]c1C,rdkit_canonicalization
qm9_cn_subset:31127,31127,4146,smiles,CCC1=C(C)NC=C1N,CCc1c(N)c[nH]c1C,rdkit_canonicalization
qm9_cn_subset:31131,31131,4147,smiles,CCC1=C(N)NC=C1C,CCc1c(C)c[nH]c1N,rdkit_canonicalization
qm9_cn_subset:31132,31132,4148,smiles,CCC1=C(N)NC=C1N,CCc1c(N)c[nH]c1N,rdkit_canonicalization
qm9_cn_subset:31140,31140,4149,smiles,CNC1=C(C)NC=C1C,CNc1c(C)c[nH]c1C,rdkit_canonicalization
qm9_cn_subset:31141,31141,4150,smiles,CNC1=C(C)NC=C1N,CNc1c(N)c[nH]c1C,rdkit_canonicalization
qm9_cn_subset:31189,31189,4151,smiles,CCC1=C(C=CN1)C#C,C#Cc1cc[nH]c1CC,rdkit_canonicalization
qm9_cn_subset:31190,31190,4152,smiles,CCC1=C(C=CN1)C#N,CCc1[nH]ccc1C#N,rdkit_canonicalization
qm9_cn_subset:31193,31193,4153,smiles,CCC1=C(N=CN1)C#C,C#Cc1nc[nH]c1CC,rdkit_canonicalization
qm9_cn_subset:31194,31194,4154,smiles,CCC1=C(N=CN1)C#N,CCc1[nH]cnc1C#N,rdkit_canonicalization
qm9_cn_subset:31197,31197,4155,smiles,CNC1=C(C=CN1)C#C,C#Cc1cc[nH]c1NC,rdkit_canonicalization
qm9_cn_subset:31198,31198,4156,smiles,CNC1=C(C=CN1)C#N,CNc1[nH]ccc1C#N,rdkit_canonicalization
qm9_cn_subset:31201,31201,4157,smiles,CNC1=C(N=CN1)C#C,C#Cc1nc[nH]c1NC,rdkit_canonicalization
qm9_cn_subset:31202,31202,4158,smiles,CNC1=C(N=CN1)C#N,CNc1[nH]cnc1C#N,rdkit_canonicalization
qm9_cn_subset:31223,31223,4159,smiles,CCC1=C(CC)C=CN1,CCc1cc[nH]c1CC,rdkit_canonicalization
qm9_cn_subset:31225,31225,4160,smiles,CCC1=C(CC)N=CN1,CCc1nc[nH]c1CC,rdkit_canonicalization
qm9_cn_subset:31235,31235,4161,smiles,CCC1=C(NC)C=CN1,CCc1[nH]ccc1NC,rdkit_canonicalization
qm9_cn_subset:31237,31237,4162,smiles,CCC1=C(NC)N=CN1,CCc1[nH]cnc1NC,rdkit_canonicalization
qm9_cn_subset:31239,31239,4163,smiles,CCC1=C(NC)NC=C1,CCc1cc[nH]c1NC,rdkit_canonicalization
qm9_cn_subset:31259,31259,4164,smiles,CNC1=C(NC)N=CN1,CNc1nc[nH]c1NC,rdkit_canonicalization
qm9_cn_subset:31287,31287,4165,smiles,CCC1=C(NC=C1)C#C,C#Cc1[nH]ccc1CC,rdkit_canonicalization
qm9_cn_subset:31288,31288,4166,smiles,CCC1=C(NC=C1)C#N,CCc1cc[nH]c1C#N,rdkit_canonicalization
qm9_cn_subset:31289,31289,4167,smiles,CCC1=C(NC=N1)C#C,C#Cc1[nH]cnc1CC,rdkit_canonicalization
qm9_cn_subset:31290,31290,4168,smiles,CCC1=C(NC=N1)C#N,CCc1nc[nH]c1C#N,rdkit_canonicalization
qm9_cn_subset:31295,31295,4169,smiles,CNC1=C(NC=C1)C#C,C#Cc1[nH]ccc1NC,rdkit_canonicalization
qm9_cn_subset:31296,31296,4170,smiles,CNC1=C(NC=C1)C#N,CNc1cc[nH]c1C#N,rdkit_canonicalization
qm9_cn_subset:31297,31297,4171,smiles,CNC1=C(NC=N1)C#C,C#Cc1[nH]cnc1NC,rdkit_canonicalization
qm9_cn_subset:31298,31298,4172,smiles,CNC1=C(NC=N1)C#N,CNc1nc[nH]c1C#N,rdkit_canonicalization
qm9_cn_subset:31336,31336,4173,smiles,CCC1=C2CCN2C=C1,CCc1ccn2c1CC2,rdkit_canonicalization
qm9_cn_subset:31337,31337,4174,smiles,CCC1=C2CCN2C=N1,CCc1ncn2c1CC2,rdkit_canonicalization
qm9_cn_subset:31338,31338,4175,smiles,CNC1=C2CCN2C=C1,CNc1ccn2c1CC2,rdkit_canonicalization
qm9_cn_subset:31339,31339,4176,smiles,CNC1=C2CCN2C=N1,CNc1ncn2c1CC2,rdkit_canonicalization
qm9_cn_subset:31344,31344,4177,smiles,CCC1=CC(=N)N=CN1,CCc1cc(=N)nc[nH]1,rdkit_canonicalization
qm9_cn_subset:31351,31351,4178,smiles,CCC1=NC(=N)N=CN1,CCc1nc(=N)nc[nH]1,rdkit_canonicalization
qm9_cn_subset:31362,31362,4179,smiles,CNC1=[NH+]C(=N)N=C[N-]1,CNc1[n-]cnc(=N)[nH+]1,rdkit_canonicalization
qm9_cn_subset:31401,31401,4180,smiles,CCC1=NC(=N)NC=N1,CCc1nc[nH]c(=N)n1,rdkit_canonicalization
qm9_cn_subset:31434,31434,4181,smiles,NCC1=NC(=N)NC=N1,N=c1nc(CN)nc[nH]1,rdkit_canonicalization
qm9_cn_subset:31448,31448,4182,smiles,CCC1=CC(=CN1)C#C,C#Cc1c[nH]c(CC)c1,rdkit_canonicalization
qm9_cn_subset:31449,31449,4183,smiles,CCC1=CC(=CN1)C#N,CCc1cc(C#N)c[nH]1,rdkit_canonicalization
qm9_cn_subset:31452,31452,4184,smiles,CCC1=NC(=CN1)C#C,C#Cc1c[nH]c(CC)n1,rdkit_canonicalization
qm9_cn_subset:31453,31453,4185,smiles,CCC1=NC(=CN1)C#N,CCc1nc(C#N)c[nH]1,rdkit_canonicalization
qm9_cn_subset:31456,31456,4186,smiles,CNC1=CC(=CN1)C#C,C#Cc1c[nH]c(NC)c1,rdkit_canonicalization
qm9_cn_subset:31457,31457,4187,smiles,CNC1=CC(=CN1)C#N,CNc1cc(C#N)c[nH]1,rdkit_canonicalization
qm9_cn_subset:31460,31460,4188,smiles,CNC1=NC(=CN1)C#C,C#Cc1c[nH]c(NC)n1,rdkit_canonicalization
qm9_cn_subset:31461,31461,4189,smiles,CNC1=NC(=CN1)C#N,CNc1nc(C#N)c[nH]1,rdkit_canonicalization
qm9_cn_subset:31504,31504,4190,smiles,CCC1=CC(C)=C(C)N1,CCc1cc(C)c(C)[nH]1,rdkit_canonicalization
qm9_cn_subset:31506,31506,4191,smiles,CCC1=CC(C)=C(N)N1,CCc1cc(C)c(N)[nH]1,rdkit_canonicalization
qm9_cn_subset:31509,31509,4192,smiles,CCC1=CC(N)=C(C)N1,CCc1cc(N)c(C)[nH]1,rdkit_canonicalization
qm9_cn_subset:31530,31530,4193,smiles,CNC1=CC(C)=C(C)N1,CNc1cc(C)c(C)[nH]1,rdkit_canonicalization
qm9_cn_subset:31535,31535,4194,smiles,CNC1=CC(N)=C(C)N1,CNc1cc(N)c(C)[nH]1,rdkit_canonicalization
qm9_cn_subset:31603,31603,4195,smiles,CCC1=CC(C)=CN1C,CCc1cc(C)cn1C,rdkit_canonicalization
qm9_cn_subset:31604,31604,4196,smiles,CCC1=CC(N)=CN1C,CCc1cc(N)cn1C,rdkit_canonicalization
qm9_cn_subset:31606,31606,4197,smiles,CCC1=NC(C)=CN1C,CCc1nc(C)cn1C,rdkit_canonicalization
qm9_cn_subset:31607,31607,4198,smiles,CCC1=NC(N)=CN1C,CCc1nc(N)cn1C,rdkit_canonicalization
qm9_cn_subset:31615,31615,4199,smiles,CNC1=CC(C)=CN1C,CNc1cc(C)cn1C,rdkit_canonicalization
qm9_cn_subset:31616,31616,4200,smiles,CNC1=CC(N)=CN1C,CNc1cc(N)cn1C,rdkit_canonicalization
qm9_cn_subset:31636,31636,4201,smiles,CCC1=CN(C)C(C)=C1,CCc1cc(C)n(C)c1,rdkit_canonicalization
qm9_cn_subset:31637,31637,4202,smiles,CCC1=CN(C)C(C)=N1,CCc1cn(C)c(C)n1,rdkit_canonicalization
qm9_cn_subset:31638,31638,4203,smiles,CCC1=CN(C)C(N)=C1,CCc1cc(N)n(C)c1,rdkit_canonicalization
qm9_cn_subset:31646,31646,4204,smiles,CNC1=CN(C)C(C)=C1,CNc1cc(C)n(C)c1,rdkit_canonicalization
qm9_cn_subset:31647,31647,4205,smiles,CNC1=CN(C)C(C)=N1,CNc1cn(C)c(C)n1,rdkit_canonicalization
qm9_cn_subset:31648,31648,4206,smiles,CNC1=CN(C)C(N)=C1,CNc1cc(N)n(C)c1,rdkit_canonicalization
qm9_cn_subset:31657,31657,4207,smiles,CCC1=CN(C)C=C1C,CCc1cn(C)cc1C,rdkit_canonicalization
qm9_cn_subset:31658,31658,4208,smiles,CCC1=CN(C)C=C1N,CCc1cn(C)cc1N,rdkit_canonicalization
qm9_cn_subset:31663,31663,4209,smiles,CNC1=CN(C)C=C1C,CNc1cn(C)cc1C,rdkit_canonicalization
qm9_cn_subset:31664,31664,4210,smiles,CNC1=CN(C)C=C1N,CNc1cn(C)cc1N,rdkit_canonicalization
qm9_cn_subset:31693,31693,4211,smiles,CCC1=CC(CC)=CN1,CCc1c[nH]c(CC)c1,rdkit_canonicalization
qm9_cn_subset:31697,31697,4212,smiles,CCC1=CC(NC)=CN1,CCc1cc(NC)c[nH]1,rdkit_canonicalization
qm9_cn_subset:31703,31703,4213,smiles,CCC1=CNC(NC)=C1,CCc1c[nH]c(NC)c1,rdkit_canonicalization
qm9_cn_subset:31713,31713,4214,smiles,CCC1=CNC(CC)=N1,CCc1c[nH]c(CC)n1,rdkit_canonicalization
qm9_cn_subset:31717,31717,4215,smiles,CCC1=NC(NC)=CN1,CCc1nc(NC)c[nH]1,rdkit_canonicalization
qm9_cn_subset:31723,31723,4216,smiles,CNC1=CC(NC)=CN1,CNc1c[nH]c(NC)c1,rdkit_canonicalization
qm9_cn_subset:31738,31738,4217,smiles,CNC1=CNC(NC)=N1,CNc1c[nH]c(NC)n1,rdkit_canonicalization
qm9_cn_subset:31760,31760,4218,smiles,CCC1=CN2CCC2=C1,CCc1cc2n(c1)CC2,rdkit_canonicalization
qm9_cn_subset:31761,31761,4219,smiles,CCC1=CN2CCC2=N1,CCc1cn2c(n1)CC2,rdkit_canonicalization
qm9_cn_subset:31762,31762,4220,smiles,CNC1=CN2CCC2=C1,CNc1cc2n(c1)CC2,rdkit_canonicalization
qm9_cn_subset:31763,31763,4221,smiles,CNC1=CN2CCC2=N1,CNc1cn2c(n1)CC2,rdkit_canonicalization
qm9_cn_subset:31768,31768,4222,smiles,CCC1=CC=C(C)N1C,CCc1ccc(C)n1C,rdkit_canonicalization
qm9_cn_subset:31769,31769,4223,smiles,CCC1=CC=C(N)N1C,CCc1ccc(N)n1C,rdkit_canonicalization
qm9_cn_subset:31781,31781,4224,smiles,CNC1=CC=C(C)N1C,CNc1ccc(C)n1C,rdkit_canonicalization
qm9_cn_subset:31782,31782,4225,smiles,CNC1=CC=C(N)N1C,CNc1ccc(N)n1C,rdkit_canonicalization
qm9_cn_subset:31802,31802,4226,smiles,CCC1=CC=C(N)C=C1,CCc1ccc(N)cc1,rdkit_canonicalization
qm9_cn_subset:31804,31804,4227,smiles,CCC1=CN=C(C)C=C1,CCc1ccc(C)nc1,rdkit_canonicalization
qm9_cn_subset:31805,31805,4228,smiles,CCC1=CN=C(C)C=N1,CCc1cnc(C)cn1,rdkit_canonicalization
qm9_cn_subset:31806,31806,4229,smiles,CCC1=CN=C(C)N=C1,CCc1cnc(C)nc1,rdkit_canonicalization
qm9_cn_subset:31807,31807,4230,smiles,CCC1=CN=C(N)C=C1,CCc1ccc(N)nc1,rdkit_canonicalization
qm9_cn_subset:31808,31808,4231,smiles,CCC1=CN=C(N)C=N1,CCc1cnc(N)cn1,rdkit_canonicalization
qm9_cn_subset:31809,31809,4232,smiles,CCC1=CN=C(N)N=C1,CCc1cnc(N)nc1,rdkit_canonicalization
qm9_cn_subset:31813,31813,4233,smiles,CCC1=NC=C(C)C=C1,CCc1ccc(C)cn1,rdkit_canonicalization
qm9_cn_subset:31814,31814,4234,smiles,CCC1=NC=C(C)C=N1,CCc1ncc(C)cn1,rdkit_canonicalization
qm9_cn_subset:31815,31815,4235,smiles,CCC1=NC=C(C)N=C1,CCc1cnc(C)cn1,rdkit_canonicalization
qm9_cn_subset:31816,31816,4236,smiles,CCC1=NC=C(N)C=C1,CCc1ccc(N)cn1,rdkit_canonicalization
qm9_cn_subset:31817,31817,4237,smiles,CCC1=NC=C(N)C=N1,CCc1ncc(N)cn1,rdkit_canonicalization
qm9_cn_subset:31818,31818,4238,smiles,CCC1=NC=C(N)N=C1,CCc1cnc(N)cn1,rdkit_canonicalization
qm9_cn_subset:31822,31822,4239,smiles,CNC1=CC=C(C)C=C1,CNc1ccc(C)cc1,rdkit_canonicalization
qm9_cn_subset:31823,31823,4240,smiles,CNC1=CC=C(N)C=C1,CNc1ccc(N)cc1,rdkit_canonicalization
qm9_cn_subset:31825,31825,4241,smiles,CNC1=CN=C(C)C=C1,CNc1ccc(C)nc1,rdkit_canonicalization
qm9_cn_subset:31826,31826,4242,smiles,CNC1=CN=C(C)C=N1,CNc1cnc(C)cn1,rdkit_canonicalization
qm9_cn_subset:31827,31827,4243,smiles,CNC1=CN=C(C)N=C1,CNc1cnc(C)nc1,rdkit_canonicalization
qm9_cn_subset:31828,31828,4244,smiles,CNC1=CN=C(N)C=C1,CNc1ccc(N)nc1,rdkit_canonicalization
qm9_cn_subset:31829,31829,4245,smiles,CNC1=CN=C(N)C=N1,CNc1cnc(N)cn1,rdkit_canonicalization
qm9_cn_subset:31830,31830,4246,smiles,CNC1=CN=C(N)N=C1,CNc1cnc(N)nc1,rdkit_canonicalization
qm9_cn_subset:31834,31834,4247,smiles,CNC1=NC=C(C)C=C1,CNc1ccc(C)cn1,rdkit_canonicalization
qm9_cn_subset:31835,31835,4248,smiles,CNC1=NC=C(C)C=N1,CNc1ncc(C)cn1,rdkit_canonicalization
qm9_cn_subset:31836,31836,4249,smiles,CNC1=NC=C(C)N=C1,CNc1cnc(C)cn1,rdkit_canonicalization
qm9_cn_subset:31837,31837,4250,smiles,CNC1=NC=C(N)C=C1,CNc1ccc(N)cn1,rdkit_canonicalization
qm9_cn_subset:31838,31838,4251,smiles,CNC1=NC=C(N)C=N1,CNc1ncc(N)cn1,rdkit_canonicalization
qm9_cn_subset:31839,31839,4252,smiles,CNC1=NC=C(N)N=C1,CNc1cnc(N)cn1,rdkit_canonicalization
qm9_cn_subset:31878,31878,4253,smiles,CCC1=CC=C(N1)C#C,C#Cc1ccc(CC)[nH]1,rdkit_canonicalization
qm9_cn_subset:31879,31879,4254,smiles,CCC1=CC=C(N1)C#N,CCc1ccc(C#N)[nH]1,rdkit_canonicalization
qm9_cn_subset:31882,31882,4255,smiles,CCC1=CN=C(N1)C#C,C#Cc1ncc(CC)[nH]1,rdkit_canonicalization
qm9_cn_subset:31883,31883,4256,smiles,CCC1=CN=C(N1)C#N,CCc1cnc(C#N)[nH]1,rdkit_canonicalization
qm9_cn_subset:31886,31886,4257,smiles,CCC1=NC=C(N1)C#C,C#Cc1cnc(CC)[nH]1,rdkit_canonicalization
qm9_cn_subset:31887,31887,4258,smiles,CCC1=NC=C(N1)C#N,CCc1ncc(C#N)[nH]1,rdkit_canonicalization
qm9_cn_subset:31890,31890,4259,smiles,CNC1=CC=C(N1)C#C,C#Cc1ccc(NC)[nH]1,rdkit_canonicalization
qm9_cn_subset:31891,31891,4260,smiles,CNC1=CC=C(N1)C#N,CNc1ccc(C#N)[nH]1,rdkit_canonicalization
qm9_cn_subset:31894,31894,4261,smiles,CNC1=CN=C(N1)C#C,C#Cc1ncc(NC)[nH]1,rdkit_canonicalization
qm9_cn_subset:31895,31895,4262,smiles,CNC1=CN=C(N1)C#N,CNc1cnc(C#N)[nH]1,rdkit_canonicalization
qm9_cn_subset:31898,31898,4263,smiles,CNC1=NC=C(N1)C#N,CNc1ncc(C#N)[nH]1,rdkit_canonicalization
qm9_cn_subset:31948,31948,4264,smiles,CCC1=CC=C(CC)N1,CCc1ccc(CC)[nH]1,rdkit_canonicalization
qm9_cn_subset:31953,31953,4265,smiles,CCC1=CC=C(NC)N1,CCc1ccc(NC)[nH]1,rdkit_canonicalization
qm9_cn_subset:31997,31997,4266,smiles,CCC1=CC=C2CCN12,CCc1ccc2n1CC2,rdkit_canonicalization
qm9_cn_subset:31998,31998,4267,smiles,CNC1=CC=C2CCN12,CNc1ccc2n1CC2,rdkit_canonicalization
qm9_cn_subset:32017,32017,4268,smiles,CCC1=NC=NC(=N)N1,CCc1ncnc(=N)[nH]1,rdkit_canonicalization
qm9_cn_subset:32082,32082,4269,smiles,CCC1=CC=CC(C)=N1,CCc1cccc(C)n1,rdkit_canonicalization
qm9_cn_subset:32083,32083,4270,smiles,CCC1=CC=CC(N)=C1,CCc1cccc(N)c1,rdkit_canonicalization
qm9_cn_subset:32086,32086,4271,smiles,CCC1=CC=NC(C)=C1,CCc1ccnc(C)c1,rdkit_canonicalization
qm9_cn_subset:32087,32087,4272,smiles,CCC1=CC=NC(C)=N1,CCc1ccnc(C)n1,rdkit_canonicalization
qm9_cn_subset:32088,32088,4273,smiles,CCC1=CC=NC(N)=N1,CCc1ccnc(N)n1,rdkit_canonicalization
qm9_cn_subset:32091,32091,4274,smiles,CCC1=CN=CC(C)=C1,CCc1cncc(C)c1,rdkit_canonicalization
qm9_cn_subset:32092,32092,4275,smiles,CCC1=CN=CC(C)=N1,CCc1cncc(C)n1,rdkit_canonicalization
qm9_cn_subset:32093,32093,4276,smiles,CCC1=CN=CC(N)=C1,CCc1cncc(N)c1,rdkit_canonicalization
qm9_cn_subset:32094,32094,4277,smiles,CCC1=CN=CC(N)=N1,CCc1cncc(N)n1,rdkit_canonicalization
qm9_cn_subset:32097,32097,4278,smiles,CCC1=NC=CC(C)=C1,CCc1cc(C)ccn1,rdkit_canonicalization
qm9_cn_subset:32098,32098,4279,smiles,CCC1=NC=CC(C)=N1,CCc1nccc(C)n1,rdkit_canonicalization
qm9_cn_subset:32099,32099,4280,smiles,CCC1=NC=CC(N)=N1,CCc1nccc(N)n1,rdkit_canonicalization
qm9_cn_subset:32102,32102,4281,smiles,CCC1=NC=NC(C)=C1,CCc1cc(C)ncn1,rdkit_canonicalization
qm9_cn_subset:32103,32103,4282,smiles,CCC1=NC=NC(C)=N1,CCc1ncnc(C)n1,rdkit_canonicalization
qm9_cn_subset:32104,32104,4283,smiles,CCC1=NC=NC(N)=C1,CCc1cc(N)ncn1,rdkit_canonicalization
qm9_cn_subset:32105,32105,4284,smiles,CCC1=NC=NC(N)=N1,CCc1ncnc(N)n1,rdkit_canonicalization
qm9_cn_subset:32108,32108,4285,smiles,CNC1=CC=CC(C)=C1,CNc1cccc(C)c1,rdkit_canonicalization
qm9_cn_subset:32109,32109,4286,smiles,CNC1=CC=CC(N)=C1,CNc1cccc(N)c1,rdkit_canonicalization
qm9_cn_subset:32112,32112,4287,smiles,CNC1=CC=NC(C)=N1,CNc1ccnc(C)n1,rdkit_canonicalization
qm9_cn_subset:32115,32115,4288,smiles,CNC1=CN=CC(C)=C1,CNc1cncc(C)c1,rdkit_canonicalization
qm9_cn_subset:32116,32116,4289,smiles,CNC1=CN=CC(C)=N1,CNc1cncc(C)n1,rdkit_canonicalization
qm9_cn_subset:32117,32117,4290,smiles,CNC1=CN=CC(N)=C1,CNc1cncc(N)c1,rdkit_canonicalization
qm9_cn_subset:32118,32118,4291,smiles,CNC1=CN=CC(N)=N1,CNc1cncc(N)n1,rdkit_canonicalization
qm9_cn_subset:32121,32121,4292,smiles,CNC1=NC=CC(C)=N1,CNc1nccc(C)n1,rdkit_canonicalization
qm9_cn_subset:32122,32122,4293,smiles,CNC1=NC=CC(N)=N1,CNc1nccc(N)n1,rdkit_canonicalization
qm9_cn_subset:32125,32125,4294,smiles,CNC1=NC=NC(C)=C1,CNc1cc(C)ncn1,rdkit_canonicalization
qm9_cn_subset:32126,32126,4295,smiles,CNC1=NC=NC(C)=N1,CNc1ncnc(C)n1,rdkit_canonicalization
qm9_cn_subset:32127,32127,4296,smiles,CNC1=NC=NC(N)=C1,CNc1cc(N)ncn1,rdkit_canonicalization
qm9_cn_subset:32128,32128,4297,smiles,CNC1=NC=NC(N)=N1,CNc1ncnc(N)n1,rdkit_canonicalization
qm9_cn_subset:32203,32203,4298,smiles,CCC1=CC=CC=C1N,CCc1ccccc1N,rdkit_canonicalization
qm9_cn_subset:32205,32205,4299,smiles,CCC1=CC=CN=C1C,CCc1cccnc1C,rdkit_canonicalization
qm9_cn_subset:32206,32206,4300,smiles,CCC1=CC=CN=C1N,CCc1cccnc1N,rdkit_canonicalization
qm9_cn_subset:32208,32208,4301,smiles,CCC1=CC=NC=C1C,CCc1ccncc1C,rdkit_canonicalization
qm9_cn_subset:32209,32209,4302,smiles,CCC1=CC=NC=C1N,CCc1ccncc1N,rdkit_canonicalization
qm9_cn_subset:32211,32211,4303,smiles,CCC1=CN=CC=C1C,CCc1cnccc1C,rdkit_canonicalization
qm9_cn_subset:32213,32213,4304,smiles,CCC1=CN=CN=C1C,CCc1cncnc1C,rdkit_canonicalization
qm9_cn_subset:32214,32214,4305,smiles,CCC1=CN=CN=C1N,CCc1cncnc1N,rdkit_canonicalization
qm9_cn_subset:32216,32216,4306,smiles,CCC1=NC=CC=C1C,CCc1ncccc1C,rdkit_canonicalization
qm9_cn_subset:32217,32217,4307,smiles,CCC1=NC=CC=C1N,CCc1ncccc1N,rdkit_canonicalization
qm9_cn_subset:32219,32219,4308,smiles,CCC1=NC=CN=C1C,CCc1nccnc1C,rdkit_canonicalization
qm9_cn_subset:32220,32220,4309,smiles,CCC1=NC=CN=C1N,CCc1nccnc1N,rdkit_canonicalization
qm9_cn_subset:32222,32222,4310,smiles,CCC1=NC=NC=C1C,CCc1ncncc1C,rdkit_canonicalization
qm9_cn_subset:32223,32223,4311,smiles,CCC1=NC=NC=C1N,CCc1ncncc1N,rdkit_canonicalization
qm9_cn_subset:32225,32225,4312,smiles,CNC1=CC=CC=C1C,CNc1ccccc1C,rdkit_canonicalization
qm9_cn_subset:32226,32226,4313,smiles,CNC1=CC=CC=C1N,CNc1ccccc1N,rdkit_canonicalization
qm9_cn_subset:32228,32228,4314,smiles,CNC1=CC=CN=C1C,CNc1cccnc1C,rdkit_canonicalization
qm9_cn_subset:32229,32229,4315,smiles,CNC1=CC=CN=C1N,CNc1cccnc1N,rdkit_canonicalization
qm9_cn_subset:32231,32231,4316,smiles,CNC1=CN=CC=C1C,CNc1cnccc1C,rdkit_canonicalization
qm9_cn_subset:32233,32233,4317,smiles,CNC1=CN=CN=C1C,CNc1cncnc1C,rdkit_canonicalization
qm9_cn_subset:32234,32234,4318,smiles,CNC1=CN=CN=C1N,CNc1cncnc1N,rdkit_canonicalization
qm9_cn_subset:32236,32236,4319,smiles,CNC1=NC=CC=C1C,CNc1ncccc1C,rdkit_canonicalization
qm9_cn_subset:32237,32237,4320,smiles,CNC1=NC=CC=C1N,CNc1ncccc1N,rdkit_canonicalization
qm9_cn_subset:32239,32239,4321,smiles,CNC1=NC=CN=C1C,CNc1nccnc1C,rdkit_canonicalization
qm9_cn_subset:32240,32240,4322,smiles,CNC1=NC=CN=C1N,CNc1nccnc1N,rdkit_canonicalization
qm9_cn_subset:32242,32242,4323,smiles,CNC1=NC=NC=C1C,CNc1ncncc1C,rdkit_canonicalization
qm9_cn_subset:32243,32243,4324,smiles,CNC1=NC=NC=C1N,CNc1ncncc1N,rdkit_canonicalization
qm9_cn_subset:32372,32372,4325,smiles,CCC1=CNC(=C1)C#C,C#Cc1cc(CC)c[nH]1,rdkit_canonicalization
qm9_cn_subset:32373,32373,4326,smiles,CCC1=CNC(=C1)C#N,CCc1c[nH]c(C#N)c1,rdkit_canonicalization
qm9_cn_subset:32374,32374,4327,smiles,CCC1=CNC(=N1)C#C,C#Cc1nc(CC)c[nH]1,rdkit_canonicalization
qm9_cn_subset:32375,32375,4328,smiles,CCC1=CNC(=N1)C#N,CCc1c[nH]c(C#N)n1,rdkit_canonicalization
qm9_cn_subset:32380,32380,4329,smiles,CNC1=CNC(=C1)C#C,C#Cc1cc(NC)c[nH]1,rdkit_canonicalization
qm9_cn_subset:32381,32381,4330,smiles,CNC1=CNC(=C1)C#N,CNc1c[nH]c(C#N)c1,rdkit_canonicalization
qm9_cn_subset:32382,32382,4331,smiles,CNC1=CNC(=N1)C#C,C#Cc1nc(NC)c[nH]1,rdkit_canonicalization
qm9_cn_subset:32383,32383,4332,smiles,CNC1=CNC(=N1)C#N,CNc1c[nH]c(C#N)n1,rdkit_canonicalization
qm9_cn_subset:32415,32415,4333,smiles,CCC1=CNC(C)=C1C,CCc1c[nH]c(C)c1C,rdkit_canonicalization
qm9_cn_subset:32416,32416,4334,smiles,CCC1=CNC(C)=C1N,CCc1c[nH]c(C)c1N,rdkit_canonicalization
qm9_cn_subset:32418,32418,4335,smiles,CCC1=CNC(N)=C1C,CCc1c[nH]c(N)c1C,rdkit_canonicalization
qm9_cn_subset:32430,32430,4336,smiles,CNC1=CNC(C)=C1C,CNc1c[nH]c(C)c1C,rdkit_canonicalization
qm9_cn_subset:32431,32431,4337,smiles,CNC1=CNC(C)=C1N,CNc1c[nH]c(C)c1N,rdkit_canonicalization
qm9_cn_subset:32433,32433,4338,smiles,CNC1=CNC(N)=C1C,CNc1c[nH]c(N)c1C,rdkit_canonicalization
qm9_cn_subset:32495,32495,4339,smiles,CCC1=CNC=C1C#C,C#Cc1c[nH]cc1CC,rdkit_canonicalization
qm9_cn_subset:32496,32496,4340,smiles,CCC1=CNC=C1C#N,CCc1c[nH]cc1C#N,rdkit_canonicalization
qm9_cn_subset:32499,32499,4341,smiles,CNC1=CNC=C1C#C,C#Cc1c[nH]cc1NC,rdkit_canonicalization
qm9_cn_subset:32500,32500,4342,smiles,CNC1=CNC=C1C#N,CNc1c[nH]cc1C#N,rdkit_canonicalization
qm9_cn_subset:32519,32519,4343,smiles,CCC1=CNC=C1CC,CCc1c[nH]cc1CC,rdkit_canonicalization
qm9_cn_subset:32521,32521,4344,smiles,CCC1=CNC=C1NC,CCc1c[nH]cc1NC,rdkit_canonicalization
qm9_cn_subset:32528,32528,4345,smiles,CNC1=CNC=C1NC,CNc1c[nH]cc1NC,rdkit_canonicalization
qm9_cn_subset:32540,32540,4346,smiles,CCC1=CNC=NC1=N,CCc1c[nH]cnc1=N,rdkit_canonicalization
qm9_cn_subset:32546,32546,4347,smiles,CNC1=CNC=NC1=N,CNc1c[nH]cnc1=N,rdkit_canonicalization
qm9_cn_subset:32571,32571,4348,smiles,CCN1C(C)=CC=C1C,CCn1c(C)ccc1C,rdkit_canonicalization
qm9_cn_subset:32572,32572,4349,smiles,CCN1C(C)=CC=C1N,CCn1c(C)ccc1N,rdkit_canonicalization
qm9_cn_subset:32575,32575,4350,smiles,CCN1C(N)=CC=C1N,CCn1c(N)ccc1N,rdkit_canonicalization
qm9_cn_subset:32581,32581,4351,smiles,CCN1C=C(C)C(C)=C1,CCn1cc(C)c(C)c1,rdkit_canonicalization
qm9_cn_subset:32582,32582,4352,smiles,CCN1C=C(C)C(N)=C1,CCn1cc(C)c(N)c1,rdkit_canonicalization
qm9_cn_subset:32584,32584,4353,smiles,CCN1C=C(N)C(N)=C1,CCn1cc(N)c(N)c1,rdkit_canonicalization
qm9_cn_subset:32587,32587,4354,smiles,CCN1C=C(C)C=C1C,CCn1cc(C)cc1C,rdkit_canonicalization
qm9_cn_subset:32588,32588,4355,smiles,CCN1C=C(C)C=C1N,CCn1cc(C)cc1N,rdkit_canonicalization
qm9_cn_subset:32590,32590,4356,smiles,CCN1C=C(C)N=C1C,CCn1cc(C)nc1C,rdkit_canonicalization
qm9_cn_subset:32592,32592,4357,smiles,CCN1C=C(N)C=C1C,CCn1cc(N)cc1C,rdkit_canonicalization
qm9_cn_subset:32593,32593,4358,smiles,CCN1C=C(N)C=C1N,CCn1cc(N)cc1N,rdkit_canonicalization
qm9_cn_subset:32595,32595,4359,smiles,CCN1C=C(N)N=C1C,CCn1cc(N)nc1C,rdkit_canonicalization
qm9_cn_subset:32612,32612,4360,smiles,CCN1C=CC(=N)N=C1,CCn1ccc(=N)nc1,rdkit_canonicalization
qm9_cn_subset:32615,32615,4361,smiles,CCN1C=NC(=N)N=C1,CCn1cnc(=N)nc1,rdkit_canonicalization
qm9_cn_subset:32617,32617,4362,smiles,CCN1C=CC(=C1)C#C,C#Cc1ccn(CC)c1,rdkit_canonicalization
qm9_cn_subset:32618,32618,4363,smiles,CCN1C=CC(=C1)C#N,CCn1ccc(C#N)c1,rdkit_canonicalization
qm9_cn_subset:32619,32619,4364,smiles,CCN1C=NC(=C1)C#C,C#Cc1cn(CC)cn1,rdkit_canonicalization
qm9_cn_subset:32620,32620,4365,smiles,CCN1C=NC(=C1)C#N,CCn1cnc(C#N)c1,rdkit_canonicalization
qm9_cn_subset:32621,32621,4366,smiles,CCN1C=CC(C)=C1C,CCn1ccc(C)c1C,rdkit_canonicalization
qm9_cn_subset:32622,32622,4367,smiles,CCN1C=CC(C)=C1N,CCn1ccc(C)c1N,rdkit_canonicalization
qm9_cn_subset:32624,32624,4368,smiles,CCN1C=CC(N)=C1C,CCn1ccc(N)c1C,rdkit_canonicalization
qm9_cn_subset:32629,32629,4369,smiles,CCN1C=NC(C)=C1C,CCn1cnc(C)c1C,rdkit_canonicalization
qm9_cn_subset:32631,32631,4370,smiles,CCN1C=NC(N)=C1C,CCn1cnc(N)c1C,rdkit_canonicalization
qm9_cn_subset:32639,32639,4371,smiles,CCN1C=CC(CC)=C1,CCc1ccn(CC)c1,rdkit_canonicalization
qm9_cn_subset:32641,32641,4372,smiles,CCN1C=CC(NC)=C1,CCn1ccc(NC)c1,rdkit_canonicalization
qm9_cn_subset:32643,32643,4373,smiles,CCN1C=NC(CC)=C1,CCc1cn(CC)cn1,rdkit_canonicalization
qm9_cn_subset:32645,32645,4374,smiles,CCN1C=NC(NC)=C1,CCn1cnc(NC)c1,rdkit_canonicalization
qm9_cn_subset:32647,32647,4375,smiles,CCN1C=CC=C1C#C,C#Cc1cccn1CC,rdkit_canonicalization
qm9_cn_subset:32648,32648,4376,smiles,CCN1C=CC=C1C#N,CCn1cccc1C#N,rdkit_canonicalization
qm9_cn_subset:32649,32649,4377,smiles,CCN1C=CN=C1C#C,C#Cc1nccn1CC,rdkit_canonicalization
qm9_cn_subset:32650,32650,4378,smiles,CCN1C=CN=C1C#N,CCn1ccnc1C#N,rdkit_canonicalization
qm9_cn_subset:32651,32651,4379,smiles,CCN1C=NC=C1C#C,C#Cc1cncn1CC,rdkit_canonicalization
qm9_cn_subset:32652,32652,4380,smiles,CCN1C=NC=C1C#N,CCn1cncc1C#N,rdkit_canonicalization
qm9_cn_subset:32656,32656,4381,smiles,CCN1C=CC=C1CC,CCc1cccn1CC,rdkit_canonicalization
qm9_cn_subset:32658,32658,4382,smiles,CCN1C=CC=C1NC,CCn1cccc1NC,rdkit_canonicalization
qm9_cn_subset:32660,32660,4383,smiles,CCN1C=CN=C1CC,CCc1nccn1CC,rdkit_canonicalization
qm9_cn_subset:32663,32663,4384,smiles,CCN1C=NC=C1CC,CCc1cncn1CC,rdkit_canonicalization
qm9_cn_subset:32670,32670,4385,smiles,CCN1C=NC=NC1=N,CCn1cncnc1=N,rdkit_canonicalization
qm9_cn_subset:32673,32673,4386,smiles,CCC1CC2=CC=CN12,CCC1Cc2cccn21,rdkit_canonicalization
qm9_cn_subset:32674,32674,4387,smiles,CCC1CC2=CN=CN12,CCC1Cc2cncn21,rdkit_canonicalization
qm9_cn_subset:32675,32675,4388,smiles,CCC1CC2=NC=CN12,CCC1Cc2nccn21,rdkit_canonicalization
qm9_cn_subset:32679,32679,4389,smiles,CCC1CN2C=CC=C12,CCC1Cn2cccc21,rdkit_canonicalization
qm9_cn_subset:32680,32680,4390,smiles,CCC1CN2C=CN=C12,CCC1Cn2ccnc21,rdkit_canonicalization
qm9_cn_subset:32681,32681,4391,smiles,CCC1CN2C=NC=C12,CCC1Cn2cncc21,rdkit_canonicalization
qm9_cn_subset:32682,32682,4392,smiles,CNC1CN2C=CN=C12,CNC1Cn2ccnc21,rdkit_canonicalization
qm9_cn_subset:32689,32689,4393,smiles,CCN=C1C=CNC=N1,CCN=c1cc[nH]cn1,rdkit_canonicalization
qm9_cn_subset:32692,32692,4394,smiles,CCN=C1N=CNC=N1,CCN=c1nc[nH]cn1,rdkit_canonicalization
qm9_cn_subset:32704,32704,4395,smiles,CCN=C1NC=NC=C1,CCN=c1ccnc[nH]1,rdkit_canonicalization
qm9_cn_subset:32705,32705,4396,smiles,CCN=C1NC=NC=N1,CCN=c1ncnc[nH]1,rdkit_canonicalization
qm9_cn_subset:32727,32727,4397,smiles,CCCC1=C(C)C=CN1,CCCc1[nH]ccc1C,rdkit_canonicalization
qm9_cn_subset:32729,32729,4398,smiles,CCCC1=C(C)N=CN1,CCCc1[nH]cnc1C,rdkit_canonicalization
qm9_cn_subset:32731,32731,4399,smiles,CCCC1=C(N)C=CN1,CCCc1[nH]ccc1N,rdkit_canonicalization
qm9_cn_subset:32733,32733,4400,smiles,CCCC1=C(N)N=CN1,CCCc1[nH]cnc1N,rdkit_canonicalization
qm9_cn_subset:32739,32739,4401,smiles,CCNC1=C(C)C=CN1,CCNc1[nH]ccc1C,rdkit_canonicalization
qm9_cn_subset:32784,32784,4402,smiles,CCCC1=C(C)NC=C1,CCCc1cc[nH]c1C,rdkit_canonicalization
qm9_cn_subset:32785,32785,4403,smiles,CCCC1=C(C)NC=N1,CCCc1nc[nH]c1C,rdkit_canonicalization
qm9_cn_subset:32788,32788,4404,smiles,CCCC1=C(N)NC=C1,CCCc1cc[nH]c1N,rdkit_canonicalization
qm9_cn_subset:32793,32793,4405,smiles,CCNC1=C(C)NC=C1,CCNc1cc[nH]c1C,rdkit_canonicalization
qm9_cn_subset:32794,32794,4406,smiles,CCNC1=C(C)NC=N1,CCNc1nc[nH]c1C,rdkit_canonicalization
qm9_cn_subset:32797,32797,4407,smiles,CCNC1=C(N)NC=N1,CCNc1nc[nH]c1N,rdkit_canonicalization
qm9_cn_subset:32834,32834,4408,smiles,CCCC1=CC(C)=CN1,CCCc1cc(C)c[nH]1,rdkit_canonicalization
qm9_cn_subset:32836,32836,4409,smiles,CCCC1=CC(N)=CN1,CCCc1cc(N)c[nH]1,rdkit_canonicalization
qm9_cn_subset:32840,32840,4410,smiles,CCCC1=NC(C)=CN1,CCCc1nc(C)c[nH]1,rdkit_canonicalization
qm9_cn_subset:32845,32845,4411,smiles,CCNC1=CC(C)=CN1,CCNc1cc(C)c[nH]1,rdkit_canonicalization
qm9_cn_subset:32847,32847,4412,smiles,CCNC1=CC(N)=CN1,CCNc1cc(N)c[nH]1,rdkit_canonicalization
qm9_cn_subset:32889,32889,4413,smiles,CCCC1=CN(C)C=C1,CCCc1ccn(C)c1,rdkit_canonicalization
qm9_cn_subset:32890,32890,4414,smiles,CCCC1=CN(C)C=N1,CCCc1cn(C)cn1,rdkit_canonicalization
qm9_cn_subset:32891,32891,4415,smiles,CCNC1=CN(C)C=C1,CCNc1ccn(C)c1,rdkit_canonicalization
qm9_cn_subset:32892,32892,4416,smiles,CCNC1=CN(C)C=N1,CCNc1cn(C)cn1,rdkit_canonicalization
qm9_cn_subset:32903,32903,4417,smiles,CCCC1=CC=C(C)N1,CCCc1ccc(C)[nH]1,rdkit_canonicalization
qm9_cn_subset:32905,32905,4418,smiles,CCCC1=CC=C(N)N1,CCCc1ccc(N)[nH]1,rdkit_canonicalization
qm9_cn_subset:32915,32915,4419,smiles,CCNC1=CC=C(C)N1,CCNc1ccc(C)[nH]1,rdkit_canonicalization
qm9_cn_subset:32917,32917,4420,smiles,CCNC1=CC=C(N)N1,CCNc1ccc(N)[nH]1,rdkit_canonicalization
qm9_cn_subset:32970,32970,4421,smiles,CCCC1=CC=CN1C,CCCc1cccn1C,rdkit_canonicalization
qm9_cn_subset:32971,32971,4422,smiles,CCCC1=CN=CN1C,CCCc1cncn1C,rdkit_canonicalization
qm9_cn_subset:32972,32972,4423,smiles,CCCC1=NC=CN1C,CCCc1nccn1C,rdkit_canonicalization
qm9_cn_subset:32973,32973,4424,smiles,CCNC1=CC=CN1C,CCNc1cccn1C,rdkit_canonicalization
qm9_cn_subset:32984,32984,4425,smiles,CCCC1=CC=NC=C1,CCCc1ccncc1,rdkit_canonicalization
qm9_cn_subset:32985,32985,4426,smiles,CCCC1=CN=CC=C1,CCCc1cccnc1,rdkit_canonicalization
qm9_cn_subset:32986,32986,4427,smiles,CCCC1=CN=CC=N1,CCCc1cnccn1,rdkit_canonicalization
qm9_cn_subset:32987,32987,4428,smiles,CCCC1=CN=CN=C1,CCCc1cncnc1,rdkit_canonicalization
qm9_cn_subset:32988,32988,4429,smiles,CCCC1=NC=CC=C1,CCCc1ccccn1,rdkit_canonicalization
qm9_cn_subset:32989,32989,4430,smiles,CCCC1=NC=CC=N1,CCCc1ncccn1,rdkit_canonicalization
qm9_cn_subset:32990,32990,4431,smiles,CCCC1=NC=CN=C1,CCCc1cnccn1,rdkit_canonicalization
qm9_cn_subset:32991,32991,4432,smiles,CCCC1=NC=NC=C1,CCCc1ccncn1,rdkit_canonicalization
qm9_cn_subset:32992,32992,4433,smiles,CCCC1=NC=NC=N1,CCCc1ncncn1,rdkit_canonicalization
qm9_cn_subset:32993,32993,4434,smiles,CCNC1=CC=CC=C1,CCNc1ccccc1,rdkit_canonicalization
qm9_cn_subset:32994,32994,4435,smiles,CCNC1=CN=CC=C1,CCNc1cccnc1,rdkit_canonicalization
qm9_cn_subset:32995,32995,4436,smiles,CCNC1=CN=CC=N1,CCNc1cnccn1,rdkit_canonicalization
qm9_cn_subset:32996,32996,4437,smiles,CCNC1=CN=CN=C1,CCNc1cncnc1,rdkit_canonicalization
qm9_cn_subset:32997,32997,4438,smiles,CCNC1=NC=CC=C1,CCNc1ccccn1,rdkit_canonicalization
qm9_cn_subset:32998,32998,4439,smiles,CCNC1=NC=CC=N1,CCNc1ncccn1,rdkit_canonicalization
qm9_cn_subset:32999,32999,4440,smiles,CCNC1=NC=CN=C1,CCNc1cnccn1,rdkit_canonicalization
qm9_cn_subset:33000,33000,4441,smiles,CCNC1=NC=NC=C1,CCNc1ccncn1,rdkit_canonicalization
qm9_cn_subset:33001,33001,4442,smiles,CCNC1=NC=NC=N1,CCNc1ncncn1,rdkit_canonicalization
qm9_cn_subset:33012,33012,4443,smiles,CNCC1=NC=CC=N1,CNCc1ncccn1,rdkit_canonicalization
qm9_cn_subset:33013,33013,4444,smiles,CNCC1=NC=NC=N1,CNCc1ncncn1,rdkit_canonicalization
qm9_cn_subset:33071,33071,4445,smiles,CCCC1=CNC(C)=C1,CCCc1c[nH]c(C)c1,rdkit_canonicalization
qm9_cn_subset:33072,33072,4446,smiles,CCCC1=CNC(C)=N1,CCCc1c[nH]c(C)n1,rdkit_canonicalization
qm9_cn_subset:33073,33073,4447,smiles,CCCC1=CNC(N)=C1,CCCc1c[nH]c(N)c1,rdkit_canonicalization
qm9_cn_subset:33081,33081,4448,smiles,CCNC1=CNC(C)=C1,CCNc1c[nH]c(C)c1,rdkit_canonicalization
qm9_cn_subset:33082,33082,4449,smiles,CCNC1=CNC(C)=N1,CCNc1c[nH]c(C)n1,rdkit_canonicalization
qm9_cn_subset:33083,33083,4450,smiles,CCNC1=CNC(N)=C1,CCNc1c[nH]c(N)c1,rdkit_canonicalization
qm9_cn_subset:33122,33122,4451,smiles,CCCC1=CNC=C1C,CCCc1c[nH]cc1C,rdkit_canonicalization
qm9_cn_subset:33123,33123,4452,smiles,CCCC1=CNC=C1N,CCCc1c[nH]cc1N,rdkit_canonicalization
qm9_cn_subset:33127,33127,4453,smiles,CCNC1=CNC=C1C,CCNc1c[nH]cc1C,rdkit_canonicalization
qm9_cn_subset:33128,33128,4454,smiles,CCNC1=CNC=C1N,CCNc1c[nH]cc1N,rdkit_canonicalization
qm9_cn_subset:33149,33149,4455,smiles,CCCN1C=CC(C)=C1,CCCn1ccc(C)c1,rdkit_canonicalization
qm9_cn_subset:33150,33150,4456,smiles,CCCN1C=CC(N)=C1,CCCn1ccc(N)c1,rdkit_canonicalization
qm9_cn_subset:33152,33152,4457,smiles,CCCN1C=NC(C)=C1,CCCn1cnc(C)c1,rdkit_canonicalization
qm9_cn_subset:33153,33153,4458,smiles,CCCN1C=NC(N)=C1,CCCn1cnc(N)c1,rdkit_canonicalization
qm9_cn_subset:33162,33162,4459,smiles,CCCN1C=CC=C1C,CCCn1cccc1C,rdkit_canonicalization
qm9_cn_subset:33163,33163,4460,smiles,CCCN1C=CC=C1N,CCCn1cccc1N,rdkit_canonicalization
qm9_cn_subset:33165,33165,4461,smiles,CCCN1C=CN=C1C,CCCn1ccnc1C,rdkit_canonicalization
qm9_cn_subset:33167,33167,4462,smiles,CCCN1C=NC=C1C,CCCn1cncc1C,rdkit_canonicalization
qm9_cn_subset:33183,33183,4463,smiles,CCCCC1=CC=CN1,CCCCc1ccc[nH]1,rdkit_canonicalization
qm9_cn_subset:33185,33185,4464,smiles,CCCCC1=CN=CN1,CCCCc1cnc[nH]1,rdkit_canonicalization
qm9_cn_subset:33187,33187,4465,smiles,CCCCC1=NC=CN1,CCCCc1ncc[nH]1,rdkit_canonicalization
qm9_cn_subset:33189,33189,4466,smiles,CCCNC1=CC=CN1,CCCNc1ccc[nH]1,rdkit_canonicalization
qm9_cn_subset:33228,33228,4467,smiles,CCCCC1=CNC=C1,CCCCc1cc[nH]c1,rdkit_canonicalization
qm9_cn_subset:33229,33229,4468,smiles,CCCCC1=CNC=N1,CCCCc1c[nH]cn1,rdkit_canonicalization
qm9_cn_subset:33232,33232,4469,smiles,CCCNC1=CNC=C1,CCCNc1cc[nH]c1,rdkit_canonicalization
qm9_cn_subset:33233,33233,4470,smiles,CCCNC1=CNC=N1,CCCNc1c[nH]cn1,rdkit_canonicalization
qm9_cn_subset:33260,33260,4471,smiles,CCCCN1C=CC=C1,CCCCn1cccc1,rdkit_canonicalization
qm9_cn_subset:33261,33261,4472,smiles,CCCCN1C=CN=C1,CCCCn1ccnc1,rdkit_canonicalization
qm9_cn_subset:33275,33275,4477,smiles,C#CC#CC1(CC1)C#N,C#CC#CC1(C#N)CC1,rdkit_canonicalization
qm9_cn_subset:33276,33276,4478,smiles,C#CC#CC1(CN1)C#C,C#CC#CC1(C#C)CN1,rdkit_canonicalization
qm9_cn_subset:33277,33277,4479,smiles,C#CC#CC1(CN1)C#N,C#CC#CC1(C#N)CN1,rdkit_canonicalization
qm9_cn_subset:33280,33280,4480,smiles,C#CC1(CC1)C#CC#N,C#CC1(C#CC#N)CC1,rdkit_canonicalization
qm9_cn_subset:33281,33281,4481,smiles,C#CC1(CN1)C#CC#N,C#CC1(C#CC#N)CN1,rdkit_canonicalization
qm9_cn_subset:33283,33283,4482,smiles,N#CC#CC1(CC1)C#N,N#CC#CC1(C#N)CC1,rdkit_canonicalization
qm9_cn_subset:33284,33284,4483,smiles,N#CC#CC1(CN1)C#N,N#CC#CC1(C#N)CN1,rdkit_canonicalization
qm9_cn_subset:33298,33298,4489,smiles,C#CC#CC12CN1CC2,C#CC#CC12CCN1C2,rdkit_canonicalization
qm9_cn_subset:33299,33299,4490,smiles,N#CC#CC12CC1CC2,N#CC#CC12CCC1C2,rdkit_canonicalization
qm9_cn_subset:33304,33304,4492,smiles,N#CC#CC12CN1CC2,N#CC#CC12CCN1C2,rdkit_canonicalization
qm9_cn_subset:33354,33354,4515,smiles,N#CC#CC1CCC=C1,N#CC#CC1C=CCC1,rdkit_canonicalization
qm9_cn_subset:33419,33419,4542,smiles,C#CC(CC1CC1)C#N,C#CC(C#N)CC1CC1,rdkit_canonicalization
qm9_cn_subset:33420,33420,4543,smiles,C#CC(CC1CN1)C#N,C#CC(C#N)CC1CN1,rdkit_canonicalization
qm9_cn_subset:33423,33423,4544,smiles,C#CC(CN1CC1)C#C,C#CC(C#C)CN1CC1,rdkit_canonicalization
qm9_cn_subset:33424,33424,4545,smiles,C#CC(CN1CC1)C#N,C#CC(C#N)CN1CC1,rdkit_canonicalization
qm9_cn_subset:33425,33425,4546,smiles,C#CC(NC1CC1)C#N,C#CC(C#N)NC1CC1,rdkit_canonicalization
qm9_cn_subset:33428,33428,4547,smiles,N#CC(CC1CC1)C#N,N#CC(C#N)CC1CC1,rdkit_canonicalization
qm9_cn_subset:33429,33429,4548,smiles,N#CC(NC1CC1)C#N,N#CC(C#N)NC1CC1,rdkit_canonicalization
qm9_cn_subset:33443,33443,4556,smiles,C#CC1(C#C)C2CCN12,C#CC1(C#C)C2CCN21,rdkit_canonicalization
qm9_cn_subset:33445,33445,4557,smiles,C#CC1(C#N)C2CCC12,C#CC1(C#N)C2CCC21,rdkit_canonicalization
qm9_cn_subset:33446,33446,4558,smiles,C#CC1(C#N)C2CCN12,C#CC1(C#N)C2CCN21,rdkit_canonicalization
qm9_cn_subset:33447,33447,4559,smiles,C#CC1(C#N)C2CNC12,C#CC1(C#N)C2CNC21,rdkit_canonicalization
qm9_cn_subset:33449,33449,4560,smiles,N#CC1(C#N)C2CCC12,N#CC1(C#N)C2CCC21,rdkit_canonicalization
qm9_cn_subset:33450,33450,4561,smiles,N#CC1(C#N)C2CCN12,N#CC1(C#N)C2CCN21,rdkit_canonicalization
qm9_cn_subset:33451,33451,4562,smiles,N#CC1(C#N)C2CNC12,N#CC1(C#N)C2CNC21,rdkit_canonicalization
qm9_cn_subset:33456,33456,4563,smiles,C#CC1(CN1)C1CCC1,C#CC1(C2CCC2)CN1,rdkit_canonicalization
qm9_cn_subset:33462,33462,4564,smiles,N#CC1(CC1)C1CCC1,N#CC1(C2CCC2)CC1,rdkit_canonicalization
qm9_cn_subset:33465,33465,4565,smiles,N#CC1(CC1)N1CCC1,N#CC1(N2CCC2)CC1,rdkit_canonicalization
qm9_cn_subset:33466,33466,4566,smiles,N#CC1(CN1)C1CCC1,N#CC1(C2CCC2)CN1,rdkit_canonicalization
qm9_cn_subset:33467,33467,4567,smiles,N#CC1(CN1)C1CCN1,N#CC1(C2CCN2)CN1,rdkit_canonicalization
qm9_cn_subset:33474,33474,4568,smiles,C#CC1(CC2CC12)C#N,C#CC1(C#N)CC2CC21,rdkit_canonicalization
qm9_cn_subset:33475,33475,4569,smiles,C#CC1(CC2CN12)C#C,C#CC1(C#C)CC2CN21,rdkit_canonicalization
qm9_cn_subset:33476,33476,4570,smiles,C#CC1(CC2CN12)C#N,C#CC1(C#N)CC2CN21,rdkit_canonicalization
qm9_cn_subset:33477,33477,4571,smiles,C#CC1(CC2NC12)C#C,C#CC1(C#C)CC2NC21,rdkit_canonicalization
qm9_cn_subset:33478,33478,4572,smiles,C#CC1(CC2NC12)C#N,C#CC1(C#N)CC2NC21,rdkit_canonicalization
qm9_cn_subset:33481,33481,4573,smiles,C#CC1(CN2CC12)C#C,C#CC1(C#C)CN2CC21,rdkit_canonicalization
qm9_cn_subset:33482,33482,4574,smiles,C#CC1(CN2CC12)C#N,C#CC1(C#N)CN2CC21,rdkit_canonicalization
qm9_cn_subset:33483,33483,4575,smiles,C#CC1(NC2CC12)C#N,C#CC1(C#N)NC2CC21,rdkit_canonicalization
qm9_cn_subset:33486,33486,4576,smiles,N#CC1(CC2CC12)C#N,N#CC1(C#N)CC2CC21,rdkit_canonicalization
qm9_cn_subset:33487,33487,4577,smiles,N#CC1(CC2CN12)C#N,N#CC1(C#N)CC2CN21,rdkit_canonicalization
qm9_cn_subset:33488,33488,4578,smiles,N#CC1(CC2NC12)C#N,N#CC1(C#N)CC2NC21,rdkit_canonicalization
qm9_cn_subset:33490,33490,4579,smiles,N#CC1(CN2CC12)C#N,N#CC1(C#N)CN2CC21,rdkit_canonicalization
qm9_cn_subset:33491,33491,4580,smiles,N#CC1(NC2CC12)C#N,N#CC1(C#N)NC2CC21,rdkit_canonicalization
qm9_cn_subset:33503,33503,4584,smiles,N#CC1(CC1)NC1CC1,N#CC1(NC2CC2)CC1,rdkit_canonicalization
qm9_cn_subset:33518,33518,4591,smiles,C#CC1(CC=CC1)C#N,C#CC1(C#N)CC=CC1,rdkit_canonicalization
qm9_cn_subset:33519,33519,4592,smiles,C#CC1(CN=CN1)C#C,C#CC1(C#C)CN=CN1,rdkit_canonicalization
qm9_cn_subset:33520,33520,4593,smiles,C#CC1(CN=CN1)C#N,C#CC1(C#N)CN=CN1,rdkit_canonicalization
qm9_cn_subset:33523,33523,4594,smiles,N#CC1(CC=CC1)C#N,N#CC1(C#N)CC=CC1,rdkit_canonicalization
qm9_cn_subset:33524,33524,4595,smiles,N#CC1(CN=CN1)C#N,N#CC1(C#N)CN=CN1,rdkit_canonicalization
qm9_cn_subset:33528,33528,4596,smiles,C#CC1(CCC1)N1CC1,C#CC1(N2CC2)CCC1,rdkit_canonicalization
qm9_cn_subset:33536,33536,4597,smiles,N#CC1(CCC1)C1CC1,N#CC1(C2CC2)CCC1,rdkit_canonicalization
qm9_cn_subset:33537,33537,4598,smiles,N#CC1(CCC1)C1CN1,N#CC1(C2CN2)CCC1,rdkit_canonicalization
qm9_cn_subset:33539,33539,4599,smiles,N#CC1(CCC1)N1CC1,N#CC1(N2CC2)CCC1,rdkit_canonicalization
qm9_cn_subset:33540,33540,4600,smiles,N#CC1(CCN1)C1CC1,N#CC1(C2CC2)CCN1,rdkit_canonicalization
qm9_cn_subset:33541,33541,4601,smiles,N#CC1(CCN1)C1CN1,N#CC1(C2CN2)CCN1,rdkit_canonicalization
qm9_cn_subset:33547,33547,4602,smiles,N#CC1(CNC1)N1CC1,N#CC1(N2CC2)CNC1,rdkit_canonicalization
qm9_cn_subset:33553,33553,4603,smiles,C#CC1(CCC=C1)C#N,C#CC1(C#N)C=CCC1,rdkit_canonicalization
qm9_cn_subset:33554,33554,4604,smiles,C#CC1(CNC=N1)C#C,C#CC1(C#C)CNC=N1,rdkit_canonicalization
qm9_cn_subset:33555,33555,4605,smiles,C#CC1(CNC=N1)C#N,C#CC1(C#N)CNC=N1,rdkit_canonicalization
qm9_cn_subset:33558,33558,4606,smiles,C#CC1(NCC=C1)C#N,C#CC1(C#N)C=CCN1,rdkit_canonicalization
qm9_cn_subset:33561,33561,4607,smiles,N#CC1(CCC=C1)C#N,N#CC1(C#N)C=CCC1,rdkit_canonicalization
qm9_cn_subset:33562,33562,4608,smiles,N#CC1(CNC=N1)C#N,N#CC1(C#N)CNC=N1,rdkit_canonicalization
qm9_cn_subset:33564,33564,4609,smiles,N#CC1(NCC=C1)C#N,N#CC1(C#N)C=CCN1,rdkit_canonicalization
qm9_cn_subset:33567,33567,4610,smiles,C#CC1(CCCC1)C#N,C#CC1(C#N)CCCC1,rdkit_canonicalization
qm9_cn_subset:33568,33568,4611,smiles,C#CC1(CCCN1)C#N,C#CC1(C#N)CCCN1,rdkit_canonicalization
qm9_cn_subset:33577,33577,4612,smiles,N#CC1(CCCC1)C#N,N#CC1(C#N)CCCC1,rdkit_canonicalization
qm9_cn_subset:33578,33578,4613,smiles,N#CC1(CCCN1)C#N,N#CC1(C#N)CCCN1,rdkit_canonicalization
qm9_cn_subset:33580,33580,4614,smiles,N#CC1(CCNC1)C#N,N#CC1(C#N)CCNC1,rdkit_canonicalization
qm9_cn_subset:33585,33585,4615,smiles,C#CC12C3C1C1C3CN21,C#CC12C3C4CN1C4C32,rdkit_canonicalization
qm9_cn_subset:33587,33587,4616,smiles,C#CC12C3C1N1C3CC21,C#CC12C3C4CC1N4C32,rdkit_canonicalization
qm9_cn_subset:33588,33588,4617,smiles,C#CC12C3C1N1CC2C31,C#CC12C3CN4C3C1C42,rdkit_canonicalization
qm9_cn_subset:33589,33589,4618,smiles,C#CC12C3C4C(CC14)N23,C#CC12C3CC4C3C1N42,rdkit_canonicalization
qm9_cn_subset:33590,33590,4619,smiles,C#CC12C3C4CC1C4N23,C#CC12C3CC4C3N1C42,rdkit_canonicalization
qm9_cn_subset:33591,33591,4620,smiles,C#CC12C3C4NC1C4N23,C#CC12C3NC4C3N1C42,rdkit_canonicalization
qm9_cn_subset:33593,33593,4621,smiles,N#CC12C3C1C1C3CC21,N#CC12C3CC4C3C1C42,rdkit_canonicalization
qm9_cn_subset:33594,33594,4622,smiles,N#CC12C3C1C1C3CN21,N#CC12C3C4CN1C4C32,rdkit_canonicalization
qm9_cn_subset:33595,33595,4623,smiles,N#CC12C3C1C1C3NC21,N#CC12C3NC4C3C1C42,rdkit_canonicalization
qm9_cn_subset:33597,33597,4624,smiles,N#CC12C3C1N1C3CC21,N#CC12C3C4CC1N4C32,rdkit_canonicalization
qm9_cn_subset:33598,33598,4625,smiles,N#CC12C3C1N1CC2C31,N#CC12C3CN4C3C1C42,rdkit_canonicalization
qm9_cn_subset:33599,33599,4626,smiles,N#CC12C3C4C(CC14)N23,N#CC12C3CC4C3C1N42,rdkit_canonicalization
qm9_cn_subset:33600,33600,4627,smiles,N#CC12C3C4CC1C4N23,N#CC12C3CC4C3N1C42,rdkit_canonicalization
qm9_cn_subset:33601,33601,4628,smiles,N#CC12C3C4NC1C4N23,N#CC12C3NC4C3N1C42,rdkit_canonicalization
qm9_cn_subset:33604,33604,4629,smiles,C#CC12C3C1C1CC3N21,C#CC12C3C4CC(C31)N42,rdkit_canonicalization
qm9_cn_subset:33606,33606,4630,smiles,C#CC12C3C1N1CC3C21,C#CC12C3C4CN(C41)C32,rdkit_canonicalization
qm9_cn_subset:33607,33607,4631,smiles,C#CC12C3C4CC(C14)N23,C#CC12C3C4CC3N1C42,rdkit_canonicalization
qm9_cn_subset:33608,33608,4632,smiles,N#CC12C3C1C1CC3C21,N#CC12C3C4CC3C1C42,rdkit_canonicalization
qm9_cn_subset:33609,33609,4633,smiles,N#CC12C3C1C1CC3N21,N#CC12C3C4CC(C31)N42,rdkit_canonicalization
qm9_cn_subset:33611,33611,4634,smiles,N#CC12C3C1N1CC3C21,N#CC12C3C4CN(C41)C32,rdkit_canonicalization
qm9_cn_subset:33612,33612,4635,smiles,N#CC12C3C4CC(C14)N23,N#CC12C3C4CC3N1C42,rdkit_canonicalization
qm9_cn_subset:33613,33613,4636,smiles,C#CC12C3C4C1CC2N34,C#CC12C3CC1N1C3C12,rdkit_canonicalization
qm9_cn_subset:33616,33616,4637,smiles,C#CC12C3C4C3N1CC24,C#CC12C3CN1C1C3C12,rdkit_canonicalization
qm9_cn_subset:33617,33617,4638,smiles,C#CC12C3CC1C1C3N21,C#CC12C3CC1C1C3N12,rdkit_canonicalization
qm9_cn_subset:33618,33618,4639,smiles,C#CC12C3NC1C1C3N21,C#CC12C3NC1C1C3N12,rdkit_canonicalization
qm9_cn_subset:33620,33620,4640,smiles,N#CC12C3C4C1CC2N34,N#CC12C3CC1N1C3C12,rdkit_canonicalization
qm9_cn_subset:33621,33621,4641,smiles,N#CC12C3C4C3C1CC24,N#CC12C3CC1C1C3C12,rdkit_canonicalization
qm9_cn_subset:33622,33622,4642,smiles,N#CC12C3C4C3C1NC24,N#CC12C3NC1C1C3C12,rdkit_canonicalization
qm9_cn_subset:33624,33624,4643,smiles,N#CC12C3C4C3N1CC24,N#CC12C3CN1C1C3C12,rdkit_canonicalization
qm9_cn_subset:33625,33625,4644,smiles,N#CC12C3CC1C1C3N21,N#CC12C3CC1C1C3N12,rdkit_canonicalization
qm9_cn_subset:33626,33626,4645,smiles,N#CC12C3NC1C1C3N21,N#CC12C3NC1C1C3N12,rdkit_canonicalization
qm9_cn_subset:33629,33629,4646,smiles,C#CC12C3CC1=CCN23,C#CC12C3=CCN1C2C3,rdkit_canonicalization
qm9_cn_subset:33630,33630,4647,smiles,C#CC12C3CC=C1CN23,C#CC12C3=CCC1N2C3,rdkit_canonicalization
qm9_cn_subset:33631,33631,4648,smiles,C#CC12C3CN=C1NC23,C#CC12C3=NCC1C2N3,rdkit_canonicalization
qm9_cn_subset:33633,33633,4649,smiles,N#CC12C3CC1=CCC23,N#CC12C3=CCC1C2C3,rdkit_canonicalization
qm9_cn_subset:33634,33634,4650,smiles,N#CC12C3CC1=CCN23,N#CC12C3=CCN1C2C3,rdkit_canonicalization
qm9_cn_subset:33635,33635,4651,smiles,N#CC12C3CC=C1CN23,N#CC12C3=CCC1N2C3,rdkit_canonicalization
qm9_cn_subset:33636,33636,4652,smiles,N#CC12C3CN=C1NC23,N#CC12C3=NCC1C2N3,rdkit_canonicalization
qm9_cn_subset:33638,33638,4653,smiles,C#CC12C3C=CC1CN23,C#CC12C3C=CC1N2C3,rdkit_canonicalization
qm9_cn_subset:33640,33640,4654,smiles,C#CC12C3CC1N=CN23,C#CC12C3CC1N2C=N3,rdkit_canonicalization
qm9_cn_subset:33641,33641,4655,smiles,C#CC12C3CN1C=NC23,C#CC12C3CN1C=NC32,rdkit_canonicalization
qm9_cn_subset:33643,33643,4656,smiles,N#CC12C3C=CC1CN23,N#CC12C3C=CC1N2C3,rdkit_canonicalization
qm9_cn_subset:33644,33644,4657,smiles,N#CC12C3CC1C=CC23,N#CC12C3C=CC1C2C3,rdkit_canonicalization
qm9_cn_subset:33645,33645,4658,smiles,N#CC12C3CC1N=CN23,N#CC12C3CC1N2C=N3,rdkit_canonicalization
qm9_cn_subset:33646,33646,4659,smiles,N#CC12C3CN1C=NC23,N#CC12C3CN1C=NC32,rdkit_canonicalization
qm9_cn_subset:33647,33647,4660,smiles,N#CC12C3NC1C=CC23,N#CC12C3C=CC1C2N3,rdkit_canonicalization
qm9_cn_subset:33661,33661,4667,smiles,C#CC12C3CC1CCN23,C#CC12C3CCN1C2C3,rdkit_canonicalization
qm9_cn_subset:33664,33664,4668,smiles,C#CC12C3CCC1CN23,C#CC12C3CCC1N2C3,rdkit_canonicalization
qm9_cn_subset:33666,33666,4669,smiles,C#CC12C3CN1CCC23,C#CC12C3CCN1CC32,rdkit_canonicalization
qm9_cn_subset:33670,33670,4670,smiles,N#CC12C3CC1CCC23,N#CC12C3CCC1C2C3,rdkit_canonicalization
qm9_cn_subset:33671,33671,4671,smiles,N#CC12C3CC1CCN23,N#CC12C3CCN1C2C3,rdkit_canonicalization
qm9_cn_subset:33674,33674,4672,smiles,N#CC12C3CCC1CN23,N#CC12C3CCC1N2C3,rdkit_canonicalization
qm9_cn_subset:33675,33675,4673,smiles,N#CC12C3CCC1NC23,N#CC12C3CCC1C2N3,rdkit_canonicalization
qm9_cn_subset:33677,33677,4674,smiles,N#CC12C3CN1CCC23,N#CC12C3CCN1CC32,rdkit_canonicalization
qm9_cn_subset:33678,33678,4675,smiles,N#CC12C3CNC1CN23,N#CC12C3CN1C2CN3,rdkit_canonicalization
qm9_cn_subset:33680,33680,4676,smiles,N#CC12C3NC1CNC23,N#CC12C3CNC1C2N3,rdkit_canonicalization
qm9_cn_subset:33684,33684,4677,smiles,C#CC12C3C4CN1C2C34,C#CC12C3C4CN1C2C43,rdkit_canonicalization
qm9_cn_subset:33685,33685,4678,smiles,C#CC12C3CC4C(C13)N24,C#CC12C3CC4C(C31)N42,rdkit_canonicalization
qm9_cn_subset:33687,33687,4679,smiles,C#CC12C3C4CC1N2C34,C#CC12C3C4CC1N2C43,rdkit_canonicalization
qm9_cn_subset:33688,33688,4680,smiles,C#CC12C3CC4C1N4C23,C#CC12C3CC4C1N4C32,rdkit_canonicalization
qm9_cn_subset:33689,33689,4681,smiles,C#CC12C3CN4C(C13)C24,C#CC12C3CN4C(C31)C42,rdkit_canonicalization
qm9_cn_subset:33691,33691,4682,smiles,N#CC12C3C4CN1C2C34,N#CC12C3C4CN1C2C43,rdkit_canonicalization
qm9_cn_subset:33692,33692,4683,smiles,N#CC12C3CC4C(C13)N24,N#CC12C3CC4C(C31)N42,rdkit_canonicalization
qm9_cn_subset:33693,33693,4684,smiles,N#CC12C3CC4C(C14)C23,N#CC12C3CC4C(C41)C32,rdkit_canonicalization
qm9_cn_subset:33694,33694,4685,smiles,N#CC12C3C4CC1N2C34,N#CC12C3C4CC1N2C43,rdkit_canonicalization
qm9_cn_subset:33695,33695,4686,smiles,N#CC12C3CC4C1N4C23,N#CC12C3CC4C1N4C32,rdkit_canonicalization
qm9_cn_subset:33696,33696,4687,smiles,N#CC12C3CN4C(C13)C24,N#CC12C3CN4C(C31)C42,rdkit_canonicalization
qm9_cn_subset:33699,33699,4688,smiles,C#CC12C=CC3C1CN23,C#CC12C=CC3C1CN32,rdkit_canonicalization
qm9_cn_subset:33701,33701,4689,smiles,N#CC12C=CC3C1CC23,N#CC12C=CC3C1CC32,rdkit_canonicalization
qm9_cn_subset:33702,33702,4690,smiles,N#CC12C=CC3C1CN23,N#CC12C=CC3C1CN32,rdkit_canonicalization
qm9_cn_subset:33703,33703,4691,smiles,N#CC12C=CC3C1NC23,N#CC12C=CC3C1NC32,rdkit_canonicalization
qm9_cn_subset:33706,33706,4692,smiles,C#CC12C=CC3CC1N23,C#CC12C=CC3CC1N32,rdkit_canonicalization
qm9_cn_subset:33707,33707,4693,smiles,C#CC12C=CC3CN1C23,C#CC12C=CC3CN1C32,rdkit_canonicalization
qm9_cn_subset:33709,33709,4694,smiles,C#CC12N=CN3CC1C23,C#CC12N=CN3CC1C32,rdkit_canonicalization
qm9_cn_subset:33710,33710,4695,smiles,N#CC12C=CC3CC1C23,N#CC12C=CC3CC1C32,rdkit_canonicalization
qm9_cn_subset:33711,33711,4696,smiles,N#CC12C=CC3CC1N23,N#CC12C=CC3CC1N32,rdkit_canonicalization
qm9_cn_subset:33712,33712,4697,smiles,N#CC12C=CC3CN1C23,N#CC12C=CC3CN1C32,rdkit_canonicalization
qm9_cn_subset:33713,33713,4698,smiles,N#CC12C=CC3NC1C23,N#CC12C=CC3NC1C32,rdkit_canonicalization
qm9_cn_subset:33715,33715,4699,smiles,N#CC12N=CN3CC1C23,N#CC12N=CN3CC1C32,rdkit_canonicalization
qm9_cn_subset:33717,33717,4700,smiles,C#CC12CC(C1)(C2)C#N,C#CC12CC(C#N)(C1)C2,rdkit_canonicalization
qm9_cn_subset:33718,33718,4701,smiles,C#CC12CC(C1)(N2)C#C,C#CC12CC(C#C)(C1)N2,rdkit_canonicalization
qm9_cn_subset:33719,33719,4702,smiles,C#CC12CC(C1)(N2)C#N,C#CC12CC(C#N)(C1)N2,rdkit_canonicalization
qm9_cn_subset:33722,33722,4703,smiles,N#CC12CC(C1)(C2)C#N,N#CC12CC(C#N)(C1)C2,rdkit_canonicalization
qm9_cn_subset:33723,33723,4704,smiles,N#CC12CC(C1)(N2)C#N,N#CC12CC(C#N)(C1)N2,rdkit_canonicalization
qm9_cn_subset:33726,33726,4705,smiles,C#CC12CC(C1)C1CN21,C#CC12CC(C1)C1CN12,rdkit_canonicalization
qm9_cn_subset:33727,33727,4706,smiles,C#CC12CC(C1)C1NC21,C#CC12CC(C1)C1NC12,rdkit_canonicalization
qm9_cn_subset:33729,33729,4707,smiles,C#CC12CC(C1)N1CC21,C#CC12CC(C1)N1CC12,rdkit_canonicalization
qm9_cn_subset:33734,33734,4708,smiles,N#CC12CC(C1)C1CC21,N#CC12CC(C1)C1CC12,rdkit_canonicalization
qm9_cn_subset:33735,33735,4709,smiles,N#CC12CC(C1)C1CN21,N#CC12CC(C1)C1CN12,rdkit_canonicalization
qm9_cn_subset:33736,33736,4710,smiles,N#CC12CC(C1)C1NC21,N#CC12CC(C1)C1NC12,rdkit_canonicalization
qm9_cn_subset:33738,33738,4711,smiles,N#CC12CC(C1)N1CC21,N#CC12CC(C1)N1CC12,rdkit_canonicalization
qm9_cn_subset:33739,33739,4712,smiles,N#CC12CC(N1)C1CC21,N#CC12CC(N1)C1CC12,rdkit_canonicalization
qm9_cn_subset:33740,33740,4713,smiles,N#CC12CC(N1)C1NC21,N#CC12CC(N1)C1NC12,rdkit_canonicalization
qm9_cn_subset:33745,33745,4714,smiles,N#CC12CN(C1)C1CC21,N#CC12CN(C1)C1CC12,rdkit_canonicalization
qm9_cn_subset:33768,33768,4723,smiles,N#CC12CC(C1)C=CC2,N#CC12CC=CC(C1)C2,rdkit_canonicalization
qm9_cn_subset:33770,33770,4724,smiles,N#CC12CC(N1)C=CC2,N#CC12CC=CC(C1)N2,rdkit_canonicalization
qm9_cn_subset:33775,33775,4725,smiles,N#CC12CC(C1)CC=C2,N#CC12C=CCC(C1)C2,rdkit_canonicalization
qm9_cn_subset:33777,33777,4726,smiles,N#CC12CC(CC=C1)N2,N#CC12C=CCC(C1)N2,rdkit_canonicalization
qm9_cn_subset:33779,33779,4727,smiles,N#CC12CN(C1)CC=C2,N#CC12C=CCN(C1)C2,rdkit_canonicalization
qm9_cn_subset:33788,33788,4728,smiles,N#CC12CC(C1)CCC2,N#CC12CCCC(C1)C2,rdkit_canonicalization
qm9_cn_subset:33789,33789,4729,smiles,N#CC12CC(C1)CCN2,N#CC12CC(CCN1)C2,rdkit_canonicalization
qm9_cn_subset:33794,33794,4730,smiles,N#CC12CC(CCC1)N2,N#CC12CCCC(C1)N2,rdkit_canonicalization
qm9_cn_subset:33796,33796,4731,smiles,N#CC12CC(CNC1)N2,N#CC12CNCC(C1)N2,rdkit_canonicalization
qm9_cn_subset:33800,33800,4732,smiles,N#CC12CN(C1)CCC2,N#CC12CCCN(C1)C2,rdkit_canonicalization
qm9_cn_subset:33801,33801,4733,smiles,N#CC12CN(C1)CCN2,N#CC12CN(CCN1)C2,rdkit_canonicalization
qm9_cn_subset:33805,33805,4734,smiles,N#CC12CC(C=C1)C=C2,N#CC12C=CC(C=C1)C2,rdkit_canonicalization
qm9_cn_subset:33806,33806,4735,smiles,N#CC12NC(C=C1)C=C2,N#CC12C=CC(C=C1)N2,rdkit_canonicalization
qm9_cn_subset:33809,33809,4736,smiles,C#CC12CC1(CC2)C#N,C#CC12CCC1(C#N)C2,rdkit_canonicalization
qm9_cn_subset:33810,33810,4737,smiles,C#CC12CC1(CN2)C#N,C#CC12CC1(C#N)CN2,rdkit_canonicalization
qm9_cn_subset:33812,33812,4738,smiles,C#CC12CC1(NC2)C#N,C#CC12CNC1(C#N)C2,rdkit_canonicalization
qm9_cn_subset:33815,33815,4739,smiles,C#CC12CCC1(N2)C#C,C#CC12CCC1(C#C)N2,rdkit_canonicalization
qm9_cn_subset:33816,33816,4740,smiles,C#CC12CCC1(N2)C#N,C#CC12CCC1(C#N)N2,rdkit_canonicalization
qm9_cn_subset:33819,33819,4741,smiles,N#CC12CC1(CC2)C#N,N#CC12CCC1(C#N)C2,rdkit_canonicalization
qm9_cn_subset:33820,33820,4742,smiles,N#CC12CC1(NC2)C#N,N#CC12CNC1(C#N)C2,rdkit_canonicalization
qm9_cn_subset:33822,33822,4743,smiles,N#CC12CCC1(N2)C#N,N#CC12CCC1(C#N)N2,rdkit_canonicalization
qm9_cn_subset:33855,33855,4755,smiles,C#CC12CN1C1CC1C2,C#CC12CC3CC3N1C2,rdkit_canonicalization
qm9_cn_subset:33858,33858,4757,smiles,N#CC12CC1C1CC1C2,N#CC12CC3CC3C1C2,rdkit_canonicalization
qm9_cn_subset:33862,33862,4760,smiles,N#CC12CC1C1NC1C2,N#CC12CC3NC3C1C2,rdkit_canonicalization
qm9_cn_subset:33864,33864,4761,smiles,N#CC12CC1N1CC1C2,N#CC12CC3CN3C1C2,rdkit_canonicalization
qm9_cn_subset:33871,33871,4764,smiles,N#CC12CN1C1CC1C2,N#CC12CC3CC3N1C2,rdkit_canonicalization
qm9_cn_subset:33895,33895,4774,smiles,C#CC12CN1C1CCC21,C#CC12CN1C1CCC12,rdkit_canonicalization
qm9_cn_subset:33897,33897,4775,smiles,C#CC12NC1C1CCC21,C#CC12NC1C1CCC12,rdkit_canonicalization
qm9_cn_subset:33903,33903,4776,smiles,N#CC12CC1C1CCC21,N#CC12CC1C1CCC12,rdkit_canonicalization
qm9_cn_subset:33904,33904,4777,smiles,N#CC12CC1C1CCN21,N#CC12CC1C1CCN12,rdkit_canonicalization
qm9_cn_subset:33907,33907,4778,smiles,N#CC12CC1N1CCC21,N#CC12CC1N1CCC12,rdkit_canonicalization
qm9_cn_subset:33908,33908,4779,smiles,N#CC12CN1C1CCC21,N#CC12CN1C1CCC12,rdkit_canonicalization
qm9_cn_subset:33909,33909,4780,smiles,N#CC12CN1C1CNC21,N#CC12CN1C1CNC12,rdkit_canonicalization
qm9_cn_subset:33911,33911,4781,smiles,N#CC12NC1C1CCC21,N#CC12NC1C1CCC12,rdkit_canonicalization
qm9_cn_subset:33912,33912,4782,smiles,N#CC12NC1C1CNC21,N#CC12NC1C1CNC12,rdkit_canonicalization
qm9_cn_subset:33924,33924,4784,smiles,C#CC12CN1C=NCC2,C#CC12CCN=CN1C2,rdkit_canonicalization
qm9_cn_subset:33925,33925,4785,smiles,N#CC12CC1C=CCC2,N#CC12CCC=CC1C2,rdkit_canonicalization
qm9_cn_subset:33931,33931,4788,smiles,N#CC12CN1C=NCC2,N#CC12CCN=CN1C2,rdkit_canonicalization
qm9_cn_subset:33933,33933,4789,smiles,C#CC12CC1CC1CN21,C#CC12CC1CC1CN12,rdkit_canonicalization
qm9_cn_subset:33934,33934,4790,smiles,C#CC12CC1CC1NC21,C#CC12CC1CC1NC12,rdkit_canonicalization
qm9_cn_subset:33937,33937,4791,smiles,C#CC12CN1CC1CC21,C#CC12CN1CC1CC12,rdkit_canonicalization
qm9_cn_subset:33938,33938,4792,smiles,C#CC12CN1CC1NC21,C#CC12CN1CC1NC12,rdkit_canonicalization
qm9_cn_subset:33940,33940,4793,smiles,C#CC12NC1CC1CC21,C#CC12NC1CC1CC12,rdkit_canonicalization
qm9_cn_subset:33941,33941,4794,smiles,C#CC12NC1CC1NC21,C#CC12NC1CC1NC12,rdkit_canonicalization
qm9_cn_subset:33943,33943,4795,smiles,C#CC12NC1CN1CC21,C#CC12NC1CN1CC12,rdkit_canonicalization
qm9_cn_subset:33948,33948,4796,smiles,N#CC12CC1CC1CC21,N#CC12CC1CC1CC12,rdkit_canonicalization
qm9_cn_subset:33949,33949,4797,smiles,N#CC12CC1CC1CN21,N#CC12CC1CC1CN12,rdkit_canonicalization
qm9_cn_subset:33950,33950,4798,smiles,N#CC12CC1CC1NC21,N#CC12CC1CC1NC12,rdkit_canonicalization
qm9_cn_subset:33952,33952,4799,smiles,N#CC12CC1CN1CC21,N#CC12CC1CN1CC12,rdkit_canonicalization
qm9_cn_subset:33954,33954,4800,smiles,N#CC12CN1CC1CC21,N#CC12CN1CC1CC12,rdkit_canonicalization
qm9_cn_subset:33955,33955,4801,smiles,N#CC12CN1CC1NC21,N#CC12CN1CC1NC12,rdkit_canonicalization
qm9_cn_subset:33957,33957,4802,smiles,N#CC12NC1CC1CC21,N#CC12NC1CC1CC12,rdkit_canonicalization
qm9_cn_subset:33958,33958,4803,smiles,N#CC12NC1CC1NC21,N#CC12NC1CC1NC12,rdkit_canonicalization
qm9_cn_subset:33960,33960,4804,smiles,N#CC12NC1CN1CC21,N#CC12NC1CN1CC12,rdkit_canonicalization
qm9_cn_subset:33997,33997,4818,smiles,C#CC12CN1CC=CC2,C#CC12CC=CCN1C2,rdkit_canonicalization
qm9_cn_subset:33998,33998,4819,smiles,N#CC12CC1CC=CC2,N#CC12CC=CCC1C2,rdkit_canonicalization
qm9_cn_subset:34003,34003,4821,smiles,N#CC12CN1CC=CC2,N#CC12CC=CCN1C2,rdkit_canonicalization
qm9_cn_subset:34007,34007,4822,smiles,C#CC12CN1CCC=C2,C#CC12C=CCCN1C2,rdkit_canonicalization
qm9_cn_subset:34008,34008,4823,smiles,C#CC12NC1CCC=C2,C#CC12C=CCCC1N2,rdkit_canonicalization
qm9_cn_subset:34010,34010,4824,smiles,N#CC12CC1CCC=C2,N#CC12C=CCCC1C2,rdkit_canonicalization
qm9_cn_subset:34012,34012,4825,smiles,N#CC12CC1NCC=C2,N#CC12C=CCNC1C2,rdkit_canonicalization
qm9_cn_subset:34014,34014,4826,smiles,N#CC12CN1CCC=C2,N#CC12C=CCCN1C2,rdkit_canonicalization
qm9_cn_subset:34015,34015,4827,smiles,N#CC12NC1CCC=C2,N#CC12C=CCCC1N2,rdkit_canonicalization
qm9_cn_subset:34030,34030,4829,smiles,C#CC12CN1CCCC2,C#CC12CCCCN1C2,rdkit_canonicalization
qm9_cn_subset:34034,34034,4830,smiles,N#CC12CC1CCCC2,N#CC12CCCCC1C2,rdkit_canonicalization
qm9_cn_subset:34050,34050,4834,smiles,N#CC12CN1CCCC2,N#CC12CCCCN1C2,rdkit_canonicalization
qm9_cn_subset:34051,34051,4835,smiles,N#CC12CN1CCNC2,N#CC12CNCCN1C2,rdkit_canonicalization
qm9_cn_subset:34058,34058,4837,smiles,C#CC12CC3=CCN1C23,C#CC12CC3=CCN1C32,rdkit_canonicalization
qm9_cn_subset:34059,34059,4838,smiles,C#CC12CC3=NCC1N23,C#CC12CC3=NCC1N32,rdkit_canonicalization
qm9_cn_subset:34060,34060,4839,smiles,C#CC12NC3=NCC1C23,C#CC12NC3=NCC1C32,rdkit_canonicalization
qm9_cn_subset:34062,34062,4840,smiles,N#CC12CC3=CCC1C23,N#CC12CC3=CCC1C32,rdkit_canonicalization
qm9_cn_subset:34063,34063,4841,smiles,N#CC12CC3=CCN1C23,N#CC12CC3=CCN1C32,rdkit_canonicalization
qm9_cn_subset:34064,34064,4842,smiles,N#CC12CC3=NCC1N23,N#CC12CC3=NCC1N32,rdkit_canonicalization
qm9_cn_subset:34065,34065,4843,smiles,N#CC12NC3=NCC1C23,N#CC12NC3=NCC1C32,rdkit_canonicalization
qm9_cn_subset:34077,34077,4848,smiles,C#CC12CC3C(C=C1)N23,C#CC12C=CC3C(C1)N32,rdkit_canonicalization
qm9_cn_subset:34079,34079,4850,smiles,C#CC12CN3C(C=C1)C23,C#CC12C=CC3C1N3C2,rdkit_canonicalization
qm9_cn_subset:34081,34081,4851,smiles,N#CC12CC3C(C=C1)C23,N#CC12C=CC3C(C1)C32,rdkit_canonicalization
qm9_cn_subset:34082,34082,4852,smiles,N#CC12CC3C(C=C1)N23,N#CC12C=CC3C(C1)N32,rdkit_canonicalization
qm9_cn_subset:34084,34084,4854,smiles,N#CC12CN3C(C=C1)C23,N#CC12C=CC3C1N3C2,rdkit_canonicalization
qm9_cn_subset:34085,34085,4855,smiles,N#CC12NC3C(C=C1)C23,N#CC12C=CC3C(N1)C32,rdkit_canonicalization
qm9_cn_subset:34088,34088,4856,smiles,C#CC12CC3C(CC1)N23,C#CC12CCC3C(C1)N32,rdkit_canonicalization
qm9_cn_subset:34095,34095,4857,smiles,N#CC12CC3C(CC1)C23,N#CC12CCC3C(C1)C32,rdkit_canonicalization
qm9_cn_subset:34096,34096,4858,smiles,N#CC12CC3C(CC1)N23,N#CC12CCC3C(C1)N32,rdkit_canonicalization
qm9_cn_subset:34097,34097,4859,smiles,N#CC12CC3C(CN1)C23,N#CC12CC3C(CN1)C32,rdkit_canonicalization
qm9_cn_subset:34100,34100,4860,smiles,N#CC12CC3C1N3CC2,N#CC12CCN3C(C1)C32,rdkit_canonicalization
qm9_cn_subset:34101,34101,4861,smiles,N#CC12CCC3C(N1)C23,N#CC12CCC3C(N1)C32,rdkit_canonicalization
qm9_cn_subset:34103,34103,4862,smiles,N#CC12CN3C(CC1)C23,N#CC12CCC3C1N3C2,rdkit_canonicalization
qm9_cn_subset:34104,34104,4863,smiles,N#CC12CN3C(CN1)C23,N#CC12CN3C(CN1)C32,rdkit_canonicalization
qm9_cn_subset:34106,34106,4864,smiles,N#CC12CNC3C(N1)C23,N#CC12CNC3C(N1)C32,rdkit_canonicalization
qm9_cn_subset:34113,34113,4865,smiles,C#CC12CC3C(CN13)C2,C#CC12CC3CN1C3C2,rdkit_canonicalization
qm9_cn_subset:34118,34118,4866,smiles,C#CC12CN3C(CC13)C2,C#CC12CC3CC1N3C2,rdkit_canonicalization
qm9_cn_subset:34120,34120,4867,smiles,N#CC12CC3C(CC13)C2,N#CC12CC3CC1C3C2,rdkit_canonicalization
qm9_cn_subset:34121,34121,4868,smiles,N#CC12CC3C(CC13)N2,N#CC12CC3C(CC31)N2,rdkit_canonicalization
qm9_cn_subset:34123,34123,4869,smiles,N#CC12CC3C(CN13)C2,N#CC12CC3CN1C3C2,rdkit_canonicalization
qm9_cn_subset:34131,34131,4873,smiles,N#CC12CN3C(CC13)C2,N#CC12CC3CC1N3C2,rdkit_canonicalization
qm9_cn_subset:34133,34133,4874,smiles,C#CC12CN3C1C=CC23,C#CC12CN3C1C=CC32,rdkit_canonicalization
qm9_cn_subset:34135,34135,4875,smiles,N#CC12CC3C1C=CC23,N#CC12CC3C1C=CC32,rdkit_canonicalization
qm9_cn_subset:34136,34136,4876,smiles,N#CC12CN3C1C=CC23,N#CC12CN3C1C=CC32,rdkit_canonicalization
qm9_cn_subset:34137,34137,4877,smiles,N#CC12NC3C1C=CC23,N#CC12NC3C1C=CC32,rdkit_canonicalization
qm9_cn_subset:34140,34140,4878,smiles,C#CC12CC3C1CCN23,C#CC12CC3C1CCN32,rdkit_canonicalization
qm9_cn_subset:34142,34142,4879,smiles,C#CC12CN3C1CCC23,C#CC12CN3C1CCC32,rdkit_canonicalization
qm9_cn_subset:34146,34146,4880,smiles,N#CC12CC3C1CCC23,N#CC12CC3C1CCC32,rdkit_canonicalization
qm9_cn_subset:34147,34147,4881,smiles,N#CC12CC3C1CCN23,N#CC12CC3C1CCN32,rdkit_canonicalization
qm9_cn_subset:34149,34149,4882,smiles,N#CC12CN3C1CCC23,N#CC12CN3C1CCC32,rdkit_canonicalization
qm9_cn_subset:34150,34150,4883,smiles,N#CC12NC3C1CCC23,N#CC12NC3C1CCC32,rdkit_canonicalization
qm9_cn_subset:34151,34151,4884,smiles,N#CC12NC3C1CNC23,N#CC12NC3C1CNC32,rdkit_canonicalization
qm9_cn_subset:34157,34157,4886,smiles,C#CC12CC3C4C(C13)N24,C#CC12CC3C4C(C31)N42,rdkit_canonicalization
qm9_cn_subset:34159,34159,4887,smiles,C#CC12CC3C4C(C14)N23,C#CC12CC3C4C(C41)N32,rdkit_canonicalization
qm9_cn_subset:34160,34160,4888,smiles,C#CC12CC3C4C1N4C23,C#CC12CC3C4C1N4C32,rdkit_canonicalization
qm9_cn_subset:34161,34161,4889,smiles,C#CC12CN3C4C(C14)C23,C#CC12CN3C4C(C41)C32,rdkit_canonicalization
qm9_cn_subset:34162,34162,4890,smiles,C#CC12NC3C4C1N4C23,C#CC12NC3C4C1N4C32,rdkit_canonicalization
qm9_cn_subset:34166,34166,4892,smiles,N#CC12CC3C4C(C13)N24,N#CC12CC3C4C(C31)N42,rdkit_canonicalization
qm9_cn_subset:34167,34167,4893,smiles,N#CC12CC3C4C(C14)C23,N#CC12CC3C4C(C31)C42,rdkit_canonicalization
qm9_cn_subset:34168,34168,4894,smiles,N#CC12CC3C4C(C14)N23,N#CC12CC3C4C(C41)N32,rdkit_canonicalization
qm9_cn_subset:34169,34169,4895,smiles,N#CC12CC3C4C1N4C23,N#CC12CC3C4C1N4C32,rdkit_canonicalization
qm9_cn_subset:34170,34170,4896,smiles,N#CC12CN3C4C(C14)C23,N#CC12CN3C4C(C41)C32,rdkit_canonicalization
qm9_cn_subset:34171,34171,4897,smiles,N#CC12NC3C4C(C14)C23,N#CC12NC3C4C(C31)C42,rdkit_canonicalization
qm9_cn_subset:34172,34172,4898,smiles,N#CC12NC3C4C1N4C23,N#CC12NC3C4C1N4C32,rdkit_canonicalization
qm9_cn_subset:34177,34177,4900,smiles,C#CC12CC3C4C3N1C24,C#CC12CC3C4C3N1C42,rdkit_canonicalization
qm9_cn_subset:34178,34178,4901,smiles,C#CC12CN3C4C3C1C24,C#CC12CN3C4C3C1C42,rdkit_canonicalization
qm9_cn_subset:34181,34181,4903,smiles,N#CC12CC3C4C3C1C24,N#CC12CC3C4C3C1C42,rdkit_canonicalization
qm9_cn_subset:34182,34182,4904,smiles,N#CC12CC3C4C3N1C24,N#CC12CC3C4C3N1C42,rdkit_canonicalization
qm9_cn_subset:34183,34183,4905,smiles,N#CC12CN3C4C3C1C24,N#CC12CN3C4C3C1C42,rdkit_canonicalization
qm9_cn_subset:34184,34184,4906,smiles,N#CC12NC3C4C3C1C24,N#CC12NC3C4C3C1C42,rdkit_canonicalization
qm9_cn_subset:34187,34187,4907,smiles,C#CC12CC3C=CC1N23,C#CC12CC3C=CC1N32,rdkit_canonicalization
qm9_cn_subset:34188,34188,4908,smiles,C#CC12CC3N=CN1C23,C#CC12CC3N=CN1C32,rdkit_canonicalization
qm9_cn_subset:34190,34190,4909,smiles,N#CC12CC3C=CC1C23,N#CC12CC3C=CC1C32,rdkit_canonicalization
qm9_cn_subset:34191,34191,4910,smiles,N#CC12CC3C=CC1N23,N#CC12CC3C=CC1N32,rdkit_canonicalization
qm9_cn_subset:34192,34192,4911,smiles,N#CC12CC3N=CN1C23,N#CC12CC3N=CN1C32,rdkit_canonicalization
qm9_cn_subset:34193,34193,4912,smiles,N#CC12NC3C=CC1C23,N#CC12NC3C=CC1C32,rdkit_canonicalization
qm9_cn_subset:34196,34196,4913,smiles,C#CC12CC3CC(C1)N23,C#CC12CC3CC(C1)N32,rdkit_canonicalization
qm9_cn_subset:34198,34198,4914,smiles,C#CC12CC3CN(C1)C23,C#CC12CC3CN(C1)C32,rdkit_canonicalization
qm9_cn_subset:34200,34200,4915,smiles,C#CC12CN3CC(N1)C23,C#CC12CN3CC(N1)C32,rdkit_canonicalization
qm9_cn_subset:34202,34202,4916,smiles,N#CC12CC3CC(C1)C23,N#CC12CC3CC(C1)C32,rdkit_canonicalization
qm9_cn_subset:34203,34203,4917,smiles,N#CC12CC3CC(C1)N23,N#CC12CC3CC(C1)N32,rdkit_canonicalization
qm9_cn_subset:34204,34204,4918,smiles,N#CC12CC3CC(N1)C23,N#CC12CC3CC(N1)C32,rdkit_canonicalization
qm9_cn_subset:34206,34206,4919,smiles,N#CC12CC3CN(C1)C23,N#CC12CC3CN(C1)C32,rdkit_canonicalization
qm9_cn_subset:34208,34208,4920,smiles,N#CC12CN3CC(N1)C23,N#CC12CN3CC(N1)C32,rdkit_canonicalization
qm9_cn_subset:34225,34225,4926,smiles,C#CC12CC3CC1CN23,C#CC12CC3CC1CN32,rdkit_canonicalization
qm9_cn_subset:34227,34227,4927,smiles,C#CC12CC3CN1CC23,C#CC12CC3CN1CC32,rdkit_canonicalization
qm9_cn_subset:34229,34229,4928,smiles,C#CC12CN3CC1CC23,C#CC12CN3CC1CC32,rdkit_canonicalization
qm9_cn_subset:34230,34230,4929,smiles,C#CC12NC3CC1NC23,C#CC12NC3CC1NC32,rdkit_canonicalization
qm9_cn_subset:34235,34235,4930,smiles,N#CC12CC3CC1CC23,N#CC12CC3CC1CC32,rdkit_canonicalization
qm9_cn_subset:34236,34236,4931,smiles,N#CC12CC3CC1CN23,N#CC12CC3CC1CN32,rdkit_canonicalization
qm9_cn_subset:34237,34237,4932,smiles,N#CC12CC3CC1NC23,N#CC12CC3CC1NC32,rdkit_canonicalization
qm9_cn_subset:34239,34239,4933,smiles,N#CC12CC3CN1CC23,N#CC12CC3CN1CC32,rdkit_canonicalization
qm9_cn_subset:34241,34241,4934,smiles,N#CC12CN3CC1CC23,N#CC12CN3CC1CC32,rdkit_canonicalization
qm9_cn_subset:34242,34242,4935,smiles,N#CC12NC3CC1CC23,N#CC12NC3CC1CC32,rdkit_canonicalization
qm9_cn_subset:34243,34243,4936,smiles,N#CC12NC3CC1NC23,N#CC12NC3CC1NC32,rdkit_canonicalization
qm9_cn_subset:34249,34249,4937,smiles,C#CC12CC3CCC1N23,C#CC12CC3CCC1N32,rdkit_canonicalization
qm9_cn_subset:34250,34250,4938,smiles,C#CC12CC3CCN1C23,C#CC12CC3CCN1C32,rdkit_canonicalization
qm9_cn_subset:34253,34253,4939,smiles,C#CC12CN3CCC1C23,C#CC12CN3CCC1C32,rdkit_canonicalization
qm9_cn_subset:34257,34257,4940,smiles,N#CC12CC3CCC1C23,N#CC12CC3CCC1C32,rdkit_canonicalization
qm9_cn_subset:34258,34258,4941,smiles,N#CC12CC3CCC1N23,N#CC12CC3CCC1N32,rdkit_canonicalization
qm9_cn_subset:34259,34259,4942,smiles,N#CC12CC3CCN1C23,N#CC12CC3CCN1C32,rdkit_canonicalization
qm9_cn_subset:34262,34262,4943,smiles,N#CC12CN3CCC1C23,N#CC12CN3CCC1C32,rdkit_canonicalization
qm9_cn_subset:34263,34263,4944,smiles,N#CC12NC3CCC1C23,N#CC12NC3CCC1C32,rdkit_canonicalization
qm9_cn_subset:34264,34264,4945,smiles,N#CC12NC3CNC1C23,N#CC12NC3CNC1C32,rdkit_canonicalization
qm9_cn_subset:34270,34270,4946,smiles,C#CC12CC=C3CN1C23,C#CC12CC=C3CN1C32,rdkit_canonicalization
qm9_cn_subset:34271,34271,4947,smiles,C#CC12CN=C3CC1N23,C#CC12CN=C3CC1N32,rdkit_canonicalization
qm9_cn_subset:34272,34272,4948,smiles,C#CC12CN=C3NC1C23,C#CC12CN=C3NC1C32,rdkit_canonicalization
qm9_cn_subset:34274,34274,4949,smiles,N#CC12CC=C3CC1C23,N#CC12CC=C3CC1C32,rdkit_canonicalization
qm9_cn_subset:34275,34275,4950,smiles,N#CC12CC=C3CN1C23,N#CC12CC=C3CN1C32,rdkit_canonicalization
qm9_cn_subset:34276,34276,4951,smiles,N#CC12CN=C3CC1N23,N#CC12CN=C3CC1N32,rdkit_canonicalization
qm9_cn_subset:34277,34277,4952,smiles,N#CC12CN=C3NC1C23,N#CC12CN=C3NC1C32,rdkit_canonicalization
qm9_cn_subset:34285,34285,4953,smiles,N#CC12CC(CN1)C=C2,N#CC12C=CC(CN1)C2,rdkit_canonicalization
qm9_cn_subset:34287,34287,4954,smiles,N#CC12CCC(C1)C=C2,N#CC12C=CC(CC1)C2,rdkit_canonicalization
qm9_cn_subset:34288,34288,4955,smiles,N#CC12CCC(N1)C=C2,N#CC12C=CC(CC1)N2,rdkit_canonicalization
qm9_cn_subset:34320,34320,4961,smiles,C#CC12CNC1=NCC2,C#CC12CCN=C1NC2,rdkit_canonicalization
qm9_cn_subset:34322,34322,4962,smiles,N#CC12CCC1=CCC2,N#CC12CCC=C1CC2,rdkit_canonicalization
qm9_cn_subset:34327,34327,4965,smiles,N#CC12CNC1=NCC2,N#CC12CCN=C1NC2,rdkit_canonicalization
qm9_cn_subset:34330,34330,4966,smiles,C#CC12CCC1C1CN21,C#CC12CCC1C1CN12,rdkit_canonicalization
qm9_cn_subset:34331,34331,4967,smiles,C#CC12CCC1C1NC21,C#CC12CCC1C1NC12,rdkit_canonicalization
qm9_cn_subset:34341,34341,4968,smiles,N#CC12CCC1C1CC21,N#CC12CCC1C1CC12,rdkit_canonicalization
qm9_cn_subset:34342,34342,4969,smiles,N#CC12CCC1C1CN21,N#CC12CCC1C1CN12,rdkit_canonicalization
qm9_cn_subset:34343,34343,4970,smiles,N#CC12CCC1C1NC21,N#CC12CCC1C1NC12,rdkit_canonicalization
qm9_cn_subset:34345,34345,4971,smiles,N#CC12CCC1N1CC21,N#CC12CCC1N1CC12,rdkit_canonicalization
qm9_cn_subset:34346,34346,4972,smiles,N#CC12CCN1C1CC21,N#CC12CCN1C1CC12,rdkit_canonicalization
qm9_cn_subset:34347,34347,4973,smiles,N#CC12CNC1C1CC21,N#CC12CNC1C1CC12,rdkit_canonicalization
qm9_cn_subset:34348,34348,4974,smiles,N#CC12CNC1C1CN21,N#CC12CNC1C1CN12,rdkit_canonicalization
qm9_cn_subset:34349,34349,4975,smiles,N#CC12CNC1C1NC21,N#CC12CNC1C1NC12,rdkit_canonicalization
qm9_cn_subset:34355,34355,4976,smiles,N#CC12NCC1C1CC21,N#CC12NCC1C1CC12,rdkit_canonicalization
qm9_cn_subset:34356,34356,4977,smiles,N#CC12NCC1C1NC21,N#CC12NCC1C1NC12,rdkit_canonicalization
qm9_cn_subset:34358,34358,4978,smiles,N#CC12NCC1N1CC21,N#CC12NCC1N1CC12,rdkit_canonicalization
qm9_cn_subset:34371,34371,4982,smiles,N#CC12CCC1C=CC2,N#CC12CC=CC1CC2,rdkit_canonicalization
qm9_cn_subset:34375,34375,4985,smiles,N#CC12CNC1C=CC2,N#CC12CC=CC1NC2,rdkit_canonicalization
qm9_cn_subset:34380,34380,4987,smiles,C#CC12CCN1CC=C2,C#CC12C=CCN1CC2,rdkit_canonicalization
qm9_cn_subset:34383,34383,4988,smiles,N#CC12CCC1CC=C2,N#CC12C=CCC1CC2,rdkit_canonicalization
qm9_cn_subset:34386,34386,4990,smiles,N#CC12CCN1CC=C2,N#CC12C=CCN1CC2,rdkit_canonicalization
qm9_cn_subset:34387,34387,4991,smiles,N#CC12CNC1CC=C2,N#CC12C=CCC1NC2,rdkit_canonicalization
qm9_cn_subset:34389,34389,4992,smiles,N#CC12NCC1CC=C2,N#CC12C=CCC1CN2,rdkit_canonicalization
qm9_cn_subset:34402,34402,4993,smiles,N#CC12CCC1CCC2,N#CC12CCCC1CC2,rdkit_canonicalization
qm9_cn_subset:34410,34410,4996,smiles,N#CC12CCN1CCC2,N#CC12CCCN1CC2,rdkit_canonicalization
qm9_cn_subset:34425,34425,4999,smiles,C#CC12CCC3C1CN23,C#CC12CCC3C1CN32,rdkit_canonicalization
qm9_cn_subset:34427,34427,5000,smiles,C#CC12CCN3C1CC23,C#CC12CCN3C1CC32,rdkit_canonicalization
qm9_cn_subset:34434,34434,5001,smiles,N#CC12CCC3C1CC23,N#CC12CCC3C1CC32,rdkit_canonicalization
qm9_cn_subset:34435,34435,5002,smiles,N#CC12CCC3C1CN23,N#CC12CCC3C1CN32,rdkit_canonicalization
qm9_cn_subset:34436,34436,5003,smiles,N#CC12CCC3C1NC23,N#CC12CCC3C1NC32,rdkit_canonicalization
qm9_cn_subset:34438,34438,5004,smiles,N#CC12CCN3C1CC23,N#CC12CCN3C1CC32,rdkit_canonicalization
qm9_cn_subset:34439,34439,5005,smiles,N#CC12CNC3C1NC23,N#CC12CNC3C1NC32,rdkit_canonicalization
qm9_cn_subset:34444,34444,5006,smiles,N#CC12NCC3C1CC23,N#CC12NCC3C1CC32,rdkit_canonicalization
qm9_cn_subset:34445,34445,5007,smiles,N#CC12NCC3C1NC23,N#CC12NCC3C1NC32,rdkit_canonicalization
qm9_cn_subset:34451,34451,5008,smiles,C#CC12CCC3CC1N23,C#CC12CCC3CC1N32,rdkit_canonicalization
qm9_cn_subset:34452,34452,5009,smiles,C#CC12CCC3CN1C23,C#CC12CCC3CN1C32,rdkit_canonicalization
qm9_cn_subset:34458,34458,5010,smiles,N#CC12CCC3CC1C23,N#CC12CCC3CC1C32,rdkit_canonicalization
qm9_cn_subset:34459,34459,5011,smiles,N#CC12CCC3CC1N23,N#CC12CCC3CC1N32,rdkit_canonicalization
qm9_cn_subset:34460,34460,5012,smiles,N#CC12CCC3CN1C23,N#CC12CCC3CN1C32,rdkit_canonicalization
qm9_cn_subset:34462,34462,5013,smiles,N#CC12CCN3CC1C23,N#CC12CCN3CC1C32,rdkit_canonicalization
qm9_cn_subset:34463,34463,5014,smiles,N#CC12CNC3CN1C23,N#CC12CNC3CN1C32,rdkit_canonicalization
qm9_cn_subset:34466,34466,5015,smiles,N#CC12NCC3CC1C23,N#CC12NCC3CC1C32,rdkit_canonicalization
qm9_cn_subset:34467,34467,5016,smiles,N#CC12NCC3NC1C23,N#CC12NCC3NC1C32,rdkit_canonicalization
qm9_cn_subset:34473,34473,5017,smiles,C#CC1=C(CCC1)C#N,C#CC1=C(C#N)CCC1,rdkit_canonicalization
qm9_cn_subset:34476,34476,5018,smiles,N#CC1=C(CCC1)C#N,N#CC1=C(C#N)CCC1,rdkit_canonicalization
qm9_cn_subset:34477,34477,5019,smiles,N#CC1=C(CNC1)C#N,N#CC1=C(C#N)CNC1,rdkit_canonicalization
qm9_cn_subset:34493,34493,5026,smiles,C#CC1=CC2(CN2)CC1,C#CC1=CC2(CC1)CN2,rdkit_canonicalization
qm9_cn_subset:34496,34496,5027,smiles,N#CC1=CC2(CC2)CC1,N#CC1=CC2(CC1)CC2,rdkit_canonicalization
qm9_cn_subset:34498,34498,5028,smiles,N#CC1=CC2(CN2)CC1,N#CC1=CC2(CC1)CN2,rdkit_canonicalization
qm9_cn_subset:34505,34505,5031,smiles,C#CC1=NC2C3CN1C23,C#CC1=NC2C3CN1C32,rdkit_canonicalization
qm9_cn_subset:34511,34511,5036,smiles,N#CC1=NC2C3CN1C23,N#CC1=NC2C3CN1C32,rdkit_canonicalization
qm9_cn_subset:34522,34522,5040,smiles,N#CC1=CC2CC(C2)C1,N#CC1=CC2CC(C1)C2,rdkit_canonicalization
qm9_cn_subset:34523,34523,5041,smiles,N#CC1=CC2CN(C2)C1,N#CC1=CC2CN(C1)C2,rdkit_canonicalization
qm9_cn_subset:34528,34528,5043,smiles,N#CC1=CC2CC1C=C2,N#CC1=CC2C=CC1C2,rdkit_canonicalization
qm9_cn_subset:34529,34529,5044,smiles,N#CC1=CC2NC1C=C2,N#CC1=CC2C=CC1N2,rdkit_canonicalization
qm9_cn_subset:34546,34546,5052,smiles,C#CC1=CC2CN3C2C13,C#CC1=CC2CN3C1C23,rdkit_canonicalization
qm9_cn_subset:34550,34550,5055,smiles,N#CC1=CC2CC3C2C13,N#CC1=CC2CC3C1C23,rdkit_canonicalization
qm9_cn_subset:34551,34551,5056,smiles,N#CC1=CC2CN3C2C13,N#CC1=CC2CN3C1C23,rdkit_canonicalization
qm9_cn_subset:34627,34627,5083,smiles,C#CC1=CCCC11CN1,C#CC1=CCCC12CN2,rdkit_canonicalization
qm9_cn_subset:34630,34630,5084,smiles,N#CC1=CCCC11CC1,N#CC1=CCCC12CC2,rdkit_canonicalization
qm9_cn_subset:34631,34631,5085,smiles,N#CC1=CCCC11CN1,N#CC1=CCCC12CN2,rdkit_canonicalization
qm9_cn_subset:34677,34677,5102,smiles,N#CC1C2C1C1CC2C1,N#CC1C2C3CC(C3)C12,rdkit_canonicalization
qm9_cn_subset:34679,34679,5103,smiles,N#CC1C2C1N1CC2C1,N#CC1C2C3CN(C3)C12,rdkit_canonicalization
qm9_cn_subset:34685,34685,5106,smiles,N#CC1C2C1C1CCC21,N#CC1C2C3CCC3C12,rdkit_canonicalization
qm9_cn_subset:34687,34687,5107,smiles,N#CC1C2C1N1CCC21,N#CC1C2C3CCN3C12,rdkit_canonicalization
qm9_cn_subset:34692,34692,5110,smiles,C#CC1C2C3C2N2C3C12,C#CC1C2C3C2N2C1C32,rdkit_canonicalization
qm9_cn_subset:34693,34693,5111,smiles,N#CC1C2C3C2C2C3C12,N#CC1C2C3C2C2C1C32,rdkit_canonicalization
qm9_cn_subset:34695,34695,5113,smiles,N#CC1C2C3C2N2C3C12,N#CC1C2C3C2N2C1C32,rdkit_canonicalization
qm9_cn_subset:34696,34696,5114,smiles,C#CC1C2C3C4C1C2N34,C#CC1C2C3C1C1C2N31,rdkit_canonicalization
qm9_cn_subset:34697,34697,5115,smiles,C#CC1C2C3C4C2C1N34,C#CC1C2C3C1N1C2C31,rdkit_canonicalization
qm9_cn_subset:34700,34700,5117,smiles,C#CC1C2C3C4C3N2C14,C#CC1C2C3C4C1N2C34,rdkit_canonicalization
qm9_cn_subset:34701,34701,5118,smiles,N#CC1C2C3C4C1C2N34,N#CC1C2C3C1C1C2N31,rdkit_canonicalization
qm9_cn_subset:34702,34702,5119,smiles,N#CC1C2C3C4C2C1N34,N#CC1C2C3C1N1C2C31,rdkit_canonicalization
qm9_cn_subset:34703,34703,5120,smiles,N#CC1C2C3C4C3C2C14,N#CC1C2C3C1C1C2C31,rdkit_canonicalization
qm9_cn_subset:34705,34705,5122,smiles,N#CC1C2C3C4C3N2C14,N#CC1C2C3C4C1N2C34,rdkit_canonicalization
qm9_cn_subset:34706,34706,5123,smiles,C#CC1C2C3C1N=CN23,C#CC1C2N=CN3C1C23,rdkit_canonicalization
qm9_cn_subset:34708,34708,5124,smiles,C#CC1C2C3C=CC1N23,C#CC1C2C=CC3C1N23,rdkit_canonicalization
qm9_cn_subset:34709,34709,5125,smiles,C#CC1C2C3N=CN1C23,C#CC1C2C3N=CN1C32,rdkit_canonicalization
qm9_cn_subset:34711,34711,5127,smiles,N#CC1C2C3C1N=CN23,N#CC1C2N=CN3C1C23,rdkit_canonicalization
qm9_cn_subset:34712,34712,5128,smiles,N#CC1C2C3C=CC1C23,N#CC1C2C=CC3C1C23,rdkit_canonicalization
qm9_cn_subset:34713,34713,5129,smiles,N#CC1C2C3C=CC1N23,N#CC1C2C=CC3C1N23,rdkit_canonicalization
qm9_cn_subset:34714,34714,5130,smiles,N#CC1C2C3N=CN1C23,N#CC1C2C3N=CN1C32,rdkit_canonicalization
qm9_cn_subset:34721,34721,5135,smiles,C#CC1C2C3CC1CN23,C#CC1C2CC3C1N3C2,rdkit_canonicalization
qm9_cn_subset:34725,34725,5137,smiles,N#CC1C2C3CC1CC23,N#CC1C2CC3C(C2)C13,rdkit_canonicalization
qm9_cn_subset:34726,34726,5138,smiles,N#CC1C2C3CC1CN23,N#CC1C2CC3C1N3C2,rdkit_canonicalization
qm9_cn_subset:34728,34728,5139,smiles,N#CC1C2C3CN1CC23,N#CC1C2C3CN1CC32,rdkit_canonicalization
qm9_cn_subset:34732,34732,5141,smiles,C#CC1C2C3CN=C1N23,C#CC1C2=NCC3C1N23,rdkit_canonicalization
qm9_cn_subset:34733,34733,5142,smiles,C#CC1C2C3N2CC=C13,C#CC1C2=CCN3C2C13,rdkit_canonicalization
qm9_cn_subset:34734,34734,5143,smiles,C#CC1N2C3CC=C1C23,C#CC1C2=CCC3C2N13,rdkit_canonicalization
qm9_cn_subset:34735,34735,5144,smiles,N#CC1C2C3CC=C1C23,N#CC1C2=CCC3C2C13,rdkit_canonicalization
qm9_cn_subset:34736,34736,5145,smiles,N#CC1C2C3CN=C1N23,N#CC1C2=NCC3C1N23,rdkit_canonicalization
qm9_cn_subset:34737,34737,5146,smiles,N#CC1C2C3N2CC=C13,N#CC1C2=CCN3C2C13,rdkit_canonicalization
qm9_cn_subset:34738,34738,5147,smiles,N#CC1N2C3CC=C1C23,N#CC1C2=CCC3C2N13,rdkit_canonicalization
qm9_cn_subset:34740,34740,5148,smiles,C#CC1C2C3CCN1C23,C#CC1C2C3CCN1C32,rdkit_canonicalization
qm9_cn_subset:34745,34745,5150,smiles,N#CC1C2C3C1CCN23,N#CC1C2CCN3C1C23,rdkit_canonicalization
qm9_cn_subset:34746,34746,5151,smiles,N#CC1C2C3CCC1C23,N#CC1C2CCC3C1C23,rdkit_canonicalization
qm9_cn_subset:34747,34747,5152,smiles,N#CC1C2C3CCC1N23,N#CC1C2CCC3C1N23,rdkit_canonicalization
qm9_cn_subset:34748,34748,5153,smiles,N#CC1C2C3CCN1C23,N#CC1C2C3CCN1C32,rdkit_canonicalization
qm9_cn_subset:34762,34762,5160,smiles,C#CC1C2C(CN12)C#C,C#CC1CN2C(C#C)C12,rdkit_canonicalization
qm9_cn_subset:34763,34763,5161,smiles,C#CC1C2C(CN12)C#N,C#CC1C2C(C#N)CN12,rdkit_canonicalization
qm9_cn_subset:34765,34765,5162,smiles,C#CC1C2CC(C#C)N12,C#CC1CC2C(C#C)N12,rdkit_canonicalization
qm9_cn_subset:34776,34776,5170,smiles,N#CC1C2C(CN12)C#N,N#CC1CN2C(C#N)C12,rdkit_canonicalization
qm9_cn_subset:34777,34777,5171,smiles,N#CC1C2CC(C#N)C12,N#CC1CC2C(C#N)C12,rdkit_canonicalization
qm9_cn_subset:34778,34778,5172,smiles,N#CC1C2CC(C#N)N12,N#CC1CC2C(C#N)N12,rdkit_canonicalization
qm9_cn_subset:34779,34779,5173,smiles,N#CC1C2NC(C#N)C12,N#CC1NC2C(C#N)C12,rdkit_canonicalization
qm9_cn_subset:34786,34786,5177,smiles,C#CC1C2CC1(C2)C#N,C#CC1C2CC1(C#N)C2,rdkit_canonicalization
qm9_cn_subset:34787,34787,5178,smiles,C#CC1C2CC1(N2)C#N,C#CC1C2CC1(C#N)N2,rdkit_canonicalization
qm9_cn_subset:34790,34790,5179,smiles,C#CC1N2CC1(C2)C#C,C#CC1N2CC1(C#C)C2,rdkit_canonicalization
qm9_cn_subset:34791,34791,5180,smiles,C#CC1N2CC1(C2)C#N,C#CC1N2CC1(C#N)C2,rdkit_canonicalization
qm9_cn_subset:34792,34792,5181,smiles,N#CC1C2CC1(C2)C#N,N#CC1C2CC1(C#N)C2,rdkit_canonicalization
qm9_cn_subset:34793,34793,5182,smiles,N#CC1C2CC1(N2)C#N,N#CC1C2CC1(C#N)N2,rdkit_canonicalization
qm9_cn_subset:34795,34795,5183,smiles,N#CC1N2CC1(C2)C#N,N#CC1N2CC1(C#N)C2,rdkit_canonicalization
qm9_cn_subset:34808,34808,5189,smiles,N#CC1C2NC1C1CC21,N#CC1C2NC1C1CC12,rdkit_canonicalization
qm9_cn_subset:34817,34817,5192,smiles,C#CC1C2NC1C21NC1,C#CC1C2NC1C21CN1,rdkit_canonicalization
qm9_cn_subset:34827,34827,5197,smiles,N#CC1C2NC1C21NC1,N#CC1C2NC1C21CN1,rdkit_canonicalization
qm9_cn_subset:34846,34846,5205,smiles,N#CC1C2CC1C=CC2,N#CC1C2C=CCC1C2,rdkit_canonicalization
qm9_cn_subset:34848,34848,5206,smiles,N#CC1C2CC=CC1N2,N#CC1C2C=CCC1N2,rdkit_canonicalization
qm9_cn_subset:34850,34850,5207,smiles,N#CC1C2CN1CC=C2,N#CC1C2C=CCN1C2,rdkit_canonicalization
qm9_cn_subset:34858,34858,5208,smiles,N#CC1C2CC1CCC2,N#CC1C2CCCC1C2,rdkit_canonicalization
qm9_cn_subset:34863,34863,5209,smiles,N#CC1C2CN1CCC2,N#CC1C2CCCN1C2,rdkit_canonicalization
qm9_cn_subset:34870,34870,5211,smiles,C#CC1C2CC2C11CN1,C#CC1C2CC2C12CN2,rdkit_canonicalization
qm9_cn_subset:34872,34872,5212,smiles,C#CC1C2NC2C11CC1,C#CC1C2NC2C12CC2,rdkit_canonicalization
qm9_cn_subset:34873,34873,5213,smiles,C#CC1C2NC2C11CN1,C#CC1C2NC2C12CN2,rdkit_canonicalization
qm9_cn_subset:34878,34878,5214,smiles,C#CC1N2CC2C11CC1,C#CC1N2CC2C12CC2,rdkit_canonicalization
qm9_cn_subset:34879,34879,5215,smiles,C#CC1N2CC2C11CN1,C#CC1N2CC2C12CN2,rdkit_canonicalization
qm9_cn_subset:34881,34881,5216,smiles,N#CC1C2CC2C11CC1,N#CC1C2CC2C12CC2,rdkit_canonicalization
qm9_cn_subset:34882,34882,5217,smiles,N#CC1C2CC2C11CN1,N#CC1C2CC2C12CN2,rdkit_canonicalization
qm9_cn_subset:34884,34884,5218,smiles,N#CC1C2CN2C11CC1,N#CC1C2CN2C12CC2,rdkit_canonicalization
qm9_cn_subset:34885,34885,5219,smiles,N#CC1C2NC2C11CC1,N#CC1C2NC2C12CC2,rdkit_canonicalization
qm9_cn_subset:34886,34886,5220,smiles,N#CC1C2NC2C11CN1,N#CC1C2NC2C12CN2,rdkit_canonicalization
qm9_cn_subset:34891,34891,5221,smiles,N#CC1N2CC2C11CC1,N#CC1N2CC2C12CC2,rdkit_canonicalization
qm9_cn_subset:34892,34892,5222,smiles,N#CC1N2CC2C11CN1,N#CC1N2CC2C12CN2,rdkit_canonicalization
qm9_cn_subset:34896,34896,5224,smiles,C#CC1C2CC2C1C#N,C#CC1C(C#N)C2CC12,rdkit_canonicalization
qm9_cn_subset:34897,34897,5225,smiles,C#CC1C2CN2C1C#C,C#CC1C(C#C)N2CC12,rdkit_canonicalization
qm9_cn_subset:34898,34898,5226,smiles,C#CC1C2CN2C1C#N,C#CC1C(C#N)N2CC12,rdkit_canonicalization
qm9_cn_subset:34899,34899,5227,smiles,C#CC1C2NC2C1C#C,C#CC1C(C#C)C2NC12,rdkit_canonicalization
qm9_cn_subset:34900,34900,5228,smiles,C#CC1C2NC2C1C#N,C#CC1C(C#N)C2NC12,rdkit_canonicalization
qm9_cn_subset:34903,34903,5229,smiles,N#CC1C2CC2C1C#N,N#CC1C(C#N)C2CC12,rdkit_canonicalization
qm9_cn_subset:34904,34904,5230,smiles,N#CC1C2CN2C1C#N,N#CC1C(C#N)N2CC12,rdkit_canonicalization
qm9_cn_subset:34905,34905,5231,smiles,N#CC1C2NC2C1C#N,N#CC1C(C#N)C2NC12,rdkit_canonicalization
qm9_cn_subset:34945,34945,5252,smiles,C#CC1C2CN3C2CC13,C#CC1C2CN3C1CC23,rdkit_canonicalization
qm9_cn_subset:34948,34948,5253,smiles,N#CC1C2CC3C2CC13,N#CC1C2CC3C1CC23,rdkit_canonicalization
qm9_cn_subset:34951,34951,5255,smiles,N#CC1C2CN3C2CC13,N#CC1C2CN3C1CC23,rdkit_canonicalization
qm9_cn_subset:34952,34952,5256,smiles,N#CC1C2NC3C2NC13,N#CC1C2NC3C1NC23,rdkit_canonicalization
qm9_cn_subset:34956,34956,5257,smiles,C#CC1C2CC3CC1N23,C#CC1C2CC3CC1N32,rdkit_canonicalization
qm9_cn_subset:34957,34957,5258,smiles,C#CC1C2CC3CN1C23,C#CC1C2CC3CN1C32,rdkit_canonicalization
qm9_cn_subset:34961,34961,5260,smiles,N#CC1C2CC3CC1C23,N#CC1C2CC3CC1C32,rdkit_canonicalization
qm9_cn_subset:34962,34962,5261,smiles,N#CC1C2CC3CC1N23,N#CC1C2CC3CC1N32,rdkit_canonicalization
qm9_cn_subset:34963,34963,5262,smiles,N#CC1C2CC3CN1C23,N#CC1C2CC3CN1C32,rdkit_canonicalization
qm9_cn_subset:34966,34966,5264,smiles,N#CC1C2NC3CN1C23,N#CC1C2NC3CN1C32,rdkit_canonicalization
qm9_cn_subset:34970,34970,5266,smiles,C#CC1C2CC3CC2N13,C#CC1C2CC3CC2N31,rdkit_canonicalization
qm9_cn_subset:34971,34971,5267,smiles,C#CC1C2CC3CN2C13,C#CC1C2CC3CN2C31,rdkit_canonicalization
qm9_cn_subset:34975,34975,5269,smiles,N#CC1C2CC3CC2C13,N#CC1C2CC3CC2C31,rdkit_canonicalization
qm9_cn_subset:34976,34976,5270,smiles,N#CC1C2CC3CC2N13,N#CC1C2CC3CC2N31,rdkit_canonicalization
qm9_cn_subset:34977,34977,5271,smiles,N#CC1C2CC3CN2C13,N#CC1C2CC3CN2C31,rdkit_canonicalization
qm9_cn_subset:35028,35028,5299,smiles,N#CC1C2CCC1C=C2,N#CC1C2C=CC1CC2,rdkit_canonicalization
qm9_cn_subset:35047,35047,5306,smiles,N#CC1C2CCC=CC12,N#CC1C2C=CCCC12,rdkit_canonicalization
qm9_cn_subset:35050,35050,5308,smiles,N#CC1C2NCC=CC12,N#CC1C2C=CCNC12,rdkit_canonicalization
qm9_cn_subset:35070,35070,5314,smiles,C#CC1C=C2CN3C1C23,C#CC1C=C2CN3C2C13,rdkit_canonicalization
qm9_cn_subset:35072,35072,5316,smiles,C#CC1N=C2NC3C1C23,C#CC1N=C2NC3C2C13,rdkit_canonicalization
qm9_cn_subset:35074,35074,5317,smiles,N#CC1C=C2CC3C1C23,N#CC1C=C2CC3C2C13,rdkit_canonicalization
qm9_cn_subset:35076,35076,5319,smiles,N#CC1C=C2CN3C1C23,N#CC1C=C2CN3C2C13,rdkit_canonicalization
qm9_cn_subset:35078,35078,5321,smiles,N#CC1N=C2NC3C1C23,N#CC1N=C2NC3C2C13,rdkit_canonicalization
qm9_cn_subset:35099,35099,5332,smiles,C#CC1C=CCC11CN1,C#CC1C=CCC12CN2,rdkit_canonicalization
qm9_cn_subset:35101,35101,5333,smiles,C#CC1N=CNC11CC1,C#CC1N=CNC12CC2,rdkit_canonicalization
qm9_cn_subset:35103,35103,5334,smiles,N#CC1C=CCC11CC1,N#CC1C=CCC12CC2,rdkit_canonicalization
qm9_cn_subset:35104,35104,5335,smiles,N#CC1C=CCC11CN1,N#CC1C=CCC12CN2,rdkit_canonicalization
qm9_cn_subset:35106,35106,5336,smiles,N#CC1N=CNC11CC1,N#CC1N=CNC12CC2,rdkit_canonicalization
qm9_cn_subset:35126,35126,5345,smiles,C#CC1CC(C1)N1CC1,C#CC1CC(N2CC2)C1,rdkit_canonicalization
qm9_cn_subset:35130,35130,5346,smiles,N#CC1CC(C1)C1CC1,N#CC1CC(C2CC2)C1,rdkit_canonicalization
qm9_cn_subset:35132,35132,5347,smiles,N#CC1CC(C1)N1CC1,N#CC1CC(N2CC2)C1,rdkit_canonicalization
qm9_cn_subset:35133,35133,5348,smiles,N#CC1CC(N1)C1CC1,N#CC1CC(C2CC2)N1,rdkit_canonicalization
qm9_cn_subset:35134,35134,5349,smiles,N#CC1CC(N1)C1CN1,N#CC1CC(C2CN2)N1,rdkit_canonicalization
qm9_cn_subset:35139,35139,5350,smiles,N#CC1CN(C1)C1CC1,N#CC1CN(C2CC2)C1,rdkit_canonicalization
qm9_cn_subset:35141,35141,5351,smiles,C#CC1CC(C=C1)C#N,C#CC1C=CC(C#N)C1,rdkit_canonicalization
qm9_cn_subset:35142,35142,5352,smiles,C#CC1NC(C=C1)C#N,C#CC1C=CC(C#N)N1,rdkit_canonicalization
qm9_cn_subset:35145,35145,5353,smiles,N#CC1CC(C=C1)C#N,N#CC1C=CC(C#N)C1,rdkit_canonicalization
qm9_cn_subset:35146,35146,5354,smiles,N#CC1NC(C=C1)C#N,N#CC1C=CC(C#N)N1,rdkit_canonicalization
qm9_cn_subset:35148,35148,5355,smiles,C#CC1(CC1C#N)C#C,C#CC1(C#C)CC1C#N,rdkit_canonicalization
qm9_cn_subset:35149,35149,5356,smiles,C#CC1(CC1C#N)C#N,C#CC1(C#N)CC1C#N,rdkit_canonicalization
qm9_cn_subset:35150,35150,5357,smiles,C#CC1(NC1C#N)C#C,C#CC1(C#C)NC1C#N,rdkit_canonicalization
qm9_cn_subset:35151,35151,5358,smiles,C#CC1(NC1C#N)C#N,C#CC1(C#N)NC1C#N,rdkit_canonicalization
qm9_cn_subset:35168,35168,5366,smiles,C#CC1CC11C2CN1C2,C#CC1CC12C1CN2C1,rdkit_canonicalization
qm9_cn_subset:35169,35169,5367,smiles,C#CC1NC11C2CC1C2,C#CC1NC12C1CC2C1,rdkit_canonicalization
qm9_cn_subset:35173,35173,5368,smiles,N#CC1CC11C2CC1C2,N#CC1CC12C1CC2C1,rdkit_canonicalization
qm9_cn_subset:35175,35175,5369,smiles,N#CC1CC11C2CN1C2,N#CC1CC12C1CN2C1,rdkit_canonicalization
qm9_cn_subset:35176,35176,5370,smiles,N#CC1NC11C2CC1C2,N#CC1NC12C1CC2C1,rdkit_canonicalization
qm9_cn_subset:35177,35177,5371,smiles,N#CC1NC11C2CC1N2,N#CC1NC12C1CC2N1,rdkit_canonicalization
qm9_cn_subset:35183,35183,5372,smiles,C#CC1CC11CC2NC12,C#CC1CC12CC1NC12,rdkit_canonicalization
qm9_cn_subset:35185,35185,5373,smiles,C#CC1CC11CN2CC12,C#CC1CC12CN1CC12,rdkit_canonicalization
qm9_cn_subset:35187,35187,5374,smiles,C#CC1NC11CC2CC12,C#CC1NC12CC1CC12,rdkit_canonicalization
qm9_cn_subset:35188,35188,5375,smiles,C#CC1NC11CC2NC12,C#CC1NC12CC1NC12,rdkit_canonicalization
qm9_cn_subset:35190,35190,5376,smiles,C#CC1NC11CN2CC12,C#CC1NC12CN1CC12,rdkit_canonicalization
qm9_cn_subset:35195,35195,5377,smiles,N#CC1CC11CC2CC12,N#CC1CC12CC1CC12,rdkit_canonicalization
qm9_cn_subset:35196,35196,5378,smiles,N#CC1CC11CC2CN12,N#CC1CC12CC1CN12,rdkit_canonicalization
qm9_cn_subset:35197,35197,5379,smiles,N#CC1CC11CC2NC12,N#CC1CC12CC1NC12,rdkit_canonicalization
qm9_cn_subset:35199,35199,5380,smiles,N#CC1CC11CN2CC12,N#CC1CC12CN1CC12,rdkit_canonicalization
qm9_cn_subset:35201,35201,5381,smiles,N#CC1NC11CC2CC12,N#CC1NC12CC1CC12,rdkit_canonicalization
qm9_cn_subset:35202,35202,5382,smiles,N#CC1NC11CC2NC12,N#CC1NC12CC1NC12,rdkit_canonicalization
qm9_cn_subset:35204,35204,5383,smiles,N#CC1NC11CN2CC12,N#CC1NC12CN1CC12,rdkit_canonicalization
qm9_cn_subset:35211,35211,5384,smiles,C#CC1NC11CC=CC1,C#CC1NC12CC=CC2,rdkit_canonicalization
qm9_cn_subset:35213,35213,5385,smiles,N#CC1CC11CC=CC1,N#CC1CC12CC=CC2,rdkit_canonicalization
qm9_cn_subset:35215,35215,5386,smiles,N#CC1NC11CC=CC1,N#CC1NC12CC=CC2,rdkit_canonicalization
qm9_cn_subset:35220,35220,5387,smiles,C#CC1NC11CCC=C1,C#CC1NC12C=CCC2,rdkit_canonicalization
qm9_cn_subset:35222,35222,5388,smiles,N#CC1CC11CCC=C1,N#CC1CC12C=CCC2,rdkit_canonicalization
qm9_cn_subset:35225,35225,5389,smiles,N#CC1NC11CCC=C1,N#CC1NC12C=CCC2,rdkit_canonicalization
qm9_cn_subset:35231,35231,5390,smiles,C#CC1NC11CCCC1,C#CC1NC12CCCC2,rdkit_canonicalization
qm9_cn_subset:35235,35235,5391,smiles,N#CC1CC11CCCC1,N#CC1CC12CCCC2,rdkit_canonicalization
qm9_cn_subset:35239,35239,5392,smiles,N#CC1NC11CCCC1,N#CC1NC12CCCC2,rdkit_canonicalization
qm9_cn_subset:35295,35295,5412,smiles,C#CC12CC1C(C2)C#N,C#CC12CC(C#N)C1C2,rdkit_canonicalization
qm9_cn_subset:35296,35296,5413,smiles,C#CC12CC1C(N2)C#N,C#CC12CC1C(C#N)N2,rdkit_canonicalization
qm9_cn_subset:35298,35298,5414,smiles,C#CC12CN1C(C2)C#N,C#CC12CC(C#N)N1C2,rdkit_canonicalization
qm9_cn_subset:35300,35300,5415,smiles,C#CC1CC2(CC12)C#N,C#CC1CC2(C#N)CC12,rdkit_canonicalization
qm9_cn_subset:35301,35301,5416,smiles,C#CC1CC2(CN12)C#C,C#CC1CC2(C#C)CN12,rdkit_canonicalization
qm9_cn_subset:35302,35302,5417,smiles,C#CC1CC2(CN12)C#N,C#CC1CC2(C#N)CN12,rdkit_canonicalization
qm9_cn_subset:35303,35303,5418,smiles,C#CC1CC2(NC12)C#C,C#CC1CC2(C#C)NC12,rdkit_canonicalization
qm9_cn_subset:35304,35304,5419,smiles,C#CC1CC2(NC12)C#N,C#CC1CC2(C#N)NC12,rdkit_canonicalization
qm9_cn_subset:35307,35307,5420,smiles,C#CC1NC2(CC12)C#N,C#CC1NC2(C#N)CC12,rdkit_canonicalization
qm9_cn_subset:35310,35310,5421,smiles,N#CC1CC2(CC12)C#N,N#CC1CC2(C#N)CC12,rdkit_canonicalization
qm9_cn_subset:35311,35311,5422,smiles,N#CC1CC2(CN12)C#N,N#CC1CC2(C#N)CN12,rdkit_canonicalization
qm9_cn_subset:35312,35312,5423,smiles,N#CC1CC2(NC12)C#N,N#CC1CC2(C#N)NC12,rdkit_canonicalization
qm9_cn_subset:35314,35314,5424,smiles,N#CC1NC2(CC12)C#N,N#CC1NC2(C#N)CC12,rdkit_canonicalization
qm9_cn_subset:35317,35317,5425,smiles,C#CC1CC2(CN2)C=C1,C#CC1C=CC2(CN2)C1,rdkit_canonicalization
qm9_cn_subset:35320,35320,5426,smiles,N#CC1CC2(CC2)C=C1,N#CC1C=CC2(CC2)C1,rdkit_canonicalization
qm9_cn_subset:35321,35321,5427,smiles,N#CC1CC2(CN2)C=C1,N#CC1C=CC2(CN2)C1,rdkit_canonicalization
qm9_cn_subset:35323,35323,5428,smiles,N#CC1NC2(CC2)C=C1,N#CC1C=CC2(CC2)N1,rdkit_canonicalization
qm9_cn_subset:35354,35354,5439,smiles,C#CC1CC2=NCCN12,C#CC1CC2=NCCN21,rdkit_canonicalization
qm9_cn_subset:35355,35355,5440,smiles,C#CC1NC2=NCCC12,C#CC1NC2=NCCC21,rdkit_canonicalization
qm9_cn_subset:35357,35357,5441,smiles,N#CC1CC2=CCCC12,N#CC1CC2=CCCC21,rdkit_canonicalization
qm9_cn_subset:35359,35359,5442,smiles,N#CC1CC2=NCCN12,N#CC1CC2=NCCN21,rdkit_canonicalization
qm9_cn_subset:35360,35360,5443,smiles,N#CC1NC2=NCCC12,N#CC1NC2=NCCC21,rdkit_canonicalization
qm9_cn_subset:35372,35372,5449,smiles,N#CC1CN2C3CC1C23,N#CC1CN2C3CC1C32,rdkit_canonicalization
qm9_cn_subset:35373,35373,5450,smiles,N#CC1NC2C3CC1C23,N#CC1NC2C3CC1C32,rdkit_canonicalization
qm9_cn_subset:35430,35430,5471,smiles,N#CC1CC2CC(C2)C1,N#CC1CC2CC(C1)C2,rdkit_canonicalization
qm9_cn_subset:35433,35433,5473,smiles,N#CC1CC2CN(C2)C1,N#CC1CC2CN(C1)C2,rdkit_canonicalization
qm9_cn_subset:35464,35464,5489,smiles,N#CC1CC2CC1C=C2,N#CC1CC2C=CC1C2,rdkit_canonicalization
qm9_cn_subset:35466,35466,5490,smiles,N#CC1NC2CC1C=C2,N#CC1NC2C=CC1C2,rdkit_canonicalization
qm9_cn_subset:35470,35470,5491,smiles,C#CC1CC2NC2C=C1,C#CC1C=CC2NC2C1,rdkit_canonicalization
qm9_cn_subset:35473,35473,5492,smiles,N#CC1CC2CC2C=C1,N#CC1C=CC2CC2C1,rdkit_canonicalization
qm9_cn_subset:35475,35475,5494,smiles,N#CC1CC2NC2C=C1,N#CC1C=CC2NC2C1,rdkit_canonicalization
qm9_cn_subset:35477,35477,5495,smiles,N#CC1CN2CC2C=C1,N#CC1C=CC2CN2C1,rdkit_canonicalization
qm9_cn_subset:35478,35478,5496,smiles,N#CC1NC2CC2C=C1,N#CC1C=CC2CC2N1,rdkit_canonicalization
qm9_cn_subset:35486,35486,5499,smiles,N#CC1CC2CC3C2C13,N#CC1CC2CC3C1C23,rdkit_canonicalization
qm9_cn_subset:35488,35488,5501,smiles,N#CC1CC2CN3C2C13,N#CC1CC2CN3C1C23,rdkit_canonicalization
qm9_cn_subset:35490,35490,5502,smiles,N#CC1CN2CC3C1C23,N#CC1CN2CC3C1C32,rdkit_canonicalization
qm9_cn_subset:35491,35491,5503,smiles,N#CC1NC2CC3C2C13,N#CC1NC2CC3C1C23,rdkit_canonicalization
qm9_cn_subset:35492,35492,5504,smiles,N#CC1NC2CN3C2C13,N#CC1NC2CN3C1C23,rdkit_canonicalization
qm9_cn_subset:35536,35536,5516,smiles,N#CC1CC2CCC2=C1,N#CC1C=C2CCC2C1,rdkit_canonicalization
qm9_cn_subset:35541,35541,5519,smiles,N#CC1NC2CCC2=C1,N#CC1C=C2CCC2N1,rdkit_canonicalization
qm9_cn_subset:35587,35587,5531,smiles,C#CC1=CCC(C1)C#N,C#CC1=CCC(C#N)C1,rdkit_canonicalization
qm9_cn_subset:35588,35588,5532,smiles,C#CC1=NCC(N1)C#N,C#CC1=NCC(C#N)N1,rdkit_canonicalization
qm9_cn_subset:35591,35591,5533,smiles,C#CC1CC=C(C1)C#N,C#CC1CC=C(C#N)C1,rdkit_canonicalization
qm9_cn_subset:35592,35592,5534,smiles,C#CC1CN=C(N1)C#C,C#CC1=NCC(C#C)N1,rdkit_canonicalization
qm9_cn_subset:35593,35593,5535,smiles,C#CC1CN=C(N1)C#N,C#CC1CN=C(C#N)N1,rdkit_canonicalization
qm9_cn_subset:35596,35596,5536,smiles,N#CC1CC=C(C1)C#N,N#CC1=CCC(C#N)C1,rdkit_canonicalization
qm9_cn_subset:35597,35597,5537,smiles,N#CC1CN=C(N1)C#N,N#CC1=NCC(C#N)N1,rdkit_canonicalization
qm9_cn_subset:35601,35601,5538,smiles,C#CC1CN=C2CCN12,C#CC1CN=C2CCN21,rdkit_canonicalization
qm9_cn_subset:35603,35603,5539,smiles,N#CC1CC=C2CCC12,N#CC1CC=C2CCC21,rdkit_canonicalization
qm9_cn_subset:35604,35604,5540,smiles,N#CC1CC=C2CNC12,N#CC1CC=C2CNC21,rdkit_canonicalization
qm9_cn_subset:35606,35606,5541,smiles,N#CC1CN=C2CCN12,N#CC1CN=C2CCN21,rdkit_canonicalization
qm9_cn_subset:35609,35609,5542,smiles,C#CC1CC=CC11CN1,C#CC1CC=CC12CN2,rdkit_canonicalization
qm9_cn_subset:35611,35611,5543,smiles,C#CC1NC=NC11CC1,C#CC1NC=NC12CC2,rdkit_canonicalization
qm9_cn_subset:35613,35613,5544,smiles,N#CC1CC=CC11CC1,N#CC1CC=CC12CC2,rdkit_canonicalization
qm9_cn_subset:35614,35614,5545,smiles,N#CC1CC=CC11CN1,N#CC1CC=CC12CN2,rdkit_canonicalization
qm9_cn_subset:35616,35616,5546,smiles,N#CC1NC=NC11CC1,N#CC1NC=NC12CC2,rdkit_canonicalization
qm9_cn_subset:35623,35623,5550,smiles,C#CC1NC=NC1C#C,C#CC1N=CNC1C#C,rdkit_canonicalization
qm9_cn_subset:35626,35626,5552,smiles,N#CC1CC=CC1C#N,N#CC1C=CCC1C#N,rdkit_canonicalization
qm9_cn_subset:35627,35627,5553,smiles,N#CC1NC=NC1C#N,N#CC1N=CNC1C#N,rdkit_canonicalization
qm9_cn_subset:35643,35643,5561,smiles,N#CC1CC=CCC=C1,N#CC1C=CCC=CC1,rdkit_canonicalization
qm9_cn_subset:35646,35646,5563,smiles,C#CC1=CC(CC1)C#N,C#CC1=CC(C#N)CC1,rdkit_canonicalization
qm9_cn_subset:35647,35647,5564,smiles,C#CC1=CC(NC1)C#N,C#CC1=CC(C#N)NC1,rdkit_canonicalization
qm9_cn_subset:35649,35649,5565,smiles,C#CC1=NC(CN1)C#N,C#CC1=NC(C#N)CN1,rdkit_canonicalization
qm9_cn_subset:35651,35651,5566,smiles,C#CC1CCC(=C1)C#N,C#CC1C=C(C#N)CC1,rdkit_canonicalization
qm9_cn_subset:35652,35652,5567,smiles,C#CC1CNC(=N1)C#C,C#CC1=NC(C#C)CN1,rdkit_canonicalization
qm9_cn_subset:35653,35653,5568,smiles,C#CC1CNC(=N1)C#N,C#CC1CNC(C#N)=N1,rdkit_canonicalization
qm9_cn_subset:35656,35656,5569,smiles,C#CC1NCC(=C1)C#N,C#CC1C=C(C#N)CN1,rdkit_canonicalization
qm9_cn_subset:35659,35659,5570,smiles,N#CC1CCC(=C1)C#N,N#CC1=CC(C#N)CC1,rdkit_canonicalization
qm9_cn_subset:35660,35660,5571,smiles,N#CC1CNC(=N1)C#N,N#CC1=NC(C#N)CN1,rdkit_canonicalization
qm9_cn_subset:35661,35661,5572,smiles,N#CC1NCC(=C1)C#N,N#CC1=CC(C#N)NC1,rdkit_canonicalization
qm9_cn_subset:35665,35665,5573,smiles,C#CC1CCC(C1)C#N,C#CC1CCC(C#N)C1,rdkit_canonicalization
qm9_cn_subset:35666,35666,5574,smiles,C#CC1CCC(N1)C#N,C#CC1CCC(C#N)N1,rdkit_canonicalization
qm9_cn_subset:35669,35669,5575,smiles,C#CC1CNC(C1)C#N,C#CC1CNC(C#N)C1,rdkit_canonicalization
qm9_cn_subset:35675,35675,5576,smiles,N#CC1CCC(C1)C#N,N#CC1CCC(C#N)C1,rdkit_canonicalization
qm9_cn_subset:35676,35676,5577,smiles,N#CC1CCC(N1)C#N,N#CC1CCC(C#N)N1,rdkit_canonicalization
qm9_cn_subset:35678,35678,5578,smiles,N#CC1CNC(C1)C#N,N#CC1CNC(C#N)C1,rdkit_canonicalization
qm9_cn_subset:35689,35689,5579,smiles,N#CC1CCC11CCC1,N#CC1CCC12CCC2,rdkit_canonicalization
qm9_cn_subset:35695,35695,5580,smiles,N#CC1NCC11CCC1,N#CC1NCC12CCC2,rdkit_canonicalization
qm9_cn_subset:35696,35696,5581,smiles,N#CC1NCC11CCN1,N#CC1NCC12CCN2,rdkit_canonicalization
qm9_cn_subset:35740,35740,5592,smiles,N#CC1CC2(CN2)CN1,N#CC1CC2(CN1)CN2,rdkit_canonicalization
qm9_cn_subset:35820,35820,5614,smiles,N#CC1NCC2CCC12,N#CC1NCC2CCC21,rdkit_canonicalization
qm9_cn_subset:35821,35821,5615,smiles,N#CC1NCC2CNC12,N#CC1NCC2CNC21,rdkit_canonicalization
qm9_cn_subset:35836,35836,5620,smiles,N#CC1CCC=C1C#N,N#CC1=CCCC1C#N,rdkit_canonicalization
qm9_cn_subset:35837,35837,5621,smiles,N#CC1NCC=C1C#N,N#CC1=CCNC1C#N,rdkit_canonicalization
qm9_cn_subset:35841,35841,5622,smiles,N#CC1CCC=CC=C1,N#CC1C=CC=CCC1,rdkit_canonicalization
qm9_cn_subset:35842,35842,5623,smiles,N#CC1NCC=CC=C1,N#CC1C=CC=CCN1,rdkit_canonicalization
qm9_cn_subset:35863,35863,5626,smiles,N#CC1CCCC11CC1,N#CC1CCCC12CC2,rdkit_canonicalization
qm9_cn_subset:35864,35864,5627,smiles,N#CC1CCCC11CN1,N#CC1CCCC12CN2,rdkit_canonicalization
qm9_cn_subset:35870,35870,5628,smiles,N#CC1NCCC11CC1,N#CC1NCCC12CC2,rdkit_canonicalization
qm9_cn_subset:35871,35871,5629,smiles,N#CC1NCCC11CN1,N#CC1NCCC12CN2,rdkit_canonicalization
qm9_cn_subset:35919,35919,5642,smiles,N#CC1NCCC2CC12,N#CC1NCCC2CC21,rdkit_canonicalization
qm9_cn_subset:35937,35937,5646,smiles,N#CC1CCCC=CC1,N#CC1CC=CCCC1,rdkit_canonicalization
qm9_cn_subset:35950,35950,5647,smiles,N#CC1CCCCC=C1,N#CC1C=CCCCC1,rdkit_canonicalization
qm9_cn_subset:35955,35955,5648,smiles,N#CC1NCCCC=C1,N#CC1C=CCCCN1,rdkit_canonicalization
qm9_cn_subset:35986,35986,5653,smiles,N#CCC#CC#CC#N,N#CC#CC#CCC#N,rdkit_canonicalization
qm9_cn_subset:36018,36018,5671,smiles,C#CCC(CC#C)C#N,C#CCC(C#N)CC#C,rdkit_canonicalization
qm9_cn_subset:36019,36019,5672,smiles,C#CCC(CC#N)C#C,C#CCC(C#C)CC#N,rdkit_canonicalization
qm9_cn_subset:36020,36020,5673,smiles,C#CCC(CC#N)C#N,C#CCC(C#N)CC#N,rdkit_canonicalization
qm9_cn_subset:36021,36021,5674,smiles,N#CCC(CC#N)C#N,N#CCC(C#N)CC#N,rdkit_canonicalization
qm9_cn_subset:36033,36033,5680,smiles,C#CCC1(CC1)N1CC1,C#CCC1(N2CC2)CC1,rdkit_canonicalization
qm9_cn_subset:36034,36034,5681,smiles,C#CCC1(CN1)C1CN1,C#CCC1(C2CN2)CN1,rdkit_canonicalization
qm9_cn_subset:36039,36039,5682,smiles,N#CCC1(CC1)C1CC1,N#CCC1(C2CC2)CC1,rdkit_canonicalization
qm9_cn_subset:36040,36040,5683,smiles,N#CCC1(CC1)C1CN1,N#CCC1(C2CN2)CC1,rdkit_canonicalization
qm9_cn_subset:36042,36042,5684,smiles,N#CCC1(CC1)N1CC1,N#CCC1(N2CC2)CC1,rdkit_canonicalization
qm9_cn_subset:36043,36043,5685,smiles,N#CCC1(CN1)C1CC1,N#CCC1(C2CC2)CN1,rdkit_canonicalization
qm9_cn_subset:36044,36044,5686,smiles,N#CCC1(CN1)C1CN1,N#CCC1(C2CN2)CN1,rdkit_canonicalization
qm9_cn_subset:36054,36054,5689,smiles,C#CCC1(CCC1)C#N,C#CCC1(C#N)CCC1,rdkit_canonicalization
qm9_cn_subset:36055,36055,5690,smiles,C#CCC1(CCN1)C#N,C#CCC1(C#N)CCN1,rdkit_canonicalization
qm9_cn_subset:36060,36060,5691,smiles,N#CCC1(CCC1)C#N,N#CCC1(C#N)CCC1,rdkit_canonicalization
qm9_cn_subset:36061,36061,5692,smiles,N#CCC1(CCN1)C#N,N#CCC1(C#N)CCN1,rdkit_canonicalization
qm9_cn_subset:36063,36063,5693,smiles,N#CCC1(CNC1)C#N,N#CCC1(C#N)CNC1,rdkit_canonicalization
qm9_cn_subset:36065,36065,5694,smiles,C#CCC12C3C4C(C13)N24,C#CCC12C3C4C(C31)N42,rdkit_canonicalization
qm9_cn_subset:36066,36066,5695,smiles,C#CCC12C3C4C1N4C23,C#CCC12C3C4C1N4C32,rdkit_canonicalization
qm9_cn_subset:36068,36068,5696,smiles,C#CCC12C3C4C3N1C24,C#CCC12C3C4C3N1C42,rdkit_canonicalization
qm9_cn_subset:36069,36069,5697,smiles,N#CCC12C3C4C(C13)N24,N#CCC12C3C4C(C31)N42,rdkit_canonicalization
qm9_cn_subset:36070,36070,5698,smiles,N#CCC12C3C4C1N4C23,N#CCC12C3C4C1N4C32,rdkit_canonicalization
qm9_cn_subset:36071,36071,5699,smiles,N#CCC12C3C4C3C1C24,N#CCC12C3C4C3C1C42,rdkit_canonicalization
qm9_cn_subset:36072,36072,5700,smiles,N#CCC12C3C4C3N1C24,N#CCC12C3C4C3N1C42,rdkit_canonicalization
qm9_cn_subset:36074,36074,5701,smiles,C#CCC12C3CC1CN23,C#CCC12C3CC1N2C3,rdkit_canonicalization
qm9_cn_subset:36076,36076,5702,smiles,C#CCC12C3CN1CC23,C#CCC12C3CN1CC32,rdkit_canonicalization
qm9_cn_subset:36077,36077,5703,smiles,N#CCC12C3CC1CC23,N#CCC12C3CC1C2C3,rdkit_canonicalization
qm9_cn_subset:36078,36078,5704,smiles,N#CCC12C3CC1CN23,N#CCC12C3CC1N2C3,rdkit_canonicalization
qm9_cn_subset:36080,36080,5705,smiles,N#CCC12C3CN1CC23,N#CCC12C3CN1CC32,rdkit_canonicalization
qm9_cn_subset:36083,36083,5706,smiles,N#CCC12CC(C1)C=C2,N#CCC12C=CC(C1)C2,rdkit_canonicalization
qm9_cn_subset:36084,36084,5707,smiles,N#CCC12CC(N1)C=C2,N#CCC12C=CC(C1)N2,rdkit_canonicalization
qm9_cn_subset:36090,36090,5708,smiles,N#CCC12CC(C1)CC2,N#CCC12CCC(C1)C2,rdkit_canonicalization
qm9_cn_subset:36095,36095,5709,smiles,C#CCC12CC1C1CN21,C#CCC12CC1C1CN12,rdkit_canonicalization
qm9_cn_subset:36096,36096,5710,smiles,C#CCC12CC1C1NC21,C#CCC12CC1C1NC12,rdkit_canonicalization
qm9_cn_subset:36098,36098,5711,smiles,C#CCC12CC1N1CC21,C#CCC12CC1N1CC12,rdkit_canonicalization
qm9_cn_subset:36099,36099,5712,smiles,C#CCC12CN1C1CC21,C#CCC12CN1C1CC12,rdkit_canonicalization
qm9_cn_subset:36100,36100,5713,smiles,C#CCC12NC1C1CC21,C#CCC12NC1C1CC12,rdkit_canonicalization
qm9_cn_subset:36101,36101,5714,smiles,C#CCC12NC1C1NC21,C#CCC12NC1C1NC12,rdkit_canonicalization
qm9_cn_subset:36106,36106,5715,smiles,N#CCC12CC1C1CC21,N#CCC12CC1C1CC12,rdkit_canonicalization
qm9_cn_subset:36107,36107,5716,smiles,N#CCC12CC1C1CN21,N#CCC12CC1C1CN12,rdkit_canonicalization
qm9_cn_subset:36108,36108,5717,smiles,N#CCC12CC1C1NC21,N#CCC12CC1C1NC12,rdkit_canonicalization
qm9_cn_subset:36110,36110,5718,smiles,N#CCC12CC1N1CC21,N#CCC12CC1N1CC12,rdkit_canonicalization
qm9_cn_subset:36111,36111,5719,smiles,N#CCC12CN1C1CC21,N#CCC12CN1C1CC12,rdkit_canonicalization
qm9_cn_subset:36112,36112,5720,smiles,N#CCC12NC1C1CC21,N#CCC12NC1C1CC12,rdkit_canonicalization
qm9_cn_subset:36113,36113,5721,smiles,N#CCC12NC1C1NC21,N#CCC12NC1C1NC12,rdkit_canonicalization
qm9_cn_subset:36122,36122,5723,smiles,N#CCC12CC1C=CC2,N#CCC12CC=CC1C2,rdkit_canonicalization
qm9_cn_subset:36128,36128,5725,smiles,C#CCC12NC1CC=C2,C#CCC12C=CCC1N2,rdkit_canonicalization
qm9_cn_subset:36130,36130,5726,smiles,N#CCC12CC1CC=C2,N#CCC12C=CCC1C2,rdkit_canonicalization
qm9_cn_subset:36132,36132,5727,smiles,N#CCC12CN1CC=C2,N#CCC12C=CCN1C2,rdkit_canonicalization
qm9_cn_subset:36133,36133,5728,smiles,N#CCC12NC1CC=C2,N#CCC12C=CCC1N2,rdkit_canonicalization
qm9_cn_subset:36144,36144,5730,smiles,N#CCC12CC1CCC2,N#CCC12CCCC1C2,rdkit_canonicalization
qm9_cn_subset:36151,36151,5732,smiles,N#CCC12CN1CCC2,N#CCC12CCCN1C2,rdkit_canonicalization
qm9_cn_subset:36155,36155,5733,smiles,C#CCC12CC3C(C1)N23,C#CCC12CC3C(C1)N32,rdkit_canonicalization
qm9_cn_subset:36158,36158,5735,smiles,N#CCC12CC3C(C1)C23,N#CCC12CC3C(C1)C32,rdkit_canonicalization
qm9_cn_subset:36159,36159,5736,smiles,N#CCC12CC3C(C1)N23,N#CCC12CC3C(C1)N32,rdkit_canonicalization
qm9_cn_subset:36163,36163,5738,smiles,C#CCC12CC3C1CN23,C#CCC12CC3C1CN32,rdkit_canonicalization
qm9_cn_subset:36165,36165,5739,smiles,C#CCC12CN3C1CC23,C#CCC12CN3C1CC32,rdkit_canonicalization
qm9_cn_subset:36166,36166,5740,smiles,C#CCC12NC3C1NC23,C#CCC12NC3C1NC32,rdkit_canonicalization
qm9_cn_subset:36171,36171,5741,smiles,N#CCC12CC3C1CC23,N#CCC12CC3C1CC32,rdkit_canonicalization
qm9_cn_subset:36172,36172,5742,smiles,N#CCC12CC3C1CN23,N#CCC12CC3C1CN32,rdkit_canonicalization
qm9_cn_subset:36174,36174,5743,smiles,N#CCC12CN3C1CC23,N#CCC12CN3C1CC32,rdkit_canonicalization
qm9_cn_subset:36175,36175,5744,smiles,N#CCC12NC3C1CC23,N#CCC12NC3C1CC32,rdkit_canonicalization
qm9_cn_subset:36176,36176,5745,smiles,N#CCC12NC3C1NC23,N#CCC12NC3C1NC32,rdkit_canonicalization
qm9_cn_subset:36182,36182,5746,smiles,C#CCC12CC3CC1N23,C#CCC12CC3CC1N32,rdkit_canonicalization
qm9_cn_subset:36183,36183,5747,smiles,C#CCC12CC3CN1C23,C#CCC12CC3CN1C32,rdkit_canonicalization
qm9_cn_subset:36185,36185,5748,smiles,C#CCC12CN3CC1C23,C#CCC12CN3CC1C32,rdkit_canonicalization
qm9_cn_subset:36187,36187,5749,smiles,N#CCC12CC3CC1C23,N#CCC12CC3CC1C32,rdkit_canonicalization
qm9_cn_subset:36188,36188,5750,smiles,N#CCC12CC3CC1N23,N#CCC12CC3CC1N32,rdkit_canonicalization
qm9_cn_subset:36189,36189,5751,smiles,N#CCC12CC3CN1C23,N#CCC12CC3CN1C32,rdkit_canonicalization
qm9_cn_subset:36191,36191,5752,smiles,N#CCC12CN3CC1C23,N#CCC12CN3CC1C32,rdkit_canonicalization
qm9_cn_subset:36236,36236,5768,smiles,C#CCC1C2C3C1CN23,C#CCC1C2CN3C1C23,rdkit_canonicalization
qm9_cn_subset:36238,36238,5769,smiles,C#CCC1C2C3CC1N23,C#CCC1C2CC3C1N23,rdkit_canonicalization
qm9_cn_subset:36239,36239,5770,smiles,C#CCC1C2C3CN1C23,C#CCC1C2C3CN1C32,rdkit_canonicalization
qm9_cn_subset:36242,36242,5772,smiles,C#CCN1C2C3CC1C23,C#CCN1C2CC3C2C31,rdkit_canonicalization
qm9_cn_subset:36243,36243,5773,smiles,N#CCC1C2C3C1CN23,N#CCC1C2CN3C1C23,rdkit_canonicalization
qm9_cn_subset:36244,36244,5774,smiles,N#CCC1C2C3CC1C23,N#CCC1C2CC3C1C23,rdkit_canonicalization
qm9_cn_subset:36245,36245,5775,smiles,N#CCC1C2C3CC1N23,N#CCC1C2CC3C1N23,rdkit_canonicalization
qm9_cn_subset:36246,36246,5776,smiles,N#CCC1C2C3CN1C23,N#CCC1C2C3CN1C32,rdkit_canonicalization
qm9_cn_subset:36249,36249,5778,smiles,N#CCN1C2C3CC1C23,N#CCN1C2CC3C2C31,rdkit_canonicalization
qm9_cn_subset:36254,36254,5781,smiles,C#CCN1C2C3CC2C13,C#CCN1C2C3CC2C31,rdkit_canonicalization
qm9_cn_subset:36255,36255,5782,smiles,C#CCN1C2C3NC2C13,C#CCN1C2C3NC2C31,rdkit_canonicalization
qm9_cn_subset:36261,36261,5786,smiles,N#CCN1C2C3CC2C13,N#CCN1C2C3CC2C31,rdkit_canonicalization
qm9_cn_subset:36262,36262,5787,smiles,N#CCN1C2C3NC2C13,N#CCN1C2C3NC2C31,rdkit_canonicalization
qm9_cn_subset:36269,36269,5791,smiles,C#CCN1C2C3CC3C12,C#CCN1C2C3CC3C21,rdkit_canonicalization
qm9_cn_subset:36270,36270,5792,smiles,C#CCN1C2C3NC3C12,C#CCN1C2C3NC3C21,rdkit_canonicalization
qm9_cn_subset:36277,36277,5797,smiles,N#CCN1C2C3CC3C12,N#CCN1C2C3CC3C21,rdkit_canonicalization
qm9_cn_subset:36278,36278,5798,smiles,N#CCN1C2C3NC3C12,N#CCN1C2C3NC3C21,rdkit_canonicalization
qm9_cn_subset:36282,36282,5799,smiles,C#CCN1C2CC1C=C2,C#CCN1C2C=CC1C2,rdkit_canonicalization
qm9_cn_subset:36283,36283,5800,smiles,N#CCC1C2CC1C=C2,N#CCC1C2C=CC1C2,rdkit_canonicalization
qm9_cn_subset:36285,36285,5801,smiles,N#CCN1C2CC1C=C2,N#CCN1C2C=CC1C2,rdkit_canonicalization
qm9_cn_subset:36289,36289,5802,smiles,N#CCC1C2CC1CC2,N#CCC1C2CCC1C2,rdkit_canonicalization
qm9_cn_subset:36292,36292,5803,smiles,N#CCC1C2CN1CC2,N#CCC1C2CCN1C2,rdkit_canonicalization
qm9_cn_subset:36293,36293,5804,smiles,N#CCN1C2CC1CC2,N#CCN1C2CCC1C2,rdkit_canonicalization
qm9_cn_subset:36296,36296,5805,smiles,C#CCN1C2CC=CC12,C#CCN1C2C=CCC21,rdkit_canonicalization
qm9_cn_subset:36297,36297,5806,smiles,N#CCC1C2C=CCN12,N#CCC1C2C=CCN21,rdkit_canonicalization
qm9_cn_subset:36298,36298,5807,smiles,N#CCC1C2CC=CC12,N#CCC1C2C=CCC21,rdkit_canonicalization
qm9_cn_subset:36300,36300,5808,smiles,N#CCN1C2CC=CC12,N#CCN1C2C=CCC21,rdkit_canonicalization
qm9_cn_subset:36305,36305,5809,smiles,C#CCN1C2CCCC12,C#CCN1C2CCCC21,rdkit_canonicalization
qm9_cn_subset:36312,36312,5812,smiles,N#CCN1C2CCCC12,N#CCN1C2CCCC21,rdkit_canonicalization
qm9_cn_subset:36317,36317,5814,smiles,C#CCN1C=NC2CC12,C#CCN1C=NC2CC21,rdkit_canonicalization
qm9_cn_subset:36322,36322,5818,smiles,N#CCN1C=NC2CC12,N#CCN1C=NC2CC21,rdkit_canonicalization
qm9_cn_subset:36328,36328,5822,smiles,C#CCC1CC(C1)C#N,C#CCC1CC(C#N)C1,rdkit_canonicalization
qm9_cn_subset:36329,36329,5823,smiles,C#CCC1CC(N1)C#N,C#CCC1CC(C#N)N1,rdkit_canonicalization
qm9_cn_subset:36332,36332,5824,smiles,C#CCN1CC(C1)C#C,C#CCN1CC(C#C)C1,rdkit_canonicalization
qm9_cn_subset:36333,36333,5825,smiles,C#CCN1CC(C1)C#N,C#CCN1CC(C#N)C1,rdkit_canonicalization
qm9_cn_subset:36334,36334,5826,smiles,N#CCC1CC(C1)C#N,N#CCC1CC(C#N)C1,rdkit_canonicalization
qm9_cn_subset:36335,36335,5827,smiles,N#CCC1CC(N1)C#N,N#CCC1CC(C#N)N1,rdkit_canonicalization
qm9_cn_subset:36337,36337,5828,smiles,N#CCN1CC(C1)C#N,N#CCN1CC(C#N)C1,rdkit_canonicalization
qm9_cn_subset:36341,36341,5829,smiles,C#CCC1NC11CCC1,C#CCC1NC12CCC2,rdkit_canonicalization
qm9_cn_subset:36345,36345,5830,smiles,C#CCN1CC11CCC1,C#CCN1CC12CCC2,rdkit_canonicalization
qm9_cn_subset:36347,36347,5831,smiles,N#CCC1CC11CCC1,N#CCC1CC12CCC2,rdkit_canonicalization
qm9_cn_subset:36350,36350,5832,smiles,N#CCC1NC11CCC1,N#CCC1NC12CCC2,rdkit_canonicalization
qm9_cn_subset:36354,36354,5833,smiles,N#CCN1CC11CCC1,N#CCN1CC12CCC2,rdkit_canonicalization
qm9_cn_subset:36442,36442,5869,smiles,N#CCN1CC2CCC12,N#CCN1CC2CCC21,rdkit_canonicalization
qm9_cn_subset:36450,36450,5870,smiles,N#CCC1CCC11CC1,N#CCC1CCC12CC2,rdkit_canonicalization
qm9_cn_subset:36451,36451,5871,smiles,N#CCC1CCC11CN1,N#CCC1CCC12CN2,rdkit_canonicalization
qm9_cn_subset:36454,36454,5872,smiles,N#CCC1NCC11CN1,N#CCC1NCC12CN2,rdkit_canonicalization
qm9_cn_subset:36459,36459,5873,smiles,N#CCN1CCC11CC1,N#CCN1CCC12CC2,rdkit_canonicalization
qm9_cn_subset:36498,36498,5891,smiles,N#CCN1CCC2CC12,N#CCN1CCC2CC21,rdkit_canonicalization
qm9_cn_subset:36504,36504,5892,smiles,N#CCC1CCC=CC1,N#CCC1CC=CCC1,rdkit_canonicalization
qm9_cn_subset:36507,36507,5893,smiles,N#CCN1CCC=CC1,N#CCN1CC=CCC1,rdkit_canonicalization
qm9_cn_subset:36512,36512,5894,smiles,N#CCC1CCCC=C1,N#CCC1C=CCCC1,rdkit_canonicalization
qm9_cn_subset:36560,36560,5905,smiles,N#CCCC#CCC#N,N#CCC#CCCC#N,rdkit_canonicalization
qm9_cn_subset:36561,36561,5906,smiles,C#CC(CCC#N)C#C,C#CC(C#C)CCC#N,rdkit_canonicalization
qm9_cn_subset:36562,36562,5907,smiles,C#CC(CCC#N)C#N,C#CC(C#N)CCC#N,rdkit_canonicalization
qm9_cn_subset:36563,36563,5908,smiles,C#CC(NCC#N)C#C,C#CC(C#C)NCC#N,rdkit_canonicalization
qm9_cn_subset:36564,36564,5909,smiles,C#CC(NCC#N)C#N,C#CC(C#N)NCC#N,rdkit_canonicalization
qm9_cn_subset:36576,36576,5915,smiles,C#CC1(CC1)NCC#N,C#CC1(NCC#N)CC1,rdkit_canonicalization
qm9_cn_subset:36582,36582,5918,smiles,C#CCCC1(CC1)C#N,C#CCCC1(C#N)CC1,rdkit_canonicalization
qm9_cn_subset:36583,36583,5919,smiles,C#CCCC1(CN1)C#C,C#CCCC1(C#C)CN1,rdkit_canonicalization
qm9_cn_subset:36584,36584,5920,smiles,C#CCCC1(CN1)C#N,C#CCCC1(C#N)CN1,rdkit_canonicalization
qm9_cn_subset:36587,36587,5921,smiles,C#CCNC1(CC1)C#N,C#CCNC1(C#N)CC1,rdkit_canonicalization
qm9_cn_subset:36590,36590,5922,smiles,N#CCCC1(CC1)C#N,N#CCCC1(C#N)CC1,rdkit_canonicalization
qm9_cn_subset:36591,36591,5923,smiles,N#CCCC1(CN1)C#N,N#CCCC1(C#N)CN1,rdkit_canonicalization
qm9_cn_subset:36593,36593,5924,smiles,N#CCNC1(CC1)C#N,N#CCNC1(C#N)CC1,rdkit_canonicalization
qm9_cn_subset:36615,36615,5931,smiles,N#CCCC12CC1CC2,N#CCCC12CCC1C2,rdkit_canonicalization
qm9_cn_subset:36620,36620,5933,smiles,N#CCCC12CN1CC2,N#CCCC12CCN1C2,rdkit_canonicalization
qm9_cn_subset:36621,36621,5934,smiles,N#CCNC12CC1CC2,N#CCNC12CCC1C2,rdkit_canonicalization
qm9_cn_subset:36657,36657,5942,smiles,N#CCCN1C2CCC12,N#CCCN1C2CCC21,rdkit_canonicalization
qm9_cn_subset:36658,36658,5943,smiles,N#CCNC1C2CCC12,N#CCNC1C2CCC21,rdkit_canonicalization
qm9_cn_subset:36696,36696,5960,smiles,N#CCCN1CC2CC12,N#CCCN1CC2CC21,rdkit_canonicalization
qm9_cn_subset:36697,36697,5961,smiles,N#CCNC1CC2CC12,N#CCNC1CC2CC21,rdkit_canonicalization
qm9_cn_subset:36720,36720,5967,smiles,N#CCCC1CCC=C1,N#CCCC1C=CCC1,rdkit_canonicalization
qm9_cn_subset:36723,36723,5968,smiles,N#CCNC1CCC=C1,N#CCNC1C=CCC1,rdkit_canonicalization
qm9_cn_subset:36753,36753,5973,smiles,N#CCNC=NCC#N,N#CCN=CNCC#N,rdkit_canonicalization
qm9_cn_subset:36763,36763,5978,smiles,N#CCCCC#CC#N,N#CC#CCCCC#N,rdkit_canonicalization
qm9_cn_subset:36764,36764,5979,smiles,N#CCNCC#CC#N,N#CC#CCNCC#N,rdkit_canonicalization
qm9_cn_subset:36825,36825,5993,smiles,C(C#CC1CC1)C1CN1,C(#CC1CC1)CC1CN1,rdkit_canonicalization
qm9_cn_subset:36827,36827,5994,smiles,C(C#CC1CC1)N1CC1,C(#CC1CC1)CN1CC1,rdkit_canonicalization
qm9_cn_subset:36828,36828,5995,smiles,C(C#CC1CN1)C1CC1,C(#CC1CN1)CC1CC1,rdkit_canonicalization
qm9_cn_subset:36829,36829,5996,smiles,C(C#CC1CN1)C1CN1,C(#CC1CN1)CC1CN1,rdkit_canonicalization
qm9_cn_subset:36831,36831,5997,smiles,C(C#CC1CN1)N1CC1,C(#CC1CN1)CN1CC1,rdkit_canonicalization
qm9_cn_subset:36838,36838,5998,smiles,C(C1CC1)C12CN(C1)C2,C1CC1CC12CN(C1)C2,rdkit_canonicalization
qm9_cn_subset:36842,36842,5999,smiles,C(N1CC1)C12CC(C1)C2,C1CN1CC12CC(C1)C2,rdkit_canonicalization
qm9_cn_subset:36844,36844,6000,smiles,C(N1CC1)C12CN(C1)C2,C1CN1CC12CN(C1)C2,rdkit_canonicalization
qm9_cn_subset:36856,36856,6001,smiles,C(N1CC1)C12CC1CC2,C1CC2(CN3CC3)CC12,rdkit_canonicalization
qm9_cn_subset:36859,36859,6002,smiles,C(N1CC1)C12CCC1N2,C1CC2(CN3CC3)NC12,rdkit_canonicalization
qm9_cn_subset:36870,36870,6003,smiles,C(N1CC1)C1=CCCC1,C1=C(CN2CC2)CCC1,rdkit_canonicalization
qm9_cn_subset:36876,36876,6004,smiles,C(C1C2CC1C2)N1CC1,C1C2CC1C2CN1CC1,rdkit_canonicalization
qm9_cn_subset:36878,36878,6005,smiles,C(C1C2CN1C2)N1CC1,C1CN1CC1C2CN1C2,rdkit_canonicalization
qm9_cn_subset:36886,36886,6006,smiles,C(C1C2CCC12)N1CC1,C1CC2C1C2CN1CC1,rdkit_canonicalization
qm9_cn_subset:36890,36890,6007,smiles,C(C1CN1)N1C2CCC12,C1NC1CN1C2CCC21,rdkit_canonicalization
qm9_cn_subset:36899,36899,6008,smiles,C(C1CC2CC12)N1CC1,C1C2CC2C1CN1CC1,rdkit_canonicalization
qm9_cn_subset:36911,36911,6009,smiles,C(C1CC=CC1)N1CC1,C1=CCC(CN2CC2)C1,rdkit_canonicalization
qm9_cn_subset:36920,36920,6010,smiles,C(C1CCC=C1)N1CC1,C1=CC(CN2CC2)CC1,rdkit_canonicalization
qm9_cn_subset:36933,36933,6011,smiles,C(C1CCCC1)N1CC1,C1CCC(CN2CC2)C1,rdkit_canonicalization
qm9_cn_subset:36981,36981,6014,smiles,C(CN1CC1)C1CCC1,C1CC(CCN2CC2)C1,rdkit_canonicalization
qm9_cn_subset:36995,36995,6016,smiles,C1=C2C3C4C1C1C4N3C21,C1=C2C3C4C1C1C2N3C41,rdkit_canonicalization
qm9_cn_subset:36996,36996,6017,smiles,C1=C2C3C4C1N1C4C3C21,C1=C2C3C4C1N1C2C3C41,rdkit_canonicalization
qm9_cn_subset:36997,36997,6018,smiles,C1=C2C3C4C2C2C1C2N34,C1=C2C3C4C1C4N1C2C31,rdkit_canonicalization
qm9_cn_subset:36998,36998,6019,smiles,C1=C2C3C4C3C2N2C1C42,C1=C2C3C4C3C3C1N3C24,rdkit_canonicalization
qm9_cn_subset:36999,36999,6020,smiles,C1=C2C3C4C3N3C1C3C24,C1=C2C3C4C2C2C1N2C34,rdkit_canonicalization
qm9_cn_subset:37001,37001,6021,smiles,C1=C2C3C4C5C1C5C2N34,C1=C2C3C4C1C4C1C2N31,rdkit_canonicalization
qm9_cn_subset:37004,37004,6023,smiles,C1=CC23C=CC4C2C1N34,C1=CC23C=CC4C2C1N43,rdkit_canonicalization
qm9_cn_subset:37018,37018,6024,smiles,C1C=CC23NC12CC=C3,C1=CC23C=CCC2(C1)N3,rdkit_canonicalization
qm9_cn_subset:37022,37022,6025,smiles,C1C=CC23CC=CC12N3,C1=CC23CC=CC2(C1)N3,rdkit_canonicalization
qm9_cn_subset:37032,37032,6026,smiles,C1CC23NC12CCC=C3,C1=CC23CCC2(CC1)N3,rdkit_canonicalization
qm9_cn_subset:37039,37039,6027,smiles,C1CC23CC=CCC12N3,C1=CCC23CCC2(C1)N3,rdkit_canonicalization
qm9_cn_subset:37062,37062,6028,smiles,C1CC23CC=CC2(C1)N3,C1=CC23CCCC2(C1)N3,rdkit_canonicalization
qm9_cn_subset:37079,37079,6029,smiles,C1C2=CC3C=C1C1C2N31,C1=C2CC3=CC1N1C2C31,rdkit_canonicalization
qm9_cn_subset:37081,37081,6030,smiles,C1C2=CC3N=C1N1C3C21,C1=C2CC3=NC1C1C2N31,rdkit_canonicalization
qm9_cn_subset:37082,37082,6031,smiles,N1C2=CC3N=C1C1C3C21,C1=C2NC3=NC1C1C2C31,rdkit_canonicalization
qm9_cn_subset:37086,37086,6033,smiles,C1CC11C2NC2C11CC1,C1CC12C1NC1C21CC1,rdkit_canonicalization
qm9_cn_subset:37087,37087,6034,smiles,C1CC11C2NC2C11CN1,C1CC12C1NC1C21CN1,rdkit_canonicalization
qm9_cn_subset:37094,37094,6036,smiles,N1CC11C2CC2C11NC1,C1C2C1C1(CN1)C21CN1,rdkit_canonicalization
qm9_cn_subset:37096,37096,6037,smiles,C1NC11C2NC2C11CN1,C1NC12C1NC1C21CN1,rdkit_canonicalization
qm9_cn_subset:37103,37103,6038,smiles,C1C23CC=CC12C1NC31,C1=CC23CC2(C1)C1NC13,rdkit_canonicalization
qm9_cn_subset:37110,37110,6039,smiles,C1C2C1C13NC21CC=C3,C1=CC23NC2(C1)C1CC13,rdkit_canonicalization
qm9_cn_subset:37112,37112,6040,smiles,C1C2N1C13CC21C=CC3,C1=CC23CC2(C1)N1CC13,rdkit_canonicalization
qm9_cn_subset:37113,37113,6041,smiles,C1C2N1C13CC21CC=C3,C1=CC23CC2(C1)C1CN13,rdkit_canonicalization
qm9_cn_subset:37114,37114,6042,smiles,C1C=CC23NC12C1NC31,C1=CC23NC2(C1)C1NC13,rdkit_canonicalization
qm9_cn_subset:37118,37118,6043,smiles,C1C23CCCC12C1NC31,C1CC23CC2(C1)C1NC13,rdkit_canonicalization
qm9_cn_subset:37130,37130,6044,smiles,C1C2C1C13CCCC21N3,C1CC23NC2(C1)C1CC13,rdkit_canonicalization
qm9_cn_subset:37134,37134,6045,smiles,C1C2N1C13CC21CCC3,C1CC23CC2(C1)N1CC13,rdkit_canonicalization
qm9_cn_subset:37137,37137,6046,smiles,C1CC23NC2(C1)C1NC31,C1CC23NC2(C1)C1NC13,rdkit_canonicalization
qm9_cn_subset:37146,37146,6047,smiles,C1C2C1C13CC4C1C2N34,C1C2C3C4C5CC4(C12)N53,rdkit_canonicalization
qm9_cn_subset:37147,37147,6048,smiles,C1C2C1C13CC4C1N2C34,C1C2C1C13CC4C1N2C43,rdkit_canonicalization
qm9_cn_subset:37148,37148,6049,smiles,C1C2C1C13CN4C1C2C34,C1C2C3C4N5CC4(C12)C35,rdkit_canonicalization
qm9_cn_subset:37149,37149,6050,smiles,C1C2C1C13NC4C1N2C34,C1C2C1C13NC4C1N2C43,rdkit_canonicalization
qm9_cn_subset:37152,37152,6051,smiles,C1C2C3C4C5CC4(C35)N12,C1C2C3C4C5CC4(C53)N12,rdkit_canonicalization
qm9_cn_subset:37158,37158,6055,smiles,C1C2N1C1C3C4CC23C14,C1C2N1C1C3C4CC32C41,rdkit_canonicalization
qm9_cn_subset:37161,37161,6057,smiles,C1N2C3C4C5NC5C13C24,C1N2C3C4C5NC5C13C42,rdkit_canonicalization
qm9_cn_subset:37172,37172,6058,smiles,C1C2C3CC4(CCC34)N12,C1CC23CC(C4CN42)C13,rdkit_canonicalization
qm9_cn_subset:37174,37174,6059,smiles,C1C2N1C1CC22CCC12,C1CC23CC(C12)N1CC13,rdkit_canonicalization
qm9_cn_subset:37177,37177,6060,smiles,C1CC23CC(C4NC24)C13,C1CC23CC(C4NC42)C13,rdkit_canonicalization
qm9_cn_subset:37178,37178,6061,smiles,C1CC23CC(C4NC24)N13,C1CC23CC(C4NC42)N13,rdkit_canonicalization
qm9_cn_subset:37198,37198,6063,smiles,C1CC23CCC12C1NC31,C1CC23CCC12C1NC13,rdkit_canonicalization
qm9_cn_subset:37202,37202,6064,smiles,C1NC23CNC12C1NC31,C1NC23CNC12C1NC13,rdkit_canonicalization
qm9_cn_subset:37209,37209,6065,smiles,C1C=C2C3NC3C3C1C23,C1=C2C3NC3C3C(C1)C23,rdkit_canonicalization
qm9_cn_subset:37210,37210,6066,smiles,C1C=C2C3NC3C3C2N13,C1=C2C3NC3C3C2N3C1,rdkit_canonicalization
qm9_cn_subset:37218,37218,6068,smiles,C1C2C3CCCN=C3N12,C1CN=C2C(C1)C1CN21,rdkit_canonicalization
qm9_cn_subset:37221,37221,6069,smiles,C1CC=C2C3NC3C2C1,C1=C2C(CCC1)C1NC21,rdkit_canonicalization
qm9_cn_subset:37231,37231,6070,smiles,C1C2C3C(N12)C31CCC1,C1CC2(C1)C1C3CN3C12,rdkit_canonicalization
qm9_cn_subset:37234,37234,6071,smiles,C1CC2(C1)C1C3NC3C21,C1CC2(C1)C1C3NC3C12,rdkit_canonicalization
qm9_cn_subset:37245,37245,6073,smiles,C1CC11CC2C3CN3C12,C1C2C3CC4(CC4)C3N12,rdkit_canonicalization
qm9_cn_subset:37256,37256,6076,smiles,C1C2C1N1C3C4C(C13)N24,C1C2C1N1C3C4C(C31)N24,rdkit_canonicalization
qm9_cn_subset:37259,37259,6079,smiles,C1C2C3C4C5C(C5N34)N12,C1C2C3C4C5C(C5N43)N12,rdkit_canonicalization
qm9_cn_subset:37263,37263,6081,smiles,C1C2C1C1C3C4C(C23)N14,C1C2C1C1C3C2C2C3N12,rdkit_canonicalization
qm9_cn_subset:37264,37264,6082,smiles,C1C2C1C1C3C4C2C1N34,C1C2C1C1C3C2C2C1N32,rdkit_canonicalization
qm9_cn_subset:37266,37266,6083,smiles,C1C2C1C1C3C4C3N1C24,C1C2C1C1C3C4C2N1C43,rdkit_canonicalization
qm9_cn_subset:37267,37267,6084,smiles,C1C2C3C4C5C(C3N45)N12,C1C2C3C4C(C5C3N45)N12,rdkit_canonicalization
qm9_cn_subset:37268,37268,6085,smiles,C1C2C3C4C5C(C4N12)N35,C1C2C3C4C(C5C4N35)N12,rdkit_canonicalization
qm9_cn_subset:37269,37269,6086,smiles,C1C2C3C4C5C4C(C35)N12,C1C2C3C4C5C4C(C53)N12,rdkit_canonicalization
qm9_cn_subset:37270,37270,6087,smiles,N1C2C1C1C3C4C(C23)N14,N1C2C1C1C3C2C2C3N12,rdkit_canonicalization
qm9_cn_subset:37271,37271,6088,smiles,N1C2C1C1C3C4C3N1C24,N1C2C1C1C3C4C2N1C43,rdkit_canonicalization
qm9_cn_subset:37277,37277,6089,smiles,C1C2C1N1C3C=CC1C23,C1=CC2C3C4CC4N2C13,rdkit_canonicalization
qm9_cn_subset:37278,37278,6090,smiles,C1C2C3C4C=CC3C4N12,C1=CC2C3C1C2N1CC31,rdkit_canonicalization
qm9_cn_subset:37282,37282,6091,smiles,C1C2C3C4CCC3C4N12,C1CC2C3C1C2N1CC31,rdkit_canonicalization
qm9_cn_subset:37285,37285,6092,smiles,C1CN2C3C4NC4C2C13,C1CN2C3C1C2C1NC13,rdkit_canonicalization
qm9_cn_subset:37292,37292,6093,smiles,C1C2C3C(C4CCN34)N12,C1CN2C1C1C2C2CN21,rdkit_canonicalization
qm9_cn_subset:37295,37295,6094,smiles,C1CN2C1C1C3NC3C21,C1CN2C1C1C3NC3C12,rdkit_canonicalization
qm9_cn_subset:37302,37302,6095,smiles,C1C2C1C1C=CC3C2N13,C1=CC2C3C4CC4C1N23,rdkit_canonicalization
qm9_cn_subset:37303,37303,6096,smiles,N1C2C1C1C=CC3C2N13,C1=CC2C3C4NC4C1N23,rdkit_canonicalization
qm9_cn_subset:37304,37304,6097,smiles,N1C2C1C1N=CN3C2C13,C1=NC2C3NC3C3C2N13,rdkit_canonicalization
qm9_cn_subset:37327,37327,6102,smiles,N1C2C1C1NC1C1NC21,N1C2C3NC3C3NC3C12,rdkit_canonicalization
qm9_cn_subset:37336,37336,6103,smiles,C1C2C3CC(C4NC34)N12,C1C2C3NC3C1N1CC21,rdkit_canonicalization
qm9_cn_subset:37377,37377,6104,smiles,C1C2C3C4CC(CC34)N12,C1C2C3CC1N1CC1C23,rdkit_canonicalization
qm9_cn_subset:37378,37378,6105,smiles,C1C2C3C4NC4C1CN23,C1C2CN3C1C3C1NC21,rdkit_canonicalization
qm9_cn_subset:37381,37381,6106,smiles,C1C2C3CC4C(C3)C4N12,C1C2CC3C1C3N1CC21,rdkit_canonicalization
qm9_cn_subset:37392,37392,6108,smiles,C1C2C3CC4C(CN34)N12,C1C2C3CN2C1C1CN31,rdkit_canonicalization
qm9_cn_subset:37393,37393,6109,smiles,C1C2C3CC4C3CC4N12,C1C2C3CC2N2CC2C13,rdkit_canonicalization
qm9_cn_subset:37394,37394,6110,smiles,C1C2C3NC3C3CN2C13,C1C2C3CN2C1C1NC31,rdkit_canonicalization
qm9_cn_subset:37400,37400,6111,smiles,N1C2C1C1NC3C2NC13,N1C2C1C1NC3C1NC23,rdkit_canonicalization
qm9_cn_subset:37421,37421,6112,smiles,C1C2C3CC4CC(C34)N12,C1C2CC3C2C1C1CN13,rdkit_canonicalization
qm9_cn_subset:37461,37461,6114,smiles,C1CC2C3NC3C3C1N23,C1CC2C3C4NC4C1N23,rdkit_canonicalization
qm9_cn_subset:37464,37464,6115,smiles,C1CN2C3C4NC4C1C23,C1CN2C3C1C1NC1C32,rdkit_canonicalization
qm9_cn_subset:37488,37488,6116,smiles,C1C2C3C1C1=CCN3C21,C1=C2C3CC4C2N(C1)C34,rdkit_canonicalization
qm9_cn_subset:37489,37489,6117,smiles,C1C2C3C4CC=C2C4N13,C1=C2C3CN4C2C(C1)C34,rdkit_canonicalization
qm9_cn_subset:37490,37490,6118,smiles,C1C2C3C4CC=C3C1N24,C1=C2C3C(C1)N1C2CC31,rdkit_canonicalization
qm9_cn_subset:37495,37495,6119,smiles,C1C2C3C1N1CC3=CC21,C1=C2CN3C1C1CC3C21,rdkit_canonicalization
qm9_cn_subset:37496,37496,6120,smiles,C1C2C3N1C1C=C3CC21,C1=C2CC3C4CN(C13)C24,rdkit_canonicalization
qm9_cn_subset:37497,37497,6121,smiles,C1C2C3N1C1CC3=CC21,C1=C2CC3C1C1CN3C21,rdkit_canonicalization
qm9_cn_subset:37501,37501,6122,smiles,C1C2C3C1N1C3C=CC21,C1=CC2C3C4CC3N2C14,rdkit_canonicalization
qm9_cn_subset:37502,37502,6123,smiles,C1C2C3C4C=CC2C4N13,C1=CC2C3C1C1CN3C21,rdkit_canonicalization
qm9_cn_subset:37503,37503,6124,smiles,C1C2C3C4C=CC3C1N24,C1=CC2C3C1C1CC3N21,rdkit_canonicalization
qm9_cn_subset:37504,37504,6125,smiles,C1C2C3C4C=CC3N1C24,C1=CC2C3C1C1C3CN21,rdkit_canonicalization
qm9_cn_subset:37505,37505,6126,smiles,N1C2C3C1C1N=CN3C21,C1=NC2C3NC4C2N1C34,rdkit_canonicalization
qm9_cn_subset:37517,37517,6127,smiles,C1C2C3C1N1CC=C3C21,C1=C2C3C4CC3N(C1)C24,rdkit_canonicalization
qm9_cn_subset:37518,37518,6128,smiles,C1C2C3C4CC=C3C2N14,C1=C2C3C4CN(C3C1)C24,rdkit_canonicalization
qm9_cn_subset:37519,37519,6129,smiles,C1C2C3N1C1C2CC=C31,C1=C2C3C(C1)C1CN3C21,rdkit_canonicalization
qm9_cn_subset:37533,37533,6130,smiles,C1C2C3C1C21C=CCN31,C1=CC23C4CC2C4N3C1,rdkit_canonicalization
qm9_cn_subset:37535,37535,6131,smiles,C1C2C3C4CC=CC24N13,C1=CC23C(C1)C1C2CN13,rdkit_canonicalization
qm9_cn_subset:37536,37536,6132,smiles,C1C2N3C1C21C=CCC31,C1=CC23C(C1)N1C2CC13,rdkit_canonicalization
qm9_cn_subset:37538,37538,6133,smiles,C1C=CC23C4NC2C4N13,C1=CC23C4NC2C4N3C1,rdkit_canonicalization
qm9_cn_subset:37545,37545,6134,smiles,C1C2C3C4C=CCC24N13,C1=CC2C3C4CN3C24C1,rdkit_canonicalization
qm9_cn_subset:37546,37546,6135,smiles,C1C2N3C1C21CC=CC31,C1=CC2N3C4CC3C24C1,rdkit_canonicalization
qm9_cn_subset:37548,37548,6136,smiles,C1N=CN2C3C4NC3C124,C1=NCC23C4NC2C4N13,rdkit_canonicalization
qm9_cn_subset:37555,37555,6137,smiles,C1C2C3N1C21CCC=C31,C1=C2C3C4CN3C24CC1,rdkit_canonicalization
qm9_cn_subset:37564,37564,6138,smiles,C1C2C3C4CCCC24N13,C1CC2C3C4CN3C24C1,rdkit_canonicalization
qm9_cn_subset:37567,37567,6139,smiles,C1C2N3C1C21CCCC31,C1CC2N3C4CC3C24C1,rdkit_canonicalization
qm9_cn_subset:37573,37573,6140,smiles,C1CN2C3C4NC3C24C1,C1CN2C3C4NC3C42C1,rdkit_canonicalization
qm9_cn_subset:37580,37580,6142,smiles,C1C2C3C4C(C5C1N45)N23,C1C2C3C4C(C5C1N54)N23,rdkit_canonicalization
qm9_cn_subset:37584,37584,6143,smiles,C1C2C3C2C2C=CC3N12,C1=CC2C3C4CN2C1C43,rdkit_canonicalization
qm9_cn_subset:37585,37585,6144,smiles,C1C2C3C4C=CC(C14)N23,C1=CC2C3CC4C(C13)N24,rdkit_canonicalization
qm9_cn_subset:37586,37586,6145,smiles,C1C2C3C=CC2C2C3N12,C1=CC2C3CN4C(C13)C24,rdkit_canonicalization
qm9_cn_subset:37593,37593,6146,smiles,C1C2C3C4CC(CC14)N23,C1C2CC3C4C2CC1N34,rdkit_canonicalization
qm9_cn_subset:37594,37594,6147,smiles,C1C2C3C4CC1C(C4)N23,C1C2CC3C4C1CC2N34,rdkit_canonicalization
qm9_cn_subset:37596,37596,6148,smiles,C1C2CC3C4C2N4CC13,C1C2CN3C4C1CC2C43,rdkit_canonicalization
qm9_cn_subset:37597,37597,6149,smiles,C1C2CN3CC4C(C13)N24,C1C2C3C4CN2CC1N43,rdkit_canonicalization
qm9_cn_subset:37607,37607,6150,smiles,C1N2C3C4=CCCC13C24,C1=C2C3N4CC3(CC1)C24,rdkit_canonicalization
qm9_cn_subset:37616,37616,6155,smiles,C1C2C3C4C1C=CC2N34,C1=CC2C3CC1C1C3N21,rdkit_canonicalization
qm9_cn_subset:37617,37617,6156,smiles,C1C2C3C4C2C=CC1N34,C1=CC2CC3C1C1C3N21,rdkit_canonicalization
qm9_cn_subset:37619,37619,6157,smiles,C1C2C3C=CC1C1C3N21,C1=CC2C3CC1C1C2N31,rdkit_canonicalization
qm9_cn_subset:37620,37620,6158,smiles,C1C2C=CC3C4C2C4N13,C1=CC2C3C4C1CN2C43,rdkit_canonicalization
qm9_cn_subset:37623,37623,6159,smiles,C1C2C3C4C1CCC2N34,C1CC2C3CC1C1C3N21,rdkit_canonicalization
qm9_cn_subset:37625,37625,6160,smiles,C1C2C3C4C2CCC1N34,C1CC2CC3C1C1C3N21,rdkit_canonicalization
qm9_cn_subset:37630,37630,6161,smiles,C1C2C3C4C3N1CCN24,C1CN2C3CN1C1C3C12,rdkit_canonicalization
qm9_cn_subset:37631,37631,6162,smiles,C1C2C3CCC1C1C3N21,C1CC2C3CC1C1C2N31,rdkit_canonicalization
qm9_cn_subset:37643,37643,6165,smiles,C1C2C3C4C3N3C4C1C23,C1C2C3C4C5C1C2N5C34,rdkit_canonicalization
qm9_cn_subset:37644,37644,6166,smiles,C1C2C3C4C5C(C1N25)N34,C1C2C3C4C5C(C1N24)N35,rdkit_canonicalization
qm9_cn_subset:37645,37645,6167,smiles,C1C2C3C4C5C(C2N15)N34,C1C2C3C4C(C5C2N45)N13,rdkit_canonicalization
qm9_cn_subset:37646,37646,6168,smiles,C1C2C3C4C5C(C4N13)N25,C1C2C3C4C(C5C4N25)N13,rdkit_canonicalization
qm9_cn_subset:37648,37648,6170,smiles,C1C2C3C4C5C1C2C5N34,C1C2C3C1C1C4C2C3N14,rdkit_canonicalization
qm9_cn_subset:37649,37649,6171,smiles,C1C2C3C4C5C2C1C5N34,C1C2C3C1C1C4C3C2N14,rdkit_canonicalization
qm9_cn_subset:37650,37650,6172,smiles,C1C2C3C4C5C3C2C1N45,C1C2C3C4C2C2C4N2C13,rdkit_canonicalization
qm9_cn_subset:37655,37655,6173,smiles,C1C2C3C4C3C1N1C4C21,C1C2C3C4C3C3C2N3C14,rdkit_canonicalization
qm9_cn_subset:37656,37656,6174,smiles,C1C2C3C4C3N3C2C3C14,C1C2C3C4C1C1C2N1C34,rdkit_canonicalization
qm9_cn_subset:37661,37661,6176,smiles,C1C2C3C4C5C(C2N14)N35,C1C2C3C4C5C(C2N45)N13,rdkit_canonicalization
qm9_cn_subset:37662,37662,6177,smiles,C1C2C3C4C5C2C(C13)N45,C1C2C3C1C1C2C2C3N12,rdkit_canonicalization
qm9_cn_subset:37663,37663,6178,smiles,C1C2C3C4C5C3C1C2N45,C1C2C3C4C1C2N1C3C41,rdkit_canonicalization
qm9_cn_subset:37668,37668,6179,smiles,C1C2C3C2C2C1C1C3N21,C1C2C3C2C2C4C1C3N42,rdkit_canonicalization
qm9_cn_subset:37669,37669,6180,smiles,C1C2C3C2C2C4C3N4C12,C1C2C3C2C2C4C3C1N24,rdkit_canonicalization
qm9_cn_subset:37670,37670,6181,smiles,C1C2C3C2N2C4C2C3C14,C1C2C3C4C1C1C4N1C23,rdkit_canonicalization
qm9_cn_subset:37672,37672,6183,smiles,C1C2C3C4C3C2C2C4N12,C1C2C3C4C2C2C(C34)N12,rdkit_canonicalization
qm9_cn_subset:37674,37674,6185,smiles,C1C2C3C4C5C(C2N34)N15,C1C2C3C4C(C5C2N35)N14,rdkit_canonicalization
qm9_cn_subset:37675,37675,6186,smiles,C1C2C3C4C5C(C5N14)N23,C1C2C3C4C5C(C5N23)N14,rdkit_canonicalization
qm9_cn_subset:37676,37676,6187,smiles,C1C2C3C4C5C(C5N23)C14,C1C2C3C4C2C2C1N2C34,rdkit_canonicalization
qm9_cn_subset:37677,37677,6188,smiles,C1C2C3C4C5C4C(C15)N23,C1C2C3C4C3C3C1N3C24,rdkit_canonicalization
qm9_cn_subset:37682,37682,6189,smiles,C1C2C3C4C2C11CN4C31,C1C2C3C4C2C12CN4C32,rdkit_canonicalization
qm9_cn_subset:37684,37684,6190,smiles,C1C2C3C4C5CC1(C24)N35,C1C2C3C4C5CC1(C24)N53,rdkit_canonicalization
qm9_cn_subset:37685,37685,6191,smiles,C1C2C3C4C5CC14C2N35,C1C2C3C4C5CC14C2N53,rdkit_canonicalization
qm9_cn_subset:37689,37689,6192,smiles,C1C2C3C4C=CC2C1N34,C1=CC2C3C4CC(C14)N23,rdkit_canonicalization
qm9_cn_subset:37690,37690,6193,smiles,C1C2C3C4C=CC2N1C34,C1=CC2C3CN2C2C1C32,rdkit_canonicalization
qm9_cn_subset:37691,37691,6194,smiles,N1C2C3C4C1C2N=CN34,C1=NC2C3NC2C2C3N12,rdkit_canonicalization
qm9_cn_subset:37695,37695,6195,smiles,C1C2C3C4C=CCC13N24,C1=CC2C3C4CC3(C1)N24,rdkit_canonicalization
qm9_cn_subset:37698,37698,6196,smiles,C1N2C3C4C=CCC13C24,C1=CC2C3N4CC3(C1)C24,rdkit_canonicalization
qm9_cn_subset:37711,37711,6197,smiles,C1C2C3C4CC=CC13N24,C1=CC23CC4C2C(C1)N43,rdkit_canonicalization
qm9_cn_subset:37713,37713,6198,smiles,C1C2C3N4CC=CC13C24,C1=CC23CC4C2N(C1)C43,rdkit_canonicalization
qm9_cn_subset:37714,37714,6199,smiles,C1C=CC23NC4C2N1C34,C1=CC23NC4C2N(C1)C43,rdkit_canonicalization
qm9_cn_subset:37717,37717,6200,smiles,C1N2C3C4CC=CC13C24,C1=CC23CN4C2C(C1)C43,rdkit_canonicalization
qm9_cn_subset:37719,37719,6201,smiles,C1C2C3C4C1C2CCN34,C1CN2C3C4CC(C14)C32,rdkit_canonicalization
qm9_cn_subset:37722,37722,6203,smiles,C1C2C3C4CCC2C1N34,C1CC2C3C4CC(C14)N23,rdkit_canonicalization
qm9_cn_subset:37732,37732,6204,smiles,C1C2C3C4CCCC13N24,C1CC2C3C4CC3(C1)N24,rdkit_canonicalization
qm9_cn_subset:37738,37738,6205,smiles,C1C2C3N4CCCC13C24,C1CN2C3C4CC3(C1)C42,rdkit_canonicalization
qm9_cn_subset:37742,37742,6206,smiles,C1CN2C3C4NC3(C1)C24,C1CN2C3C4NC3(C1)C42,rdkit_canonicalization
qm9_cn_subset:37744,37744,6207,smiles,C1N2C3C4CCCC13C24,C1CC2C3N4CC3(C1)C24,rdkit_canonicalization
qm9_cn_subset:37751,37751,6208,smiles,C1N2C3C=C4C=CC13C24,C1=CC23CN4C2C=C1C43,rdkit_canonicalization
qm9_cn_subset:37756,37756,6209,smiles,C1N2C3C=C4CCC13C24,C1=C2CCC34CN(C13)C24,rdkit_canonicalization
qm9_cn_subset:37765,37765,6211,smiles,C1C2C3C=CC4C1C2N34,C1=CC2C3CC4C1N2C43,rdkit_canonicalization
qm9_cn_subset:37766,37766,6212,smiles,C1C2C3C=CC4C1N2C34,C1=CC2C3CC4C1C2N43,rdkit_canonicalization
qm9_cn_subset:37767,37767,6213,smiles,C1C2C3C=CC4C3C2N14,C1=CC2C3C1C1CN2C13,rdkit_canonicalization
qm9_cn_subset:37773,37773,6214,smiles,C1C2C3C=CC=CC1N23,C1=CC2CC3C(C=C1)N23,rdkit_canonicalization
qm9_cn_subset:37778,37778,6215,smiles,C1C=CC2C3NC(=N1)C23,C1=CC2C3NC(=NC1)C23,rdkit_canonicalization
qm9_cn_subset:37780,37780,6216,smiles,C1N2C3C=CCC=C1C23,C1=CC2C3C(=CC1)CN23,rdkit_canonicalization
qm9_cn_subset:37815,37815,6217,smiles,C1C2N3CC22C=CCC132,C1=CC23CN4C2CC43C1,rdkit_canonicalization
qm9_cn_subset:37816,37816,6218,smiles,C1C2N3CC22CC=CC132,C1=CC23CC4N2CC43C1,rdkit_canonicalization
qm9_cn_subset:37817,37817,6219,smiles,C1C=CC23NC4C2NC134,C1=CC23NC4C2NC43C1,rdkit_canonicalization
qm9_cn_subset:37828,37828,6220,smiles,C1C2N3CC22CCCC132,C1CC23CN4C2CC43C1,rdkit_canonicalization
qm9_cn_subset:37831,37831,6221,smiles,C1CC23NC4C2NC34C1,C1CC23NC4C2NC43C1,rdkit_canonicalization
qm9_cn_subset:37837,37837,6222,smiles,C1C2C3C4=CCC13N2C4,C1=C2CN3C4CC3(C1)C24,rdkit_canonicalization
qm9_cn_subset:37841,37841,6223,smiles,C1N2C3CC4=CCC13C24,C1=C2CC3N4CC3(C1)C24,rdkit_canonicalization
qm9_cn_subset:37846,37846,6225,smiles,C1C2C3CC4C(CN24)N13,C1C2C3CN2C2CN3C12,rdkit_canonicalization
qm9_cn_subset:37865,37865,6227,smiles,C1C2C3C4CN2C13C=C4,C1=CC23CC4C2C1CN43,rdkit_canonicalization
qm9_cn_subset:37867,37867,6228,smiles,C1C2C3CC4C=CC13N24,C1=CC23CC4C2CC1N43,rdkit_canonicalization
qm9_cn_subset:37870,37870,6229,smiles,C1N2C3CC4C=CC13C24,C1=CC23CN4C2CC1C43,rdkit_canonicalization
qm9_cn_subset:37873,37873,6230,smiles,C1C2C3C4CC(CN24)N13,C1C2CN3C1C1C3CN21,rdkit_canonicalization
qm9_cn_subset:37874,37874,6231,smiles,C1C2C3C4CN2CC4N13,C1C2C3CN1C1CN3C21,rdkit_canonicalization
qm9_cn_subset:37897,37897,6232,smiles,C1N2C3CC4CCC13C24,C1CC23CN4C2CC1C43,rdkit_canonicalization
qm9_cn_subset:37903,37903,6233,smiles,C1C2C3C1C1=CCN2C31,C1=C2C3CC4C3C2N4C1,rdkit_canonicalization
qm9_cn_subset:37904,37904,6234,smiles,C1C2C3C4C(CC=C24)N13,C1=C2C3CN4C(C1)C2C34,rdkit_canonicalization
qm9_cn_subset:37906,37906,6235,smiles,C1C2C3CC=C4C1N2C34,C1=C2C3CC4C(C1)C2N34,rdkit_canonicalization
qm9_cn_subset:37910,37910,6236,smiles,C1N2C3CC=CC=C1C23,C1=CCC2C3C(=C1)CN23,rdkit_canonicalization
qm9_cn_subset:37922,37922,6237,smiles,C1C2C3C4C(CCN24)N13,C1CN2C3CN4C1C2C34,rdkit_canonicalization
qm9_cn_subset:37924,37924,6238,smiles,C1C2C3CCC4C1N2C34,C1CC2C3CC4C1C2N43,rdkit_canonicalization
qm9_cn_subset:37957,37957,6239,smiles,C1N2C3CCCC=C1C23,C1=C2CN3C(CCC1)C23,rdkit_canonicalization
qm9_cn_subset:37992,37992,6240,smiles,C1C2C=C3C=C1C1C3N21,C1=C2C=C3CC1N1C2C31,rdkit_canonicalization
qm9_cn_subset:37993,37993,6241,smiles,C1C2N=C3C=C1C1C2N31,C1=C2CC3N=C1N1C2C31,rdkit_canonicalization
qm9_cn_subset:37995,37995,6242,smiles,C1C=CC2=CC3NC3C12,C1=CC2=CC3NC3C2C1,rdkit_canonicalization
qm9_cn_subset:37997,37997,6243,smiles,C1C2C3C4NC4C=C1C23,C1=C2CC3C2C3C2NC12,rdkit_canonicalization
qm9_cn_subset:38000,38000,6244,smiles,C1C2C=C3CN4C(C12)C34,C1=C2CN3C2C3C2CC12,rdkit_canonicalization
qm9_cn_subset:38002,38002,6245,smiles,C1N2C3C4NC4C=C1C23,C1=C2CN3C2C3C2NC12,rdkit_canonicalization
qm9_cn_subset:38006,38006,6246,smiles,C1C2C=C3CC4C1N2C34,C1=C2CC3C4CC1N4C23,rdkit_canonicalization
qm9_cn_subset:38007,38007,6247,smiles,C1C2C=C3CC4C3C2N14,C1=C2CC3C2C2C1CN32,rdkit_canonicalization
qm9_cn_subset:38008,38008,6248,smiles,C1C2C=C3CN4C1C2C34,C1=C2CN3C4CC1C4C23,rdkit_canonicalization
qm9_cn_subset:38012,38012,6249,smiles,C1C2C=C3CC4C2N1C34,C1=C2CC3C2N2CC1C32,rdkit_canonicalization
qm9_cn_subset:38013,38013,6250,smiles,C1C2C=C3CC4C3C1N24,C1=C2CC3C2C2CC1N32,rdkit_canonicalization
qm9_cn_subset:38014,38014,6251,smiles,C1C2C=C3CN4C2C1C34,C1=C2CN3C2C2CC1C23,rdkit_canonicalization
qm9_cn_subset:38015,38015,6252,smiles,C1C2N=C3NC4C2N1C34,C1C2N=C3NC4C3N1C24,rdkit_canonicalization
qm9_cn_subset:38020,38020,6253,smiles,C1C2C=C3CC=CC3N12,C1=CC2C(=CC3CN32)C1,rdkit_canonicalization
qm9_cn_subset:38021,38021,6254,smiles,C1C2N=C3CN=CN3C12,C1=NCC2=NC3CC3N12,rdkit_canonicalization
qm9_cn_subset:38022,38022,6255,smiles,C1C2N=C3NC=NC3C12,C1=NC2C(=NC3CC32)N1,rdkit_canonicalization
qm9_cn_subset:38023,38023,6256,smiles,C1C=CC2C3NC3C=C12,C1=CC2C(=CC3NC32)C1,rdkit_canonicalization
qm9_cn_subset:38026,38026,6257,smiles,C1C2C=C3CCN=C3N12,C1=C2CCN=C2N2CC12,rdkit_canonicalization
qm9_cn_subset:38028,38028,6258,smiles,C1CC2=CC3NC3C2=C1,C1=C2CCC=C2C2NC12,rdkit_canonicalization
qm9_cn_subset:38039,38039,6259,smiles,C1CC2C3NC3C=C2C1,C1=C2CCCC2C2NC12,rdkit_canonicalization
qm9_cn_subset:38044,38044,6260,smiles,C1C2C=CC11C=CCN21,C1=CC23C=CC(C2)N3C1,rdkit_canonicalization
qm9_cn_subset:38066,38066,6261,smiles,C1CC2(C1)C=CC1NC21,C1=CC2(CCC2)C2NC12,rdkit_canonicalization
qm9_cn_subset:38074,38074,6262,smiles,C1CC23NC2C=CC3=C1,C1=CC2NC23CCC=C13,rdkit_canonicalization
qm9_cn_subset:38080,38080,6263,smiles,C1C2C=CC3C4CC23N14,C1=CC2C3CC24C1CN34,rdkit_canonicalization
qm9_cn_subset:38082,38082,6264,smiles,C1C2C=CC3N4CC23C14,C1=CC2N3CC24C1CC34,rdkit_canonicalization
qm9_cn_subset:38083,38083,6265,smiles,N1C2C=CC3C4NC23C14,C1=CC2C3NC24C1NC34,rdkit_canonicalization
qm9_cn_subset:38087,38087,6266,smiles,C1C2C=CC3C=CC1N23,C1=CC2CC3C=CC1N23,rdkit_canonicalization
qm9_cn_subset:38088,38088,6267,smiles,C1C2N=CN3C=NC1C23,C1=NC2CC3N=CN1C23,rdkit_canonicalization
qm9_cn_subset:38091,38091,6268,smiles,C1C2C=CC3C=CC2N13,C1=CC2C=CC3C1CN23,rdkit_canonicalization
qm9_cn_subset:38095,38095,6269,smiles,C1C2N=CN3C=NCC123,C1=NCC23CC2N=CN13,rdkit_canonicalization
qm9_cn_subset:38096,38096,6270,smiles,C1C=CC2C=CC3NC123,C1=CC2C=CC3NC23C1,rdkit_canonicalization
qm9_cn_subset:38098,38098,6271,smiles,C1N2C=NC3C=CCC123,C1=CC2N=CN3CC23C1,rdkit_canonicalization
qm9_cn_subset:38101,38101,6272,smiles,C1C2CC1C1NC1C=C2,C1=CC2NC2C2CC1C2,rdkit_canonicalization
qm9_cn_subset:38105,38105,6273,smiles,C1C2C=CC11NC1C=C2,C1=CC2NC23C=CC1C3,rdkit_canonicalization
qm9_cn_subset:38110,38110,6274,smiles,C1N=C2NC3C=CC1C23,C1=CC2NC3=NCC1C32,rdkit_canonicalization
qm9_cn_subset:38114,38114,6275,smiles,C1C=CC23NC2C=CC13,C1=CC23NC2C=CC3C1,rdkit_canonicalization
qm9_cn_subset:38116,38116,6276,smiles,C1N2C=NC3CC=CC123,C1=CC23CN2C=NC3C1,rdkit_canonicalization
qm9_cn_subset:38122,38122,6277,smiles,C1CC23CC1C=CC2N3,C1=CC2NC23CCC1C3,rdkit_canonicalization
qm9_cn_subset:38137,38137,6278,smiles,C1CC2C3NC3C=CC12,C1=CC2NC2C2CCC12,rdkit_canonicalization
qm9_cn_subset:38150,38150,6279,smiles,C1CC2C=CC3NC23C1,C1=CC2NC23CCCC13,rdkit_canonicalization
qm9_cn_subset:38156,38156,6280,smiles,N1C2C=CC=CC=CC12,C1=CC=CC2NC2C=C1,rdkit_canonicalization
qm9_cn_subset:38160,38160,6281,smiles,C1C2CC11NC1C=CC2,C1=CC2NC23CC(C1)C3,rdkit_canonicalization
qm9_cn_subset:38170,38170,6282,smiles,C1CC23NC2C=CCC13,C1=CC2NC23CCC3C1,rdkit_canonicalization
qm9_cn_subset:38177,38177,6283,smiles,C1CC=CC2NC2C=C1,C1=CC2NC2C=CCC1,rdkit_canonicalization
qm9_cn_subset:38196,38196,6284,smiles,C1C2CC11C=CC3C1N23,C1=CC23CC(C2)N2C1C23,rdkit_canonicalization
qm9_cn_subset:38198,38198,6285,smiles,C1C2CC11C=CC3C2N13,C1=CC23CC(C2)C2C1N23,rdkit_canonicalization
qm9_cn_subset:38225,38225,6286,smiles,C1C2CC11CCC3C1N23,C1CC23CC(C2)N2C1C23,rdkit_canonicalization
qm9_cn_subset:38227,38227,6287,smiles,C1C2CC11CCC3C2N13,C1CC23CC(C2)C2C1N23,rdkit_canonicalization
qm9_cn_subset:38228,38228,6288,smiles,C1C2CC11CCN3C2C13,C1CC23CC(C2)C2C3N12,rdkit_canonicalization
qm9_cn_subset:38383,38383,6289,smiles,C1C2N1CC21C2CCC12,C1CC2C1C21CN2CC21,rdkit_canonicalization
qm9_cn_subset:38387,38387,6290,smiles,C1CC2C1C21CC2NC12,C1CC2C1C21CC2NC21,rdkit_canonicalization
qm9_cn_subset:38389,38389,6291,smiles,C1CN2C1C21CC2NC12,C1CN2C1C21CC2NC21,rdkit_canonicalization
qm9_cn_subset:38394,38394,6292,smiles,C1C2CC3(CC4NC34)C12,C1C2CC3(CC4NC43)C12,rdkit_canonicalization
qm9_cn_subset:38395,38395,6293,smiles,C1C2CC3(CC4NC34)N12,C1C2CC3(CC4NC43)N12,rdkit_canonicalization
qm9_cn_subset:38398,38398,6294,smiles,C1C2CC3(CN4CC34)C12,C1C2CC3(CN4CC43)C12,rdkit_canonicalization
qm9_cn_subset:38400,38400,6295,smiles,C1C2N1CC21CC2NC12,C1C2N1CC21CC2NC21,rdkit_canonicalization
qm9_cn_subset:38402,38402,6296,smiles,C1C2N1CC21CN2CC12,C1C2N1CC21CN2CC21,rdkit_canonicalization
qm9_cn_subset:38403,38403,6297,smiles,C1C2NC2C11CC2NC12,C1C2NC2C12CC1NC12,rdkit_canonicalization
qm9_cn_subset:38411,38411,6298,smiles,C1C2N1CC21CC=CC1,C1=CCC2(C1)CN1CC12,rdkit_canonicalization
qm9_cn_subset:38418,38418,6299,smiles,C1C2CC3(CCC3)CN12,C1CC2(C1)CC1CN1C2,rdkit_canonicalization
qm9_cn_subset:38432,38432,6300,smiles,C1C2N1CC21CCC=C1,C1=CC2(CC1)CN1CC12,rdkit_canonicalization
qm9_cn_subset:38435,38435,6301,smiles,C1C2NC2C11CCC=C1,C1=CC2(CC1)CC1NC12,rdkit_canonicalization
qm9_cn_subset:38447,38447,6302,smiles,C1C2N1CC21CCCC1,C1CCC2(C1)CN1CC12,rdkit_canonicalization
qm9_cn_subset:38451,38451,6303,smiles,C1C2NC2C11CCCC1,C1CCC2(C1)CC1NC12,rdkit_canonicalization
qm9_cn_subset:38480,38480,6306,smiles,C1N2CC11CC3NC3C21,C1C2NC2C2N3CC12C3,rdkit_canonicalization
qm9_cn_subset:38488,38488,6307,smiles,C1C2CC34CC3(CC4)N12,C1C2CC34CCC3(C4)N12,rdkit_canonicalization
qm9_cn_subset:38494,38494,6309,smiles,C1C2N1CC13CC21CC3,C1C2N1CC13CCC21C3,rdkit_canonicalization
qm9_cn_subset:38501,38501,6311,smiles,C1CC23NC12CC1NC31,C1CC23NC12CC1NC13,rdkit_canonicalization
qm9_cn_subset:38511,38511,6313,smiles,C1C2C=C3CC1N1C2C31,C1=C2CC3CC1C1C2N31,rdkit_canonicalization
qm9_cn_subset:38513,38513,6314,smiles,C1C2CC3=CC1N1C2C31,C1=C2CC3CC1N1C2C31,rdkit_canonicalization
qm9_cn_subset:38519,38519,6315,smiles,C1C2CCC=C3CN1C23,C1=C2CN3CC(CC1)C23,rdkit_canonicalization
qm9_cn_subset:38521,38521,6316,smiles,C1C2NC3=NCCN1C23,C1CN2CC3NC(=N1)C32,rdkit_canonicalization
qm9_cn_subset:38536,38536,6317,smiles,C1C2NC22CCCC=C12,C1=C2CC3NC23CCC1,rdkit_canonicalization
qm9_cn_subset:38544,38544,6318,smiles,C1N2CC3=CCCCC123,C1=C2CN3CC23CCC1,rdkit_canonicalization
qm9_cn_subset:38548,38548,6319,smiles,C1C2CC3C4C=C1C2N34,C1=C2CC3CC4C1N4C23,rdkit_canonicalization
qm9_cn_subset:38551,38551,6320,smiles,C1C2CC3C4C=CC12N34,C1=CC23CC2CC2C1N23,rdkit_canonicalization
qm9_cn_subset:38552,38552,6321,smiles,C1C2CN3C4C=CC12C34,C1=CC23CC2CN2C1C23,rdkit_canonicalization
qm9_cn_subset:38553,38553,6322,smiles,C1C2NC22C=CC3C1C23,C1=CC23NC2CC2C1C23,rdkit_canonicalization
qm9_cn_subset:38554,38554,6323,smiles,C1C2NC22C=CC3C2N13,C1=CC23NC2CN2C1C23,rdkit_canonicalization
qm9_cn_subset:38559,38559,6324,smiles,C1C2CC3C4C=CC13N24,C1=CC23CC4CC2C1N43,rdkit_canonicalization
qm9_cn_subset:38560,38560,6325,smiles,C1C2CN3C4C=CC13C24,C1=CC23CC4CN2C1C43,rdkit_canonicalization
qm9_cn_subset:38563,38563,6326,smiles,C1N2CC3C4C=CC13C24,C1=CC23CN4CC2C1C43,rdkit_canonicalization
qm9_cn_subset:38580,38580,6327,smiles,C1C2CC11C3NC3CN21,C1C2NC2C23CC(C2)N13,rdkit_canonicalization
qm9_cn_subset:38585,38585,6328,smiles,C1C2N1CC1C3CC21C3,C1C2C3CC2(C3)C2CN12,rdkit_canonicalization
qm9_cn_subset:38611,38611,6330,smiles,C1C2CC3C4N3CCC124,C1C2C3N2CCC32CC12,rdkit_canonicalization
qm9_cn_subset:38613,38613,6331,smiles,C1C2CN3C4CCC12C34,C1CC23CC2CN2C1C23,rdkit_canonicalization
qm9_cn_subset:38620,38620,6332,smiles,C1CC23NC2CC2C3N12,C1C2C3N2CCC32NC12,rdkit_canonicalization
qm9_cn_subset:38621,38621,6333,smiles,C1CC23NC2CN2C1C32,C1CC23NC2CN2C1C23,rdkit_canonicalization
qm9_cn_subset:38701,38701,6334,smiles,C1C2NC22CC1CC=C2,C1=CC23CC(C1)CC2N3,rdkit_canonicalization
qm9_cn_subset:38766,38766,6336,smiles,C1C2C=CC3NC3CN12,C1=CC2CN2CC2NC12,rdkit_canonicalization
qm9_cn_subset:38769,38769,6337,smiles,C1C2CC3NC3C=CC12,C1=CC2NC2CC2CC12,rdkit_canonicalization
qm9_cn_subset:38771,38771,6338,smiles,C1C2NC2C=CC2NC12,C1=CC2NC2CC2NC12,rdkit_canonicalization
qm9_cn_subset:38775,38775,6339,smiles,C1C2C3C4NC4CC1N23,C1C2NC2C2C3CC1N32,rdkit_canonicalization
qm9_cn_subset:38780,38780,6340,smiles,C1C2CC3NC3C3C2N13,C1C2CN3C2C3C2NC12,rdkit_canonicalization
qm9_cn_subset:38816,38816,6342,smiles,C1C=CC2C3NC3CN12,C1=CC2C3NC3CN2C1,rdkit_canonicalization
qm9_cn_subset:38892,38892,6343,smiles,C1CC2=CC3NC3CC12,C1=C2CCC2CC2NC12,rdkit_canonicalization
qm9_cn_subset:38909,38909,6344,smiles,C1CC2CC3NC3C2=C1,C1=C2C(CC1)CC1NC21,rdkit_canonicalization
qm9_cn_subset:38917,38917,6345,smiles,C1C2NC22C=CCCC12,C1=CC23NC2CC3CC1,rdkit_canonicalization
qm9_cn_subset:38999,38999,6346,smiles,C1C=C2C=CCC22NC12,C1=CC2=CCC3NC23C1,rdkit_canonicalization
qm9_cn_subset:39002,39002,6347,smiles,C1C2CN=C3CN=C1N23,C1N=C2CC3CN=C1N23,rdkit_canonicalization
qm9_cn_subset:39003,39003,6348,smiles,C1C=C2CN=C3NC1C23,C1=C2CN=C3NC(C1)C23,rdkit_canonicalization
qm9_cn_subset:39005,39005,6349,smiles,C1N2CC=C3CC=C1C23,C1=C2CC=C3CN(C1)C23,rdkit_canonicalization
qm9_cn_subset:39007,39007,6350,smiles,C1C2CN=C3NC=NC123,C1=NC23CC2CN=C3N1,rdkit_canonicalization
qm9_cn_subset:39008,39008,6351,smiles,C1C=C2CC=CC22NC12,C1=CC23NC2CC=C3C1,rdkit_canonicalization
qm9_cn_subset:39010,39010,6352,smiles,C1N2CC=C3CC=CC123,C1=CC23CN2CC=C3C1,rdkit_canonicalization
qm9_cn_subset:39011,39011,6353,smiles,C1N=C2NC=CC22NC12,C1=CC23NC2CN=C3N1,rdkit_canonicalization
qm9_cn_subset:39016,39016,6354,smiles,C1C2CN=C3NCC3N12,C1N=C2NCC2N2CC12,rdkit_canonicalization
qm9_cn_subset:39034,39034,6356,smiles,C1CC2=CCC3NC23C1,C1=C2CCCC23NC3C1,rdkit_canonicalization
qm9_cn_subset:39049,39049,6357,smiles,C1C2C3NC3C=CCN12,C1=CC2NC2C2CN2C1,rdkit_canonicalization
qm9_cn_subset:39053,39053,6358,smiles,C1C2CC=CC3NC3C12,C1=CC2NC2C2CC2C1,rdkit_canonicalization
qm9_cn_subset:39056,39056,6359,smiles,C1C=CC2NC2C2NC12,C1=CC2NC2C2NC2C1,rdkit_canonicalization
qm9_cn_subset:39078,39078,6360,smiles,C1C=CCC2NC2C=C1,C1=CCC2NC2C=CC1,rdkit_canonicalization
qm9_cn_subset:39130,39130,6361,smiles,C1C2N1CCC21CCC1,C1CC2(C1)CCN1CC12,rdkit_canonicalization
qm9_cn_subset:39163,39163,6362,smiles,C1CC23NC2CCC3=C1,C1=C2CCC3NC23CC1,rdkit_canonicalization
qm9_cn_subset:39172,39172,6364,smiles,C1C2CCC3C4CC23N14,C1CC2C3CC24C1CN34,rdkit_canonicalization
qm9_cn_subset:39174,39174,6365,smiles,C1C2CCC3N4CC23C14,C1CC2N3CC24C1CC34,rdkit_canonicalization
qm9_cn_subset:39178,39178,6366,smiles,C1C2N3CC22C3CCN12,C1CN2CC3N4CC32C14,rdkit_canonicalization
qm9_cn_subset:39223,39223,6367,smiles,C1C2CCC3NC13C=C2,C1=CC23CC1CCC2N3,rdkit_canonicalization
qm9_cn_subset:39236,39236,6368,smiles,C1C2CCC3NC3CN12,C1CC2CN2CC2NC12,rdkit_canonicalization
qm9_cn_subset:39255,39255,6369,smiles,C1CC2CC=CC22NC12,C1=CC23NC2CCC3C1,rdkit_canonicalization
qm9_cn_subset:39360,39360,6370,smiles,C1CC23NC2CCC=C13,C1=C2CCC23NC3CC1,rdkit_canonicalization
qm9_cn_subset:39362,39362,6371,smiles,C1N2CCN=C3NCC123,C1CN2CC23CNC3=N1,rdkit_canonicalization
qm9_cn_subset:39364,39364,6372,smiles,C1NC2=NCCC3NC123,C1CC2NC23CNC3=N1,rdkit_canonicalization
qm9_cn_subset:39375,39375,6373,smiles,C1CC2NC2C=CC=C1,C1=CCCC2NC2C=C1,rdkit_canonicalization
qm9_cn_subset:39410,39410,6374,smiles,C1C2C3NC3CCCN12,C1CC2NC2C2CN2C1,rdkit_canonicalization
qm9_cn_subset:39490,39490,6376,smiles,C1CCC2NC2C=CC1,C1=CC2NC2CCCC1,rdkit_canonicalization
qm9_cn_subset:39516,39516,6377,smiles,C1C=C2CC=CC3C2N13,C1=CC2C3C(=CCN23)C1,rdkit_canonicalization
qm9_cn_subset:39517,39517,6378,smiles,C1N=C2NC=NC3C1C23,C1=NC2C3CN=C(N1)C32,rdkit_canonicalization
qm9_cn_subset:39523,39523,6379,smiles,C1N=C2NCCN3C1C23,C1CN2C3CN=C(N1)C32,rdkit_canonicalization
qm9_cn_subset:39529,39529,6380,smiles,C1C=CC23C4C5C(N24)C135,C1=CC23C4C5C(N42)C53C1,rdkit_canonicalization
qm9_cn_subset:39530,39530,6381,smiles,C1C=CC23C4C2N2C4C132,C1=CC23C4C2N2C4C23C1,rdkit_canonicalization
qm9_cn_subset:39533,39533,6382,smiles,C1C=CC23C=CCN2C13,C1=CC23C=CCN2C3C1,rdkit_canonicalization
qm9_cn_subset:39536,39536,6383,smiles,C1C=CC23CC=CC2N13,C1=CC23CC=CC2N3C1,rdkit_canonicalization
qm9_cn_subset:39537,39537,6384,smiles,C1C=CC23CN=CN2C13,C1=CC23CN=CN2C3C1,rdkit_canonicalization
qm9_cn_subset:39543,39543,6385,smiles,C1C=CC2C3C4C(C13)N24,C1=CC2C3C(C1)C1C3N21,rdkit_canonicalization
qm9_cn_subset:39544,39544,6386,smiles,C1C=CC2C3C4C1C2N34,C1=CC2C3C(C1)C1C2N31,rdkit_canonicalization
qm9_cn_subset:39545,39545,6387,smiles,C1C=CC2C3C4C2C1N34,C1=CC2C3C(C1)N1C2C31,rdkit_canonicalization
qm9_cn_subset:39547,39547,6388,smiles,C1C=CC2C3C4C3N1C24,C1=CC2C3C4C2N(C1)C34,rdkit_canonicalization
qm9_cn_subset:39548,39548,6389,smiles,C1C=CC2C3C4C3N2C14,C1=CC2C3C4C(C1)N2C34,rdkit_canonicalization
qm9_cn_subset:39551,39551,6390,smiles,C1C=CC2C3C1N=CN23,C1=CC2C3C(C1)N=CN23,rdkit_canonicalization
qm9_cn_subset:39553,39553,6391,smiles,C1C=CC2C3C=CC1N23,C1=CC2C3C=CC(C1)N23,rdkit_canonicalization
qm9_cn_subset:39556,39556,6392,smiles,C1C=CC2C3C=CC2N13,C1=CC2C3C=CC2N3C1,rdkit_canonicalization
qm9_cn_subset:39560,39560,6393,smiles,C1C=CC2N3C=NCC123,C1=CC2N3C=NCC23C1,rdkit_canonicalization
qm9_cn_subset:39562,39562,6394,smiles,C1C=CC2C=CC3C1N23,C1=CC2C=CC3C(C1)N23,rdkit_canonicalization
qm9_cn_subset:39563,39563,6395,smiles,C1C=CC2N=CN3C1C23,C1=CC2N=CN3C(C1)C23,rdkit_canonicalization
qm9_cn_subset:39564,39564,6396,smiles,C1N=CN2C=NC3C1C23,C1=NCC2C3N=CN1C23,rdkit_canonicalization
qm9_cn_subset:39570,39570,6397,smiles,C1N=CN2C=NCCC12,C1=NCCC2CN=CN12,rdkit_canonicalization
qm9_cn_subset:39591,39591,6398,smiles,C1CN=C2NC=NC2C1,C1=NC2CCCN=C2N1,rdkit_canonicalization
qm9_cn_subset:39592,39592,6399,smiles,C1N=CN2CCCN=C12,C1=NCC2=NCCCN12,rdkit_canonicalization
qm9_cn_subset:39609,39609,6400,smiles,C1N=CNC=NCC#C1,C1#CCN=CNC=NC1,rdkit_canonicalization
qm9_cn_subset:39627,39627,6401,smiles,C1CC(C1)C12CN(C1)C2,C1CC(C23CN(C2)C3)C1,rdkit_canonicalization
qm9_cn_subset:39695,39695,6402,smiles,C1CC11C2C3C2C2C3N12,C1CC12C1C3C1C1C3N12,rdkit_canonicalization
qm9_cn_subset:39696,39696,6403,smiles,C1CC11C2C3C2N2C3C12,C1CC12C1C3C1N1C3C12,rdkit_canonicalization
qm9_cn_subset:39697,39697,6404,smiles,C1NC11C2C3C2N2C3C12,C1NC12C1C3C1N1C3C12,rdkit_canonicalization
qm9_cn_subset:39700,39700,6405,smiles,C1CC11C2C3C4C1C2N34,C1CC12C1C3C4C2C1N34,rdkit_canonicalization
qm9_cn_subset:39701,39701,6406,smiles,C1CC11C2C3C4C2C1N34,C1CC12C1C3C4C1N4C32,rdkit_canonicalization
qm9_cn_subset:39703,39703,6407,smiles,C1CC11C2C3C4C3N1C24,C1CC12C1C3C4C3N2C41,rdkit_canonicalization
qm9_cn_subset:39704,39704,6408,smiles,C1CC11C2C3C4C3N2C14,C1CC12C1C3C4C3N1C42,rdkit_canonicalization
qm9_cn_subset:39705,39705,6409,smiles,C1NC11C2C3C4C2C1N34,C1NC12C1C3C4C1N4C32,rdkit_canonicalization
qm9_cn_subset:39706,39706,6410,smiles,C1NC11C2C3C4C3N2C14,C1NC12C1C3C4C3N1C42,rdkit_canonicalization
qm9_cn_subset:39712,39712,6411,smiles,C1CC11C2C3C=CC1N23,C1=CC2N3C1C3C21CC1,rdkit_canonicalization
qm9_cn_subset:39713,39713,6412,smiles,C1CC11C2C=CC3C2N13,C1=CC2C3C1N3C21CC1,rdkit_canonicalization
qm9_cn_subset:39714,39714,6413,smiles,C1NC11C2C3C1N=CN23,C1=NC2C3C(N13)C21CN1,rdkit_canonicalization
qm9_cn_subset:39715,39715,6414,smiles,C1NC11C2C3C=CC1N23,C1=CC2N3C1C3C21CN1,rdkit_canonicalization
qm9_cn_subset:39720,39720,6415,smiles,C1CC11C2C3C=CC2N13,C1=CC2C3C1N2C31CC1,rdkit_canonicalization
qm9_cn_subset:39723,39723,6416,smiles,C1CC11C2C3CC1CN23,C1C2C3N2CC1C31CC1,rdkit_canonicalization
qm9_cn_subset:39726,39726,6417,smiles,C1CC11C2CC3C(C2)N13,C1C2C3CC1C1(CC1)N23,rdkit_canonicalization
qm9_cn_subset:39727,39727,6418,smiles,C1NC11C2C3CC1CN23,C1C2C3N2CC1C31CN1,rdkit_canonicalization
qm9_cn_subset:39735,39735,6419,smiles,C1CC11C2C3N2CC=C13,C1=C2C3C(N3C1)C21CC1,rdkit_canonicalization
qm9_cn_subset:39736,39736,6420,smiles,C1CC11N2C3CC=C1C23,C1=C2C3C(C1)N3C21CC1,rdkit_canonicalization
qm9_cn_subset:39737,39737,6421,smiles,C1NC11C2C3CC=C1C23,C1=C2C3C(C1)C3C21CN1,rdkit_canonicalization
qm9_cn_subset:39738,39738,6422,smiles,C1NC11C2C3CN=C1N23,C1N=C2N3C1C3C21CN1,rdkit_canonicalization
qm9_cn_subset:39739,39739,6423,smiles,C1NC11C2C3N2CC=C13,C1=C2C3C(N3C1)C21CN1,rdkit_canonicalization
qm9_cn_subset:39743,39743,6424,smiles,C1CC11C2C3C1CCN23,C1CN2C3C1C1(CC1)C32,rdkit_canonicalization
qm9_cn_subset:39745,39745,6425,smiles,C1CC11C2C3CCC1N23,C1CC2N3C1C3C21CC1,rdkit_canonicalization
qm9_cn_subset:39749,39749,6426,smiles,C1NC11C2C3C1CCN23,C1CN2C3C1C1(CN1)C32,rdkit_canonicalization
qm9_cn_subset:39750,39750,6427,smiles,C1NC11C2C3CCC1N23,C1CC2N3C1C3C21CN1,rdkit_canonicalization
qm9_cn_subset:39759,39759,6428,smiles,C1NC11C2C3CCN2C13,C1CN2C3C1C2C31CN1,rdkit_canonicalization
qm9_cn_subset:39769,39769,6429,smiles,C1CC11C2CC1N1CC21,C1C2C3CN3C1C21CC1,rdkit_canonicalization
qm9_cn_subset:39773,39773,6430,smiles,C1C2C3CC(N12)C31CN1,C1C2C3CN3C1C21CN1,rdkit_canonicalization
qm9_cn_subset:39774,39774,6431,smiles,C1NC11C2NC1C1NC21,C1NC12C1NC2C2NC21,rdkit_canonicalization
qm9_cn_subset:39793,39793,6432,smiles,C1NC11C2CC1C21CN1,C1C2C3(CN3)C1C21CN1,rdkit_canonicalization
qm9_cn_subset:39795,39795,6433,smiles,C1NC11C2NC1C21CN1,C1NC12C1NC2C12CN2,rdkit_canonicalization
qm9_cn_subset:39839,39839,6439,smiles,C1CC11C2NC2C2NC12,C1CC12C1NC1C1NC12,rdkit_canonicalization
qm9_cn_subset:39844,39844,6440,smiles,C1NC11C2NC2C2NC12,C1NC12C1NC1C1NC12,rdkit_canonicalization
qm9_cn_subset:39853,39853,6441,smiles,C1CC11C2CN3C2CC13,C1C2C3CN2C1C31CC1,rdkit_canonicalization
qm9_cn_subset:39857,39857,6442,smiles,C1NC11C2CN3C2CC13,C1C2C3CN2C1C31CN1,rdkit_canonicalization
qm9_cn_subset:39858,39858,6443,smiles,C1NC11C2NC3C2NC13,C1NC12C1NC3C1NC32,rdkit_canonicalization
qm9_cn_subset:39868,39868,6444,smiles,C1CC11C2CC3CC1N23,C1C2CC3N2C1C31CC1,rdkit_canonicalization
qm9_cn_subset:39871,39871,6445,smiles,C1NC11C2CC3CC1N23,C1C2CC3N2C1C31CN1,rdkit_canonicalization
qm9_cn_subset:39878,39878,6446,smiles,C1CC11C2CC3CN2C13,C1C2CN3C1C1(CC1)C23,rdkit_canonicalization
qm9_cn_subset:39881,39881,6447,smiles,C1NC11C2CC3CN2C13,C1C2CN3C1C1(CN1)C23,rdkit_canonicalization
qm9_cn_subset:39883,39883,6448,smiles,C1NC11C2CN3CC2C13,C1C2C3CN1C2C31CN1,rdkit_canonicalization
qm9_cn_subset:39907,39907,6449,smiles,C1CC11C=C2CC3C2N13,C1=C2CC3C2N3C12CC2,rdkit_canonicalization
qm9_cn_subset:39908,39908,6450,smiles,C1CC11C=C2CN3C2C13,C1=C2CN3C2C3C12CC2,rdkit_canonicalization
qm9_cn_subset:39909,39909,6451,smiles,C1CC11N=C2CC3C1N23,C1C2=NC3(CC3)C3C1N23,rdkit_canonicalization
qm9_cn_subset:39910,39910,6452,smiles,C1CC11N=C2NC3C2C13,C1CC12N=C1NC3C1C32,rdkit_canonicalization
qm9_cn_subset:39912,39912,6453,smiles,C1NC11C=C2CC3C2C13,C1=C2CC3C2C3C12CN2,rdkit_canonicalization
qm9_cn_subset:39913,39913,6454,smiles,C1NC11C=C2CN3C2C13,C1=C2CN3C2C3C12CN2,rdkit_canonicalization
qm9_cn_subset:39918,39918,6455,smiles,C1NC11C=CC2CC1C2,C1=CC2(CN2)C2CC1C2,rdkit_canonicalization
qm9_cn_subset:39925,39925,6456,smiles,C1NC11C=CC2CCC12,C1=CC2(CN2)C2CCC12,rdkit_canonicalization
qm9_cn_subset:39932,39932,6457,smiles,C1NC11C=CC=CC=C1,C1=CC=CC2(C=C1)CN2,rdkit_canonicalization
qm9_cn_subset:39936,39936,6458,smiles,C1CC11C=CCN2CC12,C1=CC2(CC2)C2CN2C1,rdkit_canonicalization
qm9_cn_subset:39938,39938,6459,smiles,C1NC11C=CCC2CC12,C1=CC2(CN2)C2CC2C1,rdkit_canonicalization
qm9_cn_subset:39939,39939,6460,smiles,C1NC11C=CCC2NC12,C1=CC2(CN2)C2NC2C1,rdkit_canonicalization
qm9_cn_subset:39941,39941,6461,smiles,C1NC11C=CCN2CC12,C1=CC2(CN2)C2CN2C1,rdkit_canonicalization
qm9_cn_subset:39948,39948,6462,smiles,C1NC11C=CCCC=C1,C1=CC2(C=CCC1)CN2,rdkit_canonicalization
qm9_cn_subset:39951,39951,6463,smiles,C1CC11CC2(CN2)C=C1,C1=CC2(CN2)CC12CC2,rdkit_canonicalization
qm9_cn_subset:39954,39954,6464,smiles,C1NC11CC2(CN2)C=C1,C1=CC2(CN2)CC12CN2,rdkit_canonicalization
qm9_cn_subset:39973,39973,6465,smiles,C1CC11CC2C3CC1N23,C1C2C3CC4(CC4)C1N23,rdkit_canonicalization
qm9_cn_subset:39975,39975,6466,smiles,C1CC11CN2C3CC1C23,C1C2C3C1C1(CC1)CN23,rdkit_canonicalization
qm9_cn_subset:39978,39978,6467,smiles,C1NC11CC2C3CC1N23,C1C2C3CC4(CN4)C1N23,rdkit_canonicalization
qm9_cn_subset:39980,39980,6468,smiles,C1NC11CN2C3CC1C23,C1C2C3C1C1(CN1)CN23,rdkit_canonicalization
qm9_cn_subset:40013,40013,6469,smiles,C1CC11CC2NC2C=C1,C1=CC2(CC2)CC2NC12,rdkit_canonicalization
qm9_cn_subset:40015,40015,6470,smiles,C1CC11CN2CC2C=C1,C1=CC2(CC2)CN2CC12,rdkit_canonicalization
qm9_cn_subset:40017,40017,6471,smiles,C1NC11CC2CC2C=C1,C1=CC2(CN2)CC2CC12,rdkit_canonicalization
qm9_cn_subset:40018,40018,6472,smiles,C1NC11CC2NC2C=C1,C1=CC2(CN2)CC2NC12,rdkit_canonicalization
qm9_cn_subset:40020,40020,6473,smiles,C1NC11CN2CC2C=C1,C1=CC2(CN2)CN2CC12,rdkit_canonicalization
qm9_cn_subset:40025,40025,6474,smiles,C1CC11CC2CC3C1N23,C1C2CC3(CC3)C3C1N23,rdkit_canonicalization
qm9_cn_subset:40027,40027,6475,smiles,C1CC11CC2CN3C2C13,C1C2CC3(CC3)C3C2N13,rdkit_canonicalization
qm9_cn_subset:40031,40031,6476,smiles,C1NC11CC2CC3C1N23,C1C2CC3(CN3)C3C1N23,rdkit_canonicalization
qm9_cn_subset:40032,40032,6477,smiles,C1NC11CC2CN3C2C13,C1C2CC3(CN3)C3C2N13,rdkit_canonicalization
qm9_cn_subset:40033,40033,6478,smiles,C1NC11CN2CC3C2C13,C1C2C3C2C2(CN2)CN13,rdkit_canonicalization
qm9_cn_subset:40043,40043,6479,smiles,C1NC11CN2CC=CC12,C1=CC2N(C1)CC21CN1,rdkit_canonicalization
qm9_cn_subset:40071,40071,6480,smiles,C1NC11CC2CCC2=C1,C1=C2CCC2CC12CN2,rdkit_canonicalization
qm9_cn_subset:40084,40084,6481,smiles,C1NC11CC2CCC=C12,C1=C2C(CC1)CC21CN1,rdkit_canonicalization
qm9_cn_subset:40086,40086,6482,smiles,C1NC11CN2CCN=C12,C1CN2CC3(CN3)C2=N1,rdkit_canonicalization
qm9_cn_subset:40116,40116,6483,smiles,C1CC11CC=CC11CN1,C1=CC2(CN2)C2(C1)CC2,rdkit_canonicalization
qm9_cn_subset:40120,40120,6484,smiles,C1NC11CC=CC11CN1,C1=CC2(CN2)C2(C1)CN2,rdkit_canonicalization
qm9_cn_subset:40124,40124,6485,smiles,C1CC11CC=CC2NC12,C1=CC2NC2C2(C1)CC2,rdkit_canonicalization
qm9_cn_subset:40127,40127,6486,smiles,C1NC11CC=CC2NC12,C1=CC2NC2C2(C1)CN2,rdkit_canonicalization
qm9_cn_subset:40136,40136,6487,smiles,C1NC11CC=CCC=C1,C1=CCC2(C=CC1)CN2,rdkit_canonicalization
qm9_cn_subset:40180,40180,6488,smiles,C1C2CCC3(CC3)CN12,C1CC2(CC2)CN2CC12,rdkit_canonicalization
qm9_cn_subset:40185,40185,6489,smiles,C1NC11CCC2CN2C1,C1CC2(CN2)CN2CC12,rdkit_canonicalization
qm9_cn_subset:40209,40209,6490,smiles,C1NC11CCC=CC=C1,C1=CCCC2(C=C1)CN2,rdkit_canonicalization
qm9_cn_subset:40226,40226,6491,smiles,C1NC11CCCC11CN1,C1CC2(CN2)C2(C1)CN2,rdkit_canonicalization
qm9_cn_subset:40234,40234,6492,smiles,C1C2N1CCCC21CC1,C1CN2CC2C2(C1)CC2,rdkit_canonicalization
qm9_cn_subset:40245,40245,6493,smiles,C1NC11CCCC2NC12,C1CC2NC2C2(C1)CN2,rdkit_canonicalization
qm9_cn_subset:40247,40247,6494,smiles,C1NC11CCCN2CC12,C1CN2CC2C2(C1)CN2,rdkit_canonicalization
qm9_cn_subset:40277,40277,6495,smiles,C1NC11CCCCC=C1,C1=CC2(CCCC1)CN2,rdkit_canonicalization
qm9_cn_subset:40303,40303,6496,smiles,C1NC1C#CC1CCC1,C(#CC1CN1)C1CCC1,rdkit_canonicalization
qm9_cn_subset:40312,40312,6497,smiles,C1CC1C1(CC1)N1CC1,C1CC1C1(N2CC2)CC1,rdkit_canonicalization
qm9_cn_subset:40313,40313,6498,smiles,C1CC1C1(CN1)C1CN1,C1CC1C1(C2CN2)CN1,rdkit_canonicalization
qm9_cn_subset:40320,40320,6499,smiles,C1NC1C1(CN1)C1CN1,C1NC1C1(C2CN2)CN1,rdkit_canonicalization
qm9_cn_subset:40325,40325,6500,smiles,C1CC1C12N3C4C3C1C24,C1CC1C12C3C4C(C31)N42,rdkit_canonicalization
qm9_cn_subset:40326,40326,6501,smiles,C1CC1C12C3C4C1N4C23,C1CC1C12C3C4C1N4C32,rdkit_canonicalization
qm9_cn_subset:40328,40328,6502,smiles,C1CC1C12C3C4C3N1C24,C1CC1C12C3C4C3N1C42,rdkit_canonicalization
qm9_cn_subset:40329,40329,6503,smiles,C1CN1C12C3C4C1N4C23,C1CN1C12C3C4C1N4C32,rdkit_canonicalization
qm9_cn_subset:40330,40330,6504,smiles,C1CN1C12C3C4C3C1C24,C1CN1C12C3C4C3C1C42,rdkit_canonicalization
qm9_cn_subset:40331,40331,6505,smiles,C1NC1C12C3C4C(C13)N24,C1NC1C12C3C4C(C31)N42,rdkit_canonicalization
qm9_cn_subset:40332,40332,6506,smiles,C1NC1C12C3C4C3N1C24,C1NC1C12C3C4C3N1C42,rdkit_canonicalization
qm9_cn_subset:40338,40338,6507,smiles,C1CC1C12C3CC1CN23,C1CC1C12C3CC1N2C3,rdkit_canonicalization
qm9_cn_subset:40340,40340,6508,smiles,C1CN1C12C3CC1CC23,C1C2CC3C1C23N1CC1,rdkit_canonicalization
qm9_cn_subset:40342,40342,6509,smiles,C1NC1C12C3CC1CN23,C1NC1C12C3CC1N2C3,rdkit_canonicalization
qm9_cn_subset:40343,40343,6510,smiles,C1NC1C12C3CN1CC23,C1NC1C12C3CN1CC32,rdkit_canonicalization
qm9_cn_subset:40350,40350,6511,smiles,C1CN1C12CC(C1)C=C2,C1=CC2(N3CC3)CC1C2,rdkit_canonicalization
qm9_cn_subset:40358,40358,6512,smiles,C1CN1C12CC(C1)CC2,C1CC2(N3CC3)CC1C2,rdkit_canonicalization
qm9_cn_subset:40367,40367,6513,smiles,C1CC1C12CC1C1CN21,C1CC1C12CC1C1CN12,rdkit_canonicalization
qm9_cn_subset:40368,40368,6514,smiles,C1CC1C12CC1C1NC21,C1CC1C12CC1C1NC12,rdkit_canonicalization
qm9_cn_subset:40370,40370,6515,smiles,C1CC1C12CC1N1CC21,C1CC1C12CC1N1CC12,rdkit_canonicalization
qm9_cn_subset:40371,40371,6516,smiles,C1CC1C12CN1C1CC21,C1CC1C12CN1C1CC12,rdkit_canonicalization
qm9_cn_subset:40372,40372,6517,smiles,C1CC1C12NC1C1CC21,C1CC1C12NC1C1CC12,rdkit_canonicalization
qm9_cn_subset:40373,40373,6518,smiles,C1CC1C12NC1C1NC21,C1CC1C12NC1C1NC12,rdkit_canonicalization
qm9_cn_subset:40378,40378,6519,smiles,C1C2C1C1(CC21)N1CC1,C1C2C1C1(N3CC3)CC21,rdkit_canonicalization
qm9_cn_subset:40379,40379,6520,smiles,C1CN1C12CC1C1NC21,C1CN1C12CC1C1NC12,rdkit_canonicalization
qm9_cn_subset:40381,40381,6521,smiles,C1CN1C12CC1N1CC21,C1C2N1C1CC21N1CC1,rdkit_canonicalization
qm9_cn_subset:40382,40382,6522,smiles,C1NC1C12CN1C1CC21,C1NC1C12CN1C1CC12,rdkit_canonicalization
qm9_cn_subset:40383,40383,6523,smiles,C1NC1C12NC1C1CC21,C1NC1C12NC1C1CC12,rdkit_canonicalization
qm9_cn_subset:40384,40384,6524,smiles,C1NC1C12NC1C1NC21,C1NC1C12NC1C1NC12,rdkit_canonicalization
qm9_cn_subset:40403,40403,6525,smiles,C1CC1C12CC=CC1N2,C1=CC2NC2(C2CC2)C1,rdkit_canonicalization
qm9_cn_subset:40405,40405,6526,smiles,C1CN1C12CC1C=CC2,C1=CC2CC2(N2CC2)C1,rdkit_canonicalization
qm9_cn_subset:40407,40407,6527,smiles,C1NC1C12CC=CC1N2,C1=CC2NC2(C2CN2)C1,rdkit_canonicalization
qm9_cn_subset:40415,40415,6528,smiles,C1CC1C12NC1CC=C2,C1=CC2(C3CC3)NC2C1,rdkit_canonicalization
qm9_cn_subset:40417,40417,6529,smiles,C1CN1C12CC1CC=C2,C1=CC2(N3CC3)CC2C1,rdkit_canonicalization
qm9_cn_subset:40419,40419,6530,smiles,C1NC1C12CN1CC=C2,C1=CC2(C3CN3)CN2C1,rdkit_canonicalization
qm9_cn_subset:40420,40420,6531,smiles,C1NC1C12NC1CC=C2,C1=CC2(C3CN3)NC2C1,rdkit_canonicalization
qm9_cn_subset:40435,40435,6532,smiles,C1CN1C12CC1CCC2,C1CC2CC2(N2CC2)C1,rdkit_canonicalization
qm9_cn_subset:40440,40440,6533,smiles,C1NC1C12CCCC1N2,C1CC2NC2(C2CN2)C1,rdkit_canonicalization
qm9_cn_subset:40455,40455,6534,smiles,C1CC1C12CC3C(C1)N23,C1CC1C12CC3C(C1)N32,rdkit_canonicalization
qm9_cn_subset:40458,40458,6536,smiles,C1CN1C12CC3C(C1)C23,C1CN1C12CC3C(C1)C32,rdkit_canonicalization
qm9_cn_subset:40466,40466,6538,smiles,C1CC1C12CC3C1CN23,C1CC1C12CC3C1CN32,rdkit_canonicalization
qm9_cn_subset:40468,40468,6539,smiles,C1CC1C12CN3C1CC23,C1CC1C12CN3C1CC32,rdkit_canonicalization
qm9_cn_subset:40469,40469,6540,smiles,C1CC1C12NC3C1NC23,C1CC1C12NC3C1NC32,rdkit_canonicalization
qm9_cn_subset:40474,40474,6541,smiles,C1CN1C12CC3C1CC23,C1C2C3CC2(N2CC2)C13,rdkit_canonicalization
qm9_cn_subset:40476,40476,6542,smiles,C1CN1C12CN3C1CC23,C1C2N3CC2(N2CC2)C13,rdkit_canonicalization
qm9_cn_subset:40477,40477,6543,smiles,C1NC1C12NC3C1NC23,C1NC1C12NC3C1NC32,rdkit_canonicalization
qm9_cn_subset:40492,40492,6544,smiles,C1CC1C12CC3CC1N23,C1CC1C12CC3CC1N32,rdkit_canonicalization
qm9_cn_subset:40493,40493,6545,smiles,C1CC1C12CC3CN1C23,C1CC1C12CC3CN1C32,rdkit_canonicalization
qm9_cn_subset:40495,40495,6546,smiles,C1CC1C12CN3CC1C23,C1CC1C12CN3CC1C32,rdkit_canonicalization
qm9_cn_subset:40497,40497,6547,smiles,C1CN1C12CC3CC1C23,C1C2CC3(N4CC4)C1C23,rdkit_canonicalization
qm9_cn_subset:40499,40499,6548,smiles,C1CN1C12CN3CC1C23,C1C2C3N1CC23N1CC1,rdkit_canonicalization
qm9_cn_subset:40500,40500,6549,smiles,C1NC1C12CC3CC1N23,C1NC1C12CC3CC1N32,rdkit_canonicalization
qm9_cn_subset:40501,40501,6550,smiles,C1NC1C12CC3CN1C23,C1NC1C12CC3CN1C32,rdkit_canonicalization
qm9_cn_subset:40513,40513,6551,smiles,C1CN1C12CCC1CC2,C1CC2(N3CC3)CCC12,rdkit_canonicalization
qm9_cn_subset:40526,40526,6552,smiles,C1NC1C1=CC2CC1C2,C1=C(C2CN2)C2CC1C2,rdkit_canonicalization
qm9_cn_subset:40531,40531,6553,smiles,C1CC1C1=CC2NC2C1,C1=C(C2CC2)CC2NC12,rdkit_canonicalization
qm9_cn_subset:40535,40535,6554,smiles,C1NC1C1=CC2CC2C1,C1=C(C2CN2)CC2CC12,rdkit_canonicalization
qm9_cn_subset:40536,40536,6555,smiles,C1NC1C1=CC2NC2C1,C1=C(C2CN2)CC2NC12,rdkit_canonicalization
qm9_cn_subset:40545,40545,6556,smiles,C1CC1C1=CCC2NC12,C1=C(C2CC2)C2NC2C1,rdkit_canonicalization
qm9_cn_subset:40547,40547,6557,smiles,C1CN1C1=NCC2NC12,C1N=C(N2CC2)C2NC12,rdkit_canonicalization
qm9_cn_subset:40549,40549,6558,smiles,C1NC1C1=CCC2CC12,C1=C(C2CN2)C2CC2C1,rdkit_canonicalization
qm9_cn_subset:40550,40550,6559,smiles,C1NC1C1=CCC2NC12,C1=C(C2CN2)C2NC2C1,rdkit_canonicalization
qm9_cn_subset:40562,40562,6560,smiles,C1NC1C1=CCCCC1,C1=C(C2CN2)CCCC1,rdkit_canonicalization
qm9_cn_subset:40570,40570,6561,smiles,C1CC1C1C2C3C1CN23,C1CC1C1C2CN3C2C13,rdkit_canonicalization
qm9_cn_subset:40572,40572,6562,smiles,C1CC1C1C2C3CC1N23,C1CC1C1C2CC3C1N23,rdkit_canonicalization
qm9_cn_subset:40574,40574,6563,smiles,C1CC1C1C2CC3C2N13,C1CC1C1C2CC3C2N31,rdkit_canonicalization
qm9_cn_subset:40575,40575,6564,smiles,C1CN1C1C2C3C1CN23,C1CN1C1C2CN3C2C13,rdkit_canonicalization
qm9_cn_subset:40576,40576,6565,smiles,C1CN1C1C2C3CC1C23,C1C2C3C1C(N1CC1)C23,rdkit_canonicalization
qm9_cn_subset:40577,40577,6566,smiles,C1CN1C1C2C3CC1N23,C1C2C(N3CC3)C3C1N23,rdkit_canonicalization
qm9_cn_subset:40586,40586,6567,smiles,C1CC1C1C2C3CC2N13,C1CC1C1C2C3CC2N31,rdkit_canonicalization
qm9_cn_subset:40587,40587,6568,smiles,C1CC1C1C2C3CN2C13,C1CC1C1C2C3CN2C31,rdkit_canonicalization
qm9_cn_subset:40589,40589,6569,smiles,C1CC1N1C2C3NC2C13,C1CC1N1C2C3NC2C31,rdkit_canonicalization
qm9_cn_subset:40591,40591,6570,smiles,C1CN1C1C2C3CC2C13,C1C2C3C1C2C3N1CC1,rdkit_canonicalization
qm9_cn_subset:40592,40592,6571,smiles,C1CN1C1C2C3CN2C13,C1CN1C1C2C3CN2C31,rdkit_canonicalization
qm9_cn_subset:40594,40594,6572,smiles,C1NC1C1C2C3CC2N13,C1NC1C1C2C3CC2N31,rdkit_canonicalization
qm9_cn_subset:40605,40605,6577,smiles,C1CC1N1C2C3CC3C12,C1C2C1C1C2N1C1CC1,rdkit_canonicalization
qm9_cn_subset:40606,40606,6578,smiles,C1CC1N1C2C3NC3C12,C1CC1N1C2C3NC3C21,rdkit_canonicalization
qm9_cn_subset:40608,40608,6579,smiles,C1CN1C1C2C3CN3C12,C1CN1C1C2C3CN3C21,rdkit_canonicalization
qm9_cn_subset:40609,40609,6580,smiles,C1CN1C1C2C3NC3C12,C1CN1C1C2C3NC3C21,rdkit_canonicalization
qm9_cn_subset:40619,40619,6582,smiles,C1CN1C1C2CC1C=C2,C1=CC2CC1C2N1CC1,rdkit_canonicalization
qm9_cn_subset:40626,40626,6583,smiles,C1CN1C1C2CC1CC2,C1CC2CC1C2N1CC1,rdkit_canonicalization
qm9_cn_subset:40634,40634,6584,smiles,C1CN1C1C2CC=CC12,C1=CC2C(C1)C2N1CC1,rdkit_canonicalization
qm9_cn_subset:40636,40636,6585,smiles,C1NC1C1C2C=CCN12,C1=CC2C(C3CN3)N2C1,rdkit_canonicalization
qm9_cn_subset:40646,40646,6586,smiles,C1CN1C1C2CCCC12,C1CC2C(C1)C2N1CC1,rdkit_canonicalization
qm9_cn_subset:40650,40650,6587,smiles,C1NC1C1C2CCCN12,C1CC2C(C3CN3)N2C1,rdkit_canonicalization
qm9_cn_subset:40657,40657,6588,smiles,C1CC1C1C=CC2NC12,C1=CC(C2CC2)C2NC12,rdkit_canonicalization
qm9_cn_subset:40659,40659,6589,smiles,C1C2C=CC(C12)N1CC1,C1=CC(N2CC2)C2CC12,rdkit_canonicalization
qm9_cn_subset:40660,40660,6590,smiles,C1CN1C1C=CC2NC12,C1=CC(N2CC2)C2NC12,rdkit_canonicalization
qm9_cn_subset:40662,40662,6591,smiles,C1NC1C1C=CC2CN12,C1=CC(C2CN2)N2CC12,rdkit_canonicalization
qm9_cn_subset:40674,40674,6592,smiles,C1CN1C1CC11CCC1,C1CC2(C1)CC2N1CC1,rdkit_canonicalization
qm9_cn_subset:40677,40677,6593,smiles,C1NC1C1NC11CCC1,C1CC2(C1)NC2C1CN1,rdkit_canonicalization
qm9_cn_subset:40688,40688,6594,smiles,C1C(C1N1CC1)N1CC1,C1C(N2CC2)C1N1CC1,rdkit_canonicalization
qm9_cn_subset:40698,40698,6598,smiles,C1CC1N1CC1C1CN1,C1NC1C1CN1C1CC1,rdkit_canonicalization
qm9_cn_subset:40731,40731,6602,smiles,C1C2CC(CC12)N1CC1,C1C2CC(N3CC3)CC12,rdkit_canonicalization
qm9_cn_subset:40745,40745,6603,smiles,C1CN1C1CC2CCC12,C1CC2C1CC2N1CC1,rdkit_canonicalization
qm9_cn_subset:40767,40767,6604,smiles,C1CN1C1CCC11CC1,C1CC2(CC2)C1N1CC1,rdkit_canonicalization
qm9_cn_subset:40768,40768,6605,smiles,C1CN1C1CCC11CN1,C1CC2(CN2)C1N1CC1,rdkit_canonicalization
qm9_cn_subset:40782,40782,6606,smiles,C1CN1C1CCC2NC12,C1CC(N2CC2)C2NC12,rdkit_canonicalization
qm9_cn_subset:40799,40799,6607,smiles,C1CN1C1CCC=CC1,C1=CCC(N2CC2)CC1,rdkit_canonicalization
qm9_cn_subset:40811,40811,6608,smiles,C1CN1C1CCCC=C1,C1=CC(N2CC2)CCC1,rdkit_canonicalization
qm9_cn_subset:40843,40843,6609,smiles,C1CC1N=C1CN=CN1,C1=NCC(=NC2CC2)N1,rdkit_canonicalization
qm9_cn_subset:40851,40851,6610,smiles,C1CC2(C1)C1C3CC1N23,C1CC2(C1)C1C3CC1N32,rdkit_canonicalization
qm9_cn_subset:40852,40852,6611,smiles,C1CC2(C1)C1C3CN1C23,C1CC2(C1)C1C3CN1C32,rdkit_canonicalization
qm9_cn_subset:40861,40861,6612,smiles,C1CC2(C1)C1C3C2CN13,C1CC2(C1)C1CN3C1C32,rdkit_canonicalization
qm9_cn_subset:40863,40863,6613,smiles,C1CC2(C1)C1C3CC2N13,C1CC2(C1)C1CC3C2N31,rdkit_canonicalization
qm9_cn_subset:40865,40865,6614,smiles,C1CC2(C1)C1CC3C1N23,C1CC2(C1)C1CC3C1N32,rdkit_canonicalization
qm9_cn_subset:40984,40984,6615,smiles,C1CC23C1N1C2C=CC31,C1=CC2N3C1C21CCC31,rdkit_canonicalization
qm9_cn_subset:40985,40985,6616,smiles,C1CC23C4C=CC2C4N13,C1=CC2C3C1C21CCN31,rdkit_canonicalization
qm9_cn_subset:40990,40990,6617,smiles,C1CC23C1C1C2CCN31,C1CN2C3C1C21CCC31,rdkit_canonicalization
qm9_cn_subset:40992,40992,6618,smiles,C1CC23C1N1C2CCC31,C1CC2N3C1C21CCC31,rdkit_canonicalization
qm9_cn_subset:40993,40993,6619,smiles,C1CC23C4CCC2C4N13,C1CC2C3C1C21CCN31,rdkit_canonicalization
qm9_cn_subset:41004,41004,6620,smiles,C1CC23C1CC1C2CN31,C1CC23C1CC1C2CN13,rdkit_canonicalization
qm9_cn_subset:41006,41006,6621,smiles,C1CC23C1CN1C2CC31,C1CC23C1CN1C2CC13,rdkit_canonicalization
qm9_cn_subset:41040,41040,6624,smiles,C1CC23C4C2N2C4C32C1,C1CC23C4C2N2C4C23C1,rdkit_canonicalization
qm9_cn_subset:41045,41045,6625,smiles,C1CC23CC4C5C(N25)C134,C1CC23CC4C5C(N52)C143,rdkit_canonicalization
qm9_cn_subset:41047,41047,6626,smiles,C1CC23C4C5C4C12CN35,C1CC23C4C5C4C12CN53,rdkit_canonicalization
qm9_cn_subset:41049,41049,6627,smiles,C1CC23C4C5N4C2CC135,C1CC23C4CC12C1C3N14,rdkit_canonicalization
qm9_cn_subset:41050,41050,6628,smiles,C1CC23C4CC12C1C4N31,C1CC23C4CC12C1C4N13,rdkit_canonicalization
qm9_cn_subset:41051,41051,6629,smiles,C1CC23C4NC12C1C4N31,C1CC23C4NC12C1C4N13,rdkit_canonicalization
qm9_cn_subset:41063,41063,6630,smiles,C1CC23C1C1C4C(C21)N34,C1CC23C1C1C4C(C12)N43,rdkit_canonicalization
qm9_cn_subset:41064,41064,6631,smiles,C1CC23C4C5C(C12)C3N45,C1CC23C1C1C4C2N4C13,rdkit_canonicalization
qm9_cn_subset:41065,41065,6632,smiles,C1CC23C4C5C(C2N45)N13,C1CC23C4C5C(C2N54)N13,rdkit_canonicalization
qm9_cn_subset:41066,41066,6633,smiles,C1CC23C4C5C2C(C13)N45,C1CC23C1C1C2C2C3N12,rdkit_canonicalization
qm9_cn_subset:41069,41069,6635,smiles,C1CC23C4C5C4N(C12)C35,C1CC23C4C5C4N(C12)C53,rdkit_canonicalization
qm9_cn_subset:41070,41070,6636,smiles,C1CC23C4C5C4N2C5C13,C1CC23C1C1C4C(C42)N13,rdkit_canonicalization
qm9_cn_subset:41107,41107,6638,smiles,C1CC23C=CC(C=C2)N13,C1=CC23C=CC1N2CC3,rdkit_canonicalization
qm9_cn_subset:41110,41110,6639,smiles,C1CC23C=CC4C(C12)N34,C1=CC23CCC2C2C1N23,rdkit_canonicalization
qm9_cn_subset:41112,41112,6640,smiles,C1CC23C=CC4C(C24)N13,C1=CC23CCN2C2C1C23,rdkit_canonicalization
qm9_cn_subset:41113,41113,6641,smiles,C1CC23C=CC4C2N4C13,C1=CC23CCC2N2C1C23,rdkit_canonicalization
qm9_cn_subset:41114,41114,6642,smiles,C1CC23N=CN4C(C24)C13,C1=NC23CCC2C2C3N12,rdkit_canonicalization
qm9_cn_subset:41121,41121,6643,smiles,C1CC23C=CC4C2C1N34,C1=CC23CCC4C2C1N43,rdkit_canonicalization
qm9_cn_subset:41122,41122,6644,smiles,C1CC23C=CC4C2N1C34,C1=CC23CCN4C2C1C43,rdkit_canonicalization
qm9_cn_subset:41127,41127,6645,smiles,C1CC23C=CC4N2CC134,C1=CC23CCC24CN3C14,rdkit_canonicalization
qm9_cn_subset:41128,41128,6646,smiles,C1NC23C=CC4C2NC134,C1=CC23NCC24NC3C14,rdkit_canonicalization
qm9_cn_subset:41241,41241,6650,smiles,C1CC23CN4C(CC24)C13,C1CC23CN4C(CC42)C13,rdkit_canonicalization
qm9_cn_subset:41261,41261,6651,smiles,C1CC23CC4CC(C12)N34,C1C2CC34CCC3C1N24,rdkit_canonicalization
qm9_cn_subset:41262,41262,6652,smiles,C1CC23CC4CN(C12)C34,C1CC23CC4CN(C12)C43,rdkit_canonicalization
qm9_cn_subset:41264,41264,6653,smiles,C1CC23CN4CC(C12)C34,C1CC23CN4CC(C12)C43,rdkit_canonicalization
qm9_cn_subset:41265,41265,6654,smiles,C1CC23CN4CC(C24)N13,C1C2C3N1CC31CCN21,rdkit_canonicalization
qm9_cn_subset:41275,41275,6655,smiles,C1CC23CC4CC12CN34,C1CC23CC4CC12CN43,rdkit_canonicalization
qm9_cn_subset:41278,41278,6656,smiles,C1CC23CN4CC12CC34,C1CC23CN4CC12CC43,rdkit_canonicalization
qm9_cn_subset:41410,41410,6658,smiles,C1CC23CCC4C(C12)N34,C1CC23CCC2C2C1N23,rdkit_canonicalization
qm9_cn_subset:41412,41412,6659,smiles,C1CC23CCC4C2N4C13,C1CC23CCC2N2C1C23,rdkit_canonicalization
qm9_cn_subset:41413,41413,6660,smiles,C1CC23CCN4C(C24)C13,C1CC23CCN4C(C12)C43,rdkit_canonicalization
qm9_cn_subset:41428,41428,6661,smiles,C1CC23CCC4C2C1N34,C1CC23CCC4C2C1N43,rdkit_canonicalization
qm9_cn_subset:41429,41429,6662,smiles,C1CC23CCN4C2C1C34,C1CC23CCN4C2C1C43,rdkit_canonicalization
qm9_cn_subset:41437,41437,6663,smiles,C1CC23CCC4N2CC134,C1CC23CCC24CN3C14,rdkit_canonicalization
qm9_cn_subset:41438,41438,6664,smiles,C1CC23CC4N2CCC134,C1CC23CCC24CC3N14,rdkit_canonicalization
qm9_cn_subset:41512,41512,6666,smiles,C1NC2=NCCN3C1C23,C1CN2C3CNC(=N1)C32,rdkit_canonicalization
qm9_cn_subset:41520,41520,6667,smiles,C1CC2=NCCN=CN12,C1=NCCN=C2CCN12,rdkit_canonicalization
qm9_cn_subset:41637,41637,6668,smiles,C1CC2C3C4C(N24)C3=C1,C1=C2C3C(CC1)N1C2C31,rdkit_canonicalization
qm9_cn_subset:41638,41638,6669,smiles,C1CC2C3C4C2C(=N1)N34,C1CC2C3C(=N1)N1C2C31,rdkit_canonicalization
qm9_cn_subset:41640,41640,6670,smiles,C1CC2C3C4N3C2C4=C1,C1=C2C3C(CC1)C1C2N31,rdkit_canonicalization
qm9_cn_subset:41641,41641,6671,smiles,C1CN2C3C4C3C(=C1)C24,C1=C2C3C4C2N(CC1)C34,rdkit_canonicalization
qm9_cn_subset:41644,41644,6672,smiles,C1CC2C3C4C(C1)C2N34,C1CC2C3C(C1)C1C2N31,rdkit_canonicalization
qm9_cn_subset:41647,41647,6673,smiles,C1CC2C3C4C2C(C1)N34,C1CC2C3C(C1)N1C2C31,rdkit_canonicalization
qm9_cn_subset:41657,41657,6674,smiles,C1CC2C3C4C1C2CN34,C1CC2C3CN4C(C13)C24,rdkit_canonicalization
qm9_cn_subset:41768,41768,6676,smiles,C1CC2N=CNC=NC12,C1=NC2CCC2N=CN1,rdkit_canonicalization
qm9_cn_subset:41774,41774,6677,smiles,C1CN2C=NCCC2=N1,C1=NCCC2=NCCN12,rdkit_canonicalization
qm9_cn_subset:42214,42214,6678,smiles,N=C(C#N)N1C2CC1C2,N#CC(=N)N1C2CC1C2,rdkit_canonicalization
qm9_cn_subset:42223,42223,6679,smiles,N=C(C#N)N1C2CCC12,N#CC(=N)N1C2CCC21,rdkit_canonicalization
qm9_cn_subset:42244,42244,6680,smiles,N=C(C#C)N1CC1C#C,C#CC(=N)N1CC1C#C,rdkit_canonicalization
qm9_cn_subset:42245,42245,6681,smiles,N=C(C#C)N1CC1C#N,C#CC(=N)N1CC1C#N,rdkit_canonicalization
qm9_cn_subset:42246,42246,6682,smiles,N=C(C#N)N1CC1C#C,C#CC1CN1C(=N)C#N,rdkit_canonicalization
qm9_cn_subset:42247,42247,6683,smiles,N=C(C#N)N1CC1C#N,N#CC(=N)N1CC1C#N,rdkit_canonicalization
qm9_cn_subset:42264,42264,6684,smiles,N=C(C#N)N1CC2CC12,N#CC(=N)N1CC2CC21,rdkit_canonicalization
qm9_cn_subset:42280,42280,6685,smiles,N=C(C#N)N1CC=CC1,N#CC(=N)N1CC=CC1,rdkit_canonicalization
qm9_cn_subset:42288,42288,6686,smiles,N=C(C#N)N1CCC1=N,N#CC(=N)N1CCC1=N,rdkit_canonicalization
qm9_cn_subset:42298,42298,6687,smiles,N=C(C#C)N1CCN=C1,C#CC(=N)N1C=NCC1,rdkit_canonicalization
qm9_cn_subset:42299,42299,6688,smiles,N=C(C#N)N1CCC=C1,N#CC(=N)N1C=CCC1,rdkit_canonicalization
qm9_cn_subset:42300,42300,6689,smiles,N=C(C#N)N1CCN=C1,N#CC(=N)N1C=NCC1,rdkit_canonicalization
qm9_cn_subset:42312,42312,6690,smiles,N=C(C#N)N1CCCC1,N#CC(=N)N1CCCC1,rdkit_canonicalization
qm9_cn_subset:42381,42381,6691,smiles,N=C(NC(=N)C#C)C#C,C#CC(=N)NC(=N)C#C,rdkit_canonicalization
qm9_cn_subset:42382,42382,6692,smiles,N=C(NC(=N)C#N)C#C,C#CC(=N)NC(=N)C#N,rdkit_canonicalization
qm9_cn_subset:42383,42383,6693,smiles,N=C(NC(=N)C#N)C#N,N#CC(=N)NC(=N)C#N,rdkit_canonicalization
qm9_cn_subset:42413,42413,6694,smiles,N=C(NC1CCC1)C#N,N#CC(=N)NC1CCC1,rdkit_canonicalization
qm9_cn_subset:42465,42465,6695,smiles,N=C(NCC1CC1)C#N,N#CC(=N)NCC1CC1,rdkit_canonicalization
qm9_cn_subset:42466,42466,6696,smiles,N=C(NCC1CN1)C#N,N#CC(=N)NCC1CN1,rdkit_canonicalization
qm9_cn_subset:42487,42487,6697,smiles,N=C(NCCC#C)C#N,C#CCCNC(=N)C#N,rdkit_canonicalization
qm9_cn_subset:42488,42488,6698,smiles,N=C(NCCC#N)C#N,N#CCCNC(=N)C#N,rdkit_canonicalization
qm9_cn_subset:42537,42537,6699,smiles,N=C1C2CC3(C#N)C2N13,N#CC12CC3C(=N)N1C32,rdkit_canonicalization
qm9_cn_subset:42628,42628,6700,smiles,N=C1N2C3CC1(C#N)C23,N#CC12CC3C1N3C2=N,rdkit_canonicalization
qm9_cn_subset:42641,42641,6701,smiles,N=C1C2CC3N1C23C#C,C#CC12C3CC1N2C3=N,rdkit_canonicalization
qm9_cn_subset:42642,42642,6702,smiles,N=C1C2CC3N1C23C#N,N#CC12C3CC1N2C3=N,rdkit_canonicalization
qm9_cn_subset:42966,42966,6703,smiles,N=C1N2CC2C=C1C#N,N#CC1=CC2CN2C1=N,rdkit_canonicalization
qm9_cn_subset:43029,43029,6704,smiles,N=C1N2CC3C2C13C#N,N#CC12C(=N)N3CC1C32,rdkit_canonicalization
qm9_cn_subset:43265,43265,6705,smiles,N=C1C=CC2(CN12)C#N,N#CC12C=CC(=N)N1C2,rdkit_canonicalization
qm9_cn_subset:43289,43289,6706,smiles,N=C1C=CC2C(C#N)N12,N#CC1C2C=CC(=N)N12,rdkit_canonicalization
qm9_cn_subset:43428,43428,6707,smiles,N=C1NC(=N)C(=C1)C#N,N#CC1=CC(=N)NC1=N,rdkit_canonicalization
qm9_cn_subset:43520,43520,6708,smiles,N=C1NC(=[NH2+])N[C-]1C#N,N#C[c-]1[nH]c(=[NH2+])[nH]c1=N,rdkit_canonicalization
qm9_cn_subset:43528,43528,6709,smiles,N=C1NC(C#C)C11CN1,C#CC1NC(=N)C12CN2,rdkit_canonicalization
qm9_cn_subset:43530,43530,6710,smiles,N=C1NC(C#N)C11CN1,N#CC1NC(=N)C12CN2,rdkit_canonicalization
qm9_cn_subset:43553,43553,6711,smiles,N=C1NC(C#C)C1C#N,C#CC1NC(=N)C1C#N,rdkit_canonicalization
qm9_cn_subset:43554,43554,6712,smiles,N=C1NC(C#N)C1C#C,C#CC1C(=N)NC1C#N,rdkit_canonicalization
qm9_cn_subset:43555,43555,6713,smiles,N=C1NC(C#N)C1C#N,N#CC1NC(=N)C1C#N,rdkit_canonicalization
qm9_cn_subset:43601,43601,6714,smiles,N=C1CC(N1)(C#C)C#C,C#CC1(C#C)CC(=N)N1,rdkit_canonicalization
qm9_cn_subset:43602,43602,6715,smiles,N=C1CC(N1)(C#C)C#N,C#CC1(C#N)CC(=N)N1,rdkit_canonicalization
qm9_cn_subset:43603,43603,6716,smiles,N=C1CC(N1)(C#N)C#N,N#CC1(C#N)CC(=N)N1,rdkit_canonicalization
qm9_cn_subset:43887,43887,6717,smiles,N=C1NC2(CNC12)C#N,N#CC12CNC1C(=N)N2,rdkit_canonicalization
qm9_cn_subset:45379,45379,6718,smiles,N=C1NC2CNC12C#N,N#CC12NCC1NC2=N,rdkit_canonicalization
qm9_cn_subset:45611,45611,6719,smiles,N=C1CN=C(N1)C1CC1,N=C1CN=C(C2CC2)N1,rdkit_canonicalization
qm9_cn_subset:45612,45612,6720,smiles,N=C1CN=C(N1)C1CN1,N=C1CN=C(C2CN2)N1,rdkit_canonicalization
qm9_cn_subset:45631,45631,6721,smiles,N=C1CN=C(CC#C)N1,C#CCC1=NCC(=N)N1,rdkit_canonicalization
qm9_cn_subset:45632,45632,6722,smiles,N=C1CN=C(CC#N)N1,N#CCC1=NCC(=N)N1,rdkit_canonicalization
qm9_cn_subset:45731,45731,6728,smiles,N=C1NC=NC11CCC1,N=C1NC=NC12CCC2,rdkit_canonicalization
qm9_cn_subset:45763,45763,6732,smiles,N=C1CN=CN1CC#C,C#CCN1C=NCC1=N,rdkit_canonicalization
qm9_cn_subset:45764,45764,6733,smiles,N=C1CN=CN1CC#N,N#CCN1C=NCC1=N,rdkit_canonicalization
qm9_cn_subset:45765,45765,6734,smiles,N=C1NC=NC1CC#C,C#CCC1N=CNC1=N,rdkit_canonicalization
qm9_cn_subset:45766,45766,6735,smiles,N=C1NC=NC1CC#N,N#CCC1N=CNC1=N,rdkit_canonicalization
qm9_cn_subset:45866,45866,6736,smiles,N=C1NC=NCC1C#N,N#CC1CN=CNC1=N,rdkit_canonicalization
qm9_cn_subset:46167,46167,6737,smiles,N=C1NCC1(C#C)C#N,C#CC1(C#N)CNC1=N,rdkit_canonicalization
qm9_cn_subset:46168,46168,6738,smiles,N=C1NCC1(C#N)C#N,N#CC1(C#N)CNC1=N,rdkit_canonicalization
qm9_cn_subset:47118,47118,6739,smiles,N=C1CCN=C(N1)C#N,N#CC1=NCCC(=N)N1,rdkit_canonicalization
qm9_cn_subset:48224,48224,6740,smiles,N=CN(C=N)C(=N)C#C,C#CC(=N)N(C=N)C=N,rdkit_canonicalization
qm9_cn_subset:48225,48225,6741,smiles,N=CN(C=N)C(=N)C#N,N#CC(=N)N(C=N)C=N,rdkit_canonicalization
qm9_cn_subset:48258,48258,6742,smiles,N=CN(CC#N)CC#N,N#CCN(C=N)CC#N,rdkit_canonicalization
qm9_cn_subset:49350,49350,6745,smiles,N=CN1C(C#C)C1C#C,C#CC1C(C#C)N1C=N,rdkit_canonicalization
qm9_cn_subset:49351,49351,6746,smiles,N=CN1C(C#C)C1C#N,C#CC1C(C#N)N1C=N,rdkit_canonicalization
qm9_cn_subset:49352,49352,6747,smiles,N=CN1C(C#N)C1C#N,N#CC1C(C#N)N1C=N,rdkit_canonicalization
qm9_cn_subset:49373,49373,6748,smiles,N=CN1C(CC1=N)C#C,C#CC1CC(=N)N1C=N,rdkit_canonicalization
qm9_cn_subset:49374,49374,6749,smiles,N=CN1C(CC1=N)C#N,N#CC1CC(=N)N1C=N,rdkit_canonicalization
qm9_cn_subset:49687,49687,6750,smiles,N=CN1C2CCC12C#N,N#CC12CCC1N2C=N,rdkit_canonicalization
qm9_cn_subset:49718,49718,6751,smiles,N=CN1C2CNC2C1=N,N=CN1C(=N)C2NCC21,rdkit_canonicalization
qm9_cn_subset:49772,49772,6752,smiles,N=CN1C=NCC1C#C,C#CC1CN=CN1C=N,rdkit_canonicalization
qm9_cn_subset:49773,49773,6753,smiles,N=CN1C=NCC1C#N,N#CC1CN=CN1C=N,rdkit_canonicalization
qm9_cn_subset:49942,49942,6756,smiles,N=CN1CC1(C#C)C#C,C#CC1(C#C)CN1C=N,rdkit_canonicalization
qm9_cn_subset:49943,49943,6757,smiles,N=CN1CC1(C#C)C#N,C#CC1(C#N)CN1C=N,rdkit_canonicalization
qm9_cn_subset:49944,49944,6758,smiles,N=CN1CC1(C#N)C#N,N#CC1(C#N)CN1C=N,rdkit_canonicalization
qm9_cn_subset:50601,50601,6759,smiles,N=CN1CCN=C1C#N,N#CC1=NCCN1C=N,rdkit_canonicalization
qm9_cn_subset:52008,52008,6760,smiles,[NH2+]=CNC[C-](C#N)C#N,N#C[C-](C#N)CNC=[NH2+],rdkit_canonicalization
qm9_cn_subset:52586,52586,6774,smiles,CC#CC(C#C)C1CN1,C#CC(C#CC)C1CN1,rdkit_canonicalization
qm9_cn_subset:52588,52588,6775,smiles,CC#CC(C#C)N1CC1,C#CC(C#CC)N1CC1,rdkit_canonicalization
qm9_cn_subset:52594,52594,6779,smiles,CC#CC(C)(C#C)C#N,C#CC(C)(C#N)C#CC,rdkit_canonicalization
qm9_cn_subset:52596,52596,6781,smiles,CC#CC(N)(C#C)C#C,C#CC(N)(C#C)C#CC,rdkit_canonicalization
qm9_cn_subset:52597,52597,6782,smiles,CC#CC(N)(C#C)C#N,C#CC(N)(C#N)C#CC,rdkit_canonicalization
qm9_cn_subset:52745,52745,6799,smiles,CC#CC(CC#C)C#N,C#CCC(C#N)C#CC,rdkit_canonicalization
qm9_cn_subset:52746,52746,6800,smiles,CC#CC(CC#N)C#C,C#CC(C#CC)CC#N,rdkit_canonicalization
qm9_cn_subset:52747,52747,6801,smiles,CC#CC(CC#N)C#N,CC#CC(C#N)CC#N,rdkit_canonicalization
qm9_cn_subset:52775,52775,6804,smiles,CC#CC1(C)C2CCN12,CC#CC1(C)C2CCN21,rdkit_canonicalization
qm9_cn_subset:52798,52798,6807,smiles,CC#CC1(C)NC1C#C,C#CC1NC1(C)C#CC,rdkit_canonicalization
qm9_cn_subset:52811,52811,6810,smiles,CC#CC1(C)CC2CN12,CC#CC1(C)CC2CN21,rdkit_canonicalization
qm9_cn_subset:52812,52812,6811,smiles,CC#CC1(C)CC2NC12,CC#CC1(C)CC2NC21,rdkit_canonicalization
qm9_cn_subset:52856,52856,6812,smiles,CC#CC1(CC#C)CN1,C#CCC1(C#CC)CN1,rdkit_canonicalization
qm9_cn_subset:52862,52862,6815,smiles,CC#CC1(CN1)C#CC,CC#CC1(C#CC)CN1,rdkit_canonicalization
qm9_cn_subset:52872,52872,6816,smiles,CC#CC1(CN1)C(C)C,CC#CC1(C(C)C)CN1,rdkit_canonicalization
qm9_cn_subset:52878,52878,6817,smiles,CC#CC1(CC1)N1CC1,CC#CC1(N2CC2)CC1,rdkit_canonicalization
qm9_cn_subset:52879,52879,6818,smiles,CC#CC1(CN1)C1CC1,CC#CC1(C2CC2)CN1,rdkit_canonicalization
qm9_cn_subset:52880,52880,6819,smiles,CC#CC1(CN1)C1CN1,CC#CC1(C2CN2)CN1,rdkit_canonicalization
qm9_cn_subset:52886,52886,6820,smiles,CC#CC1(CC1C)C#N,CC#CC1(C#N)CC1C,rdkit_canonicalization
qm9_cn_subset:52887,52887,6821,smiles,CC#CC1(CC1N)C#N,CC#CC1(C#N)CC1N,rdkit_canonicalization
qm9_cn_subset:52890,52890,6822,smiles,CC#CC1(CN1C)C#C,C#CC1(C#CC)CN1C,rdkit_canonicalization
qm9_cn_subset:52891,52891,6823,smiles,CC#CC1(CN1C)C#N,CC#CC1(C#N)CN1C,rdkit_canonicalization
qm9_cn_subset:52892,52892,6824,smiles,CC#CC1(NC1C)C#C,C#CC1(C#CC)NC1C,rdkit_canonicalization
qm9_cn_subset:52893,52893,6825,smiles,CC#CC1(NC1C)C#N,CC#CC1(C#N)NC1C,rdkit_canonicalization
qm9_cn_subset:52908,52908,6826,smiles,CC#CC1(CCC1)C#N,CC#CC1(C#N)CCC1,rdkit_canonicalization
qm9_cn_subset:52909,52909,6827,smiles,CC#CC1(CCN1)C#N,CC#CC1(C#N)CCN1,rdkit_canonicalization
qm9_cn_subset:52912,52912,6828,smiles,CC#CC1(CNC1)C#N,CC#CC1(C#N)CNC1,rdkit_canonicalization
qm9_cn_subset:52918,52918,6829,smiles,CC#CC12C3C4C(C13)N24,CC#CC12C3C4C(C31)N42,rdkit_canonicalization
qm9_cn_subset:52919,52919,6830,smiles,CC#CC12C3C4C1N4C23,CC#CC12C3C4C1N4C32,rdkit_canonicalization
qm9_cn_subset:52921,52921,6831,smiles,CC#CC12C3C4C3N1C24,CC#CC12C3C4C3N1C42,rdkit_canonicalization
qm9_cn_subset:52923,52923,6832,smiles,CC#CC12C3CC1CN23,CC#CC12C3CC1N2C3,rdkit_canonicalization
qm9_cn_subset:52925,52925,6833,smiles,CC#CC12C3CN1CC23,CC#CC12C3CN1CC32,rdkit_canonicalization
qm9_cn_subset:52967,52967,6838,smiles,CC#CC12CN1C(C)C2,CC#CC12CC(C)N1C2,rdkit_canonicalization
qm9_cn_subset:52969,52969,6839,smiles,CC#CC12CC1C1CN21,CC#CC12CC1C1CN12,rdkit_canonicalization
qm9_cn_subset:52970,52970,6840,smiles,CC#CC12CC1C1NC21,CC#CC12CC1C1NC12,rdkit_canonicalization
qm9_cn_subset:52972,52972,6841,smiles,CC#CC12CC1N1CC21,CC#CC12CC1N1CC12,rdkit_canonicalization
qm9_cn_subset:52973,52973,6842,smiles,CC#CC12CN1C1CC21,CC#CC12CN1C1CC12,rdkit_canonicalization
qm9_cn_subset:52974,52974,6843,smiles,CC#CC12NC1C1CC21,CC#CC12NC1C1CC12,rdkit_canonicalization
qm9_cn_subset:52975,52975,6844,smiles,CC#CC12NC1C1NC21,CC#CC12NC1C1NC12,rdkit_canonicalization
qm9_cn_subset:52985,52985,6847,smiles,CC#CC12CN1C=NC2,CC#CC12CN=CN1C2,rdkit_canonicalization
qm9_cn_subset:53005,53005,6851,smiles,CC#CC12CN1CC=C2,CC#CC12C=CCN1C2,rdkit_canonicalization
qm9_cn_subset:53006,53006,6852,smiles,CC#CC12NC1CC=C2,CC#CC12C=CCC1N2,rdkit_canonicalization
qm9_cn_subset:53015,53015,6854,smiles,CC#CC12CN1CCC2,CC#CC12CCCN1C2,rdkit_canonicalization
qm9_cn_subset:53019,53019,6855,smiles,CC#CC12CC3C(C1)N23,CC#CC12CC3C(C1)N32,rdkit_canonicalization
qm9_cn_subset:53023,53023,6857,smiles,CC#CC12CC3C1CN23,CC#CC12CC3C1CN32,rdkit_canonicalization
qm9_cn_subset:53025,53025,6858,smiles,CC#CC12CN3C1CC23,CC#CC12CN3C1CC32,rdkit_canonicalization
qm9_cn_subset:53026,53026,6859,smiles,CC#CC12NC3C1NC23,CC#CC12NC3C1NC32,rdkit_canonicalization
qm9_cn_subset:53032,53032,6860,smiles,CC#CC12CC3CC1N23,CC#CC12CC3CC1N32,rdkit_canonicalization
qm9_cn_subset:53033,53033,6861,smiles,CC#CC12CC3CN1C23,CC#CC12CC3CN1C32,rdkit_canonicalization
qm9_cn_subset:53035,53035,6862,smiles,CC#CC12CN3CC1C23,CC#CC12CN3CC1C32,rdkit_canonicalization
qm9_cn_subset:53098,53098,6873,smiles,CC#CC1C(C#C)N1C,C#CC1C(C#CC)N1C,rdkit_canonicalization
qm9_cn_subset:53120,53120,6877,smiles,CC#CC1C2C3C1CN23,CC#CC1C2CN3C1C23,rdkit_canonicalization
qm9_cn_subset:53122,53122,6878,smiles,CC#CC1C2C3CC1N23,CC#CC1C2CC3C1N23,rdkit_canonicalization
qm9_cn_subset:53123,53123,6879,smiles,CC#CC1C2C3CN1C23,CC#CC1C2C3CN1C32,rdkit_canonicalization
qm9_cn_subset:53176,53176,6892,smiles,CC#CC1C2NC2C1C,CC#CC1C(C)C2NC12,rdkit_canonicalization
qm9_cn_subset:53242,53242,6901,smiles,CC#CC1CC(C1)C#N,CC#CC1CC(C#N)C1,rdkit_canonicalization
qm9_cn_subset:53243,53243,6902,smiles,CC#CC1CC(N1)C#N,CC#CC1CC(C#N)N1,rdkit_canonicalization
qm9_cn_subset:53254,53254,6905,smiles,CC#CC1NC1(C)C#C,C#CC1(C)NC1C#CC,rdkit_canonicalization
qm9_cn_subset:53265,53265,6907,smiles,CC#CC1NC11CCC1,CC#CC1NC12CCC2,rdkit_canonicalization
qm9_cn_subset:53299,53299,6916,smiles,CC#CC1CN1CC#C,C#CCN1CC1C#CC,rdkit_canonicalization
qm9_cn_subset:53301,53301,6918,smiles,CC#CC1NC1CC#C,C#CCC1NC1C#CC,rdkit_canonicalization
qm9_cn_subset:53389,53389,6924,smiles,CC#CC1CCC11CN1,CC#CC1CCC12CN2,rdkit_canonicalization
qm9_cn_subset:53483,53483,6932,smiles,CC#CCC(C#C)C#N,C#CC(C#N)CC#CC,rdkit_canonicalization
qm9_cn_subset:53540,53540,6941,smiles,CC#CCC1(CC1)C#N,CC#CCC1(C#N)CC1,rdkit_canonicalization
qm9_cn_subset:53541,53541,6942,smiles,CC#CCC1(CN1)C#C,C#CC1(CC#CC)CN1,rdkit_canonicalization
qm9_cn_subset:53542,53542,6943,smiles,CC#CCC1(CN1)C#N,CC#CCC1(C#N)CN1,rdkit_canonicalization
qm9_cn_subset:53570,53570,6950,smiles,CC#CCN1C2CCC12,CC#CCN1C2CCC21,rdkit_canonicalization
qm9_cn_subset:53587,53587,6954,smiles,CC#CCC1NC1C#C,C#CC1NC1CC#CC,rdkit_canonicalization
qm9_cn_subset:53591,53591,6956,smiles,CC#CCN1CC1C#C,C#CC1CN1CC#CC,rdkit_canonicalization
qm9_cn_subset:53923,53923,6970,smiles,CC(C#N)(C#N)C(N)=N,CC(C#N)(C#N)C(=N)N,rdkit_canonicalization
qm9_cn_subset:53925,53925,6971,smiles,NC(=N)C(N)(C#C)C#N,C#CC(N)(C#N)C(=N)N,rdkit_canonicalization
qm9_cn_subset:53926,53926,6972,smiles,NC(=N)C(N)(C#N)C#N,N#CC(N)(C#N)C(=N)N,rdkit_canonicalization
qm9_cn_subset:55619,55619,6976,smiles,NC(=[NH2+])C[C-](C#N)C#N,N#C[C-](C#N)CC(N)=[NH2+],rdkit_canonicalization
qm9_cn_subset:55620,55620,6977,smiles,NC(=[NH2+])N[C-](C#N)C#N,N#C[C-](C#N)NC(N)=[NH2+],rdkit_canonicalization
qm9_cn_subset:56347,56347,6979,smiles,CC1(CC1)N=C(N)C#N,CC1(N=C(N)C#N)CC1,rdkit_canonicalization
qm9_cn_subset:56348,56348,6980,smiles,NC(=NC1CCC1)C#N,N#CC(N)=NC1CCC1,rdkit_canonicalization
qm9_cn_subset:56352,56352,6981,smiles,NC(=NCC1CC1)C#N,N#CC(N)=NCC1CC1,rdkit_canonicalization
qm9_cn_subset:56353,56353,6982,smiles,NC(=NCC1CN1)C#N,N#CC(N)=NCC1CN1,rdkit_canonicalization
qm9_cn_subset:56356,56356,6983,smiles,NC(=NCCC#C)C#N,C#CCCN=C(N)C#N,rdkit_canonicalization
qm9_cn_subset:56357,56357,6984,smiles,NC(=NCCC#N)C#N,N#CCCN=C(N)C#N,rdkit_canonicalization
qm9_cn_subset:56360,56360,6985,smiles,CC(C#C)(C#C)C1CN1,C#CC(C)(C#C)C1CN1,rdkit_canonicalization
qm9_cn_subset:56362,56362,6986,smiles,CC(C#C)(C#C)N1CC1,C#CC(C)(C#C)N1CC1,rdkit_canonicalization
qm9_cn_subset:56363,56363,6987,smiles,CC(C#C)(C#N)C1CC1,C#CC(C)(C#N)C1CC1,rdkit_canonicalization
qm9_cn_subset:56364,56364,6988,smiles,CC(C#C)(C#N)C1CN1,C#CC(C)(C#N)C1CN1,rdkit_canonicalization
qm9_cn_subset:56366,56366,6989,smiles,CC(C#C)(C#N)N1CC1,C#CC(C)(C#N)N1CC1,rdkit_canonicalization
qm9_cn_subset:56371,56371,6993,smiles,NC(C#C)(C#N)C1CC1,C#CC(N)(C#N)C1CC1,rdkit_canonicalization
qm9_cn_subset:56372,56372,6994,smiles,NC(C#C)(C#N)C1CN1,C#CC(N)(C#N)C1CN1,rdkit_canonicalization
qm9_cn_subset:56374,56374,6995,smiles,NC(C#N)(C#N)C1CC1,N#CC(N)(C#N)C1CC1,rdkit_canonicalization
qm9_cn_subset:56375,56375,6996,smiles,NC(C#N)(C#N)C1CN1,N#CC(N)(C#N)C1CN1,rdkit_canonicalization
qm9_cn_subset:56398,56398,6997,smiles,CC(C#C)C#CC1CN1,C#CC(C)C#CC1CN1,rdkit_canonicalization
qm9_cn_subset:56403,56403,7000,smiles,NC(C#N)C#CC1CC1,N#CC(N)C#CC1CC1,rdkit_canonicalization
qm9_cn_subset:56404,56404,7001,smiles,NC(C#N)C#CC1CN1,N#CC(N)C#CC1CN1,rdkit_canonicalization
qm9_cn_subset:56413,56413,7002,smiles,CC(C#C)C#CCC#N,C#CC(C)C#CCC#N,rdkit_canonicalization
qm9_cn_subset:56414,56414,7003,smiles,CC(C#N)C#CCC#C,C#CCC#CC(C)C#N,rdkit_canonicalization
qm9_cn_subset:56416,56416,7005,smiles,NC(C#N)C#CCC#C,C#CCC#CC(N)C#N,rdkit_canonicalization
qm9_cn_subset:56417,56417,7006,smiles,NC(C#N)C#CCC#N,N#CCC#CC(N)C#N,rdkit_canonicalization
qm9_cn_subset:56488,56488,7007,smiles,CC(C#C)C(C#C)C#N,C#CC(C)C(C#C)C#N,rdkit_canonicalization
qm9_cn_subset:56489,56489,7008,smiles,CC(C#C)C(C#N)C#N,C#CC(C)C(C#N)C#N,rdkit_canonicalization
qm9_cn_subset:56490,56490,7009,smiles,CC(C#N)C(C#C)C#C,C#CC(C#C)C(C)C#N,rdkit_canonicalization
qm9_cn_subset:56491,56491,7010,smiles,CC(C#N)C(C#C)C#N,C#CC(C#N)C(C)C#N,rdkit_canonicalization
qm9_cn_subset:56492,56492,7011,smiles,NC(C#C)C(C#C)C#N,C#CC(N)C(C#C)C#N,rdkit_canonicalization
qm9_cn_subset:56493,56493,7012,smiles,NC(C#N)C(C#C)C#C,C#CC(C#C)C(N)C#N,rdkit_canonicalization
qm9_cn_subset:56494,56494,7013,smiles,NC(C#N)C(C#C)C#N,C#CC(C#N)C(N)C#N,rdkit_canonicalization
qm9_cn_subset:56500,56500,7014,smiles,CC(C#C)C(C)(C)C#N,C#CC(C)C(C)(C)C#N,rdkit_canonicalization
qm9_cn_subset:56501,56501,7015,smiles,CC(C#C)C(C)(N)C#N,C#CC(C)C(C)(N)C#N,rdkit_canonicalization
qm9_cn_subset:56504,56504,7016,smiles,CC(C#N)C(C)(C)C#C,C#CC(C)(C)C(C)C#N,rdkit_canonicalization
qm9_cn_subset:56506,56506,7018,smiles,CC(C#N)C(C)(N)C#C,C#CC(C)(N)C(C)C#N,rdkit_canonicalization
qm9_cn_subset:56510,56510,7020,smiles,CC(C)(C#C)C(N)C#N,C#CC(C)(C)C(N)C#N,rdkit_canonicalization
qm9_cn_subset:56513,56513,7021,smiles,CC(C)(C#N)C(N)C#C,C#CC(N)C(C)(C)C#N,rdkit_canonicalization
qm9_cn_subset:56517,56517,7023,smiles,CC(N)(C#C)C(N)C#N,C#CC(C)(N)C(N)C#N,rdkit_canonicalization
qm9_cn_subset:56519,56519,7024,smiles,CC(N)(C#N)C(N)C#C,C#CC(N)C(C)(N)C#N,rdkit_canonicalization
qm9_cn_subset:56571,56571,7026,smiles,CC(C#C)C(C)N1CC1,C#CC(C)C(C)N1CC1,rdkit_canonicalization
qm9_cn_subset:56595,56595,7035,smiles,NC(C#N)C(N)C1CC1,N#CC(N)C(N)C1CC1,rdkit_canonicalization
qm9_cn_subset:56596,56596,7036,smiles,NC(C#N)C(N)C1CN1,N#CC(N)C(N)C1CN1,rdkit_canonicalization
qm9_cn_subset:56618,56618,7037,smiles,CC(C#C)N(C=N)C=N,C#CC(C)N(C=N)C=N,rdkit_canonicalization
qm9_cn_subset:56629,56629,7039,smiles,CC(C#C)C1(C)CN1C,C#CC(C)C1(C)CN1C,rdkit_canonicalization
qm9_cn_subset:56676,56676,7048,smiles,CC1(CCC1)C(N)C#N,CC1(C(N)C#N)CCC1,rdkit_canonicalization
qm9_cn_subset:56685,56685,7049,smiles,NC(C#N)C1(N)CCC1,N#CC(N)C1(N)CCC1,rdkit_canonicalization
qm9_cn_subset:56696,56696,7050,smiles,CC(C#C)C1(CC1)C#N,C#CC(C)C1(C#N)CC1,rdkit_canonicalization
qm9_cn_subset:56697,56697,7051,smiles,CC(C#C)C1(CN1)C#C,C#CC(C)C1(C#C)CN1,rdkit_canonicalization
qm9_cn_subset:56698,56698,7052,smiles,CC(C#C)C1(CN1)C#N,C#CC(C)C1(C#N)CN1,rdkit_canonicalization
qm9_cn_subset:56701,56701,7053,smiles,CC(C#N)C1(CC1)C#C,C#CC1(C(C)C#N)CC1,rdkit_canonicalization
qm9_cn_subset:56702,56702,7054,smiles,CC(C#N)C1(CC1)C#N,CC(C#N)C1(C#N)CC1,rdkit_canonicalization
qm9_cn_subset:56703,56703,7055,smiles,CC(C#N)C1(CN1)C#C,C#CC1(C(C)C#N)CN1,rdkit_canonicalization
qm9_cn_subset:56704,56704,7056,smiles,CC(C#N)C1(CN1)C#N,CC(C#N)C1(C#N)CN1,rdkit_canonicalization
qm9_cn_subset:56707,56707,7057,smiles,NC(C#C)C1(CC1)C#N,C#CC(N)C1(C#N)CC1,rdkit_canonicalization
qm9_cn_subset:56708,56708,7058,smiles,NC(C#C)C1(CN1)C#N,C#CC(N)C1(C#N)CN1,rdkit_canonicalization
qm9_cn_subset:56710,56710,7059,smiles,NC(C#N)C1(CC1)C#C,C#CC1(C(N)C#N)CC1,rdkit_canonicalization
qm9_cn_subset:56711,56711,7060,smiles,NC(C#N)C1(CC1)C#N,N#CC(N)C1(C#N)CC1,rdkit_canonicalization
qm9_cn_subset:56712,56712,7061,smiles,NC(C#N)C1(CN1)C#C,C#CC1(C(N)C#N)CN1,rdkit_canonicalization
qm9_cn_subset:56713,56713,7062,smiles,NC(C#N)C1(CN1)C#N,N#CC(N)C1(C#N)CN1,rdkit_canonicalization
qm9_cn_subset:56742,56742,7063,smiles,CC(C#C)C12CN(C1)C2,C#CC(C)C12CN(C1)C2,rdkit_canonicalization
qm9_cn_subset:56746,56746,7066,smiles,NC(C#N)C12CC(C1)C2,N#CC(N)C12CC(C1)C2,rdkit_canonicalization
qm9_cn_subset:56747,56747,7067,smiles,NC(C#N)C12CC(C1)N2,N#CC(N)C12CC(C1)N2,rdkit_canonicalization
qm9_cn_subset:56749,56749,7068,smiles,NC(C#N)C12CN(C1)C2,N#CC(N)C12CN(C1)C2,rdkit_canonicalization
qm9_cn_subset:56760,56760,7069,smiles,CC(C#C)C12CCC1N2,C#CC(C)C12CCC1N2,rdkit_canonicalization
qm9_cn_subset:56762,56762,7070,smiles,CC(C#N)C12CC1CC2,CC(C#N)C12CCC1C2,rdkit_canonicalization
qm9_cn_subset:56767,56767,7072,smiles,CC(C#N)C12CN1CC2,CC(C#N)C12CCN1C2,rdkit_canonicalization
qm9_cn_subset:56768,56768,7073,smiles,NC(C#N)C12CC1CC2,N#CC(N)C12CCC1C2,rdkit_canonicalization
qm9_cn_subset:56769,56769,7074,smiles,NC(C#N)C12CC1CN2,N#CC(N)C12CC1CN2,rdkit_canonicalization
qm9_cn_subset:56772,56772,7075,smiles,NC(C#N)C12CCC1N2,N#CC(N)C12CCC1N2,rdkit_canonicalization
qm9_cn_subset:56774,56774,7076,smiles,NC(C#N)C12CN1CC2,N#CC(N)C12CCN1C2,rdkit_canonicalization
qm9_cn_subset:56795,56795,7078,smiles,NC(C#N)C1=CCCC1,N#CC(N)C1=CCCC1,rdkit_canonicalization
qm9_cn_subset:56797,56797,7079,smiles,NC(C#N)C1=NCCN1,N#CC(N)C1=NCCN1,rdkit_canonicalization
qm9_cn_subset:56809,56809,7080,smiles,CC(C#C)C1C(C)N1C,C#CC(C)C1C(C)N1C,rdkit_canonicalization
qm9_cn_subset:56811,56811,7081,smiles,CC(C#C)N1C(C)C1C,C#CC(C)N1C(C)C1C,rdkit_canonicalization
qm9_cn_subset:56835,56835,7090,smiles,NC(C#N)C1C2CC1C2,N#CC(N)C1C2CC1C2,rdkit_canonicalization
qm9_cn_subset:56837,56837,7091,smiles,NC(C#N)C1C2CN1C2,N#CC(N)C1C2CN1C2,rdkit_canonicalization
qm9_cn_subset:56846,56846,7092,smiles,CC(C#C)N1C2CCC12,C#CC(C)N1C2CCC21,rdkit_canonicalization
qm9_cn_subset:56847,56847,7093,smiles,CC(C#N)C1C2CCC12,CC(C#N)C1C2CCC21,rdkit_canonicalization
qm9_cn_subset:56848,56848,7094,smiles,CC(C#N)C1C2CCN12,CC(C#N)C1C2CCN21,rdkit_canonicalization
qm9_cn_subset:56850,56850,7095,smiles,CC(C#N)N1C2CCC12,CC(C#N)N1C2CCC21,rdkit_canonicalization
qm9_cn_subset:56851,56851,7096,smiles,NC(C#N)C1C2CCC12,N#CC(N)C1C2CCC21,rdkit_canonicalization
qm9_cn_subset:56852,56852,7097,smiles,NC(C#N)C1C2CCN12,N#CC(N)C1C2CCN21,rdkit_canonicalization
qm9_cn_subset:56885,56885,7098,smiles,CC(C#N)C1CC(C)C1,CC1CC(C(C)C#N)C1,rdkit_canonicalization
qm9_cn_subset:56888,56888,7099,smiles,CC(C#N)N1CC(C)C1,CC1CN(C(C)C#N)C1,rdkit_canonicalization
qm9_cn_subset:56890,56890,7100,smiles,CC1CC(C1)C(N)C#N,CC1CC(C(N)C#N)C1,rdkit_canonicalization
qm9_cn_subset:56903,56903,7101,smiles,CC(C#C)N1CC1(C)C,C#CC(C)N1CC1(C)C,rdkit_canonicalization
qm9_cn_subset:56922,56922,7107,smiles,CC(C#C)C1CC1C#N,C#CC(C)C1CC1C#N,rdkit_canonicalization
qm9_cn_subset:56923,56923,7108,smiles,CC(C#C)C1NC1C#C,C#CC(C)C1NC1C#C,rdkit_canonicalization
qm9_cn_subset:56924,56924,7109,smiles,CC(C#C)C1NC1C#N,C#CC(C)C1NC1C#N,rdkit_canonicalization
qm9_cn_subset:56927,56927,7110,smiles,CC(C#C)N1CC1C#C,C#CC(C)N1CC1C#C,rdkit_canonicalization
qm9_cn_subset:56928,56928,7111,smiles,CC(C#C)N1CC1C#N,C#CC(C)N1CC1C#N,rdkit_canonicalization
qm9_cn_subset:56929,56929,7112,smiles,CC(C#N)C1CC1C#C,C#CC1CC1C(C)C#N,rdkit_canonicalization
qm9_cn_subset:56931,56931,7114,smiles,CC(C#N)C1NC1C#C,C#CC1NC1C(C)C#N,rdkit_canonicalization
qm9_cn_subset:56935,56935,7116,smiles,CC(C#N)N1CC1C#C,C#CC1CN1C(C)C#N,rdkit_canonicalization
qm9_cn_subset:56937,56937,7118,smiles,NC(C#N)C1CC1C#C,C#CC1CC1C(N)C#N,rdkit_canonicalization
qm9_cn_subset:56938,56938,7119,smiles,NC(C#N)C1CC1C#N,N#CC(N)C1CC1C#N,rdkit_canonicalization
qm9_cn_subset:56939,56939,7120,smiles,NC(C#N)C1NC1C#C,C#CC1NC1C(N)C#N,rdkit_canonicalization
qm9_cn_subset:56940,56940,7121,smiles,NC(C#N)C1NC1C#N,N#CC(N)C1NC1C#N,rdkit_canonicalization
qm9_cn_subset:56977,56977,7122,smiles,CC(C#N)C1CC2CC12,CC(C#N)C1CC2CC21,rdkit_canonicalization
qm9_cn_subset:56978,56978,7123,smiles,CC(C#N)C1CC2CN12,CC(C#N)C1CC2CN21,rdkit_canonicalization
qm9_cn_subset:56979,56979,7124,smiles,CC(C#N)C1CC2NC12,CC(C#N)C1CC2NC21,rdkit_canonicalization
qm9_cn_subset:56983,56983,7126,smiles,CC(C#N)N1CC2CC12,CC(C#N)N1CC2CC21,rdkit_canonicalization
qm9_cn_subset:56984,56984,7127,smiles,NC(C#N)C1CC2CC12,N#CC(N)C1CC2CC21,rdkit_canonicalization
qm9_cn_subset:56985,56985,7128,smiles,NC(C#N)C1CC2CN12,N#CC(N)C1CC2CN21,rdkit_canonicalization
qm9_cn_subset:56986,56986,7129,smiles,NC(C#N)C1CC2NC12,N#CC(N)C1CC2NC21,rdkit_canonicalization
qm9_cn_subset:56988,56988,7130,smiles,NC(C#N)C1CN2CC12,N#CC(N)C1CN2CC12,rdkit_canonicalization
qm9_cn_subset:56989,56989,7131,smiles,NC(C#N)C1NC2CC12,N#CC(N)C1NC2CC21,rdkit_canonicalization
qm9_cn_subset:57009,57009,7134,smiles,NC(C#N)C1CC=CC1,N#CC(N)C1CC=CC1,rdkit_canonicalization
qm9_cn_subset:57079,57079,7140,smiles,CC(C#N)C1CCC=C1,CC(C#N)C1C=CCC1,rdkit_canonicalization
qm9_cn_subset:57082,57082,7141,smiles,CC(C#N)N1CCN=C1,CC(C#N)N1C=NCC1,rdkit_canonicalization
qm9_cn_subset:57083,57083,7142,smiles,NC(C#N)C1CCC=C1,N#CC(N)C1C=CCC1,rdkit_canonicalization
qm9_cn_subset:57103,57103,7145,smiles,NC(C#N)C1CCCC1,N#CC(N)C1CCCC1,rdkit_canonicalization
qm9_cn_subset:57130,57130,7146,smiles,CC(C#CC#C)C1CN1,C#CC#CC(C)C1CN1,rdkit_canonicalization
qm9_cn_subset:57132,57132,7147,smiles,CC(C#CC#C)N1CC1,C#CC#CC(C)N1CC1,rdkit_canonicalization
qm9_cn_subset:57137,57137,7151,smiles,NC(C#CC#N)C1CN1,N#CC#CC(N)C1CN1,rdkit_canonicalization
qm9_cn_subset:57225,57225,7152,smiles,CC(C)(C#C)C#CC#N,C#CC(C)(C)C#CC#N,rdkit_canonicalization
qm9_cn_subset:57226,57226,7153,smiles,CC(C)(C#N)C#CC#C,C#CC#CC(C)(C)C#N,rdkit_canonicalization
qm9_cn_subset:57228,57228,7155,smiles,CC(N)(C#C)C#CC#N,C#CC(C)(N)C#CC#N,rdkit_canonicalization
qm9_cn_subset:57229,57229,7156,smiles,CC(N)(C#N)C#CC#C,C#CC#CC(C)(N)C#N,rdkit_canonicalization
qm9_cn_subset:57323,57323,7168,smiles,CC(C)(C)C(C#C)C#N,C#CC(C#N)C(C)(C)C,rdkit_canonicalization
qm9_cn_subset:57361,57361,7173,smiles,CC(C)(C)C1(CC1)C#N,CC(C)(C)C1(C#N)CC1,rdkit_canonicalization
qm9_cn_subset:57362,57362,7174,smiles,CC(C)(C)C1(CN1)C#C,C#CC1(C(C)(C)C)CN1,rdkit_canonicalization
qm9_cn_subset:57363,57363,7175,smiles,CC(C)(C)C1(CN1)C#N,CC(C)(C)C1(C#N)CN1,rdkit_canonicalization
qm9_cn_subset:57388,57388,7177,smiles,CC(C)(C)C12CN1CC2,CC(C)(C)C12CCN1C2,rdkit_canonicalization
qm9_cn_subset:57406,57406,7178,smiles,CC(C)(C)C1C2CCN12,CC(C)(C)C1C2CCN21,rdkit_canonicalization
qm9_cn_subset:57429,57429,7180,smiles,CC(C)(C)C1NC1C#C,C#CC1NC1C(C)(C)C,rdkit_canonicalization
qm9_cn_subset:57433,57433,7182,smiles,CC(C)(C)N1CC1C#C,C#CC1CN1C(C)(C)C,rdkit_canonicalization
qm9_cn_subset:57451,57451,7184,smiles,CC(C)(C)C1CC2CN12,CC(C)(C)C1CC2CN21,rdkit_canonicalization
qm9_cn_subset:57605,57605,7190,smiles,CC(C)(CC#C)N1CC1,C#CCC(C)(C)N1CC1,rdkit_canonicalization
qm9_cn_subset:57617,57617,7194,smiles,CC(C)(CC#C)CC#N,C#CCC(C)(C)CC#N,rdkit_canonicalization
qm9_cn_subset:57624,57624,7197,smiles,CC(C)(CC1CC1)C#N,CC(C)(C#N)CC1CC1,rdkit_canonicalization
qm9_cn_subset:57625,57625,7198,smiles,CC(C)(CC1CN1)C#N,CC(C)(C#N)CC1CN1,rdkit_canonicalization
qm9_cn_subset:57628,57628,7199,smiles,CC(C)(CN1CC1)C#C,C#CC(C)(C)CN1CC1,rdkit_canonicalization
qm9_cn_subset:57629,57629,7200,smiles,CC(C)(CN1CC1)C#N,CC(C)(C#N)CN1CC1,rdkit_canonicalization
qm9_cn_subset:57630,57630,7201,smiles,CC(C)(NC1CC1)C#N,CC(C)(C#N)NC1CC1,rdkit_canonicalization
qm9_cn_subset:57633,57633,7202,smiles,CC(N)(CC1CC1)C#N,CC(N)(C#N)CC1CC1,rdkit_canonicalization
qm9_cn_subset:57634,57634,7203,smiles,CC(N)(CC1CN1)C#N,CC(N)(C#N)CC1CN1,rdkit_canonicalization
qm9_cn_subset:57636,57636,7204,smiles,CC(N)(CN1CC1)C#N,CC(N)(C#N)CN1CC1,rdkit_canonicalization
qm9_cn_subset:57682,57682,7205,smiles,CC(C)(CCC#C)C#N,C#CCCC(C)(C)C#N,rdkit_canonicalization
qm9_cn_subset:57683,57683,7206,smiles,CC(C)(CCC#N)C#C,C#CC(C)(C)CCC#N,rdkit_canonicalization
qm9_cn_subset:57684,57684,7207,smiles,CC(C)(CCC#N)C#N,CC(C)(C#N)CCC#N,rdkit_canonicalization
qm9_cn_subset:57685,57685,7208,smiles,CC(C)(NCC#C)C#N,C#CCNC(C)(C)C#N,rdkit_canonicalization
qm9_cn_subset:57686,57686,7209,smiles,CC(C)(NCC#N)C#C,C#CC(C)(C)NCC#N,rdkit_canonicalization
qm9_cn_subset:57687,57687,7210,smiles,CC(C)(NCC#N)C#N,CC(C)(C#N)NCC#N,rdkit_canonicalization
qm9_cn_subset:57692,57692,7211,smiles,CC(N)(CCC#C)C#N,C#CCCC(C)(N)C#N,rdkit_canonicalization
qm9_cn_subset:57693,57693,7212,smiles,CC(N)(CCC#N)C#N,CC(N)(C#N)CCC#N,rdkit_canonicalization
qm9_cn_subset:57737,57737,7214,smiles,NC(N)=[NH+][C-](C#C)C#N,C#C[C-](C#N)[NH+]=C(N)N,rdkit_canonicalization
qm9_cn_subset:58045,58045,7227,smiles,CC(C)C(C#C)N1CC1,C#CC(C(C)C)N1CC1,rdkit_canonicalization
qm9_cn_subset:58063,58063,7234,smiles,CC(C)C(C)(C#C)C#N,C#CC(C)(C#N)C(C)C,rdkit_canonicalization
qm9_cn_subset:58065,58065,7236,smiles,CC(C)C(N)(C#C)C#N,C#CC(N)(C#N)C(C)C,rdkit_canonicalization
qm9_cn_subset:58071,58071,7239,smiles,CC(N)C(N)(C#C)C#N,C#CC(N)(C#N)C(C)N,rdkit_canonicalization
qm9_cn_subset:58083,58083,7241,smiles,CN(C)C(C)(C#C)C#N,C#CC(C)(C#N)N(C)C,rdkit_canonicalization
qm9_cn_subset:58366,58366,7255,smiles,CC(C)C(CC#C)C#N,C#CCC(C#N)C(C)C,rdkit_canonicalization
qm9_cn_subset:58367,58367,7256,smiles,CC(C)C(CC#N)C#C,C#CC(CC#N)C(C)C,rdkit_canonicalization
qm9_cn_subset:58368,58368,7257,smiles,CC(C)C(CC#N)C#N,CC(C)C(C#N)CC#N,rdkit_canonicalization
qm9_cn_subset:58369,58369,7258,smiles,CC(N)C(CC#N)C#N,CC(N)C(C#N)CC#N,rdkit_canonicalization
qm9_cn_subset:58374,58374,7259,smiles,CN(C)C(CC#C)C#N,C#CCC(C#N)N(C)C,rdkit_canonicalization
qm9_cn_subset:58375,58375,7260,smiles,CN(C)C(C#C)CC#N,C#CC(CC#N)N(C)C,rdkit_canonicalization
qm9_cn_subset:58376,58376,7261,smiles,CN(C)C(CC#N)C#N,CN(C)C(C#N)CC#N,rdkit_canonicalization
qm9_cn_subset:58480,58480,7263,smiles,CC(C)C1(C)NC1C#C,C#CC1NC1(C)C(C)C,rdkit_canonicalization
qm9_cn_subset:58506,58506,7266,smiles,CC(C)C1(C)CC2NC12,CC(C)C1(C)CC2NC21,rdkit_canonicalization
qm9_cn_subset:58508,58508,7267,smiles,CC(C)C1(C)CN2CC12,CC(C)C1(C)CN2CC21,rdkit_canonicalization
qm9_cn_subset:58631,58631,7271,smiles,CC(C)C1(CC1)N1CC1,CC(C)C1(N2CC2)CC1,rdkit_canonicalization
qm9_cn_subset:58632,58632,7272,smiles,CC(C)C1(CN1)C1CN1,CC(C)C1(C2CN2)CN1,rdkit_canonicalization
qm9_cn_subset:58648,58648,7273,smiles,CC(C)C1(CC1C)C#N,CC(C)C1(C#N)CC1C,rdkit_canonicalization
qm9_cn_subset:58651,58651,7274,smiles,CC(C)C1(CN1C)C#C,C#CC1(C(C)C)CN1C,rdkit_canonicalization
qm9_cn_subset:58652,58652,7275,smiles,CC(C)C1(CN1C)C#N,CC(C)C1(C#N)CN1C,rdkit_canonicalization
qm9_cn_subset:58653,58653,7276,smiles,CC(C)C1(NC1C)C#C,C#CC1(C(C)C)NC1C,rdkit_canonicalization
qm9_cn_subset:58654,58654,7277,smiles,CC(C)C1(NC1C)C#N,CC(C)C1(C#N)NC1C,rdkit_canonicalization
qm9_cn_subset:58657,58657,7278,smiles,CC(N)C1(CN1C)C#N,CC(N)C1(C#N)CN1C,rdkit_canonicalization
qm9_cn_subset:58658,58658,7279,smiles,CC(N)C1(NC1C)C#N,CC(N)C1(C#N)NC1C,rdkit_canonicalization
qm9_cn_subset:58672,58672,7281,smiles,CN(C)C1(CC1N)C#N,CN(C)C1(C#N)CC1N,rdkit_canonicalization
qm9_cn_subset:58696,58696,7282,smiles,CC(C)C1(CCC1)C#N,CC(C)C1(C#N)CCC1,rdkit_canonicalization
qm9_cn_subset:58697,58697,7283,smiles,CC(C)C1(CCN1)C#N,CC(C)C1(C#N)CCN1,rdkit_canonicalization
qm9_cn_subset:58702,58702,7284,smiles,CC(N)C1(CCN1)C#N,CC(N)C1(C#N)CCN1,rdkit_canonicalization
qm9_cn_subset:58711,58711,7285,smiles,CN(C)C1(CCC1)C#N,CN(C)C1(C#N)CCC1,rdkit_canonicalization
qm9_cn_subset:58712,58712,7286,smiles,CN(C)C1(CNC1)C#N,CN(C)C1(C#N)CNC1,rdkit_canonicalization
qm9_cn_subset:58722,58722,7287,smiles,CC(C)C12C3C4C(C13)N24,CC(C)C12C3C4C(C31)N42,rdkit_canonicalization
qm9_cn_subset:58723,58723,7288,smiles,CC(C)C12C3C4C1N4C23,CC(C)C12C3C4C1N4C32,rdkit_canonicalization
qm9_cn_subset:58725,58725,7289,smiles,CC(C)C12C3C4C3N1C24,CC(C)C12C3C4C3N1C42,rdkit_canonicalization
qm9_cn_subset:58731,58731,7290,smiles,CC(C)C12C3CC1CN23,CC(C)C12C3CC1N2C3,rdkit_canonicalization
qm9_cn_subset:58815,58815,7292,smiles,CC(C)C12CC1C1CN21,CC(C)C12CC1C1CN12,rdkit_canonicalization
qm9_cn_subset:58816,58816,7293,smiles,CC(C)C12CC1C1NC21,CC(C)C12CC1C1NC12,rdkit_canonicalization
qm9_cn_subset:58818,58818,7294,smiles,CC(C)C12CC1N1CC21,CC(C)C12CC1N1CC12,rdkit_canonicalization
qm9_cn_subset:58819,58819,7295,smiles,CC(C)C12CN1C1CC21,CC(C)C12CN1C1CC12,rdkit_canonicalization
qm9_cn_subset:58820,58820,7296,smiles,CC(C)C12NC1C1NC21,CC(C)C12NC1C1NC12,rdkit_canonicalization
qm9_cn_subset:58881,58881,7298,smiles,CC(C)C12NC1CC=C2,CC(C)C12C=CCC1N2,rdkit_canonicalization
qm9_cn_subset:58907,58907,7299,smiles,CC(C)C12CC3C(C1)N23,CC(C)C12CC3C(C1)N32,rdkit_canonicalization
qm9_cn_subset:58915,58915,7301,smiles,CC(C)C12CC3C1CN23,CC(C)C12CC3C1CN32,rdkit_canonicalization
qm9_cn_subset:58917,58917,7302,smiles,CC(C)C12CN3C1CC23,CC(C)C12CN3C1CC32,rdkit_canonicalization
qm9_cn_subset:58918,58918,7303,smiles,CC(C)C12NC3C1NC23,CC(C)C12NC3C1NC32,rdkit_canonicalization
qm9_cn_subset:58933,58933,7304,smiles,CC(C)C12CC3CC1N23,CC(C)C12CC3CC1N32,rdkit_canonicalization
qm9_cn_subset:58934,58934,7305,smiles,CC(C)C12CC3CN1C23,CC(C)C12CC3CN1C32,rdkit_canonicalization
qm9_cn_subset:58936,58936,7306,smiles,CC(C)C12CN3CC1C23,CC(C)C12CN3CC1C32,rdkit_canonicalization
qm9_cn_subset:59064,59064,7310,smiles,CC(C)C1C(C#C)N1C,C#CC1C(C(C)C)N1C,rdkit_canonicalization
qm9_cn_subset:59070,59070,7313,smiles,CC(C)N1C(C)C1C#C,C#CC1C(C)N1C(C)C,rdkit_canonicalization
qm9_cn_subset:59117,59117,7317,smiles,CC(C)C1C2C3C1CN23,CC(C)C1C2CN3C2C13,rdkit_canonicalization
qm9_cn_subset:59119,59119,7318,smiles,CC(C)C1C2C3CC1N23,CC(C)C1C2CC3C1N23,rdkit_canonicalization
qm9_cn_subset:59121,59121,7319,smiles,CC(C)C1C2CC3C2N13,CC(C)C1C2CC3C2N31,rdkit_canonicalization
qm9_cn_subset:59129,59129,7320,smiles,CC(C)C1C2C3CC2N13,CC(C)C1C2C3CC2N31,rdkit_canonicalization
qm9_cn_subset:59130,59130,7321,smiles,CC(C)C1C2C3CN2C13,CC(C)C1C2C3CN2C31,rdkit_canonicalization
qm9_cn_subset:59132,59132,7322,smiles,CC(C)N1C2C3CC2C13,CC(C)N1C2C3CC2C31,rdkit_canonicalization
qm9_cn_subset:59133,59133,7323,smiles,CC(C)N1C2C3NC2C13,CC(C)N1C2C3NC2C31,rdkit_canonicalization
qm9_cn_subset:59144,59144,7327,smiles,CC(C)N1C2C3CC3C12,CC(C)N1C2C3CC3C21,rdkit_canonicalization
qm9_cn_subset:59145,59145,7328,smiles,CC(C)N1C2C3NC3C12,CC(C)N1C2C3NC3C21,rdkit_canonicalization
qm9_cn_subset:59275,59275,7329,smiles,CC(C)C1C=CC2NC12,CC(C)C1C=CC2NC21,rdkit_canonicalization
qm9_cn_subset:59372,59372,7332,smiles,CC(C)C1CC(C1)C#N,CC(C)C1CC(C#N)C1,rdkit_canonicalization
qm9_cn_subset:59373,59373,7333,smiles,CC(C)C1CC(N1)C#N,CC(C)C1CC(C#N)N1,rdkit_canonicalization
qm9_cn_subset:59376,59376,7334,smiles,CC(C)N1CC(C1)C#N,CC(C)N1CC(C#N)C1,rdkit_canonicalization
qm9_cn_subset:59393,59393,7337,smiles,CC(C)C1NC1(C)C#C,C#CC1(C)NC1C(C)C,rdkit_canonicalization
qm9_cn_subset:59397,59397,7339,smiles,CC(C)N1CC1(C)C#C,C#CC1(C)CN1C(C)C,rdkit_canonicalization
qm9_cn_subset:59487,59487,7348,smiles,CC(C)C1CN1CC#C,C#CCN1CC1C(C)C,rdkit_canonicalization
qm9_cn_subset:59492,59492,7351,smiles,CC(C)N1CC1CC#C,C#CCC1CN1C(C)C,rdkit_canonicalization
qm9_cn_subset:59925,59925,7361,smiles,CC(C)CC(C#C)C#N,C#CC(C#N)CC(C)C,rdkit_canonicalization
qm9_cn_subset:59927,59927,7363,smiles,CC(C)NC(C#C)C#N,C#CC(C#N)NC(C)C,rdkit_canonicalization
qm9_cn_subset:59935,59935,7366,smiles,CN(C)CC(C#C)C#N,C#CC(C#N)CN(C)C,rdkit_canonicalization
qm9_cn_subset:60069,60069,7375,smiles,CC(C)CC1(CC1)C#N,CC(C)CC1(C#N)CC1,rdkit_canonicalization
qm9_cn_subset:60070,60070,7376,smiles,CC(C)CC1(CN1)C#C,C#CC1(CC(C)C)CN1,rdkit_canonicalization
qm9_cn_subset:60071,60071,7377,smiles,CC(C)CC1(CN1)C#N,CC(C)CC1(C#N)CN1,rdkit_canonicalization
qm9_cn_subset:60074,60074,7378,smiles,CC(C)NC1(CC1)C#N,CC(C)NC1(C#N)CC1,rdkit_canonicalization
qm9_cn_subset:60083,60083,7379,smiles,CN(C)CC1(CC1)C#N,CN(C)CC1(C#N)CC1,rdkit_canonicalization
qm9_cn_subset:60084,60084,7380,smiles,CN(C)CC1(CN1)C#N,CN(C)CC1(C#N)CN1,rdkit_canonicalization
qm9_cn_subset:60180,60180,7384,smiles,CC(C)CC1NC1C#C,C#CC1NC1CC(C)C,rdkit_canonicalization
qm9_cn_subset:60184,60184,7386,smiles,CC(C)CN1CC1C#C,C#CC1CN1CC(C)C,rdkit_canonicalization
qm9_cn_subset:60507,60507,7399,smiles,CN(C1CC1)C(=N)C#N,CN(C(=N)C#N)C1CC1,rdkit_canonicalization
qm9_cn_subset:60661,60661,7404,smiles,CC(N=C(N)C#C)C#N,C#CC(N)=NC(C)C#N,rdkit_canonicalization
qm9_cn_subset:60662,60662,7405,smiles,CC(N=C(N)C#N)C#C,C#CC(C)N=C(N)C#N,rdkit_canonicalization
qm9_cn_subset:60663,60663,7406,smiles,CC(N=C(N)C#N)C#N,CC(C#N)N=C(N)C#N,rdkit_canonicalization
qm9_cn_subset:61097,61097,7408,smiles,CC(CC#C)(C#C)C#N,C#CCC(C)(C#C)C#N,rdkit_canonicalization
qm9_cn_subset:61098,61098,7409,smiles,CC(CC#C)(C#N)C#N,C#CCC(C)(C#N)C#N,rdkit_canonicalization
qm9_cn_subset:61099,61099,7410,smiles,CC(C#C)(C#C)CC#N,C#CC(C)(C#C)CC#N,rdkit_canonicalization
qm9_cn_subset:61100,61100,7411,smiles,CC(CC#N)(C#C)C#N,C#CC(C)(C#N)CC#N,rdkit_canonicalization
qm9_cn_subset:61101,61101,7412,smiles,CC(CC#N)(C#N)C#N,CC(C#N)(C#N)CC#N,rdkit_canonicalization
qm9_cn_subset:61102,61102,7413,smiles,NC(CC#C)(C#C)C#N,C#CCC(N)(C#C)C#N,rdkit_canonicalization
qm9_cn_subset:61103,61103,7414,smiles,NC(CC#C)(C#N)C#N,C#CCC(N)(C#N)C#N,rdkit_canonicalization
qm9_cn_subset:61104,61104,7415,smiles,NC(C#C)(C#C)CC#N,C#CC(N)(C#C)CC#N,rdkit_canonicalization
qm9_cn_subset:61105,61105,7416,smiles,NC(CC#N)(C#C)C#N,C#CC(N)(C#N)CC#N,rdkit_canonicalization
qm9_cn_subset:61106,61106,7417,smiles,NC(CC#N)(C#N)C#N,N#CCC(N)(C#N)C#N,rdkit_canonicalization
qm9_cn_subset:61125,61125,7418,smiles,NC(CC#N)=NCC#C,C#CCN=C(N)CC#N,rdkit_canonicalization
qm9_cn_subset:61126,61126,7419,smiles,NC(CC#N)=NCC#N,N#CCN=C(N)CC#N,rdkit_canonicalization
qm9_cn_subset:61128,61128,7420,smiles,CC(CC#C)C#CC#N,C#CCC(C)C#CC#N,rdkit_canonicalization
qm9_cn_subset:61129,61129,7421,smiles,CC(CC#N)C#CC#C,C#CC#CC(C)CC#N,rdkit_canonicalization
qm9_cn_subset:61130,61130,7422,smiles,CC(CC#N)C#CC#N,CC(C#CC#N)CC#N,rdkit_canonicalization
qm9_cn_subset:61131,61131,7423,smiles,NC(CC#N)C#CC#C,C#CC#CC(N)CC#N,rdkit_canonicalization
qm9_cn_subset:61132,61132,7424,smiles,NC(CC#N)C#CC#N,N#CC#CC(N)CC#N,rdkit_canonicalization
qm9_cn_subset:61145,61145,7425,smiles,CN(CC#C)C(=N)C#N,C#CCN(C)C(=N)C#N,rdkit_canonicalization
qm9_cn_subset:61174,61174,7429,smiles,CC(C#C)N(C)CC#N,C#CC(C)N(C)CC#N,rdkit_canonicalization
qm9_cn_subset:61178,61178,7431,smiles,CC(C#N)N(C)CC#C,C#CCN(C)C(C)C#N,rdkit_canonicalization
qm9_cn_subset:61181,61181,7433,smiles,CC(CC#C)C(C)C#N,C#CCC(C)C(C)C#N,rdkit_canonicalization
qm9_cn_subset:61182,61182,7434,smiles,CC(CC#C)C(N)C#N,C#CCC(C)C(N)C#N,rdkit_canonicalization
qm9_cn_subset:61185,61185,7435,smiles,CC(CC#N)C(C)C#C,C#CC(C)C(C)CC#N,rdkit_canonicalization
qm9_cn_subset:61186,61186,7436,smiles,CC(CC#N)C(C)C#N,CC(C#N)C(C)CC#N,rdkit_canonicalization
qm9_cn_subset:61192,61192,7438,smiles,NC(CC#C)C(N)C#N,C#CCC(N)C(N)C#N,rdkit_canonicalization
qm9_cn_subset:61194,61194,7439,smiles,NC(CC#N)C(N)C#N,N#CCC(N)C(N)C#N,rdkit_canonicalization
qm9_cn_subset:61222,61222,7442,smiles,CC1(CN1)C(N)CC#N,CC1(C(N)CC#N)CN1,rdkit_canonicalization
qm9_cn_subset:61232,61232,7444,smiles,CC(CC#C)C1CN1C,C#CCC(C)C1CN1C,rdkit_canonicalization
qm9_cn_subset:61234,61234,7445,smiles,CC(CC#C)N1CC1C,C#CCC(C)N1CC1C,rdkit_canonicalization
qm9_cn_subset:61300,61300,7456,smiles,CC(CC#C)CN1CC1,C#CCC(C)CN1CC1,rdkit_canonicalization
qm9_cn_subset:61309,61309,7461,smiles,NC(CC#N)CN1CC1,N#CCC(N)CN1CC1,rdkit_canonicalization
qm9_cn_subset:61317,61317,7462,smiles,CC(CC#CC#C)C#N,C#CC#CCC(C)C#N,rdkit_canonicalization
qm9_cn_subset:61318,61318,7463,smiles,CC(CC#CC#N)C#C,C#CC(C)CC#CC#N,rdkit_canonicalization
qm9_cn_subset:61319,61319,7464,smiles,CC(CC#CC#N)C#N,CC(C#N)CC#CC#N,rdkit_canonicalization
qm9_cn_subset:61320,61320,7465,smiles,NC(CC#CC#C)C#N,C#CC#CCC(N)C#N,rdkit_canonicalization
qm9_cn_subset:61321,61321,7466,smiles,NC(CC#CC#N)C#N,N#CC#CCC(N)C#N,rdkit_canonicalization
qm9_cn_subset:61343,61343,7467,smiles,CC(NC(=N)C#N)C#C,C#CC(C)NC(=N)C#N,rdkit_canonicalization
qm9_cn_subset:61344,61344,7468,smiles,CC(NC(=N)C#N)C#N,CC(C#N)NC(=N)C#N,rdkit_canonicalization
qm9_cn_subset:61395,61395,7470,smiles,CC(CC(C)(C)C)C#N,CC(C#N)CC(C)(C)C,rdkit_canonicalization
qm9_cn_subset:61398,61398,7471,smiles,CC(NC(C)(C)C)C#N,CC(C#N)NC(C)(C)C,rdkit_canonicalization
qm9_cn_subset:61472,61472,7472,smiles,CC(CC(C)C#N)C#C,C#CC(C)CC(C)C#N,rdkit_canonicalization
qm9_cn_subset:61473,61473,7473,smiles,CC(CC(C)C#N)C#N,CC(C#N)CC(C)C#N,rdkit_canonicalization
qm9_cn_subset:61474,61474,7474,smiles,CC(CC(N)C#N)C#C,C#CC(C)CC(N)C#N,rdkit_canonicalization
qm9_cn_subset:61475,61475,7475,smiles,CC(CC(N)C#N)C#N,CC(C#N)CC(N)C#N,rdkit_canonicalization
qm9_cn_subset:61480,61480,7476,smiles,CC(NC(C)C#N)C#C,C#CC(C)NC(C)C#N,rdkit_canonicalization
qm9_cn_subset:61481,61481,7477,smiles,CC(NC(C)C#N)C#N,CC(C#N)NC(C)C#N,rdkit_canonicalization
qm9_cn_subset:61485,61485,7478,smiles,NC(CC(N)C#N)C#N,N#CC(N)CC(N)C#N,rdkit_canonicalization
qm9_cn_subset:61515,61515,7479,smiles,CC(CC1(C)CC1)C#N,CC(C#N)CC1(C)CC1,rdkit_canonicalization
qm9_cn_subset:61516,61516,7480,smiles,CC(CC1(C)CN1)C#N,CC(C#N)CC1(C)CN1,rdkit_canonicalization
qm9_cn_subset:61521,61521,7481,smiles,CC(NC1(C)CC1)C#N,CC(C#N)NC1(C)CC1,rdkit_canonicalization
qm9_cn_subset:61599,61599,7487,smiles,CC(CC1CC1C)C#N,CC(C#N)CC1CC1C,rdkit_canonicalization
qm9_cn_subset:61602,61602,7488,smiles,CC(CC1CN1C)C#C,C#CC(C)CC1CN1C,rdkit_canonicalization
qm9_cn_subset:61603,61603,7489,smiles,CC(CC1CN1C)C#N,CC(C#N)CC1CN1C,rdkit_canonicalization
qm9_cn_subset:61604,61604,7490,smiles,CC(CC1NC1C)C#N,CC(C#N)CC1NC1C,rdkit_canonicalization
qm9_cn_subset:61607,61607,7491,smiles,CC(CN1CC1C)C#C,C#CC(C)CN1CC1C,rdkit_canonicalization
qm9_cn_subset:61608,61608,7492,smiles,CC(CN1CC1C)C#N,CC(C#N)CN1CC1C,rdkit_canonicalization
qm9_cn_subset:61609,61609,7493,smiles,CC(NC1CC1C)C#N,CC(C#N)NC1CC1C,rdkit_canonicalization
qm9_cn_subset:61652,61652,7498,smiles,CC(CC1CCC1)C#N,CC(C#N)CC1CCC1,rdkit_canonicalization
qm9_cn_subset:61657,61657,7499,smiles,CC(CN1CCC1)C#N,CC(C#N)CN1CCC1,rdkit_canonicalization
qm9_cn_subset:61658,61658,7500,smiles,CC(NC1CCC1)C#N,CC(C#N)NC1CCC1,rdkit_canonicalization
qm9_cn_subset:61664,61664,7501,smiles,NC(CC1CCC1)C#N,N#CC(N)CC1CCC1,rdkit_canonicalization
qm9_cn_subset:61667,61667,7502,smiles,NC(CN1CCC1)C#N,N#CC(N)CN1CCC1,rdkit_canonicalization
qm9_cn_subset:61690,61690,7503,smiles,CC(NC=N)(C#N)C#N,CC(C#N)(C#N)NC=N,rdkit_canonicalization
qm9_cn_subset:61916,61916,7504,smiles,CC(CCC#C)N1CC1,C#CCCC(C)N1CC1,rdkit_canonicalization
qm9_cn_subset:61936,61936,7510,smiles,CC(CC#C)NCC#N,C#CCC(C)NCC#N,rdkit_canonicalization
qm9_cn_subset:61939,61939,7511,smiles,CC(CC#N)NCC#C,C#CCNC(C)CC#N,rdkit_canonicalization
qm9_cn_subset:61944,61944,7513,smiles,CC(CCC#C)CC#N,C#CCCC(C)CC#N,rdkit_canonicalization
qm9_cn_subset:61945,61945,7514,smiles,CC(CCC#N)CC#C,C#CCC(C)CCC#N,rdkit_canonicalization
qm9_cn_subset:61946,61946,7515,smiles,CC(CCC#N)CC#N,CC(CC#N)CCC#N,rdkit_canonicalization
qm9_cn_subset:61947,61947,7516,smiles,CN(CCC#C)CC#N,C#CCCN(C)CC#N,rdkit_canonicalization
qm9_cn_subset:61948,61948,7517,smiles,CN(CCC#N)CC#C,C#CCN(C)CCC#N,rdkit_canonicalization
qm9_cn_subset:61949,61949,7518,smiles,CN(CCC#N)CC#N,CN(CC#N)CCC#N,rdkit_canonicalization
qm9_cn_subset:61950,61950,7519,smiles,NC(CCC#N)CC#N,N#CCCC(N)CC#N,rdkit_canonicalization
qm9_cn_subset:62034,62034,7520,smiles,CC(CCC1CC1)C#N,CC(C#N)CCC1CC1,rdkit_canonicalization
qm9_cn_subset:62037,62037,7521,smiles,CC(CCN1CC1)C#C,C#CC(C)CCN1CC1,rdkit_canonicalization
qm9_cn_subset:62038,62038,7522,smiles,CC(CCN1CC1)C#N,CC(C#N)CCN1CC1,rdkit_canonicalization
qm9_cn_subset:62041,62041,7523,smiles,CC(NCC1CC1)C#N,CC(C#N)NCC1CC1,rdkit_canonicalization
qm9_cn_subset:62042,62042,7524,smiles,CC(NCC1CN1)C#N,CC(C#N)NCC1CN1,rdkit_canonicalization
qm9_cn_subset:62050,62050,7525,smiles,NC(CCC1CC1)C#N,N#CC(N)CCC1CC1,rdkit_canonicalization
qm9_cn_subset:62052,62052,7526,smiles,NC(CCN1CC1)C#N,N#CC(N)CCN1CC1,rdkit_canonicalization
qm9_cn_subset:62053,62053,7527,smiles,NC(CNC1CC1)C#N,N#CC(N)CNC1CC1,rdkit_canonicalization
qm9_cn_subset:62177,62177,7528,smiles,CC(CCCC#C)C#N,C#CCCCC(C)C#N,rdkit_canonicalization
qm9_cn_subset:62178,62178,7529,smiles,CC(CCCC#N)C#C,C#CC(C)CCCC#N,rdkit_canonicalization
qm9_cn_subset:62179,62179,7530,smiles,CC(CCCC#N)C#N,CC(C#N)CCCC#N,rdkit_canonicalization
qm9_cn_subset:62180,62180,7531,smiles,CC(CNCC#C)C#N,C#CCNCC(C)C#N,rdkit_canonicalization
qm9_cn_subset:62181,62181,7532,smiles,CC(CNCC#N)C#C,C#CC(C)CNCC#N,rdkit_canonicalization
qm9_cn_subset:62182,62182,7533,smiles,CC(CNCC#N)C#N,CC(C#N)CNCC#N,rdkit_canonicalization
qm9_cn_subset:62187,62187,7534,smiles,CC(NCCC#C)C#N,C#CCCNC(C)C#N,rdkit_canonicalization
qm9_cn_subset:62188,62188,7535,smiles,CC(NCCC#N)C#C,C#CC(C)NCCC#N,rdkit_canonicalization
qm9_cn_subset:62189,62189,7536,smiles,CC(NCCC#N)C#N,CC(C#N)NCCC#N,rdkit_canonicalization
qm9_cn_subset:62194,62194,7537,smiles,NC(CCCC#C)C#N,C#CCCCC(N)C#N,rdkit_canonicalization
qm9_cn_subset:62195,62195,7538,smiles,NC(CCCC#N)C#N,N#CCCCC(N)C#N,rdkit_canonicalization
qm9_cn_subset:62196,62196,7539,smiles,NC(CNCC#C)C#N,C#CCNCC(N)C#N,rdkit_canonicalization
qm9_cn_subset:62197,62197,7540,smiles,NC(CNCC#N)C#N,N#CCNCC(N)C#N,rdkit_canonicalization
qm9_cn_subset:62269,62269,7541,smiles,CC1(C#C)C2C3C1CN23,C#CC1(C)C2CN3C2C31,rdkit_canonicalization
qm9_cn_subset:62271,62271,7542,smiles,CC1(C#C)C2C3CC1N23,C#CC1(C)C2CC3C1N32,rdkit_canonicalization
qm9_cn_subset:62272,62272,7543,smiles,CC1(C#C)C2C3CN1C23,C#CC1(C)C2C3CN1C32,rdkit_canonicalization
qm9_cn_subset:62274,62274,7544,smiles,CC1(C#C)C2CC3C2N13,C#CC1(C)C2CC3C2N31,rdkit_canonicalization
qm9_cn_subset:62275,62275,7545,smiles,CC1(C#N)C2C3C1CN23,CC1(C#N)C2CN3C2C31,rdkit_canonicalization
qm9_cn_subset:62276,62276,7546,smiles,CC1(C#N)C2C3CC1C23,CC1(C#N)C2CC3C2C31,rdkit_canonicalization
qm9_cn_subset:62277,62277,7547,smiles,CC1(C#N)C2C3CC1N23,CC1(C#N)C2CC3C1N32,rdkit_canonicalization
qm9_cn_subset:62278,62278,7548,smiles,CC1(C#N)C2C3CN1C23,CC1(C#N)C2C3CN1C32,rdkit_canonicalization
qm9_cn_subset:62280,62280,7549,smiles,CC1(C#N)C2CC3C2N13,CC1(C#N)C2CC3C2N31,rdkit_canonicalization
qm9_cn_subset:62281,62281,7550,smiles,NC1(C#N)C2C3C1CN23,N#CC1(N)C2CN3C2C31,rdkit_canonicalization
qm9_cn_subset:62282,62282,7551,smiles,NC1(C#N)C2C3CC1C23,N#CC1(N)C2CC3C2C31,rdkit_canonicalization
qm9_cn_subset:62283,62283,7552,smiles,NC1(C#N)C2C3CC1N23,N#CC1(N)C2CC3C1N32,rdkit_canonicalization
qm9_cn_subset:62284,62284,7553,smiles,NC1(C#N)C2C3NC1C23,N#CC1(N)C2NC3C2C31,rdkit_canonicalization
qm9_cn_subset:62296,62296,7554,smiles,CC1(C#C)C2C3CC2N13,C#CC1(C)C2C3CC2N31,rdkit_canonicalization
qm9_cn_subset:62297,62297,7555,smiles,CC1(C#C)C2C3CN2C13,C#CC1(C)C2C3CN2C31,rdkit_canonicalization
qm9_cn_subset:62299,62299,7556,smiles,CC1(C#N)C2C3CC2C13,CC1(C#N)C2C3CC2C31,rdkit_canonicalization
qm9_cn_subset:62300,62300,7557,smiles,CC1(C#N)C2C3CC2N13,CC1(C#N)C2C3CC2N31,rdkit_canonicalization
qm9_cn_subset:62301,62301,7558,smiles,CC1(C#N)C2C3CN2C13,CC1(C#N)C2C3CN2C31,rdkit_canonicalization
qm9_cn_subset:62303,62303,7559,smiles,NC1(C#N)C2C3CC2C13,N#CC1(N)C2C3CC2C31,rdkit_canonicalization
qm9_cn_subset:62304,62304,7560,smiles,NC1(C#N)C2C3CN2C13,N#CC1(N)C2C3CN2C31,rdkit_canonicalization
qm9_cn_subset:62314,62314,7561,smiles,CC1(C#C)C2C3CC3N12,C#CC1(C)C2C3CC3N21,rdkit_canonicalization
qm9_cn_subset:62315,62315,7562,smiles,CC1(C#C)C2C3CN3C12,C#CC1(C)C2C3CN3C21,rdkit_canonicalization
qm9_cn_subset:62316,62316,7563,smiles,CC1(C#C)C2C3NC3C12,C#CC1(C)C2C3NC3C21,rdkit_canonicalization
qm9_cn_subset:62318,62318,7564,smiles,CC1(C#N)C2C3CC3C12,CC1(C#N)C2C3CC3C21,rdkit_canonicalization
qm9_cn_subset:62319,62319,7565,smiles,CC1(C#N)C2C3CC3N12,CC1(C#N)C2C3CC3N21,rdkit_canonicalization
qm9_cn_subset:62320,62320,7566,smiles,CC1(C#N)C2C3CN3C12,CC1(C#N)C2C3CN3C21,rdkit_canonicalization
qm9_cn_subset:62321,62321,7567,smiles,CC1(C#N)C2C3NC3C12,CC1(C#N)C2C3NC3C21,rdkit_canonicalization
qm9_cn_subset:62323,62323,7568,smiles,NC1(C#N)C2C3CC3C12,N#CC1(N)C2C3CC3C21,rdkit_canonicalization
qm9_cn_subset:62324,62324,7569,smiles,NC1(C#N)C2C3CN3C12,N#CC1(N)C2C3CN3C21,rdkit_canonicalization
qm9_cn_subset:62325,62325,7570,smiles,NC1(C#N)C2C3NC3C12,N#CC1(N)C2C3NC3C21,rdkit_canonicalization
qm9_cn_subset:62341,62341,7571,smiles,CC1(C#N)C2CC(=N)N12,CC1(C#N)C2CC(=N)N21,rdkit_canonicalization
qm9_cn_subset:62373,62373,7572,smiles,CC1(C#N)C2CC1C=C2,CC1(C#N)C2C=CC1C2,rdkit_canonicalization
qm9_cn_subset:62374,62374,7573,smiles,CC1(C#N)C2NC1C=C2,CC1(C#N)C2C=CC1N2,rdkit_canonicalization
qm9_cn_subset:62376,62376,7574,smiles,NC1(C#N)C2CC1C=C2,N#CC1(N)C2C=CC1C2,rdkit_canonicalization
qm9_cn_subset:62377,62377,7575,smiles,NC1(C#N)C2NC1C=C2,N#CC1(N)C2C=CC1N2,rdkit_canonicalization
qm9_cn_subset:62388,62388,7576,smiles,CC1(C#N)C2CC1CC2,CC1(C#N)C2CCC1C2,rdkit_canonicalization
qm9_cn_subset:62392,62392,7578,smiles,CC1(C#N)C2CN1CC2,CC1(C#N)C2CCN1C2,rdkit_canonicalization
qm9_cn_subset:62393,62393,7579,smiles,NC1(C#N)C2CC1CC2,N#CC1(N)C2CCC1C2,rdkit_canonicalization
qm9_cn_subset:62395,62395,7580,smiles,NC1(C#N)C2CCC1N2,N#CC1(N)C2CCC1N2,rdkit_canonicalization
qm9_cn_subset:62410,62410,7581,smiles,CC1(C#N)C2CN2C1=N,CC1(C#N)C(=N)N2CC21,rdkit_canonicalization
qm9_cn_subset:62416,62416,7582,smiles,NC1(C#N)C2CN2C1=N,N#CC1(N)C(=N)N2CC21,rdkit_canonicalization
qm9_cn_subset:62428,62428,7583,smiles,CC1(C#C)C2C=CCN12,C#CC1(C)C2C=CCN21,rdkit_canonicalization
qm9_cn_subset:62430,62430,7584,smiles,CC1(C#C)C2CN=CN12,C#CC1(C)C2CN=CN21,rdkit_canonicalization
qm9_cn_subset:62432,62432,7585,smiles,CC1(C#N)C2C=CCN12,CC1(C#N)C2C=CCN21,rdkit_canonicalization
qm9_cn_subset:62433,62433,7586,smiles,CC1(C#N)C2CC=CC12,CC1(C#N)C2C=CCC21,rdkit_canonicalization
qm9_cn_subset:62434,62434,7587,smiles,CC1(C#N)C2CN=CN12,CC1(C#N)C2CN=CN21,rdkit_canonicalization
qm9_cn_subset:62437,62437,7588,smiles,NC1(C#N)C2CC=CC12,N#CC1(N)C2C=CCC21,rdkit_canonicalization
qm9_cn_subset:62446,62446,7589,smiles,CC1(C#C)C2CCCN12,C#CC1(C)C2CCCN21,rdkit_canonicalization
qm9_cn_subset:62450,62450,7590,smiles,CC1(C#N)C2CCCC12,CC1(C#N)C2CCCC21,rdkit_canonicalization
qm9_cn_subset:62451,62451,7591,smiles,CC1(C#N)C2CCCN12,CC1(C#N)C2CCCN21,rdkit_canonicalization
qm9_cn_subset:62455,62455,7592,smiles,NC1(C#N)C2CCCC12,N#CC1(N)C2CCCC21,rdkit_canonicalization
qm9_cn_subset:62501,62501,7595,smiles,CC1(C)C(C#C)C1C#N,C#CC1C(C#N)C1(C)C,rdkit_canonicalization
qm9_cn_subset:62531,62531,7598,smiles,CC1(N)C(NC1=N)C#N,CC1(N)C(=N)NC1C#N,rdkit_canonicalization
qm9_cn_subset:62577,62577,7599,smiles,CC1(C)C2C3CC(C3)N12,CC1(C)C2C3CC(C3)N21,rdkit_canonicalization
qm9_cn_subset:62594,62594,7600,smiles,CC1(C)C2C3C2C2C3N12,CC1(C)C2C3C2C2C3N21,rdkit_canonicalization
qm9_cn_subset:62595,62595,7601,smiles,CC1(C)C2C3C2N2C3C12,CC1(C)C2C3C2N2C3C21,rdkit_canonicalization
qm9_cn_subset:62599,62599,7603,smiles,CC1(C)C2C3C4C2C1N34,CC1(C)C2C3C4C2N4C31,rdkit_canonicalization
qm9_cn_subset:62601,62601,7604,smiles,CC1(C)C2C3C4C3N1C24,CC1(C)C2C3C4C3N1C42,rdkit_canonicalization
qm9_cn_subset:62602,62602,7605,smiles,CC1(C)C2C3C4C3N2C14,CC1(C)C2C3C4C3N2C41,rdkit_canonicalization
qm9_cn_subset:62608,62608,7606,smiles,CC1(C)C2C3C=CC1N23,CC1(C)C2C=CC3C1N32,rdkit_canonicalization
qm9_cn_subset:62613,62613,7607,smiles,CC1(C)C2C3C=CC2N13,CC1(C)C2C3C=CC2N31,rdkit_canonicalization
qm9_cn_subset:62616,62616,7608,smiles,CC1(C)C2C3CC1(C)N23,CC1(C)C2C3CC1(C)N32,rdkit_canonicalization
qm9_cn_subset:62618,62618,7609,smiles,CC1(C)C2C3N2CC13C,CC1(C)C2C3N2CC31C,rdkit_canonicalization
qm9_cn_subset:62630,62630,7611,smiles,CC1(C)C2C3CC1CN23,CC1(C)C2CC3C1N3C2,rdkit_canonicalization
qm9_cn_subset:62633,62633,7612,smiles,CC1(C)C2CC3C(C2)N13,CC1(C)C2CC3C(C2)N31,rdkit_canonicalization
qm9_cn_subset:62639,62639,7613,smiles,CC1(C)C2C3CC2(C)N13,CC1(C)C2C3CC2(C)N31,rdkit_canonicalization
qm9_cn_subset:62642,62642,7614,smiles,CC1(C)C2N3CC2(C)C13,CC1(C)C2N3CC2(C)C31,rdkit_canonicalization
qm9_cn_subset:62651,62651,7615,smiles,CC1(C)C2C3CN2C13C,CC1(C)C2C3CN2C31C,rdkit_canonicalization
qm9_cn_subset:62654,62654,7616,smiles,CC1(C)N2C3CC2C13C,CC12C3CC1N3C2(C)C,rdkit_canonicalization
qm9_cn_subset:62664,62664,7618,smiles,CC1(C)C2C3CC3(C)N12,CC1(C)C2C3CC3(C)N21,rdkit_canonicalization
qm9_cn_subset:62666,62666,7619,smiles,CC1(C)C2C3NC3(C)C12,CC1(C)C2C3NC3(C)C21,rdkit_canonicalization
qm9_cn_subset:62677,62677,7621,smiles,CC1(C)C2C3CN3C12C,CC1(C)C2C3CN3C21C,rdkit_canonicalization
qm9_cn_subset:62678,62678,7622,smiles,CC1(C)C2C3NC3C12C,CC1(C)C2C3NC3C21C,rdkit_canonicalization
qm9_cn_subset:62682,62682,7623,smiles,CC1(C)C2N3CC3C12C,CC1(C)C2N3CC3C21C,rdkit_canonicalization
qm9_cn_subset:62684,62684,7624,smiles,CC1(C)N2C3CC3C12C,CC1(C)N2C3CC3C21C,rdkit_canonicalization
qm9_cn_subset:62695,62695,7625,smiles,CC1(C)C2C3N2CC=C13,CC1(C)C2=CCN3C2C31,rdkit_canonicalization
qm9_cn_subset:62696,62696,7626,smiles,CC1(C)N2C3CC=C1C23,CC1(C)C2=CCC3C2N31,rdkit_canonicalization
qm9_cn_subset:62700,62700,7627,smiles,CC1(C)C2C3C1CCN23,CC1(C)C2CCN3C2C31,rdkit_canonicalization
qm9_cn_subset:62702,62702,7628,smiles,CC1(C)C2C3CCC1N23,CC1(C)C2CCC3C1N32,rdkit_canonicalization
qm9_cn_subset:62773,62773,7629,smiles,CC1(C)C2C(CN12)C#N,CC1(C)C2C(C#N)CN21,rdkit_canonicalization
qm9_cn_subset:62775,62775,7630,smiles,CC1(C)C2CC(C#C)N12,C#CC1CC2N1C2(C)C,rdkit_canonicalization
qm9_cn_subset:62776,62776,7631,smiles,CC1(C)C2CC(C#N)C12,CC1(C)C2CC(C#N)C21,rdkit_canonicalization
qm9_cn_subset:62777,62777,7632,smiles,CC1(C)C2CC(C#N)N12,CC1(C)C2CC(C#N)N21,rdkit_canonicalization
qm9_cn_subset:62778,62778,7633,smiles,CC1(C)C2NC(C#N)C12,CC1(C)C2NC(C#N)C21,rdkit_canonicalization
qm9_cn_subset:62788,62788,7634,smiles,CC1(C)C2N1CC2(C)C,CC1(C)CN2C1C2(C)C,rdkit_canonicalization
qm9_cn_subset:62808,62808,7635,smiles,CC1(C)C2CC1(C2)C#N,CC1(C)C2CC1(C#N)C2,rdkit_canonicalization
qm9_cn_subset:62809,62809,7636,smiles,CC1(C)C2CC1(N2)C#N,CC1(C)C2CC1(C#N)N2,rdkit_canonicalization
qm9_cn_subset:62812,62812,7637,smiles,CC1(C)N2CC1(C2)C#C,C#CC12CN(C1)C2(C)C,rdkit_canonicalization
qm9_cn_subset:62813,62813,7638,smiles,CC1(C)N2CC1(C2)C#N,CC1(C)N2CC1(C#N)C2,rdkit_canonicalization
qm9_cn_subset:62814,62814,7639,smiles,CC1(N)C2CC1(N2)C#N,CC1(N)C2CC1(C#N)N2,rdkit_canonicalization
qm9_cn_subset:62829,62829,7640,smiles,CC1(C)C2CC11CCN21,CC1(C)C2CC13CCN23,rdkit_canonicalization
qm9_cn_subset:62836,62836,7641,smiles,CC1(C)N2CC11CCC21,CC1(C)N2CC13CCC23,rdkit_canonicalization
qm9_cn_subset:62896,62896,7643,smiles,N#CC1C2CC1C2(C)C,CC1(C)C2CC1C2C#N,rdkit_canonicalization
qm9_cn_subset:62897,62897,7644,smiles,CC1(C)C2CN1C2C#C,C#CC1C2CN1C2(C)C,rdkit_canonicalization
qm9_cn_subset:62899,62899,7646,smiles,N#CC1C2NC1C2(C)C,CC1(C)C2NC1C2C#N,rdkit_canonicalization
qm9_cn_subset:62949,62949,7649,smiles,CC1(C)C2CN2C11CC1,CC1(C)C2CN2C12CC2,rdkit_canonicalization
qm9_cn_subset:62950,62950,7650,smiles,CC1(C)C2NC2C11CC1,CC1(C)C2NC2C12CC2,rdkit_canonicalization
qm9_cn_subset:62951,62951,7651,smiles,CC1(C)C2NC2C11CN1,CC1(C)C2NC2C12CN2,rdkit_canonicalization
qm9_cn_subset:62956,62956,7652,smiles,CC1(C)N2CC2C11CC1,CC1(C)N2CC2C12CC2,rdkit_canonicalization
qm9_cn_subset:62957,62957,7653,smiles,CC1(C)N2CC2C11NC1,CC1(C)N2CC2C12CN2,rdkit_canonicalization
qm9_cn_subset:62969,62969,7654,smiles,CC1(C)C(C#N)C2CN12,CC1(C)C(C#N)C2CN21,rdkit_canonicalization
qm9_cn_subset:62971,62971,7655,smiles,CC1(C)C2CC2C1C#N,CC1(C)C(C#N)C2CC21,rdkit_canonicalization
qm9_cn_subset:62972,62972,7656,smiles,CC1(C)C2CN2C1C#C,C#CC1N2CC2C1(C)C,rdkit_canonicalization
qm9_cn_subset:62973,62973,7657,smiles,CC1(C)C2CN2C1C#N,CC1(C)C(C#N)N2CC21,rdkit_canonicalization
qm9_cn_subset:62974,62974,7658,smiles,CC1(C)C2NC2C1C#C,C#CC1C2NC2C1(C)C,rdkit_canonicalization
qm9_cn_subset:62975,62975,7659,smiles,CC1(C)C2NC2C1C#N,CC1(C)C(C#N)C2NC21,rdkit_canonicalization
qm9_cn_subset:62978,62978,7660,smiles,CC1(N)C2CN2C1C#N,CC1(N)C(C#N)N2CC21,rdkit_canonicalization
qm9_cn_subset:62979,62979,7661,smiles,CC1(N)C2NC2C1C#N,CC1(N)C(C#N)C2NC21,rdkit_canonicalization
qm9_cn_subset:63001,63001,7662,smiles,CC1(C)C2CC2N2CC12,CC1(C)C2CC2N2CC21,rdkit_canonicalization
qm9_cn_subset:63002,63002,7663,smiles,CC1(C)C2NC2C2CN12,CC1(C)C2NC2C2CN21,rdkit_canonicalization
qm9_cn_subset:63003,63003,7664,smiles,CC1(C)C2NC2C2NC12,CC1(C)C2NC2C2NC21,rdkit_canonicalization
qm9_cn_subset:63050,63050,7667,smiles,CC1(C)C2CC3CC1N23,CC1(C)C2CC3CC1N32,rdkit_canonicalization
qm9_cn_subset:63058,63058,7668,smiles,CC1(C)C2CC3CN2C13,CC1(C)C2CC3CN2C31,rdkit_canonicalization
qm9_cn_subset:63065,63065,7669,smiles,CC1(C)C2C3NC3CN12,CC1(C)C2C3NC3CN21,rdkit_canonicalization
qm9_cn_subset:63068,63068,7670,smiles,CC1(C)C2CC3CN3C12,CC1(C)C2CC3CN3C21,rdkit_canonicalization
qm9_cn_subset:63104,63104,7671,smiles,CC1(C)C2CCC12C#N,CC1(C)C2CCC21C#N,rdkit_canonicalization
qm9_cn_subset:63105,63105,7672,smiles,CC1(C)C2CNC12C#N,CC1(C)C2CNC21C#N,rdkit_canonicalization
qm9_cn_subset:63108,63108,7673,smiles,CC1(C)C2NCC12C#N,CC1(C)C2NCC21C#N,rdkit_canonicalization
qm9_cn_subset:63111,63111,7674,smiles,CC1(C)N2CCC12C#C,C#CC12CCN1C2(C)C,rdkit_canonicalization
qm9_cn_subset:63112,63112,7675,smiles,CC1(C)N2CCC12C#N,CC1(C)N2CCC21C#N,rdkit_canonicalization
qm9_cn_subset:63113,63113,7676,smiles,CC1(N)C2CNC12C#N,CC1(N)C2CNC21C#N,rdkit_canonicalization
qm9_cn_subset:63115,63115,7677,smiles,CC1(N)C2NCC12C#N,CC1(N)C2NCC21C#N,rdkit_canonicalization
qm9_cn_subset:63191,63191,7678,smiles,CC1(C)C=C2CC3C2N13,CC1(C)C=C2CC3C2N31,rdkit_canonicalization
qm9_cn_subset:63192,63192,7679,smiles,CC1(C)C=C2CN3C2C13,CC1(C)C=C2CN3C2C31,rdkit_canonicalization
qm9_cn_subset:63194,63194,7681,smiles,CC1(C)N=C2NC3C2C13,CC1(C)N=C2NC3C2C31,rdkit_canonicalization
qm9_cn_subset:63220,63220,7683,smiles,CC1(C)N=CNC1C#C,C#CC1NC=NC1(C)C,rdkit_canonicalization
qm9_cn_subset:63232,63232,7685,smiles,CC1(C)C=CCN2CC12,CC1(C)C=CCN2CC21,rdkit_canonicalization
qm9_cn_subset:63378,63378,7686,smiles,CC1(C)CC(C)(C1)C#N,CC1(C)CC(C)(C#N)C1,rdkit_canonicalization
qm9_cn_subset:63379,63379,7687,smiles,CC1(C)CC(C)(N1)C#N,CC1(C)CC(C)(C#N)N1,rdkit_canonicalization
qm9_cn_subset:63382,63382,7688,smiles,CC1(C)CC(N)(C1)C#N,CC1(C)CC(N)(C#N)C1,rdkit_canonicalization
qm9_cn_subset:63397,63397,7689,smiles,CC1(C)CC(C1)N1CC1,CC1(C)CC(N2CC2)C1,rdkit_canonicalization
qm9_cn_subset:63419,63419,7690,smiles,CC1(C)CC(C=C1)C#N,CC1(C)C=CC(C#N)C1,rdkit_canonicalization
qm9_cn_subset:63420,63420,7691,smiles,CC1(C)NC(C=C1)C#N,CC1(C)C=CC(C#N)N1,rdkit_canonicalization
qm9_cn_subset:63445,63445,7694,smiles,CC1(C)CC1(C#C)C#N,C#CC1(C#N)CC1(C)C,rdkit_canonicalization
qm9_cn_subset:63447,63447,7696,smiles,CC1(C)NC1(C#C)C#C,C#CC1(C#C)NC1(C)C,rdkit_canonicalization
qm9_cn_subset:63448,63448,7697,smiles,CC1(C)NC1(C#C)C#N,C#CC1(C#N)NC1(C)C,rdkit_canonicalization
qm9_cn_subset:63479,63479,7703,smiles,CC1(C)NC1(C)CC#C,C#CCC1(C)NC1(C)C,rdkit_canonicalization
qm9_cn_subset:63530,63530,7705,smiles,CC1(C)CC11CC2CN12,CC1(C)CC12CC1CN12,rdkit_canonicalization
qm9_cn_subset:63531,63531,7706,smiles,CC1(C)CC11CC2NC12,CC1(C)CC12CC1NC12,rdkit_canonicalization
qm9_cn_subset:63533,63533,7707,smiles,CC1(C)CC11CN2CC12,CC1(C)CC12CN1CC12,rdkit_canonicalization
qm9_cn_subset:63535,63535,7708,smiles,CC1(C)NC11CC2NC12,CC1(C)NC12CC1NC12,rdkit_canonicalization
qm9_cn_subset:63537,63537,7709,smiles,CC1(C)NC11CN2CC12,CC1(C)NC12CN1CC12,rdkit_canonicalization
qm9_cn_subset:63577,63577,7710,smiles,CC1(C)NC11CCC=C1,CC1(C)NC12C=CCC2,rdkit_canonicalization
qm9_cn_subset:63595,63595,7712,smiles,CC1(C)NC1C#CC#C,C#CC#CC1NC1(C)C,rdkit_canonicalization
qm9_cn_subset:63667,63667,7723,smiles,CC1(C)CN1CCC#C,C#CCCN1CC1(C)C,rdkit_canonicalization
qm9_cn_subset:63706,63706,7726,smiles,CC1(C)CC2(CC12)C#N,CC1(C)CC2(C#N)CC12,rdkit_canonicalization
qm9_cn_subset:63707,63707,7727,smiles,CC1(C)CC2(CN12)C#C,C#CC12CN1C(C)(C)C2,rdkit_canonicalization
qm9_cn_subset:63708,63708,7728,smiles,CC1(C)CC2(CN12)C#N,CC1(C)CC2(C#N)CN12,rdkit_canonicalization
qm9_cn_subset:63709,63709,7729,smiles,CC1(C)CC2(NC12)C#C,C#CC12CC(C)(C)C1N2,rdkit_canonicalization
qm9_cn_subset:63710,63710,7730,smiles,CC1(C)CC2(NC12)C#N,CC1(C)CC2(C#N)NC12,rdkit_canonicalization
qm9_cn_subset:63713,63713,7731,smiles,CC1(C)NC2(CC12)C#N,CC1(C)NC2(C#N)CC12,rdkit_canonicalization
qm9_cn_subset:63739,63739,7732,smiles,CC1(C)CC2(CN2)C=C1,CC1(C)C=CC2(CN2)C1,rdkit_canonicalization
qm9_cn_subset:63759,63759,7733,smiles,CC1(C)CC2C(C#C)N12,C#CC1C2CC(C)(C)N12,rdkit_canonicalization
qm9_cn_subset:63760,63760,7734,smiles,CC1(C)CC2C(C#N)C12,CC1(C)CC2C(C#N)C21,rdkit_canonicalization
qm9_cn_subset:63761,63761,7735,smiles,CC1(C)CC2C(C#N)N12,CC1(C)CC2C(C#N)N21,rdkit_canonicalization
qm9_cn_subset:63762,63762,7736,smiles,CC1(C)CN2C(C#C)C12,C#CC1C2N1CC2(C)C,rdkit_canonicalization
qm9_cn_subset:63763,63763,7737,smiles,CC1(C)CN2C(C#N)C12,CC1(C)CN2C(C#N)C21,rdkit_canonicalization
qm9_cn_subset:63797,63797,7738,smiles,CC1(C)CC2C3CC1N23,CC1(C)CC2C3CC1N32,rdkit_canonicalization
qm9_cn_subset:63799,63799,7739,smiles,CC1(C)CN2C3CC1C23,CC1(C)CN2C3CC1C32,rdkit_canonicalization
qm9_cn_subset:63814,63814,7740,smiles,CC1(C)CC2C3CN3C12,CC1(C)CC2C3CN3C21,rdkit_canonicalization
qm9_cn_subset:63851,63851,7741,smiles,CC1(C)CC2CC12C#N,CC1(C)CC2CC21C#N,rdkit_canonicalization
qm9_cn_subset:63852,63852,7742,smiles,CC1(C)CC2NC12C#C,C#CC12NC1CC2(C)C,rdkit_canonicalization
qm9_cn_subset:63853,63853,7743,smiles,CC1(C)CC2NC12C#N,CC1(C)CC2NC21C#N,rdkit_canonicalization
qm9_cn_subset:63856,63856,7744,smiles,CC1(C)CN2CC12C#C,C#CC12CN1CC2(C)C,rdkit_canonicalization
qm9_cn_subset:63857,63857,7745,smiles,CC1(C)CN2CC12C#N,CC1(C)CN2CC21C#N,rdkit_canonicalization
qm9_cn_subset:63858,63858,7746,smiles,CC1(C)NC2CC12C#N,CC1(C)NC2CC21C#N,rdkit_canonicalization
qm9_cn_subset:63861,63861,7747,smiles,CC1(N)CC2NC12C#N,CC1(N)CC2NC21C#N,rdkit_canonicalization
qm9_cn_subset:63863,63863,7748,smiles,CC1(N)CN2CC12C#N,CC1(N)CN2CC21C#N,rdkit_canonicalization
qm9_cn_subset:63906,63906,7749,smiles,CC1(C)CC2NC2C=C1,CC1(C)C=CC2NC2C1,rdkit_canonicalization
qm9_cn_subset:63908,63908,7750,smiles,CC1(C)CN2CC2C=C1,CC1(C)C=CC2CN2C1,rdkit_canonicalization
qm9_cn_subset:63916,63916,7752,smiles,CC1(C)CC2CN3C2C13,CC1(C)CC2CN3C2C31,rdkit_canonicalization
qm9_cn_subset:63992,63992,7753,smiles,CC1(C)CC=C(C1)C#N,CC1(C)CC=C(C#N)C1,rdkit_canonicalization
qm9_cn_subset:63993,63993,7754,smiles,CC1(C)CN=C(N1)C#N,CC1(C)CN=C(C#N)N1,rdkit_canonicalization
qm9_cn_subset:64021,64021,7755,smiles,CC1(C)CC=CC11CN1,CC1(C)CC=CC12CN2,rdkit_canonicalization
qm9_cn_subset:64029,64029,7757,smiles,CC1(C)NC=NC1C#C,C#CC1N=CNC1(C)C,rdkit_canonicalization
qm9_cn_subset:64041,64041,7759,smiles,CC1(C)CC=CC2NC12,CC1(C)CC=CC2NC21,rdkit_canonicalization
qm9_cn_subset:64109,64109,7760,smiles,CC1(C)CCC(=C1)C#N,CC1(C)C=C(C#N)CC1,rdkit_canonicalization
qm9_cn_subset:64110,64110,7761,smiles,CC1(C)CNC(=N1)C#N,CC1(C)CNC(C#N)=N1,rdkit_canonicalization
qm9_cn_subset:64127,64127,7762,smiles,CC1(C)CCC(C1)C#N,CC1(C)CCC(C#N)C1,rdkit_canonicalization
qm9_cn_subset:64128,64128,7763,smiles,CC1(C)CCC(N1)C#N,CC1(C)CCC(C#N)N1,rdkit_canonicalization
qm9_cn_subset:64131,64131,7764,smiles,CC1(C)CNC(C1)C#N,CC1(C)CNC(C#N)C1,rdkit_canonicalization
qm9_cn_subset:64408,64408,7778,smiles,CC1(C)CCCN2CC12,CC1(C)CCCN2CC21,rdkit_canonicalization
qm9_cn_subset:64490,64490,7779,smiles,CC1(C2CC1C2)N1CC1,CC1(N2CC2)C2CC1C2,rdkit_canonicalization
qm9_cn_subset:64505,64505,7780,smiles,CC1(C2CCC12)N1CC1,CC1(N2CC2)C2CCC21,rdkit_canonicalization
qm9_cn_subset:64611,64611,7781,smiles,CC1(C=CC2CC12)C#N,CC1(C#N)C=CC2CC21,rdkit_canonicalization
qm9_cn_subset:64612,64612,7782,smiles,CC1(C=CC2CN12)C#C,C#CC1(C)C=CC2CN21,rdkit_canonicalization
qm9_cn_subset:64613,64613,7783,smiles,CC1(C=CC2CN12)C#N,CC1(C#N)C=CC2CN21,rdkit_canonicalization
qm9_cn_subset:64614,64614,7784,smiles,CC1(C=CC2NC12)C#C,C#CC1(C)C=CC2NC21,rdkit_canonicalization
qm9_cn_subset:64615,64615,7785,smiles,CC1(C=CC2NC12)C#N,CC1(C#N)C=CC2NC21,rdkit_canonicalization
qm9_cn_subset:64618,64618,7786,smiles,CC1(N=CN2CC12)C#C,C#CC1(C)N=CN2CC21,rdkit_canonicalization
qm9_cn_subset:64619,64619,7787,smiles,CC1(N=CN2CC12)C#N,CC1(C#N)N=CN2CC21,rdkit_canonicalization
qm9_cn_subset:64620,64620,7788,smiles,NC1(C=CC2CC12)C#N,N#CC1(N)C=CC2CC21,rdkit_canonicalization
qm9_cn_subset:64621,64621,7789,smiles,NC1(C=CC2NC12)C#N,N#CC1(N)C=CC2NC21,rdkit_canonicalization
qm9_cn_subset:64633,64633,7790,smiles,CC1(N=CNC1=N)C#C,C#CC1(C)N=CNC1=N,rdkit_canonicalization
qm9_cn_subset:64634,64634,7791,smiles,CC1(N=CNC1=N)C#N,CC1(C#N)N=CNC1=N,rdkit_canonicalization
qm9_cn_subset:64639,64639,7792,smiles,NC1(C=CNC1=N)C#N,N#CC1(N)C=CNC1=N,rdkit_canonicalization
qm9_cn_subset:64661,64661,7795,smiles,CC1(CC#N)C2CCC12,CC1(CC#N)C2CCC21,rdkit_canonicalization
qm9_cn_subset:64662,64662,7796,smiles,CC1(CC#N)C2CCN12,CC1(CC#N)C2CCN21,rdkit_canonicalization
qm9_cn_subset:64680,64680,7797,smiles,CC1(CC#C)CC1C#N,C#CCC1(C)CC1C#N,rdkit_canonicalization
qm9_cn_subset:64681,64681,7798,smiles,CC1(CC#C)NC1C#C,C#CCC1(C)NC1C#C,rdkit_canonicalization
qm9_cn_subset:64682,64682,7799,smiles,CC1(CC#C)NC1C#N,C#CCC1(C)NC1C#N,rdkit_canonicalization
qm9_cn_subset:64685,64685,7800,smiles,CC1(CC#N)CC1C#C,C#CC1CC1(C)CC#N,rdkit_canonicalization
qm9_cn_subset:64687,64687,7802,smiles,CC1(CC#N)NC1C#C,C#CC1NC1(C)CC#N,rdkit_canonicalization
qm9_cn_subset:64691,64691,7804,smiles,NC1(CC#N)CC1C#N,N#CCC1(N)CC1C#N,rdkit_canonicalization
qm9_cn_subset:64707,64707,7805,smiles,CC1(CC#C)CC2NC12,C#CCC1(C)CC2NC21,rdkit_canonicalization
qm9_cn_subset:64709,64709,7806,smiles,CC1(CC#C)CN2CC12,C#CCC1(C)CN2CC21,rdkit_canonicalization
qm9_cn_subset:64711,64711,7807,smiles,CC1(CC#N)CC2CC12,CC1(CC#N)CC2CC21,rdkit_canonicalization
qm9_cn_subset:64712,64712,7808,smiles,CC1(CC#N)CC2CN12,CC1(CC#N)CC2CN21,rdkit_canonicalization
qm9_cn_subset:64713,64713,7809,smiles,CC1(CC#N)CC2NC12,CC1(CC#N)CC2NC21,rdkit_canonicalization
qm9_cn_subset:64715,64715,7810,smiles,CC1(CC#N)CN2CC12,CC1(CC#N)CN2CC21,rdkit_canonicalization
qm9_cn_subset:64717,64717,7811,smiles,NC1(CC#N)CC2NC12,N#CCC1(N)CC2NC21,rdkit_canonicalization
qm9_cn_subset:64719,64719,7812,smiles,NC1(CC#N)CN2CC12,N#CCC1(N)CN2CC21,rdkit_canonicalization
qm9_cn_subset:64762,64762,7814,smiles,CC1(CC#N)CCC=C1,CC1(CC#N)C=CCC1,rdkit_canonicalization
qm9_cn_subset:64782,64782,7816,smiles,CC1(CC#CC#C)CN1,C#CC#CCC1(C)CN1,rdkit_canonicalization
qm9_cn_subset:64799,64799,7819,smiles,CC1(CC1)NC(=N)C#N,CC1(NC(=N)C#N)CC1,rdkit_canonicalization
qm9_cn_subset:64845,64845,7820,smiles,CC1(CC(C1)C#C)C#N,C#CC1CC(C)(C#N)C1,rdkit_canonicalization
qm9_cn_subset:64846,64846,7821,smiles,CC1(CC(C1)C#N)C#C,C#CC1(C)CC(C#N)C1,rdkit_canonicalization
qm9_cn_subset:64847,64847,7822,smiles,CC1(CC(C1)C#N)C#N,CC1(C#N)CC(C#N)C1,rdkit_canonicalization
qm9_cn_subset:64848,64848,7823,smiles,CC1(CC(N1)C#C)C#N,C#CC1CC(C)(C#N)N1,rdkit_canonicalization
qm9_cn_subset:64849,64849,7824,smiles,CC1(CC(N1)C#N)C#C,C#CC1(C)CC(C#N)N1,rdkit_canonicalization
qm9_cn_subset:64850,64850,7825,smiles,CC1(CC(N1)C#N)C#N,CC1(C#N)CC(C#N)N1,rdkit_canonicalization
qm9_cn_subset:64855,64855,7826,smiles,NC1(CC(C1)C#C)C#N,C#CC1CC(N)(C#N)C1,rdkit_canonicalization
qm9_cn_subset:64856,64856,7827,smiles,NC1(CC(C1)C#N)C#N,N#CC1CC(N)(C#N)C1,rdkit_canonicalization
qm9_cn_subset:64887,64887,7828,smiles,CC1(CC1(C)C#N)C#C,C#CC1(C)CC1(C)C#N,rdkit_canonicalization
qm9_cn_subset:64888,64888,7829,smiles,CC1(CC1(C)C#N)C#N,CC1(C#N)CC1(C)C#N,rdkit_canonicalization
qm9_cn_subset:64889,64889,7830,smiles,CC1(CC1(N)C#C)C#N,C#CC1(N)CC1(C)C#N,rdkit_canonicalization
qm9_cn_subset:64890,64890,7831,smiles,CC1(CC1(N)C#N)C#C,C#CC1(C)CC1(N)C#N,rdkit_canonicalization
qm9_cn_subset:64891,64891,7832,smiles,CC1(CC1(N)C#N)C#N,CC1(C#N)CC1(N)C#N,rdkit_canonicalization
qm9_cn_subset:64896,64896,7833,smiles,CC1(NC1(C)C#C)C#C,C#CC1(C)NC1(C)C#C,rdkit_canonicalization
qm9_cn_subset:64897,64897,7834,smiles,CC1(NC1(C)C#N)C#C,C#CC1(C)NC1(C)C#N,rdkit_canonicalization
qm9_cn_subset:64898,64898,7835,smiles,CC1(NC1(C)C#N)C#N,CC1(C#N)NC1(C)C#N,rdkit_canonicalization
qm9_cn_subset:64902,64902,7836,smiles,NC1(CC1(N)C#N)C#C,C#CC1(N)CC1(N)C#N,rdkit_canonicalization
qm9_cn_subset:64903,64903,7837,smiles,NC1(CC1(N)C#N)C#N,N#CC1(N)CC1(N)C#N,rdkit_canonicalization
qm9_cn_subset:64928,64928,7838,smiles,CC1(CC1)C#CC1CN1,CC1(C#CC2CN2)CC1,rdkit_canonicalization
qm9_cn_subset:64930,64930,7839,smiles,CC1(CN1)C#CC1CC1,CC1(C#CC2CC2)CN1,rdkit_canonicalization
qm9_cn_subset:64931,64931,7840,smiles,CC1(CN1)C#CC1CN1,CC1(C#CC2CN2)CN1,rdkit_canonicalization
qm9_cn_subset:64940,64940,7841,smiles,CC1(CC1)C#CCC#N,CC1(C#CCC#N)CC1,rdkit_canonicalization
qm9_cn_subset:64941,64941,7842,smiles,CC1(CN1)C#CCC#C,C#CCC#CC1(C)CN1,rdkit_canonicalization
qm9_cn_subset:64942,64942,7843,smiles,CC1(CN1)C#CCC#N,CC1(C#CCC#N)CN1,rdkit_canonicalization
qm9_cn_subset:65002,65002,7844,smiles,CC1(CC1)C(C#C)C#N,C#CC(C#N)C1(C)CC1,rdkit_canonicalization
qm9_cn_subset:65003,65003,7845,smiles,CC1(CC1)C(C#N)C#N,CC1(C(C#N)C#N)CC1,rdkit_canonicalization
qm9_cn_subset:65004,65004,7846,smiles,CC1(CN1)C(C#C)C#C,C#CC(C#C)C1(C)CN1,rdkit_canonicalization
qm9_cn_subset:65005,65005,7847,smiles,CC1(CN1)C(C#C)C#N,C#CC(C#N)C1(C)CN1,rdkit_canonicalization
qm9_cn_subset:65043,65043,7848,smiles,CC1(CC1)C1(CC1)C#N,CC1(C2(C#N)CC2)CC1,rdkit_canonicalization
qm9_cn_subset:65044,65044,7849,smiles,CC1(CC1)C1(CN1)C#C,C#CC1(C2(C)CC2)CN1,rdkit_canonicalization
qm9_cn_subset:65045,65045,7850,smiles,CC1(CC1)C1(CN1)C#N,CC1(C2(C#N)CN2)CC1,rdkit_canonicalization
qm9_cn_subset:65048,65048,7851,smiles,CC1(CN1)C1(CC1)C#N,CC1(C2(C#N)CC2)CN1,rdkit_canonicalization
qm9_cn_subset:65049,65049,7852,smiles,CC1(CN1)C1(CN1)C#C,C#CC1(C2(C)CN2)CN1,rdkit_canonicalization
qm9_cn_subset:65050,65050,7853,smiles,CC1(CN1)C1(CN1)C#N,CC1(C2(C#N)CN2)CN1,rdkit_canonicalization
qm9_cn_subset:65059,65059,7854,smiles,NC1(CC1)C1(CN1)C#N,N#CC1(C2(N)CC2)CN1,rdkit_canonicalization
qm9_cn_subset:65081,65081,7855,smiles,CC1(CC1)C12CN(C1)C2,CC1(C23CN(C2)C3)CC1,rdkit_canonicalization
qm9_cn_subset:65092,65092,7856,smiles,CC1(CC1)C12CCC1N2,CC1(C23CCC2N3)CC1,rdkit_canonicalization
qm9_cn_subset:65094,65094,7857,smiles,CC1(CC1)C12CN1CC2,CC1(C23CCN2C3)CC1,rdkit_canonicalization
qm9_cn_subset:65096,65096,7858,smiles,CC1(CN1)C12CCC1N2,CC1(C23CCC2N3)CN1,rdkit_canonicalization
qm9_cn_subset:65098,65098,7859,smiles,CC1(CN1)C12CN1CC2,CC1(C23CCN2C3)CN1,rdkit_canonicalization
qm9_cn_subset:65114,65114,7860,smiles,CC1(CN1)C1=CCCC1,CC1(C2=CCCC2)CN1,rdkit_canonicalization
qm9_cn_subset:65126,65126,7861,smiles,CC1(CN1)C1C2CN1C2,CC1(C2C3CN2C3)CN1,rdkit_canonicalization
qm9_cn_subset:65133,65133,7862,smiles,CC1(CC1)C1C2CCN12,CC1(C2C3CCN32)CC1,rdkit_canonicalization
qm9_cn_subset:65135,65135,7863,smiles,CC1(CN1)C1C2CCN12,CC1(C2C3CCN32)CN1,rdkit_canonicalization
qm9_cn_subset:65159,65159,7864,smiles,CC1(CC1)C1CC1C#N,CC1(C2CC2C#N)CC1,rdkit_canonicalization
qm9_cn_subset:65160,65160,7865,smiles,CC1(CC1)C1NC1C#C,C#CC1NC1C1(C)CC1,rdkit_canonicalization
qm9_cn_subset:65161,65161,7866,smiles,CC1(CC1)C1NC1C#N,CC1(C2NC2C#N)CC1,rdkit_canonicalization
qm9_cn_subset:65164,65164,7867,smiles,CC1(CC1)N1CC1C#C,C#CC1CN1C1(C)CC1,rdkit_canonicalization
qm9_cn_subset:65165,65165,7868,smiles,CC1(CC1)N1CC1C#N,CC1(N2CC2C#N)CC1,rdkit_canonicalization
qm9_cn_subset:65166,65166,7869,smiles,CC1(CN1)C1CC1C#N,CC1(C2CC2C#N)CN1,rdkit_canonicalization
qm9_cn_subset:65167,65167,7870,smiles,CC1(CN1)C1NC1C#C,C#CC1NC1C1(C)CN1,rdkit_canonicalization
qm9_cn_subset:65168,65168,7871,smiles,CC1(CN1)C1NC1C#N,CC1(C2NC2C#N)CN1,rdkit_canonicalization
qm9_cn_subset:65200,65200,7872,smiles,CC1(CC1)C1CC2CN12,CC1(C2CC3CN32)CC1,rdkit_canonicalization
qm9_cn_subset:65203,65203,7873,smiles,CC1(CN1)C1CC2CN12,CC1(C2CC3CN32)CN1,rdkit_canonicalization
qm9_cn_subset:65281,65281,7874,smiles,CC1(CC11CCC1)C#N,CC1(C#N)CC12CCC2,rdkit_canonicalization
qm9_cn_subset:65286,65286,7875,smiles,CC1(NC11CCC1)C#C,C#CC1(C)NC12CCC2,rdkit_canonicalization
qm9_cn_subset:65287,65287,7876,smiles,CC1(NC11CCC1)C#N,CC1(C#N)NC12CCC2,rdkit_canonicalization
qm9_cn_subset:65294,65294,7877,smiles,NC1(CC11CCC1)C#N,N#CC1(N)CC12CCC2,rdkit_canonicalization
qm9_cn_subset:65295,65295,7878,smiles,NC1(CC11CCN1)C#N,N#CC1(N)CC12CCN2,rdkit_canonicalization
qm9_cn_subset:65317,65317,7879,smiles,CC1(CC1C#C)N1CC1,C#CC1CC1(C)N1CC1,rdkit_canonicalization
qm9_cn_subset:65318,65318,7880,smiles,CC1(CC1C#N)C1CC1,CC1(C2CC2)CC1C#N,rdkit_canonicalization
qm9_cn_subset:65319,65319,7881,smiles,CC1(CC1C#N)C1CN1,CC1(C2CN2)CC1C#N,rdkit_canonicalization
qm9_cn_subset:65321,65321,7882,smiles,CC1(CC1C#N)N1CC1,CC1(N2CC2)CC1C#N,rdkit_canonicalization
qm9_cn_subset:65322,65322,7883,smiles,CC1(NC1C#C)C1CC1,C#CC1NC1(C)C1CC1,rdkit_canonicalization
qm9_cn_subset:65323,65323,7884,smiles,CC1(NC1C#C)C1CN1,C#CC1NC1(C)C1CN1,rdkit_canonicalization
qm9_cn_subset:65325,65325,7885,smiles,CC1(NC1C#N)C1CC1,CC1(C2CC2)NC1C#N,rdkit_canonicalization
qm9_cn_subset:65326,65326,7886,smiles,CC1(NC1C#N)C1CN1,CC1(C2CN2)NC1C#N,rdkit_canonicalization
qm9_cn_subset:65334,65334,7887,smiles,NC1(CC1C#N)C1CN1,N#CC1CC1(N)C1CN1,rdkit_canonicalization
qm9_cn_subset:65343,65343,7888,smiles,CC1(CC1C1CC1)C#N,CC1(C#N)CC1C1CC1,rdkit_canonicalization
qm9_cn_subset:65344,65344,7889,smiles,CC1(CC1C1CN1)C#N,CC1(C#N)CC1C1CN1,rdkit_canonicalization
qm9_cn_subset:65347,65347,7890,smiles,CC1(CC1N1CC1)C#C,C#CC1(C)CC1N1CC1,rdkit_canonicalization
qm9_cn_subset:65348,65348,7891,smiles,CC1(CC1N1CC1)C#N,CC1(C#N)CC1N1CC1,rdkit_canonicalization
qm9_cn_subset:65349,65349,7892,smiles,CC1(CN1C1CC1)C#C,C#CC1(C)CN1C1CC1,rdkit_canonicalization
qm9_cn_subset:65350,65350,7893,smiles,CC1(CN1C1CC1)C#N,CC1(C#N)CN1C1CC1,rdkit_canonicalization
qm9_cn_subset:65351,65351,7894,smiles,CC1(NC1C1CC1)C#C,C#CC1(C)NC1C1CC1,rdkit_canonicalization
qm9_cn_subset:65352,65352,7895,smiles,CC1(NC1C1CC1)C#N,CC1(C#N)NC1C1CC1,rdkit_canonicalization
qm9_cn_subset:65353,65353,7896,smiles,CC1(NC1C1CN1)C#C,C#CC1(C)NC1C1CN1,rdkit_canonicalization
qm9_cn_subset:65354,65354,7897,smiles,CC1(NC1C1CN1)C#N,CC1(C#N)NC1C1CN1,rdkit_canonicalization
qm9_cn_subset:65363,65363,7898,smiles,NC1(CC1C1CC1)C#N,N#CC1(N)CC1C1CC1,rdkit_canonicalization
qm9_cn_subset:65364,65364,7899,smiles,NC1(CC1C1CN1)C#N,N#CC1(N)CC1C1CN1,rdkit_canonicalization
qm9_cn_subset:65366,65366,7900,smiles,NC1(CC1N1CC1)C#N,N#CC1(N)CC1N1CC1,rdkit_canonicalization
qm9_cn_subset:65405,65405,7901,smiles,CC1(CC1CC#C)C#N,C#CCC1CC1(C)C#N,rdkit_canonicalization
qm9_cn_subset:65406,65406,7902,smiles,CC1(CC1CC#N)C#C,C#CC1(C)CC1CC#N,rdkit_canonicalization
qm9_cn_subset:65407,65407,7903,smiles,CC1(CC1CC#N)C#N,CC1(C#N)CC1CC#N,rdkit_canonicalization
qm9_cn_subset:65408,65408,7904,smiles,CC1(CN1CC#C)C#C,C#CCN1CC1(C)C#C,rdkit_canonicalization
qm9_cn_subset:65409,65409,7905,smiles,CC1(CN1CC#C)C#N,C#CCN1CC1(C)C#N,rdkit_canonicalization
qm9_cn_subset:65410,65410,7906,smiles,CC1(CN1CC#N)C#C,C#CC1(C)CN1CC#N,rdkit_canonicalization
qm9_cn_subset:65411,65411,7907,smiles,CC1(CN1CC#N)C#N,CC1(C#N)CN1CC#N,rdkit_canonicalization
qm9_cn_subset:65412,65412,7908,smiles,CC1(NC1CC#C)C#C,C#CCC1NC1(C)C#C,rdkit_canonicalization
qm9_cn_subset:65413,65413,7909,smiles,CC1(NC1CC#C)C#N,C#CCC1NC1(C)C#N,rdkit_canonicalization
qm9_cn_subset:65414,65414,7910,smiles,CC1(NC1CC#N)C#C,C#CC1(C)NC1CC#N,rdkit_canonicalization
qm9_cn_subset:65415,65415,7911,smiles,CC1(NC1CC#N)C#N,CC1(C#N)NC1CC#N,rdkit_canonicalization
qm9_cn_subset:65420,65420,7912,smiles,NC1(CC1CC#C)C#N,C#CCC1CC1(N)C#N,rdkit_canonicalization
qm9_cn_subset:65421,65421,7913,smiles,NC1(CC1CC#N)C#N,N#CCC1CC1(N)C#N,rdkit_canonicalization
qm9_cn_subset:65480,65480,7914,smiles,CC1(CC2(CC2)C1)C#N,CC1(C#N)CC2(CC2)C1,rdkit_canonicalization
qm9_cn_subset:65481,65481,7915,smiles,CC1(CC2(CC2)N1)C#N,CC1(C#N)CC2(CC2)N1,rdkit_canonicalization
qm9_cn_subset:65484,65484,7916,smiles,CC1(CC2(CN2)C1)C#N,CC1(C#N)CC2(CN2)C1,rdkit_canonicalization
qm9_cn_subset:65487,65487,7917,smiles,NC1(CC2(CC2)C1)C#N,N#CC1(N)CC2(CC2)C1,rdkit_canonicalization
qm9_cn_subset:65488,65488,7918,smiles,NC1(CC2(CN2)C1)C#N,N#CC1(N)CC2(CN2)C1,rdkit_canonicalization
qm9_cn_subset:65505,65505,7919,smiles,CC1(CC2CC12)N1CC1,CC1(N2CC2)CC2CC21,rdkit_canonicalization
qm9_cn_subset:65507,65507,7920,smiles,CC1(CC2NC12)C1CC1,CC1(C2CC2)CC2NC21,rdkit_canonicalization
qm9_cn_subset:65509,65509,7921,smiles,CC1(CC2NC12)N1CC1,CC1(N2CC2)CC2NC21,rdkit_canonicalization
qm9_cn_subset:65513,65513,7922,smiles,CC1(CN2CC12)C1CC1,CC1(C2CC2)CN2CC21,rdkit_canonicalization
qm9_cn_subset:65531,65531,7923,smiles,CC1(CC2CC1C2)C#N,CC1(C#N)CC2CC1C2,rdkit_canonicalization
qm9_cn_subset:65534,65534,7924,smiles,CC1(CC2CN1C2)C#N,CC1(C#N)CC2CN1C2,rdkit_canonicalization
qm9_cn_subset:65535,65535,7925,smiles,CC1(CN2CC1C2)C#N,CC1(C#N)CN2CC1C2,rdkit_canonicalization
qm9_cn_subset:65536,65536,7926,smiles,CC1(NC2CC1C2)C#N,CC1(C#N)NC2CC1C2,rdkit_canonicalization
qm9_cn_subset:65539,65539,7927,smiles,NC1(CC2CC1C2)C#N,N#CC1(N)CC2CC1C2,rdkit_canonicalization
qm9_cn_subset:65540,65540,7928,smiles,NC1(CC2CC1N2)C#N,N#CC1(N)CC2CC1N2,rdkit_canonicalization
qm9_cn_subset:65542,65542,7929,smiles,NC1(CN2CC1C2)C#N,N#CC1(N)CN2CC1C2,rdkit_canonicalization
qm9_cn_subset:65575,65575,7931,smiles,CC1(CC2CC2C1)C#N,CC1(C#N)CC2CC2C1,rdkit_canonicalization
qm9_cn_subset:65576,65576,7932,smiles,CC1(CC2CC2N1)C#N,CC1(C#N)CC2CC2N1,rdkit_canonicalization
qm9_cn_subset:65579,65579,7933,smiles,CC1(CC2CN2C1)C#N,CC1(C#N)CC2CN2C1,rdkit_canonicalization
qm9_cn_subset:65580,65580,7934,smiles,CC1(CC2NC2C1)C#N,CC1(C#N)CC2NC2C1,rdkit_canonicalization
qm9_cn_subset:65585,65585,7935,smiles,NC1(CC2CC2C1)C#N,N#CC1(N)CC2CC2C1,rdkit_canonicalization
qm9_cn_subset:65586,65586,7936,smiles,NC1(CC2CN2C1)C#N,N#CC1(N)CC2CN2C1,rdkit_canonicalization
qm9_cn_subset:65587,65587,7937,smiles,NC1(CC2NC2C1)C#N,N#CC1(N)CC2NC2C1,rdkit_canonicalization
qm9_cn_subset:65608,65608,7938,smiles,CC1(CC2CCC12)C#N,CC1(C#N)CC2CCC21,rdkit_canonicalization
qm9_cn_subset:65609,65609,7939,smiles,CC1(CC2CCN12)C#N,CC1(C#N)CC2CCN21,rdkit_canonicalization
qm9_cn_subset:65614,65614,7940,smiles,CC1(CN2CCC12)C#N,CC1(C#N)CN2CCC21,rdkit_canonicalization
qm9_cn_subset:65615,65615,7941,smiles,CC1(NC2CCC12)C#N,CC1(C#N)NC2CCC21,rdkit_canonicalization
qm9_cn_subset:65616,65616,7942,smiles,CC1(NC2CNC12)C#N,CC1(C#N)NC2CNC21,rdkit_canonicalization
qm9_cn_subset:65625,65625,7943,smiles,NC1(CC2CCC12)C#N,N#CC1(N)CC2CCC21,rdkit_canonicalization
qm9_cn_subset:65628,65628,7944,smiles,NC1(CN2CCC12)C#N,N#CC1(N)CN2CCC21,rdkit_canonicalization
qm9_cn_subset:65808,65808,7946,smiles,CC1(CCC1)NCC#N,CC1(NCC#N)CCC1,rdkit_canonicalization
qm9_cn_subset:65883,65883,7947,smiles,CC1(CCC1)C#CC#N,CC1(C#CC#N)CCC1,rdkit_canonicalization
qm9_cn_subset:65931,65931,7948,smiles,CC1(CCC11CC1)C#N,CC1(C#N)CCC12CC2,rdkit_canonicalization
qm9_cn_subset:65932,65932,7949,smiles,CC1(CCC11CN1)C#C,C#CC1(C)CCC12CN2,rdkit_canonicalization
qm9_cn_subset:65933,65933,7950,smiles,CC1(CCC11CN1)C#N,CC1(C#N)CCC12CN2,rdkit_canonicalization
qm9_cn_subset:65936,65936,7951,smiles,CC1(CNC11CC1)C#N,CC1(C#N)CNC12CC2,rdkit_canonicalization
qm9_cn_subset:65939,65939,7952,smiles,CC1(NCC11CC1)C#N,CC1(C#N)NCC12CC2,rdkit_canonicalization
qm9_cn_subset:65940,65940,7953,smiles,CC1(NCC11CN1)C#N,CC1(C#N)NCC12CN2,rdkit_canonicalization
qm9_cn_subset:65949,65949,7954,smiles,NC1(CCC11CC1)C#N,N#CC1(N)CCC12CC2,rdkit_canonicalization
qm9_cn_subset:65950,65950,7955,smiles,NC1(CCC11CN1)C#N,N#CC1(N)CCC12CN2,rdkit_canonicalization
qm9_cn_subset:65952,65952,7956,smiles,NC1(CNC11CC1)C#N,N#CC1(N)CNC12CC2,rdkit_canonicalization
qm9_cn_subset:66018,66018,7957,smiles,CC1(CCC1C#C)C#N,C#CC1CCC1(C)C#N,rdkit_canonicalization
qm9_cn_subset:66019,66019,7958,smiles,CC1(CCC1C#N)C#C,C#CC1(C)CCC1C#N,rdkit_canonicalization
qm9_cn_subset:66020,66020,7959,smiles,CC1(CCC1C#N)C#N,CC1(C#N)CCC1C#N,rdkit_canonicalization
qm9_cn_subset:66021,66021,7960,smiles,CC1(CNC1C#C)C#N,C#CC1NCC1(C)C#N,rdkit_canonicalization
qm9_cn_subset:66022,66022,7961,smiles,CC1(CNC1C#N)C#C,C#CC1(C)CNC1C#N,rdkit_canonicalization
qm9_cn_subset:66023,66023,7962,smiles,CC1(CNC1C#N)C#N,CC1(C#N)CNC1C#N,rdkit_canonicalization
qm9_cn_subset:66028,66028,7963,smiles,CC1(NCC1C#C)C#N,C#CC1CNC1(C)C#N,rdkit_canonicalization
qm9_cn_subset:66029,66029,7964,smiles,CC1(NCC1C#N)C#C,C#CC1(C)NCC1C#N,rdkit_canonicalization
qm9_cn_subset:66030,66030,7965,smiles,CC1(NCC1C#N)C#N,CC1(C#N)NCC1C#N,rdkit_canonicalization
qm9_cn_subset:66035,66035,7966,smiles,NC1(CCC1C#C)C#N,C#CC1CCC1(N)C#N,rdkit_canonicalization
qm9_cn_subset:66036,66036,7967,smiles,NC1(CCC1C#N)C#C,C#CC1(N)CCC1C#N,rdkit_canonicalization
qm9_cn_subset:66037,66037,7968,smiles,NC1(CCC1C#N)C#N,N#CC1CCC1(N)C#N,rdkit_canonicalization
qm9_cn_subset:66038,66038,7969,smiles,NC1(CNC1C#C)C#N,C#CC1NCC1(N)C#N,rdkit_canonicalization
qm9_cn_subset:66039,66039,7970,smiles,NC1(CNC1C#N)C#C,C#CC1(N)CNC1C#N,rdkit_canonicalization
qm9_cn_subset:66040,66040,7971,smiles,NC1(CNC1C#N)C#N,N#CC1NCC1(N)C#N,rdkit_canonicalization
qm9_cn_subset:66094,66094,7972,smiles,CC1(CCC2CC12)C#N,CC1(C#N)CCC2CC21,rdkit_canonicalization
qm9_cn_subset:66095,66095,7973,smiles,CC1(CCC2CN12)C#C,C#CC1(C)CCC2CN21,rdkit_canonicalization
qm9_cn_subset:66096,66096,7974,smiles,CC1(CCC2CN12)C#N,CC1(C#N)CCC2CN21,rdkit_canonicalization
qm9_cn_subset:66097,66097,7975,smiles,CC1(CCC2NC12)C#C,C#CC1(C)CCC2NC21,rdkit_canonicalization
qm9_cn_subset:66098,66098,7976,smiles,CC1(CCC2NC12)C#N,CC1(C#N)CCC2NC21,rdkit_canonicalization
qm9_cn_subset:66101,66101,7977,smiles,CC1(CCN2CC12)C#N,CC1(C#N)CCN2CC21,rdkit_canonicalization
qm9_cn_subset:66104,66104,7978,smiles,CC1(NCC2CC12)C#N,CC1(C#N)NCC2CC21,rdkit_canonicalization
qm9_cn_subset:66105,66105,7979,smiles,CC1(NCC2NC12)C#N,CC1(C#N)NCC2NC21,rdkit_canonicalization
qm9_cn_subset:66113,66113,7980,smiles,NC1(CCC2CC12)C#N,N#CC1(N)CCC2CC21,rdkit_canonicalization
qm9_cn_subset:66114,66114,7981,smiles,NC1(CCC2NC12)C#N,N#CC1(N)CCC2NC21,rdkit_canonicalization
qm9_cn_subset:66116,66116,7982,smiles,NC1(CCN2CC12)C#N,N#CC1(N)CCN2CC21,rdkit_canonicalization
qm9_cn_subset:66183,66183,7984,smiles,CC1(CCC=C1)N1CC1,CC1(N2CC2)C=CCC1,rdkit_canonicalization
qm9_cn_subset:66193,66193,7985,smiles,CC1(CC=CCN1)C#N,CC1(C#N)CC=CCN1,rdkit_canonicalization
qm9_cn_subset:66197,66197,7986,smiles,CC1(CCC=CC1)C#N,CC1(C#N)CC=CCC1,rdkit_canonicalization
qm9_cn_subset:66202,66202,7987,smiles,NC1(CCC=CC1)C#N,N#CC1(N)CC=CCC1,rdkit_canonicalization
qm9_cn_subset:66323,66323,7991,smiles,CC1(CCCC=C1)C#N,CC1(C#N)C=CCCC1,rdkit_canonicalization
qm9_cn_subset:66328,66328,7992,smiles,CC1(NCCC=C1)C#N,CC1(C#N)C=CCCN1,rdkit_canonicalization
qm9_cn_subset:66331,66331,7993,smiles,NC1(CCCC=C1)C#N,N#CC1(N)C=CCCC1,rdkit_canonicalization
qm9_cn_subset:66332,66332,7994,smiles,NC1(CNCC=C1)C#N,N#CC1(N)C=CCNC1,rdkit_canonicalization
qm9_cn_subset:66346,66346,7995,smiles,CC1(CCCCC1)C#N,CC1(C#N)CCCCC1,rdkit_canonicalization
qm9_cn_subset:66347,66347,7996,smiles,CC1(CCCCN1)C#N,CC1(C#N)CCCCN1,rdkit_canonicalization
qm9_cn_subset:66356,66356,7997,smiles,CC1(CNCCN1)C#N,CC1(C#N)CNCCN1,rdkit_canonicalization
qm9_cn_subset:66365,66365,7998,smiles,NC1(CCCCC1)C#N,N#CC1(N)CCCCC1,rdkit_canonicalization
qm9_cn_subset:66437,66437,8002,smiles,CC12C3C4C(C)(N13)C24C,CC12C3C4C(C)(N31)C42C,rdkit_canonicalization
qm9_cn_subset:66450,66450,8005,smiles,CC12C3C1C1(C)C3CN21,CC12C3CN1C1(C)C3C21,rdkit_canonicalization
qm9_cn_subset:66456,66456,8006,smiles,CC12C3C4CC1C4(C)N23,CC12C3CC1C1(C)C3N21,rdkit_canonicalization
qm9_cn_subset:66459,66459,8007,smiles,CC12C3N1C1CC2C31C,CC12C3CC1C1(C)C2N31,rdkit_canonicalization
qm9_cn_subset:66465,66465,8008,smiles,CC12C3C1C1(C)CC2N31,CC12C3CC4(C)C1C2N34,rdkit_canonicalization
qm9_cn_subset:66466,66466,8009,smiles,CC12C3C1C1(C)CN2C31,CC12CN3C1C1C2C13C,rdkit_canonicalization
qm9_cn_subset:66470,66470,8010,smiles,CC12C3C4C1CC4(C)N23,CC12CC3C1C1N2C31C,rdkit_canonicalization
qm9_cn_subset:66471,66471,8011,smiles,CC12C3N1C1C2CC31C,CC12CC3C1N1C2C31C,rdkit_canonicalization
qm9_cn_subset:66479,66479,8012,smiles,CC12C3C1C1(C)CC3N21,CC12CC3C4C1C4(C)N32,rdkit_canonicalization
qm9_cn_subset:66480,66480,8013,smiles,CC12C3C1C1(C)CN3C21,CC12CN3C4C1C4(C)C32,rdkit_canonicalization
qm9_cn_subset:66484,66484,8014,smiles,CC12C3C4CC(C)(C14)N23,CC12CC3C4N1C4(C)C32,rdkit_canonicalization
qm9_cn_subset:66485,66485,8015,smiles,CC12C3N1C1CC3(C)C21,CC12CC3C1C1(C)C2N31,rdkit_canonicalization
qm9_cn_subset:66493,66493,8016,smiles,CC12C3C1C1=CC2N3C1,CC12C3C4=CC1N(C4)C32,rdkit_canonicalization
qm9_cn_subset:66496,66496,8017,smiles,CC12C3N1C1CC3=CC21,CC12C3C=C4CC3N1C42,rdkit_canonicalization
qm9_cn_subset:66501,66501,8018,smiles,CC12C3C1C1=CC3N2C1,CC12C3C4=CC(C31)N2C4,rdkit_canonicalization
qm9_cn_subset:66504,66504,8019,smiles,CC12C3N1C1C=C3CC21,CC12C3CC4=CC3N1C42,rdkit_canonicalization
qm9_cn_subset:66508,66508,8020,smiles,CC12C3C1C1=CCN2C31,CC12C3C4=CCN1C4C32,rdkit_canonicalization
qm9_cn_subset:66509,66509,8021,smiles,CC12C3C4C1CN=C4N23,CC12C3CN=C4C3C1N42,rdkit_canonicalization
qm9_cn_subset:66510,66510,8022,smiles,CC12C3N1C1C2CC=C31,CC12C3CC=C4C3N1C42,rdkit_canonicalization
qm9_cn_subset:66511,66511,8023,smiles,NC12C3C1C1=NCC2N31,NC12C3C4=NCC1N4C32,rdkit_canonicalization
qm9_cn_subset:66515,66515,8024,smiles,CC12C3C1C1=CCN3C21,CC12C3C4=CCN(C41)C32,rdkit_canonicalization
qm9_cn_subset:66516,66516,8025,smiles,CC12C3C4CN=C(C14)N23,CC12C3C4=NCC3C1N42,rdkit_canonicalization
qm9_cn_subset:66517,66517,8026,smiles,CC12C3N1C1CC=C3C21,CC12C3C4=CCC3N1C42,rdkit_canonicalization
qm9_cn_subset:66527,66527,8027,smiles,CC12C3C1C1C3C21C#N,CC12C3C1C1C3C12C#N,rdkit_canonicalization
qm9_cn_subset:66528,66528,8028,smiles,CC12C3C1N1C3C21C#C,C#CC12C3C4C(N31)C42C,rdkit_canonicalization
qm9_cn_subset:66529,66529,8029,smiles,CC12C3C1N1C3C21C#N,CC12C3C1N1C3C12C#N,rdkit_canonicalization
qm9_cn_subset:66530,66530,8030,smiles,CC12C3C4C(N13)C24C#C,C#CC12C3C1N1C3C12C,rdkit_canonicalization
qm9_cn_subset:66531,66531,8031,smiles,CC12C3C4C(N13)C24C#N,CC12C3C4C(N31)C42C#N,rdkit_canonicalization
qm9_cn_subset:66532,66532,8032,smiles,NC12C3C1N1C3C21C#N,N#CC12C3C4C(N31)C42N,rdkit_canonicalization
qm9_cn_subset:66552,66552,8033,smiles,CC12C3C1N1C3C=CC21,CC12C3C4C=CC1N4C32,rdkit_canonicalization
qm9_cn_subset:66553,66553,8034,smiles,CC12C3C4C(C=CC14)N23,CC12C3C=CC4C3C1N42,rdkit_canonicalization
qm9_cn_subset:66554,66554,8035,smiles,CC12C3C4C=CC1C4N23,CC12C3C=CC4C3N1C42,rdkit_canonicalization
qm9_cn_subset:66561,66561,8036,smiles,CC12C3C1N1C3CC21C,CC12C3C4CC1(C)N4C32,rdkit_canonicalization
qm9_cn_subset:66562,66562,8037,smiles,CC12C3C1N1CC2(C)C31,CC12CN3C1C1C3C12C,rdkit_canonicalization
qm9_cn_subset:66564,66564,8038,smiles,CC12C3C4C(CC14C)N23,CC12CC3C1C1N3C12C,rdkit_canonicalization
qm9_cn_subset:66566,66566,8039,smiles,CC12C3C4CC1(C)C4N23,CC12CC3C1N1C3C12C,rdkit_canonicalization
qm9_cn_subset:66576,66576,8040,smiles,CC12C3C1N1CC=C2C31,CC12C3=CCN4C3C1C42,rdkit_canonicalization
qm9_cn_subset:66577,66577,8041,smiles,CC12C3C4C(CC=C14)N23,CC12C3=CCC4C3C1N42,rdkit_canonicalization
qm9_cn_subset:66578,66578,8042,smiles,CC12C3C4CC=C1C4N23,CC12C3=CCC4C3N1C42,rdkit_canonicalization
qm9_cn_subset:66585,66585,8043,smiles,CC12C3C1N1C3CCC21,CC12C3C4CCC1N4C32,rdkit_canonicalization
qm9_cn_subset:66586,66586,8044,smiles,CC12C3C4C(CCC14)N23,CC12C3CCC4C3C1N42,rdkit_canonicalization
qm9_cn_subset:66588,66588,8045,smiles,CC12C3C4CCC1C4N23,CC12C3CCC4C3N1C42,rdkit_canonicalization
qm9_cn_subset:66598,66598,8046,smiles,CC12C3C1N1CC2=CC31,CC12C3=CC4C1C2N4C3,rdkit_canonicalization
qm9_cn_subset:66599,66599,8047,smiles,CC12C3C4C=C1CC4N23,CC12C3=CC4C(C3)N1C42,rdkit_canonicalization
qm9_cn_subset:66600,66600,8048,smiles,CC12C3C4CC1=CC4N23,CC12C3=CC4C(C3)C1N42,rdkit_canonicalization
qm9_cn_subset:66606,66606,8049,smiles,CC12C3C1C1C=CC3N21,CC12C3C4C=CC(C31)N42,rdkit_canonicalization
qm9_cn_subset:66607,66607,8050,smiles,CC12C3C4C=CC(C14)N23,CC12C3C4C=CC3N1C42,rdkit_canonicalization
qm9_cn_subset:66613,66613,8051,smiles,CC12C3C4CC1CC4N23,CC12C3CC4C(C3)N1C42,rdkit_canonicalization
qm9_cn_subset:66623,66623,8052,smiles,CC12C3C1N1CC3C21C,CC12C3C1N1CC3C12C,rdkit_canonicalization
qm9_cn_subset:66624,66624,8053,smiles,CC12C3C4CC(N13)C24C,CC12C3CC1N1C3C12C,rdkit_canonicalization
qm9_cn_subset:66636,66636,8054,smiles,CC12C3C4CC(C1C4)N23,CC12C3CC4CC3N1C42,rdkit_canonicalization
qm9_cn_subset:66638,66638,8055,smiles,CC12C3C4CC(CC14)N23,CC12C3CC4CC3C1N42,rdkit_canonicalization
qm9_cn_subset:66645,66645,8056,smiles,CC12C3C1C1CCC3N21,CC12C3C4CCC(C31)N42,rdkit_canonicalization
qm9_cn_subset:66647,66647,8057,smiles,CC12C3C4CCC(C14)N23,CC12C3C4CCC3N1C42,rdkit_canonicalization
qm9_cn_subset:66660,66660,8058,smiles,CC12C3C1C1(C#C)C2N31,C#CC12C3C4N1C2C43C,rdkit_canonicalization
qm9_cn_subset:66663,66663,8060,smiles,CC12C3C4C1C4(C#C)N23,C#CC12C3C4N1C4(C)C32,rdkit_canonicalization
qm9_cn_subset:66664,66664,8061,smiles,CC12C3C4C1C4(C#N)C23,CC12C3C4C1C4(C#N)C32,rdkit_canonicalization
qm9_cn_subset:66665,66665,8062,smiles,CC12C3C4C1C4(C#N)N23,CC12C3C4C1C4(C#N)N32,rdkit_canonicalization
qm9_cn_subset:66666,66666,8063,smiles,CC12C3C4N1C2C34C#C,C#CC12C3C1C1(C)C2N31,rdkit_canonicalization
qm9_cn_subset:66667,66667,8064,smiles,CC12C3C4N1C2C34C#N,CC12C3C4N1C2C43C#N,rdkit_canonicalization
qm9_cn_subset:66668,66668,8065,smiles,CC12C3C4N1C4(C#C)C23,C#CC12C3C4C1C4(C)N32,rdkit_canonicalization
qm9_cn_subset:66669,66669,8066,smiles,CC12C3C4N1C4(C#N)C23,CC12C3C4N1C4(C#N)C32,rdkit_canonicalization
qm9_cn_subset:66684,66684,8067,smiles,CC12C3C4C1CN4C23C,CC12C3CN4C3C1C42C,rdkit_canonicalization
qm9_cn_subset:66687,66687,8068,smiles,CC12C3CC4C3N1C24C,CC12C3CC4C3N1C42C,rdkit_canonicalization
qm9_cn_subset:66688,66688,8069,smiles,CC12C3N4C1CC4C23C,CC12C3CC4N3C1C42C,rdkit_canonicalization
qm9_cn_subset:66704,66704,8070,smiles,CC12C3C4C(N14)C23C#C,C#CC12C3C4C1C2(C)N43,rdkit_canonicalization
qm9_cn_subset:66705,66705,8071,smiles,CC12C3C4C(N14)C23C#N,CC12C3C4C(N41)C32C#N,rdkit_canonicalization
qm9_cn_subset:66706,66706,8072,smiles,CC12C3C4C1C2(C#C)N34,C#CC12C3C4C(N41)C32C,rdkit_canonicalization
qm9_cn_subset:66707,66707,8073,smiles,CC12C3C4C1C2(C#N)N34,CC12C3C4C1C2(C#N)N43,rdkit_canonicalization
qm9_cn_subset:66709,66709,8074,smiles,CC12C3C4C3C1(C#C)N24,C#CC12C3C4C3C1(C)N42,rdkit_canonicalization
qm9_cn_subset:66710,66710,8075,smiles,CC12C3C4C3C1(C#N)C24,CC12C3C4C3C1(C#N)C42,rdkit_canonicalization
qm9_cn_subset:66711,66711,8076,smiles,CC12C3C4C3C1(C#N)N24,CC12C3C4C3C1(C#N)N42,rdkit_canonicalization
qm9_cn_subset:66712,66712,8077,smiles,CC12C3C4N3C1C24C#C,C#CC12C3C4N3C1C42C,rdkit_canonicalization
qm9_cn_subset:66713,66713,8078,smiles,CC12C3C4N3C1C24C#N,CC12C3C4N3C1C42C#N,rdkit_canonicalization
qm9_cn_subset:66714,66714,8079,smiles,NC12C3C4C1C2(C#N)N34,N#CC12C3C4C(N41)C32N,rdkit_canonicalization
qm9_cn_subset:66715,66715,8080,smiles,NC12C3C4N3C1C24C#N,N#CC12C3C4N3C1C42N,rdkit_canonicalization
qm9_cn_subset:66725,66725,8081,smiles,CC12C3C4N3C1(C)C24C,CC12C3C4N3C1(C)C42C,rdkit_canonicalization
qm9_cn_subset:66737,66737,8082,smiles,CC12C3C4C1CN=C2N34,CC12C3=NCC1C1C2N31,rdkit_canonicalization
qm9_cn_subset:66739,66739,8083,smiles,CC12C3C4C3C1=CCN24,CC12C3=CCN1C1C3C12,rdkit_canonicalization
qm9_cn_subset:66740,66740,8084,smiles,CC12C3C4N3C1CC=C24,CC12C3=CCC1N1C3C12,rdkit_canonicalization
qm9_cn_subset:66741,66741,8085,smiles,CC12C3CC=C1C1C3N21,CC12C3=CCC1C1C3N12,rdkit_canonicalization
qm9_cn_subset:66762,66762,8086,smiles,CC12C3C4C1C=CC2N34,CC12C3C=CC1N1C3C12,rdkit_canonicalization
qm9_cn_subset:66764,66764,8087,smiles,CC12C3C=CC1C1C3N21,CC12C3C=CC1C1C3N12,rdkit_canonicalization
qm9_cn_subset:66767,66767,8088,smiles,CC12C3C4C1CCC2N34,CC12C3CCC1N1C3C12,rdkit_canonicalization
qm9_cn_subset:66771,66771,8089,smiles,CC12C3CCC1C1C3N21,CC12C3CCC1C1C3N12,rdkit_canonicalization
qm9_cn_subset:66777,66777,8090,smiles,CC12C3C1C1C3C3C2N13,CC12C3C4C(C31)N1C4C12,rdkit_canonicalization
qm9_cn_subset:66778,66778,8091,smiles,CC12C3C1C1C4C(C31)N24,CC12C3C4C(C5C4N51)C32,rdkit_canonicalization
qm9_cn_subset:66780,66780,8092,smiles,CC12C3C4C3C3C4C1N23,CC12C3C4C3C3C4C1N32,rdkit_canonicalization
qm9_cn_subset:66781,66781,8093,smiles,CC12C3C4C3N3C1C2C43,CC12C3C4C3N3C4C1C32,rdkit_canonicalization
qm9_cn_subset:66782,66782,8094,smiles,CC12C3C4C5C(C1N25)N34,CC12C3C4C5C(C1N52)N43,rdkit_canonicalization
qm9_cn_subset:66786,66786,8095,smiles,CC12C3C4C3C1C1C4N21,CC12C3C4C3C1C1C4N12,rdkit_canonicalization
qm9_cn_subset:66787,66787,8096,smiles,CC12C3C4C3C1N1C4C21,CC12C3C4C3C1N1C4C12,rdkit_canonicalization
qm9_cn_subset:66788,66788,8097,smiles,CC12C3C4C3N3C(C13)C24,CC12C3C4C3N3C(C41)C32,rdkit_canonicalization
qm9_cn_subset:66790,66790,8098,smiles,CC12C3C4C5C(C15)N2C34,CC12C3C4C5C(C51)N2C43,rdkit_canonicalization
qm9_cn_subset:66791,66791,8099,smiles,CC12C3C4C5C(C1N34)N25,CC12C3C4C5C(C1N43)N52,rdkit_canonicalization
qm9_cn_subset:66796,66796,8101,smiles,CC12C3C4C5C(C1N35)N24,CC12C3C4C5C(C1N53)N42,rdkit_canonicalization
qm9_cn_subset:66798,66798,8102,smiles,CC12C3C4C5C3C1N5C24,CC12C3C4C5C3C1N5C42,rdkit_canonicalization
qm9_cn_subset:66799,66799,8103,smiles,CC12C3C4C5C3N1C5C24,CC12C3C4C5C3N1C5C42,rdkit_canonicalization
qm9_cn_subset:66803,66803,8104,smiles,CC12C3C1N1C4C1C2C34,CC12C3C4C5C3N5C1C42,rdkit_canonicalization
qm9_cn_subset:66804,66804,8105,smiles,CC12C3C4C5C(C13)C2N45,CC12C3C4C5C(C31)N5C42,rdkit_canonicalization
qm9_cn_subset:66805,66805,8106,smiles,CC12C3C4C5C(C1N45)N23,CC12C3C4C5C(C1N42)N53,rdkit_canonicalization
qm9_cn_subset:66806,66806,8107,smiles,CC12C3C4C5C(C5N13)C24,CC12C3C4C5C3C1N2C54,rdkit_canonicalization
qm9_cn_subset:66807,66807,8108,smiles,CC12C3C4C5C1C(C23)N45,CC12C3C4C5C1C2C3N45,rdkit_canonicalization
qm9_cn_subset:66809,66809,8109,smiles,CC12C3C4C5C4C1C5N23,CC12C3C4C5C4C1N2C53,rdkit_canonicalization
qm9_cn_subset:66810,66810,8110,smiles,CC12C3C4C5C4N(C13)C25,CC12C3C4C5C4N(C51)C32,rdkit_canonicalization
qm9_cn_subset:66811,66811,8111,smiles,CC12C3C4C5C4N1C5C23,CC12C3C4C5C4N1C5C32,rdkit_canonicalization
qm9_cn_subset:66818,66818,8112,smiles,CC12C3C4C=C1CC2N34,CC12C3=CC4C1N4C2C3,rdkit_canonicalization
qm9_cn_subset:66819,66819,8113,smiles,CC12C3C4C=C1CN2C34,CC12C3=CC4C(C41)N2C3,rdkit_canonicalization
qm9_cn_subset:66820,66820,8114,smiles,CC12C3C4N=C1NC2C34,CC12C3=NC4C(C1N3)C42,rdkit_canonicalization
qm9_cn_subset:66822,66822,8115,smiles,CC12C3CC1=CC1C3N21,CC12C3=CC4C(C1C3)N42,rdkit_canonicalization
qm9_cn_subset:66832,66832,8116,smiles,CC12C3C4CC1N4C23C,CC12C3CC4C1C2(C)N43,rdkit_canonicalization
qm9_cn_subset:66833,66833,8117,smiles,CC12C3C4CN(C14)C23C,CC12C3C4CN3C1(C)C42,rdkit_canonicalization
qm9_cn_subset:66838,66838,8118,smiles,CC12C3CC4C3C1(C)N24,CC12C3CC4C3C1(C)N42,rdkit_canonicalization
qm9_cn_subset:66840,66840,8119,smiles,CC12C3N4CC1C4C23C,CC12C3CN4C3C1(C)C42,rdkit_canonicalization
qm9_cn_subset:66845,66845,8120,smiles,CC12C3C4C1CC2CN34,CC12C3CC1C1C2N1C3,rdkit_canonicalization
qm9_cn_subset:66848,66848,8121,smiles,CC12C3C4CC1CC2N34,CC12C3CC4C1N4C2C3,rdkit_canonicalization
qm9_cn_subset:66850,66850,8122,smiles,CC12C3C4CN1CC2N34,CC12C3CN1CC1C2N13,rdkit_canonicalization
qm9_cn_subset:66853,66853,8123,smiles,CC12C3CC1C1C(C3)N21,CC12C3CC4C(C1C3)N42,rdkit_canonicalization
qm9_cn_subset:66863,66863,8124,smiles,CC12C3C=C4CC(C14)N23,CC12C3C4=CC1N2C3C4,rdkit_canonicalization
qm9_cn_subset:66864,66864,8125,smiles,CC12C3C=C4CN(C13)C24,CC12C3C=C4CN(C41)C32,rdkit_canonicalization
qm9_cn_subset:66865,66865,8126,smiles,CC12C3N=C4NC(C13)C24,CC12C3N=C4NC(C41)C32,rdkit_canonicalization
qm9_cn_subset:66872,66872,8127,smiles,CC12C3C=C4CC1C4N23,CC12C3CC4=CC1N2C43,rdkit_canonicalization
qm9_cn_subset:66873,66873,8128,smiles,CC12C3C=C4CN1C4C23,CC12C3C=C4CN1C4C32,rdkit_canonicalization
qm9_cn_subset:66874,66874,8129,smiles,CC12C3N=C4NC1C4C23,CC12C3N=C4NC1C4C32,rdkit_canonicalization
qm9_cn_subset:66876,66876,8130,smiles,NC12C3N=C4CC1N4C23,NC12C3N=C4CC1N4C32,rdkit_canonicalization
qm9_cn_subset:66877,66877,8131,smiles,NC12C3N=C4NC1C4C23,NC12C3N=C4NC1C4C32,rdkit_canonicalization
qm9_cn_subset:66886,66886,8132,smiles,CC12C3N=CN(C13)C2=N,CC12C(=N)N3C=NC1C32,rdkit_canonicalization
qm9_cn_subset:66888,66888,8133,smiles,NC12C3N=CN(C13)C2=N,N=C1N2C=NC3C2C13N,rdkit_canonicalization
qm9_cn_subset:66899,66899,8134,smiles,CC12C3N=CN1C(=N)C23,CC12C3N=CN1C(=N)C32,rdkit_canonicalization
qm9_cn_subset:66903,66903,8135,smiles,CC12C3C=CC1N=CN23,CC12C3C=CC1N2C=N3,rdkit_canonicalization
qm9_cn_subset:66904,66904,8136,smiles,CC12C3N=CN1C=NC23,CC12C3N=CN1C=NC32,rdkit_canonicalization
qm9_cn_subset:66927,66927,8137,smiles,CC12C3C(CN13)C2(C)C,CC1(C)C2CN3C2C31C,rdkit_canonicalization
qm9_cn_subset:66931,66931,8138,smiles,CC12C3CC(N13)C2(C)C,CC1(C)C2CC3N2C31C,rdkit_canonicalization
qm9_cn_subset:66933,66933,8139,smiles,CC12C3CN(C13)C2(C)C,CC12C3CN(C31)C2(C)C,rdkit_canonicalization
qm9_cn_subset:66936,66936,8140,smiles,CC12C3C(CN13)C21CC1,CC12C3C(CN31)C21CC1,rdkit_canonicalization
qm9_cn_subset:66937,66937,8141,smiles,CC12C3C(CN13)C21CN1,CC12C3C(CN31)C21CN1,rdkit_canonicalization
qm9_cn_subset:66941,66941,8142,smiles,CC12C3CC(N13)C21CC1,CC12C3CC(N31)C21CC1,rdkit_canonicalization
qm9_cn_subset:66942,66942,8143,smiles,CC12C3CC(N13)C21CN1,CC12C3CC(N31)C21CN1,rdkit_canonicalization
qm9_cn_subset:66944,66944,8144,smiles,CC12C3CN(C13)C21CC1,CC12C3CN(C31)C21CC1,rdkit_canonicalization
qm9_cn_subset:66955,66955,8145,smiles,CC12C3C(CN13)C2C#C,C#CC1C2CN3C2C13C,rdkit_canonicalization
qm9_cn_subset:66956,66956,8146,smiles,CC12C3C(CN13)C2C#N,CC12C(C#N)C3CN1C32,rdkit_canonicalization
qm9_cn_subset:66958,66958,8147,smiles,CC12C3CC(C13)C2C#N,CC12C(C#N)C3CC1C32,rdkit_canonicalization
qm9_cn_subset:66959,66959,8148,smiles,CC12C3CC(C1C#C)N23,C#CC1C2CC3N2C13C,rdkit_canonicalization
qm9_cn_subset:66960,66960,8149,smiles,CC12C3CC(C1C#N)N23,CC12C(C#N)C3CC1N32,rdkit_canonicalization
qm9_cn_subset:66961,66961,8150,smiles,CC12C3CN(C13)C2C#C,C#CC1N2CC3C2C31C,rdkit_canonicalization
qm9_cn_subset:66962,66962,8151,smiles,CC12C3CN(C13)C2C#N,CC12C3CN(C1C#N)C32,rdkit_canonicalization
qm9_cn_subset:66963,66963,8152,smiles,CC12C3NC(C13)C2C#N,CC12C(C#N)C3NC1C32,rdkit_canonicalization
qm9_cn_subset:66966,66966,8153,smiles,NC12C3CN(C13)C2C#N,N#CC1N2CC3C2C31N,rdkit_canonicalization
qm9_cn_subset:66967,66967,8154,smiles,NC12C3NC(C13)C2C#N,N#CC1C2NC3C2C13N,rdkit_canonicalization
qm9_cn_subset:67022,67022,8155,smiles,CC12C3C=CC1(C)CN23,CC12C=CC3N(C1)C32C,rdkit_canonicalization
qm9_cn_subset:67025,67025,8156,smiles,CC12C3CC1(C)N=CN23,CC12CC3N(C=N1)C32C,rdkit_canonicalization
qm9_cn_subset:67033,67033,8157,smiles,CC12C3CC1(C)CCN23,CC12CCN3C(C1)C32C,rdkit_canonicalization
qm9_cn_subset:67039,67039,8158,smiles,CC12C3CCC1(C)CN23,CC12CCC3N(C1)C32C,rdkit_canonicalization
qm9_cn_subset:67071,67071,8159,smiles,CC12C3CC1(CC23)C#N,CC12C3CC1(C#N)CC32,rdkit_canonicalization
qm9_cn_subset:67072,67072,8160,smiles,CC12C3CC1(CN23)C#C,C#CC12CC3N(C1)C32C,rdkit_canonicalization
qm9_cn_subset:67073,67073,8161,smiles,CC12C3CC1(CN23)C#N,CC12C3CC1(C#N)CN32,rdkit_canonicalization
qm9_cn_subset:67074,67074,8162,smiles,CC12C3CC1(NC23)C#N,CC12C3CC1(C#N)NC32,rdkit_canonicalization
qm9_cn_subset:67077,67077,8163,smiles,NC12C3CC1(NC23)C#N,N#CC12CC3C(N1)C32N,rdkit_canonicalization
qm9_cn_subset:67091,67091,8164,smiles,CC12C3C=CC11CN2C31,CC12C3C=CC14CN2C34,rdkit_canonicalization
qm9_cn_subset:67093,67093,8165,smiles,CC12C3CC11C=CC2N31,CC12C3C=CC14CC2N34,rdkit_canonicalization
qm9_cn_subset:67100,67100,8166,smiles,CC12C3CC11CCC2N31,CC12C3CCC14CC2N34,rdkit_canonicalization
qm9_cn_subset:67101,67101,8167,smiles,CC12C3CC11CCN2C31,CC12C3CC14CCN2C34,rdkit_canonicalization
qm9_cn_subset:67104,67104,8168,smiles,CC12C3CCC11CN2C31,CC12C3CCC14CN2C34,rdkit_canonicalization
qm9_cn_subset:67107,67107,8169,smiles,CC12C3NC11CCN2C31,CC12C3NC14CCN2C34,rdkit_canonicalization
qm9_cn_subset:67126,67126,8170,smiles,CC12C3CCC=C1CN23,CC12C3=CCCC1N2C3,rdkit_canonicalization
qm9_cn_subset:67194,67194,8171,smiles,CC12C3C(C#C)C1CN23,C#CC1C2CN3C1C23C,rdkit_canonicalization
qm9_cn_subset:67195,67195,8172,smiles,CC12C3C(C#N)C1CN23,CC12C3CN1C2C3C#N,rdkit_canonicalization
qm9_cn_subset:67197,67197,8173,smiles,CC12C3CC1C(C#C)N23,C#CC1C2CC3N1C23C,rdkit_canonicalization
qm9_cn_subset:67198,67198,8174,smiles,CC12C3CC1C(C#N)C23,CC12C3CC1C2C3C#N,rdkit_canonicalization
qm9_cn_subset:67199,67199,8175,smiles,CC12C3CC1C(C#N)N23,CC12C3CC1N2C3C#N,rdkit_canonicalization
qm9_cn_subset:67200,67200,8176,smiles,CC12C3CN1C(C#C)C23,C#CC1C2C3CN1C32C,rdkit_canonicalization
qm9_cn_subset:67201,67201,8177,smiles,CC12C3CN1C(C#N)C23,CC12C3CN1C(C#N)C32,rdkit_canonicalization
qm9_cn_subset:67202,67202,8178,smiles,CC12C3NC1C(C#N)C23,CC12C3NC1C2C3C#N,rdkit_canonicalization
qm9_cn_subset:67216,67216,8179,smiles,CC12C3CC1C(C)(C)N23,CC1(C)C2CC3N1C32C,rdkit_canonicalization
qm9_cn_subset:67218,67218,8180,smiles,CC12C3N1CC2C3(C)C,CC1(C)C2CN3C1C23C,rdkit_canonicalization
qm9_cn_subset:67242,67242,8181,smiles,CC12C3CC1C1(CC1)N23,CC12C3CC1C1(CC1)N32,rdkit_canonicalization
qm9_cn_subset:67244,67244,8182,smiles,CC12C3CN1C1(CC1)C23,CC12C3CN1C1(CC1)C32,rdkit_canonicalization
qm9_cn_subset:67245,67245,8183,smiles,CC12C3N1CC2C31CC1,CC12C3CN1C2C31CC1,rdkit_canonicalization
qm9_cn_subset:67246,67246,8184,smiles,CC12C3N1CC2C31CN1,CC12C3CN1C2C31CN1,rdkit_canonicalization
qm9_cn_subset:67261,67261,8185,smiles,CC12C3CC1N1C3CC21,CC12C3CC1N1C3CC12,rdkit_canonicalization
qm9_cn_subset:67274,67274,8186,smiles,CC12C3CC1C1CC3N21,CC12C3CC1C1CC3N12,rdkit_canonicalization
qm9_cn_subset:67276,67276,8187,smiles,CC12C3CC1N1CC3C21,CC12C3CC1N1CC3C12,rdkit_canonicalization
qm9_cn_subset:67277,67277,8188,smiles,CC12C3CN1C1CN3C21,CC12C3CN1C1CN3C12,rdkit_canonicalization
qm9_cn_subset:67308,67308,8193,smiles,CC12C3CC1C3C2C#N,CC12C(C#N)C3C1CC32,rdkit_canonicalization
qm9_cn_subset:67309,67309,8194,smiles,CC12C3CC1N3C2C#C,C#CC1N2C3CC2C13C,rdkit_canonicalization
qm9_cn_subset:67310,67310,8195,smiles,CC12C3CC1N3C2C#N,CC12C(C#N)N3C1CC32,rdkit_canonicalization
qm9_cn_subset:67311,67311,8196,smiles,CC12C3CN1C3C2C#C,C#CC1C2C3CN2C13C,rdkit_canonicalization
qm9_cn_subset:67312,67312,8197,smiles,CC12C3CN1C3C2C#N,CC12C(C#N)C3C1CN32,rdkit_canonicalization
qm9_cn_subset:67315,67315,8198,smiles,NC12C3CC1N3C2C#N,N#CC1N2C3CC2C13N,rdkit_canonicalization
qm9_cn_subset:67316,67316,8199,smiles,NC12C3NC1C3C2C#N,N#CC1C2C3NC2C13N,rdkit_canonicalization
qm9_cn_subset:67401,67401,8200,smiles,CC12C3CC1CC23C#N,CC12C3CC1C2(C#N)C3,rdkit_canonicalization
qm9_cn_subset:67402,67402,8201,smiles,CC12C3CC1NC23C#N,CC12C3CC1C2(C#N)N3,rdkit_canonicalization
qm9_cn_subset:67405,67405,8202,smiles,CC12C3CN1C2(C3)C#C,C#CC12CC3CN1C32C,rdkit_canonicalization
qm9_cn_subset:67406,67406,8203,smiles,CC12C3CN1C2(C3)C#N,CC12C3CN1C2(C#N)C3,rdkit_canonicalization
qm9_cn_subset:67407,67407,8204,smiles,CC12C3CN1CC23C#C,C#CC12CN3CC1C32C,rdkit_canonicalization
qm9_cn_subset:67408,67408,8205,smiles,CC12C3CN1CC23C#N,CC12C3CN1CC32C#N,rdkit_canonicalization
qm9_cn_subset:67409,67409,8206,smiles,CC12C3NC1CC23C#N,CC12C3CC1(C#N)C2N3,rdkit_canonicalization
qm9_cn_subset:67412,67412,8207,smiles,NC12C3CC1NC23C#N,N#CC12NC3CC1C32N,rdkit_canonicalization
qm9_cn_subset:67414,67414,8208,smiles,NC12C3NC1CC23C#N,N#CC12CC3NC1C32N,rdkit_canonicalization
qm9_cn_subset:67480,67480,8209,smiles,CC12C(C#C)C1C1CN21,C#CC1C2C3CN3C12C,rdkit_canonicalization
qm9_cn_subset:67481,67481,8210,smiles,CC12C(C#N)C1C1CN21,CC12C(C#N)C1C1CN12,rdkit_canonicalization
qm9_cn_subset:67483,67483,8211,smiles,CC12C3CC3C1C2C#N,CC12C(C#N)C1C1CC12,rdkit_canonicalization
qm9_cn_subset:67484,67484,8212,smiles,CC12C3CC3N1C2C#C,C#CC1N2C3CC3C12C,rdkit_canonicalization
qm9_cn_subset:67486,67486,8214,smiles,CC12C(C#C)C1N1CC21,C#CC1C2N3CC3C12C,rdkit_canonicalization
qm9_cn_subset:67487,67487,8215,smiles,CC12C(C#N)C1N1CC21,CC12C(C#N)C1N1CC12,rdkit_canonicalization
qm9_cn_subset:67488,67488,8216,smiles,CC12C3NC3C1C2C#C,C#CC1C2C3NC3C12C,rdkit_canonicalization
qm9_cn_subset:67489,67489,8217,smiles,CC12C3NC3C1C2C#N,CC12C(C#N)C1C1NC12,rdkit_canonicalization
qm9_cn_subset:67492,67492,8218,smiles,NC12C(C#N)C1N1CC21,N#CC1C2N3CC3C12N,rdkit_canonicalization
qm9_cn_subset:67493,67493,8219,smiles,NC12C3NC3C1C2C#N,N#CC1C2C3NC3C12N,rdkit_canonicalization
qm9_cn_subset:67557,67557,8220,smiles,CC12C3CC1C3C1CN21,CC12C3CC1C3C1CN12,rdkit_canonicalization
qm9_cn_subset:67559,67559,8221,smiles,CC12C3CC3C3C1CN23,CC12C3CC3C3C1CN32,rdkit_canonicalization
qm9_cn_subset:67561,67561,8222,smiles,CC12C3CC3N3C1CC23,CC12C3CC3N3C1CC32,rdkit_canonicalization
qm9_cn_subset:67562,67562,8223,smiles,CC12C3CN3C3C1CC23,CC12C3CC1C3N1CC12,rdkit_canonicalization
qm9_cn_subset:67564,67564,8224,smiles,CC12C3NC3C3C1CC23,CC12C3CC1C3C1NC12,rdkit_canonicalization
qm9_cn_subset:67565,67565,8225,smiles,CC12C3NC3C3C1CN23,CC12C3CN1C3C1NC12,rdkit_canonicalization
qm9_cn_subset:67586,67586,8226,smiles,CC12C3CC4N(C13)C24C,CC12C3CC4N(C31)C42C,rdkit_canonicalization
qm9_cn_subset:67587,67587,8227,smiles,CC12C3CN4C(C13)C24C,CC12C3CN4C(C31)C42C,rdkit_canonicalization
qm9_cn_subset:67593,67593,8228,smiles,CC12C3CC4C(CC13)N24,CC12C3CC4C(CC31)N42,rdkit_canonicalization
qm9_cn_subset:67594,67594,8229,smiles,CC12C3C4CC1N2CC34,CC12C3C4CC1N2CC43,rdkit_canonicalization
qm9_cn_subset:67596,67596,8230,smiles,CC12C3CC4C1N4CC23,CC12C3CC4C1N4CC32,rdkit_canonicalization
qm9_cn_subset:67597,67597,8231,smiles,CC12C3CN4C(CN13)C24,CC12C3C4CN1C2CN43,rdkit_canonicalization
qm9_cn_subset:67603,67603,8232,smiles,CC12C3C4CC1C4CN23,CC12C3CC4C3CN1C42,rdkit_canonicalization
qm9_cn_subset:67606,67606,8233,smiles,CC12C3CC4C(CC14)N23,CC12C3CC4C3CC1N42,rdkit_canonicalization
qm9_cn_subset:67620,67620,8234,smiles,CC12C3CC4N1C4(C)C23,CC12C3CC4N1C4(C)C32,rdkit_canonicalization
qm9_cn_subset:67621,67621,8235,smiles,CC12C3CN4C1C4(C)C23,CC12C3CN4C1C4(C)C32,rdkit_canonicalization
qm9_cn_subset:67626,67626,8236,smiles,CC12C3C4CC1C2(C)N34,CC12C3C4CC1C2(C)N43,rdkit_canonicalization
qm9_cn_subset:67628,67628,8237,smiles,CC12C3C4CN1C2(C)C34,CC12C3C4CN1C2(C)C43,rdkit_canonicalization
qm9_cn_subset:67633,67633,8238,smiles,CC12C3C4N3CC1C24C,CC12C3C4N3CC1C42C,rdkit_canonicalization
qm9_cn_subset:67638,67638,8239,smiles,CC12C3C4CC(CN13)C24,CC12C3C4CC3C1N2C4,rdkit_canonicalization
qm9_cn_subset:67641,67641,8240,smiles,CC12C3CC4CC(C14)N23,CC12C3C4CC3N1C2C4,rdkit_canonicalization
qm9_cn_subset:67642,67642,8241,smiles,CC12C3CC4CN(C13)C24,CC12C3CC4CN(C41)C32,rdkit_canonicalization
qm9_cn_subset:67644,67644,8242,smiles,CC12C3CN4CC(C14)N23,CC12C3C4CN3CC1N42,rdkit_canonicalization
qm9_cn_subset:67652,67652,8243,smiles,CC12C3C4C(CC14)CN23,CC12C3CC4CN1C2C43,rdkit_canonicalization
qm9_cn_subset:67655,67655,8244,smiles,CC12C3CC4CC1C4N23,CC12C3CC4CC1N2C43,rdkit_canonicalization
qm9_cn_subset:67656,67656,8245,smiles,CC12C3CC4CC1N4C23,CC12C3CC4CC1N4C32,rdkit_canonicalization
qm9_cn_subset:67666,67666,8246,smiles,CC12C3C=CC1=CCN23,CC12C3=CCN1C2C=C3,rdkit_canonicalization
qm9_cn_subset:67718,67718,8247,smiles,CC12C=C3CC4C1N2C34,CC12C=C3CC4C3N1C42,rdkit_canonicalization
qm9_cn_subset:67719,67719,8248,smiles,CC12C=C3CC4C3C1N24,CC12C=C3CC4C3C1N42,rdkit_canonicalization
qm9_cn_subset:67720,67720,8249,smiles,CC12C=C3CN4C1C2C34,CC12C=C3CN4C3C1C42,rdkit_canonicalization
qm9_cn_subset:67721,67721,8250,smiles,CC12N=C3NC4C1C2C34,CC12N=C3NC4C3C1C42,rdkit_canonicalization
qm9_cn_subset:67737,67737,8252,smiles,CC12C=CC3(C)CC1N23,CC12C=CC3(C)C(C1)N23,rdkit_canonicalization
qm9_cn_subset:67738,67738,8253,smiles,CC12C=CC3(C)CN1C23,CC12C=CC3(C)C1N3C2,rdkit_canonicalization
qm9_cn_subset:67753,67753,8256,smiles,CC12C=CC3=CCN1C23,CC12C=CC3=CCN1C32,rdkit_canonicalization
qm9_cn_subset:67763,67763,8257,smiles,CC12C=CC3C(C=C1)N23,CC12C=CC3C(C=C1)N32,rdkit_canonicalization
qm9_cn_subset:67770,67770,8259,smiles,CC12N=CN3C1C2C3=N,CC12N=CN3C(=N)C1C32,rdkit_canonicalization
qm9_cn_subset:67777,67777,8260,smiles,CC12C=CC3C1CCN23,CC12C=CC3C1CCN32,rdkit_canonicalization
qm9_cn_subset:67782,67782,8262,smiles,CC12C=CC3C4C(C13)N24,CC12C=CC3C4C(C31)N42,rdkit_canonicalization
qm9_cn_subset:67784,67784,8263,smiles,CC12C=CC3C4C(C14)N23,CC12C=CC3C4C(C41)N32,rdkit_canonicalization
qm9_cn_subset:67785,67785,8264,smiles,CC12C=CC3C4C1N4C23,CC12C=CC3C4C1N4C32,rdkit_canonicalization
qm9_cn_subset:67791,67791,8266,smiles,CC12C=CC3C4C3N1C24,CC12C=CC3C4C3N1C42,rdkit_canonicalization
qm9_cn_subset:67795,67795,8267,smiles,CC12C=CC3C=CC1N23,CC12C=CC3C=CC1N32,rdkit_canonicalization
qm9_cn_subset:67796,67796,8268,smiles,CC12C=CC3N=CN1C23,CC12C=CC3N=CN1C32,rdkit_canonicalization
qm9_cn_subset:67797,67797,8269,smiles,CC12N=CN3C=NC1C23,CC12N=CN3C=NC1C32,rdkit_canonicalization
qm9_cn_subset:67798,67798,8270,smiles,NC12C=CN3C=NC1C23,NC12C=CN3C=NC1C32,rdkit_canonicalization
qm9_cn_subset:67805,67805,8271,smiles,CC12C=CC3CN1C23C,CC12C=CC3CN1C32C,rdkit_canonicalization
qm9_cn_subset:67825,67825,8272,smiles,CC12C=CC3CCC1N23,CC12C=CC3CCC1N32,rdkit_canonicalization
qm9_cn_subset:67837,67837,8273,smiles,CC12C=CCC1C1NC21,CC12C=CCC1C1NC12,rdkit_canonicalization
qm9_cn_subset:67839,67839,8274,smiles,CC12C=CCC1N1CC21,CC12C=CCC1N1CC12,rdkit_canonicalization
qm9_cn_subset:67849,67849,8276,smiles,CC12C=CCN1C2C#C,C#CC1N2CC=CC12C,rdkit_canonicalization
qm9_cn_subset:67878,67878,8278,smiles,CC12C=CCC3C1CN23,CC12C=CCC3C1CN32,rdkit_canonicalization
qm9_cn_subset:67880,67880,8279,smiles,CC12C=CCN3C1CC23,CC12C=CCN3C1CC32,rdkit_canonicalization
qm9_cn_subset:68020,68020,8281,smiles,CC12CC(C)(C1)C1NC21,CC12CC(C)(C1)C1NC12,rdkit_canonicalization
qm9_cn_subset:68022,68022,8282,smiles,CC12CC(C)(C1)N1CC21,CC12CC(C)(C1)N1CC12,rdkit_canonicalization
qm9_cn_subset:68110,68110,8286,smiles,CC12CC(C1)(C2)N1CC1,CC12CC(N3CC3)(C1)C2,rdkit_canonicalization
qm9_cn_subset:68126,68126,8287,smiles,CC12CC(C1)(C=C2)C#N,CC12C=CC(C#N)(C1)C2,rdkit_canonicalization
qm9_cn_subset:68127,68127,8288,smiles,CC12CC(N1)(C=C2)C#N,CC12C=CC(C#N)(C1)N2,rdkit_canonicalization
qm9_cn_subset:68133,68133,8289,smiles,CC12CC(C1)(CC2)C#N,CC12CCC(C#N)(C1)C2,rdkit_canonicalization
qm9_cn_subset:68136,68136,8290,smiles,CC12CC(C1)(NC2)C#N,CC12CNC(C#N)(C1)C2,rdkit_canonicalization
qm9_cn_subset:68139,68139,8291,smiles,CC12CC(CC1)(N2)C#N,CC12CCC(C#N)(C1)N2,rdkit_canonicalization
qm9_cn_subset:68177,68177,8292,smiles,CC12CC(C1)C(=C2)C#N,CC12C=C(C#N)C(C1)C2,rdkit_canonicalization
qm9_cn_subset:68178,68178,8293,smiles,CC12CC(N1)C(=C2)C#N,CC12C=C(C#N)C(C1)N2,rdkit_canonicalization
qm9_cn_subset:68192,68192,8294,smiles,CC12CC(C1)C(C2)C#N,CC12CC(C#N)C(C1)C2,rdkit_canonicalization
qm9_cn_subset:68193,68193,8295,smiles,CC12CC(C1)C(N2)C#N,CC12CC(C1)C(C#N)N2,rdkit_canonicalization
qm9_cn_subset:68198,68198,8296,smiles,CC12CN(C1)C(C2)C#N,CC12CC(C#N)N(C1)C2,rdkit_canonicalization
qm9_cn_subset:68271,68271,8303,smiles,CC12CN(C1)C2(C)C#C,C#CC1(C)N2CC1(C)C2,rdkit_canonicalization
qm9_cn_subset:68274,68274,8305,smiles,NC12CC(C1)C2(N)C#N,N#CC1(N)C2CC1(N)C2,rdkit_canonicalization
qm9_cn_subset:68318,68318,8310,smiles,CC12CN(C1)C2CC#C,C#CCC1N2CC1(C)C2,rdkit_canonicalization
qm9_cn_subset:68340,68340,8312,smiles,CC12CC(C1)C=C2C#N,CC12CC(C=C1C#N)C2,rdkit_canonicalization
qm9_cn_subset:68341,68341,8313,smiles,CC12CC(N1)C=C2C#N,CC12CC(C=C1C#N)N2,rdkit_canonicalization
qm9_cn_subset:68385,68385,8314,smiles,CC12CC(C1)CN1CC21,CC12CC(CN3CC31)C2,rdkit_canonicalization
qm9_cn_subset:68421,68421,8315,smiles,CC12CC(C1)CC2C#N,CC12CC(CC1C#N)C2,rdkit_canonicalization
qm9_cn_subset:68427,68427,8317,smiles,CC12CN(C1)CC2C#N,CC12CN(CC1C#N)C2,rdkit_canonicalization
qm9_cn_subset:68428,68428,8318,smiles,NC12CC(C1)NC2C#N,N#CC1NC2CC1(N)C2,rdkit_canonicalization
qm9_cn_subset:68430,68430,8319,smiles,NC12CN(C1)CC2C#N,N#CC1CN2CC1(N)C2,rdkit_canonicalization
qm9_cn_subset:68529,68529,8320,smiles,CC12CC(C=C1)C1NC21,CC12C=CC(C1)C1NC12,rdkit_canonicalization
qm9_cn_subset:68531,68531,8321,smiles,CC12CC(C=C1)N1CC21,CC12C=CC(C1)N1CC12,rdkit_canonicalization
qm9_cn_subset:68549,68549,8322,smiles,CC12NC(C=C1)C21CN1,CC12C=CC(N1)C21CN1,rdkit_canonicalization
qm9_cn_subset:68558,68558,8323,smiles,CC12CC(C=C1)C2C#N,CC12C=CC(C1)C2C#N,rdkit_canonicalization
qm9_cn_subset:68559,68559,8324,smiles,CC12NC(C=C1)C2C#N,CC12C=CC(N1)C2C#N,rdkit_canonicalization
qm9_cn_subset:68614,68614,8326,smiles,CC12CC(CC1)C2C#N,CC12CCC(C1)C2C#N,rdkit_canonicalization
qm9_cn_subset:68622,68622,8328,smiles,CC12CN(CC1)C2C#N,CC12CCN(C1)C2C#N,rdkit_canonicalization
qm9_cn_subset:68624,68624,8329,smiles,NC12CN(CC1)C2C#N,N#CC1N2CCC1(N)C2,rdkit_canonicalization
qm9_cn_subset:68709,68709,8330,smiles,CC12CC1(C#C)C1CN21,C#CC12CC1(C)N1CC12,rdkit_canonicalization
qm9_cn_subset:68710,68710,8331,smiles,CC12CC1(C#C)C1NC21,C#CC12CC1(C)C1NC12,rdkit_canonicalization
qm9_cn_subset:68712,68712,8332,smiles,CC12CC1(C#C)N1CC21,C#CC12CC1(C)C1CN12,rdkit_canonicalization
qm9_cn_subset:68713,68713,8333,smiles,CC12CC1(C#N)C1CC21,CC12CC1(C#N)C1CC12,rdkit_canonicalization
qm9_cn_subset:68714,68714,8334,smiles,CC12CC1(C#N)C1CN21,CC12CC1(C#N)C1CN12,rdkit_canonicalization
qm9_cn_subset:68715,68715,8335,smiles,CC12CC1(C#N)C1NC21,CC12CC1(C#N)C1NC12,rdkit_canonicalization
qm9_cn_subset:68717,68717,8336,smiles,CC12CC1(C#N)N1CC21,CC12CC1(C#N)N1CC12,rdkit_canonicalization
qm9_cn_subset:68718,68718,8337,smiles,CC12NC1(C#C)C1CC21,C#CC12NC1(C)C1CC12,rdkit_canonicalization
qm9_cn_subset:68719,68719,8338,smiles,CC12NC1(C#C)C1NC21,C#CC12NC1(C)C1NC12,rdkit_canonicalization
qm9_cn_subset:68721,68721,8339,smiles,CC12NC1(C#N)C1CC21,CC12NC1(C#N)C1CC12,rdkit_canonicalization
qm9_cn_subset:68722,68722,8340,smiles,CC12NC1(C#N)C1NC21,CC12NC1(C#N)C1NC12,rdkit_canonicalization
qm9_cn_subset:68730,68730,8341,smiles,NC12CC1(C#N)C1NC21,N#CC12CC1(N)C1NC12,rdkit_canonicalization
qm9_cn_subset:68732,68732,8342,smiles,NC12CC1(C#N)N1CC21,N#CC12CC1(N)C1CN12,rdkit_canonicalization
qm9_cn_subset:68778,68778,8343,smiles,CC12CC(C)(C)C1(C)N2,CC1(C)CC2(C)NC12C,rdkit_canonicalization
qm9_cn_subset:68790,68790,8344,smiles,CC12CC(C#C)C1(C)N2,C#CC1CC2(C)NC12C,rdkit_canonicalization
qm9_cn_subset:68795,68795,8346,smiles,CC12CC1(C)C(C2)C#N,CC12CC(C#N)C1(C)C2,rdkit_canonicalization
qm9_cn_subset:68796,68796,8347,smiles,CC12CC1(C)C(N2)C#N,CC12CC1(C)C(C#N)N2,rdkit_canonicalization
qm9_cn_subset:68799,68799,8348,smiles,CC12CC1(N)C(N2)C#N,CC12CC1(N)C(C#N)N2,rdkit_canonicalization
qm9_cn_subset:68844,68844,8351,smiles,CC12CC1(C)C1CN1C2,CC12CN3CC3C1(C)C2,rdkit_canonicalization
qm9_cn_subset:68846,68846,8352,smiles,CC12CC1(C)N1CC1C2,CC12CC3CN3C1(C)C2,rdkit_canonicalization
qm9_cn_subset:68895,68895,8355,smiles,CC12CCC=CC1(C)N2,CC12C=CCCC1(C)N2,rdkit_canonicalization
qm9_cn_subset:68963,68963,8356,smiles,CC12CC1(C=CC2)C#N,CC12CC=CC1(C#N)C2,rdkit_canonicalization
qm9_cn_subset:68964,68964,8357,smiles,CC12CC1(N=CN2)C#C,C#CC12CC1(C)NC=N2,rdkit_canonicalization
qm9_cn_subset:68965,68965,8358,smiles,CC12CC1(N=CN2)C#N,CC12CC1(C#N)N=CN2,rdkit_canonicalization
qm9_cn_subset:68968,68968,8359,smiles,CC12CC=CC1(N2)C#C,C#CC12C=CCC1(C)N2,rdkit_canonicalization
qm9_cn_subset:68969,68969,8360,smiles,CC12CC=CC1(N2)C#N,CC12CC=CC1(C#N)N2,rdkit_canonicalization
qm9_cn_subset:68977,68977,8361,smiles,CC12CC1(CC#N)CC2,CC12CCC1(CC#N)C2,rdkit_canonicalization
qm9_cn_subset:68980,68980,8362,smiles,CC12CCC1(CC#C)N2,C#CCC12CCC1(C)N2,rdkit_canonicalization
qm9_cn_subset:68991,68991,8364,smiles,CC12CC1(CC2)N1CC1,CC12CCC1(N1CC1)C2,rdkit_canonicalization
qm9_cn_subset:68998,68998,8365,smiles,CC12CCC1(N2)C1CN1,CC12CCC1(C1CN1)N2,rdkit_canonicalization
qm9_cn_subset:69021,69021,8366,smiles,NC12CC1(NC2=N)C#N,N#CC12CC1(N)C(=N)N2,rdkit_canonicalization
qm9_cn_subset:69064,69064,8367,smiles,CC12CC1(CC=C2)C#N,CC12C=CCC1(C#N)C2,rdkit_canonicalization
qm9_cn_subset:69065,69065,8368,smiles,CC12CC1(NC=N2)C#C,C#CC12CC1(C)N=CN2,rdkit_canonicalization
qm9_cn_subset:69066,69066,8369,smiles,CC12CC1(NC=N2)C#N,CC12CC1(C#N)NC=N2,rdkit_canonicalization
qm9_cn_subset:69069,69069,8370,smiles,CC12NC1(CC=C2)C#C,C#CC12CC=CC1(C)N2,rdkit_canonicalization
qm9_cn_subset:69070,69070,8371,smiles,CC12NC1(CC=C2)C#N,CC12C=CCC1(C#N)N2,rdkit_canonicalization
qm9_cn_subset:69082,69082,8372,smiles,CC12CC1(CCC2)C#N,CC12CCCC1(C#N)C2,rdkit_canonicalization
qm9_cn_subset:69087,69087,8373,smiles,CC12CC1(NCC2)C#N,CC12CCNC1(C#N)C2,rdkit_canonicalization
qm9_cn_subset:69092,69092,8374,smiles,CC12CCCC1(N2)C#C,C#CC12CCCC1(C)N2,rdkit_canonicalization
qm9_cn_subset:69093,69093,8375,smiles,CC12CCCC1(N2)C#N,CC12CCCC1(C#N)N2,rdkit_canonicalization
qm9_cn_subset:69096,69096,8376,smiles,CC12CNCC1(N2)C#N,CC12CNCC1(C#N)N2,rdkit_canonicalization
qm9_cn_subset:69103,69103,8377,smiles,NC12CC1(NCC2)C#N,N#CC12CC1(N)CCN2,rdkit_canonicalization
qm9_cn_subset:69284,69284,8379,smiles,CC12CC1C(=CC2)C#N,CC12CC=C(C#N)C1C2,rdkit_canonicalization
qm9_cn_subset:69285,69285,8380,smiles,CC12CC=C(C#C)C1N2,C#CC1=CCC2(C)NC12,rdkit_canonicalization
qm9_cn_subset:69289,69289,8382,smiles,CC12CN1C(=NC2)C#C,C#CC1=NCC2(C)CN12,rdkit_canonicalization
qm9_cn_subset:69290,69290,8383,smiles,CC12CN1C(=NC2)C#N,CC12CN=C(C#N)N1C2,rdkit_canonicalization
qm9_cn_subset:69313,69313,8384,smiles,CC12NC1C(C)(C)C=C2,CC1(C)C=CC2(C)NC12,rdkit_canonicalization
qm9_cn_subset:69332,69332,8385,smiles,CC12CC(C)(C#C)C1N2,C#CC1(C)CC2(C)NC12,rdkit_canonicalization
qm9_cn_subset:69334,69334,8386,smiles,CC12CC(C)(C#N)C1N2,CC1(C#N)CC2(C)NC12,rdkit_canonicalization
qm9_cn_subset:69343,69343,8388,smiles,CC12CC1C(C)(C2)C#N,CC1(C#N)CC2(C)CC12,rdkit_canonicalization
qm9_cn_subset:69344,69344,8389,smiles,CC12CC1C(C)(N2)C#N,CC1(C#N)NC2(C)CC12,rdkit_canonicalization
qm9_cn_subset:69347,69347,8390,smiles,CC12CC1C(N)(C2)C#N,CC12CC1C(N)(C#N)C2,rdkit_canonicalization
qm9_cn_subset:69350,69350,8391,smiles,CC12CN1C(C)(C2)C#C,C#CC1(C)CC2(C)CN12,rdkit_canonicalization
qm9_cn_subset:69351,69351,8392,smiles,CC12CN1C(C)(C2)C#N,CC1(C#N)CC2(C)CN12,rdkit_canonicalization
qm9_cn_subset:69365,69365,8393,smiles,CC12CC(C1N2)N1CC1,CC12CC(N3CC3)C1N2,rdkit_canonicalization
qm9_cn_subset:69372,69372,8394,smiles,CC12CC1C(C2)N1CC1,CC12CC(N3CC3)C1C2,rdkit_canonicalization
qm9_cn_subset:69376,69376,8395,smiles,CC12CN1C(C2)C1CN1,CC12CC(C3CN3)N1C2,rdkit_canonicalization
qm9_cn_subset:69405,69405,8396,smiles,CC12CC1C(C=C2)C#N,CC12C=CC(C#N)C1C2,rdkit_canonicalization
qm9_cn_subset:69406,69406,8397,smiles,CC12CN1C(C=C2)C#C,C#CC1C=CC2(C)CN12,rdkit_canonicalization
qm9_cn_subset:69407,69407,8398,smiles,CC12CN1C(C=C2)C#N,CC12C=CC(C#N)N1C2,rdkit_canonicalization
qm9_cn_subset:69408,69408,8399,smiles,CC12NC1C(C=C2)C#C,C#CC1C=CC2(C)NC12,rdkit_canonicalization
qm9_cn_subset:69409,69409,8400,smiles,CC12NC1C(C=C2)C#N,CC12C=CC(C#N)C1N2,rdkit_canonicalization
qm9_cn_subset:69419,69419,8402,smiles,CC12CC1C(CC#N)C2,CC12CC(CC#N)C1C2,rdkit_canonicalization
qm9_cn_subset:69422,69422,8404,smiles,CC12CN1C(CC#N)C2,CC12CC(CC#N)N1C2,rdkit_canonicalization
qm9_cn_subset:69428,69428,8405,smiles,CC12CC1C(CC2)C#N,CC12CCC(C#N)C1C2,rdkit_canonicalization
qm9_cn_subset:69431,69431,8406,smiles,CC12CC1C(NC2)C#N,CC12CNC(C#N)C1C2,rdkit_canonicalization
qm9_cn_subset:69434,69434,8407,smiles,CC12CCC(C#C)C1N2,C#CC1CCC2(C)NC12,rdkit_canonicalization
qm9_cn_subset:69438,69438,8409,smiles,CC12CN1C(CC2)C#C,C#CC1CCC2(C)CN12,rdkit_canonicalization
qm9_cn_subset:69439,69439,8410,smiles,CC12CN1C(CC2)C#N,CC12CCC(C#N)N1C2,rdkit_canonicalization
qm9_cn_subset:69535,69535,8419,smiles,CC12CN1C1(C)CC2C1,CC12CC(C1)C1(C)CN21,rdkit_canonicalization
qm9_cn_subset:69536,69536,8420,smiles,CC12NC1C1(C)CC2C1,CC12CC(C1)C1(C)NC21,rdkit_canonicalization
qm9_cn_subset:69551,69551,8421,smiles,CC12NC1C1(C)CCC21,CC12CCC1C1(C)NC21,rdkit_canonicalization
qm9_cn_subset:69578,69578,8422,smiles,CC12CC1C1(CN1)C=C2,CC12C=CC3(CN3)C1C2,rdkit_canonicalization
qm9_cn_subset:69580,69580,8423,smiles,CC12NC1C1(CC1)C=C2,CC12C=CC3(CC3)C1N2,rdkit_canonicalization
qm9_cn_subset:69581,69581,8424,smiles,CC12NC1C1(CN1)C=C2,CC12C=CC3(CN3)C1N2,rdkit_canonicalization
qm9_cn_subset:69606,69606,8426,smiles,CC12CC1C1(CC21)C#N,CC12CC1C1(C#N)CC21,rdkit_canonicalization
qm9_cn_subset:69607,69607,8427,smiles,CC12CC1C1(CN21)C#C,C#CC12CN1C1(C)CC12,rdkit_canonicalization
qm9_cn_subset:69608,69608,8428,smiles,CC12CC1C1(CN21)C#N,CC12CC1C1(C#N)CN21,rdkit_canonicalization
qm9_cn_subset:69609,69609,8429,smiles,CC12CC1C1(NC21)C#C,C#CC12NC1C1(C)CC12,rdkit_canonicalization
qm9_cn_subset:69610,69610,8430,smiles,CC12CC1C1(NC21)C#N,CC12CC1C1(C#N)NC21,rdkit_canonicalization
qm9_cn_subset:69613,69613,8431,smiles,CC12CN1C1(CC21)C#C,C#CC12CC1C1(C)CN12,rdkit_canonicalization
qm9_cn_subset:69614,69614,8432,smiles,CC12CN1C1(CC21)C#N,CC12CN1C1(C#N)CC21,rdkit_canonicalization
qm9_cn_subset:69615,69615,8433,smiles,CC12NC1C1(CC21)C#C,C#CC12CC1C1(C)NC21,rdkit_canonicalization
qm9_cn_subset:69616,69616,8434,smiles,CC12NC1C1(CC21)C#N,CC12NC1C1(C#N)CC12,rdkit_canonicalization
qm9_cn_subset:69617,69617,8435,smiles,CC12NC1C1(NC21)C#C,C#CC12NC1C1(C)NC12,rdkit_canonicalization
qm9_cn_subset:69618,69618,8436,smiles,CC12NC1C1(NC21)C#N,CC12NC1C1(C#N)NC21,rdkit_canonicalization
qm9_cn_subset:69664,69664,8438,smiles,CC12CN1C1=NCCC21,CC12CN1C1=NCCC12,rdkit_canonicalization
qm9_cn_subset:69665,69665,8439,smiles,CC12NC1C1=CCCC21,CC12NC1C1=CCCC12,rdkit_canonicalization
qm9_cn_subset:69672,69672,8440,smiles,CC12CC1C1C(C#C)N21,C#CC1C2C3CC3(C)N12,rdkit_canonicalization
qm9_cn_subset:69673,69673,8441,smiles,CC12CC1C1C(C#N)C21,CC12CC1C1C(C#N)C12,rdkit_canonicalization
qm9_cn_subset:69674,69674,8442,smiles,CC12CC1C1C(C#N)N21,CC12CC1C1C(C#N)N12,rdkit_canonicalization
qm9_cn_subset:69675,69675,8443,smiles,CC12CC1N1C(C#C)C21,C#CC1C2N1C1CC12C,rdkit_canonicalization
qm9_cn_subset:69676,69676,8444,smiles,CC12CC1N1C(C#N)C21,CC12CC1N1C(C#N)C12,rdkit_canonicalization
qm9_cn_subset:69677,69677,8445,smiles,CC12CN1C1C(C#C)C21,C#CC1C2C1C1(C)CN21,rdkit_canonicalization
qm9_cn_subset:69678,69678,8446,smiles,CC12CN1C1C(C#N)C21,CC12CN1C1C(C#N)C12,rdkit_canonicalization
qm9_cn_subset:69679,69679,8447,smiles,CC12NC1C1C(C#C)C21,C#CC1C2C3NC3(C)C12,rdkit_canonicalization
qm9_cn_subset:69680,69680,8448,smiles,CC12NC1C1C(C#N)C21,CC12NC1C1C(C#N)C12,rdkit_canonicalization
qm9_cn_subset:69723,69723,8449,smiles,CC12CC1C1C3CN1C23,CC12CC1C1C3CN1C32,rdkit_canonicalization
qm9_cn_subset:69725,69725,8450,smiles,CC12CC1N1C3CC1C23,CC12CC1N1C3CC1C32,rdkit_canonicalization
qm9_cn_subset:69726,69726,8451,smiles,CC12CN1C1C3CC1C23,CC12CN1C1C3CC1C32,rdkit_canonicalization
qm9_cn_subset:69728,69728,8452,smiles,CC12NC1C1C3CN1C23,CC12NC1C1C3CN1C32,rdkit_canonicalization
qm9_cn_subset:69806,69806,8455,smiles,CC12CC1C1NC1C=C2,CC12C=CC3NC3C1C2,rdkit_canonicalization
qm9_cn_subset:69808,69808,8456,smiles,CC12CC1N1CC1C=C2,CC12C=CC3CN3C1C2,rdkit_canonicalization
qm9_cn_subset:69809,69809,8457,smiles,CC12NC1C1CC1C=C2,CC12C=CC3CC3C1N2,rdkit_canonicalization
qm9_cn_subset:69810,69810,8458,smiles,CC12NC1C1NC1C=C2,CC12C=CC3NC3C1N2,rdkit_canonicalization
qm9_cn_subset:69825,69825,8459,smiles,CC12CC1N1CC1CC2,CC12CCC3CN3C1C2,rdkit_canonicalization
qm9_cn_subset:69848,69848,8462,smiles,CC12CN1C1CC2(C)C1,CC12CC(C1)N1CC12C,rdkit_canonicalization
qm9_cn_subset:69850,69850,8463,smiles,CC12NC1C1CC2(C)C1,CC12CC(C1)C1NC12C,rdkit_canonicalization
qm9_cn_subset:69859,69859,8464,smiles,CC12CC1C1CC21C#N,CC12CC1C1CC12C#N,rdkit_canonicalization
qm9_cn_subset:69860,69860,8465,smiles,CC12CC1C1NC21C#C,C#CC12NC1C1CC12C,rdkit_canonicalization
qm9_cn_subset:69861,69861,8466,smiles,CC12CC1C1NC21C#N,CC12CC1C1NC12C#N,rdkit_canonicalization
qm9_cn_subset:69864,69864,8467,smiles,CC12CC1N1CC21C#C,C#CC12CN1C1CC12C,rdkit_canonicalization
qm9_cn_subset:69865,69865,8468,smiles,CC12CC1N1CC21C#N,CC12CC1N1CC12C#N,rdkit_canonicalization
qm9_cn_subset:69866,69866,8469,smiles,CC12CN1C1CC21C#C,C#CC12CC1N1CC12C,rdkit_canonicalization
qm9_cn_subset:69867,69867,8470,smiles,CC12CN1C1CC21C#N,CC12CN1C1CC12C#N,rdkit_canonicalization
qm9_cn_subset:69868,69868,8471,smiles,CC12NC1C1CC21C#C,C#CC12CC1C1NC12C,rdkit_canonicalization
qm9_cn_subset:69869,69869,8472,smiles,CC12NC1C1CC21C#N,CC12NC1C1CC12C#N,rdkit_canonicalization
qm9_cn_subset:69870,69870,8473,smiles,CC12NC1C1NC21C#C,C#CC12NC1C1NC12C,rdkit_canonicalization
qm9_cn_subset:69871,69871,8474,smiles,CC12NC1C1NC21C#N,CC12NC1C1NC12C#N,rdkit_canonicalization
qm9_cn_subset:69880,69880,8475,smiles,NC12CC1C1NC21C#N,N#CC12NC1C1CC12N,rdkit_canonicalization
qm9_cn_subset:69882,69882,8476,smiles,NC12CC1N1CC21C#N,N#CC12CN1C1CC12N,rdkit_canonicalization
qm9_cn_subset:69938,69938,8477,smiles,CC12NC1C1CCC1=C2,CC12C=C3CCC3C1N2,rdkit_canonicalization
qm9_cn_subset:69965,69965,8478,smiles,CC12CN1C1CCC21C,CC12CCC1N1CC12C,rdkit_canonicalization
qm9_cn_subset:69969,69969,8479,smiles,CC12NC1C1CCC21C,CC12CCC1C1NC12C,rdkit_canonicalization
qm9_cn_subset:70008,70008,8480,smiles,CC12CN1C1CCC=C21,CC12CN1C1CCC=C12,rdkit_canonicalization
qm9_cn_subset:70009,70009,8481,smiles,CC12NC1C1CCC=C21,CC12NC1C1CCC=C12,rdkit_canonicalization
qm9_cn_subset:70037,70037,8482,smiles,CC12CC(=CC1N2)C#C,C#CC1=CC2NC2(C)C1,rdkit_canonicalization
qm9_cn_subset:70038,70038,8483,smiles,CC12CC(=CC1N2)C#N,CC12CC(C#N)=CC1N2,rdkit_canonicalization
qm9_cn_subset:70042,70042,8484,smiles,CC12CC1C=C(C2)C#N,CC12CC(C#N)=CC1C2,rdkit_canonicalization
qm9_cn_subset:70043,70043,8485,smiles,CC12CC1N=C(N2)C#N,CC12CC1N=C(C#N)N2,rdkit_canonicalization
qm9_cn_subset:70058,70058,8486,smiles,CC12NC1C=C1CCC21,CC12NC1C=C1CCC12,rdkit_canonicalization
qm9_cn_subset:70075,70075,8487,smiles,CC12CC1C=CC1NC21,CC12CC1C=CC1NC12,rdkit_canonicalization
qm9_cn_subset:70077,70077,8488,smiles,CC12NC1C=CC1CC21,CC12NC1C=CC1CC12,rdkit_canonicalization
qm9_cn_subset:70078,70078,8489,smiles,CC12NC1C=CC1NC21,CC12NC1C=CC1NC12,rdkit_canonicalization
qm9_cn_subset:70090,70090,8490,smiles,CC12NC1C=CC2(C)C,CC1(C)C=CC2NC21C,rdkit_canonicalization
qm9_cn_subset:70108,70108,8495,smiles,CC12CN1C=NC2C#C,C#CC1N=CN2CC12C,rdkit_canonicalization
qm9_cn_subset:70110,70110,8497,smiles,CC12NC1C=CC2C#C,C#CC1C=CC2NC12C,rdkit_canonicalization
qm9_cn_subset:70144,70144,8501,smiles,CC12NC1C=CCC=C2,CC12C=CCC=CC1N2,rdkit_canonicalization
qm9_cn_subset:70228,70228,8503,smiles,CC12CC1CC(=C2)C#N,CC12C=C(C#N)CC1C2,rdkit_canonicalization
qm9_cn_subset:70229,70229,8504,smiles,CC12CC1NC(=N2)C#N,CC12CC1NC(C#N)=N2,rdkit_canonicalization
qm9_cn_subset:70232,70232,8505,smiles,CC12CN1CC(=C2)C#C,C#CC1=CC2(C)CN2C1,rdkit_canonicalization
qm9_cn_subset:70233,70233,8506,smiles,CC12CN1CC(=C2)C#N,CC12C=C(C#N)CN1C2,rdkit_canonicalization
qm9_cn_subset:70234,70234,8507,smiles,CC12NC1CC(=C2)C#C,C#CC1=CC2(C)NC2C1,rdkit_canonicalization
qm9_cn_subset:70235,70235,8508,smiles,CC12NC1CC(=C2)C#N,CC12C=C(C#N)CC1N2,rdkit_canonicalization
qm9_cn_subset:70251,70251,8509,smiles,CC12CN1CC(C)(C)C2,CC1(C)CN2CC2(C)C1,rdkit_canonicalization
qm9_cn_subset:70253,70253,8510,smiles,CC12CC(CC1N2)C#N,CC12CC(C#N)CC1N2,rdkit_canonicalization
qm9_cn_subset:70257,70257,8511,smiles,CC12CC1CC(C2)C#N,CC12CC(C#N)CC1C2,rdkit_canonicalization
qm9_cn_subset:70258,70258,8512,smiles,CC12CC1CC(N2)C#N,CC12CC1CC(C#N)N2,rdkit_canonicalization
qm9_cn_subset:70261,70261,8513,smiles,CC12CC1NC(C2)C#N,CC12CC(C#N)NC1C2,rdkit_canonicalization
qm9_cn_subset:70266,70266,8514,smiles,CC12CN1CC(C2)C#N,CC12CC(C#N)CN1C2,rdkit_canonicalization
qm9_cn_subset:70316,70316,8519,smiles,CC12CN1CC1NC1C2,CC12CC3NC3CN1C2,rdkit_canonicalization
qm9_cn_subset:70329,70329,8521,smiles,CC12CC1CN1CC21C,CC12CC1CN1CC12C,rdkit_canonicalization
qm9_cn_subset:70333,70333,8522,smiles,CC12CN1CC1NC21C,CC12NC1CN1CC12C,rdkit_canonicalization
qm9_cn_subset:70336,70336,8523,smiles,CC12NC1CC1NC21C,CC12NC1CC1NC12C,rdkit_canonicalization
qm9_cn_subset:70372,70372,8524,smiles,CC1(NC2CC12N)C#N,CC1(C#N)NC2CC21N,rdkit_canonicalization
qm9_cn_subset:70379,70379,8525,smiles,CC12CC1CC2(C)C#N,CC1(C#N)CC2CC21C,rdkit_canonicalization
qm9_cn_subset:70383,70383,8527,smiles,CC12CC1NC2(C)C#N,CC1(C#N)NC2CC21C,rdkit_canonicalization
qm9_cn_subset:70386,70386,8528,smiles,CC12CN1CC2(C)C#N,CC1(C#N)CN2CC21C,rdkit_canonicalization
qm9_cn_subset:70390,70390,8530,smiles,CC12NC1CC2(C)C#C,C#CC1(C)CC2NC21C,rdkit_canonicalization
qm9_cn_subset:70391,70391,8531,smiles,CC12NC1CC2(C)C#N,CC1(C#N)CC2NC21C,rdkit_canonicalization
qm9_cn_subset:70401,70401,8533,smiles,NC12CC1CC2(N)C#N,N#CC1(N)CC2CC21N,rdkit_canonicalization
qm9_cn_subset:70494,70494,8543,smiles,CC12CN1CC=C2C#C,C#CC1=CCN2CC12C,rdkit_canonicalization
qm9_cn_subset:70496,70496,8545,smiles,CC12NC1CC=C2C#C,C#CC1=CCC2NC12C,rdkit_canonicalization
qm9_cn_subset:70517,70517,8547,smiles,CC12NC1CC=CC=C2,CC12C=CC=CCC1N2,rdkit_canonicalization
qm9_cn_subset:70567,70567,8548,smiles,CC12CC1CCN1CC21,CC12CC1CCN1CC12,rdkit_canonicalization
qm9_cn_subset:70573,70573,8549,smiles,CC12CN1CCC1NC21,CC12CN1CCC1NC12,rdkit_canonicalization
qm9_cn_subset:70575,70575,8550,smiles,CC12NC1CCC1NC21,CC12NC1CCC1NC12,rdkit_canonicalization
qm9_cn_subset:70577,70577,8551,smiles,CC12NC1CCN1CC21,CC12NC1CCN1CC12,rdkit_canonicalization
qm9_cn_subset:70602,70602,8552,smiles,CC12CN1CCC2(C)C,CC1(C)CCN2CC21C,rdkit_canonicalization
qm9_cn_subset:70640,70640,8559,smiles,CC12NC1CCC2C#C,C#CC1CCC2NC12C,rdkit_canonicalization
qm9_cn_subset:70650,70650,8562,smiles,NC12CC1CNC2C#N,N#CC1NCC2CC21N,rdkit_canonicalization
qm9_cn_subset:70726,70726,8563,smiles,CC12NC1CCCC=C2,CC12C=CCCCC1N2,rdkit_canonicalization
qm9_cn_subset:70764,70764,8564,smiles,CC12CC3(C#C)C1CN23,C#CC12CC3(C)C1CN32,rdkit_canonicalization
qm9_cn_subset:70770,70770,8568,smiles,CC12NC3(C#C)C1NC23,C#CC12NC3(C)C1NC32,rdkit_canonicalization
qm9_cn_subset:70840,70840,8573,smiles,CC12CC3(C)C1C1C2N31,CC12CC3(C)C1C1C2N13,rdkit_canonicalization
qm9_cn_subset:70842,70842,8574,smiles,CC12CC3(C)C4C(C14)N23,CC12CC3(C)C4C(C41)N23,rdkit_canonicalization
qm9_cn_subset:70852,70852,8576,smiles,CC12CC3(C)C4C1C2N34,CC12CC3(C)C4C1C2N43,rdkit_canonicalization
qm9_cn_subset:70858,70858,8577,smiles,CC12CC3(C)C=CC1N23,CC12C=CC3N1C3(C)C2,rdkit_canonicalization
qm9_cn_subset:70859,70859,8578,smiles,CC12CC3(C)N=CN1C23,CC12CC3(C)C1N3C=N2,rdkit_canonicalization
qm9_cn_subset:70865,70865,8579,smiles,CC12CC3(C)CC1(C)N23,CC12CC3(C)N1C3(C)C2,rdkit_canonicalization
qm9_cn_subset:70878,70878,8580,smiles,CC12CC3(C)CN1C23C,CC12CN3C(C)(C1)C32C,rdkit_canonicalization
qm9_cn_subset:70892,70892,8581,smiles,CC12CC3(C)CC1N2C3,CC12CC3N(C1)C3(C)C2,rdkit_canonicalization
qm9_cn_subset:70903,70903,8582,smiles,CC12CC3(C)CCN1C23,CC12CCN3C1C3(C)C2,rdkit_canonicalization
qm9_cn_subset:70960,70960,8583,smiles,CC12CC3(CC1C23)C#N,CC12CC3(C#N)CC1C32,rdkit_canonicalization
qm9_cn_subset:70961,70961,8584,smiles,CC12CC3(CC1N23)C#C,C#CC12CC3N1C3(C)C2,rdkit_canonicalization
qm9_cn_subset:70962,70962,8585,smiles,CC12CC3(CC1N23)C#N,CC12CC3(C#N)CC1N32,rdkit_canonicalization
qm9_cn_subset:70963,70963,8586,smiles,CC12CC3(CN1C23)C#C,C#CC12CN3C1C3(C)C2,rdkit_canonicalization
qm9_cn_subset:70964,70964,8587,smiles,CC12CC3(CN1C23)C#N,CC12CC3(C#N)CN1C32,rdkit_canonicalization
qm9_cn_subset:70965,70965,8588,smiles,CC12CC3(NC1C23)C#N,CC12CC3(C#N)NC1C32,rdkit_canonicalization
qm9_cn_subset:70968,70968,8589,smiles,CC12NC3(CC1C23)C#N,CC12NC3(C#N)CC1C32,rdkit_canonicalization
qm9_cn_subset:71043,71043,8596,smiles,CC12CC3=CC4C(C13)N24,CC12CC3=CC4C(C31)N42,rdkit_canonicalization
qm9_cn_subset:71045,71045,8597,smiles,CC12CC3=CC4C1N4C23,CC12CC3=CC4C1N4C32,rdkit_canonicalization
qm9_cn_subset:71046,71046,8598,smiles,CC12NC3=NC4C(C14)C23,CC12NC3=NC4C(C31)C42,rdkit_canonicalization
qm9_cn_subset:71052,71052,8599,smiles,CC12CC3=NCC1(C)N23,CC12CN=C3CC1(C)N32,rdkit_canonicalization
qm9_cn_subset:71054,71054,8600,smiles,CC12CN=C3NC1(C)C23,CC12CN=C3NC1(C)C32,rdkit_canonicalization
qm9_cn_subset:71056,71056,8601,smiles,CC12NC3=NCC1(N)C23,CC12NC3=NCC1(N)C32,rdkit_canonicalization
qm9_cn_subset:71063,71063,8602,smiles,CC12CC3=CCN1C23C,CC12CC3=CCN1C32C,rdkit_canonicalization
qm9_cn_subset:71091,71091,8603,smiles,CC12CC3C(C1)C23C#N,CC12CC3C(C1)C32C#N,rdkit_canonicalization
qm9_cn_subset:71092,71092,8604,smiles,CC12CC3C(N1)C23C#N,CC12CC3C(N1)C32C#N,rdkit_canonicalization
qm9_cn_subset:71095,71095,8605,smiles,CC12CC3N(C1)C23C#C,C#CC12C3CC1(C)CN32,rdkit_canonicalization
qm9_cn_subset:71096,71096,8606,smiles,CC12CC3N(C1)C23C#N,CC12CC3N(C1)C32C#N,rdkit_canonicalization
qm9_cn_subset:71097,71097,8607,smiles,NC12CC3N(C1)C23C#N,N#CC12C3CC1(N)CN32,rdkit_canonicalization
qm9_cn_subset:71115,71115,8608,smiles,CC12CC3C(C=C1)N3C2,CC12C=CC3C(C1)N3C2,rdkit_canonicalization
qm9_cn_subset:71124,71124,8609,smiles,CC12CC3C(CC1)N3C2,CC12CCC3C(C1)N3C2,rdkit_canonicalization
qm9_cn_subset:71154,71154,8610,smiles,CC12CC3C(N13)C21CC1,CC12CC3C(N31)C21CC1,rdkit_canonicalization
qm9_cn_subset:71155,71155,8611,smiles,CC12CC3C(N13)C21CN1,CC12CC3C(N31)C21CN1,rdkit_canonicalization
qm9_cn_subset:71158,71158,8613,smiles,CC12CN3C(C13)C21CC1,CC12CN3C1C3C21CC1,rdkit_canonicalization
qm9_cn_subset:71159,71159,8614,smiles,CC12CN3C(C13)C21CN1,CC12CN3C1C3C21CN1,rdkit_canonicalization
qm9_cn_subset:71172,71172,8615,smiles,CC12CC3C(C13)C2C#N,CC12CC3C(C1C#N)C32,rdkit_canonicalization
qm9_cn_subset:71173,71173,8616,smiles,CC12CC3C(C1C#C)N23,C#CC1C2C3CC1(C)N32,rdkit_canonicalization
qm9_cn_subset:71174,71174,8617,smiles,CC12CC3C(C1C#N)N23,CC12CC3C(C1C#N)N32,rdkit_canonicalization
qm9_cn_subset:71175,71175,8618,smiles,CC12CC3C1N3C2C#C,C#CC1N2C3CC1(C)C32,rdkit_canonicalization
qm9_cn_subset:71177,71177,8620,smiles,CC12CN3C(C13)C2C#C,C#CC1C2C3N2CC13C,rdkit_canonicalization
qm9_cn_subset:71178,71178,8621,smiles,CC12CN3C(C13)C2C#N,CC12CN3C(C1C#N)C32,rdkit_canonicalization
qm9_cn_subset:71179,71179,8622,smiles,CC12NC3C(C13)C2C#N,CC12NC3C(C1C#N)C32,rdkit_canonicalization
qm9_cn_subset:71182,71182,8623,smiles,NC12CC3C1N3C2C#N,N#CC1N2C3CC1(N)C32,rdkit_canonicalization
qm9_cn_subset:71183,71183,8624,smiles,NC12CN3C(C13)C2C#N,N#CC1C2C3N2CC13N,rdkit_canonicalization
qm9_cn_subset:71202,71202,8625,smiles,CC12CN3C(C=CC1)C23,CC12CC=CC3C1N3C2,rdkit_canonicalization
qm9_cn_subset:71219,71219,8626,smiles,CC12CC3C(CN13)C=C2,CC12C=CC3CN1C3C2,rdkit_canonicalization
qm9_cn_subset:71221,71221,8627,smiles,CC12CN3C(CC13)C=C2,CC12C=CC3CC1N3C2,rdkit_canonicalization
qm9_cn_subset:71256,71256,8628,smiles,CC12CN3C(CC13C)C2,CC12CC3CC1(C)N3C2,rdkit_canonicalization
qm9_cn_subset:71282,71282,8629,smiles,CC12CC3C1N3CC=C2,CC12C=CCN3C(C1)C32,rdkit_canonicalization
qm9_cn_subset:71283,71283,8630,smiles,CC12CN3C(CC=C1)C23,CC12C=CCC3C1N3C2,rdkit_canonicalization
qm9_cn_subset:71294,71294,8631,smiles,CC12CC3C1N3CCC2,CC12CCCN3C(C1)C32,rdkit_canonicalization
qm9_cn_subset:71298,71298,8632,smiles,CC12CN3C(CCC1)C23,CC12CCCC3C1N3C2,rdkit_canonicalization
qm9_cn_subset:71309,71309,8633,smiles,CC12CC3C1C(C#C)N23,C#CC1C2C3CC2(C)N13,rdkit_canonicalization
qm9_cn_subset:71310,71310,8634,smiles,CC12CC3C1C(C#N)C23,CC12CC3C1C(C#N)C32,rdkit_canonicalization
qm9_cn_subset:71311,71311,8635,smiles,CC12CC3C1C(C#N)N23,CC12CC3C1C(C#N)N32,rdkit_canonicalization
qm9_cn_subset:71312,71312,8636,smiles,CC12CN3C1C(C#C)C23,C#CC1C2N3CC2(C)C13,rdkit_canonicalization
qm9_cn_subset:71313,71313,8637,smiles,CC12CN3C1C(C#N)C23,CC12CN3C1C(C#N)C32,rdkit_canonicalization
qm9_cn_subset:71340,71340,8638,smiles,CC12CC3C1C1(CC1)N23,CC12CC3C1C1(CC1)N32,rdkit_canonicalization
qm9_cn_subset:71342,71342,8639,smiles,CC12CN3C1C1(CC1)C23,CC12CN3C1C1(CC1)C32,rdkit_canonicalization
qm9_cn_subset:71343,71343,8640,smiles,CC12CN3C1C1(CN1)C23,CC12CN3C1C1(CN1)C32,rdkit_canonicalization
qm9_cn_subset:71355,71355,8641,smiles,CC12CC3C1C1CN1C23,CC12CC3C1C1CN1C32,rdkit_canonicalization
qm9_cn_subset:71357,71357,8642,smiles,CC12CN3C1C1CC1C23,CC12CN3C1C1CC1C32,rdkit_canonicalization
qm9_cn_subset:71358,71358,8643,smiles,CC12CN3C1C1NC1C23,CC12CN3C1C1NC1C32,rdkit_canonicalization
qm9_cn_subset:71393,71393,8644,smiles,CC12CC3C1N2C3(C)C,CC1(C)C2CC3(C)C2N13,rdkit_canonicalization
qm9_cn_subset:71394,71394,8645,smiles,CC12CC3N1C2C3(C)C,CC1(C)C2CC3(C)C1N23,rdkit_canonicalization
qm9_cn_subset:71413,71413,8651,smiles,CC12CC3C(C#C)C1N23,C#CC1C2CC3(C)C1N23,rdkit_canonicalization
qm9_cn_subset:71414,71414,8652,smiles,CC12CC3C(C#N)C1N23,CC12CC3C(C#N)C1N32,rdkit_canonicalization
qm9_cn_subset:71416,71416,8653,smiles,CC12CC3C1C2C3C#N,CC12CC3C(C#N)C1C32,rdkit_canonicalization
qm9_cn_subset:71417,71417,8654,smiles,CC12CC3C1N2C3C#C,C#CC1C2CC3(C)C2N13,rdkit_canonicalization
qm9_cn_subset:71418,71418,8655,smiles,CC12CC3C1N2C3C#N,CC12CC3C(C#N)N1C32,rdkit_canonicalization
qm9_cn_subset:71419,71419,8656,smiles,CC12CN3C1C2C3C#C,C#CC1C2C3N1CC23C,rdkit_canonicalization
qm9_cn_subset:71420,71420,8657,smiles,CC12CN3C1C2C3C#N,CC12CN3C(C#N)C1C32,rdkit_canonicalization
qm9_cn_subset:71421,71421,8658,smiles,CC12NC3C1C2C3C#N,CC12NC3C(C#N)C1C32,rdkit_canonicalization
qm9_cn_subset:71465,71465,8660,smiles,CC12CC3C1C3(C2)C#N,CC12CC3C1C3(C#N)C2,rdkit_canonicalization
qm9_cn_subset:71466,71466,8661,smiles,CC12CC3C1C3(N2)C#N,CC12CC3C1C3(C#N)N2,rdkit_canonicalization
qm9_cn_subset:71469,71469,8662,smiles,CC12CC3N1C3(C2)C#C,C#CC12CC3(C)CC1N32,rdkit_canonicalization
qm9_cn_subset:71470,71470,8663,smiles,CC12CC3N1C3(C2)C#N,CC12CC3N1C3(C#N)C2,rdkit_canonicalization
qm9_cn_subset:71471,71471,8664,smiles,CC12CN3C1C3(C2)C#C,C#CC12CC3(C)CN1C32,rdkit_canonicalization
qm9_cn_subset:71472,71472,8665,smiles,CC12CN3C1C3(C2)C#N,CC12CN3C1C3(C#N)C2,rdkit_canonicalization
qm9_cn_subset:71488,71488,8666,smiles,CC12CN3C1C=CC23C,CC12CN3C1C=CC32C,rdkit_canonicalization
qm9_cn_subset:71517,71517,8667,smiles,CC12CC3C1CC23C#N,CC12CC3C1CC32C#N,rdkit_canonicalization
qm9_cn_subset:71518,71518,8668,smiles,CC12CC3C1NC23C#N,CC12CC3C1NC32C#N,rdkit_canonicalization
qm9_cn_subset:71521,71521,8669,smiles,CC12CC3N1CC23C#C,C#CC12CN3C1CC32C,rdkit_canonicalization
qm9_cn_subset:71522,71522,8670,smiles,CC12CC3N1CC23C#N,CC12CC3N1CC32C#N,rdkit_canonicalization
qm9_cn_subset:71523,71523,8671,smiles,CC12CN3C1CC23C#C,C#CC12CC3N1CC32C,rdkit_canonicalization
qm9_cn_subset:71524,71524,8672,smiles,CC12CN3C1CC23C#N,CC12CN3C1CC32C#N,rdkit_canonicalization
qm9_cn_subset:71525,71525,8673,smiles,CC12NC3C1CC23C#N,CC12NC3C1CC32C#N,rdkit_canonicalization
qm9_cn_subset:71526,71526,8674,smiles,CC12NC3C1NC23C#C,C#CC12NC3C1NC32C,rdkit_canonicalization
qm9_cn_subset:71527,71527,8675,smiles,CC12NC3C1NC23C#N,CC12NC3C1NC32C#N,rdkit_canonicalization
qm9_cn_subset:71536,71536,8676,smiles,NC12CC3C1NC23C#N,N#CC12NC3C1CC32N,rdkit_canonicalization
qm9_cn_subset:71538,71538,8677,smiles,NC12CN3C1CC23C#N,N#CC12CC3N1CC32N,rdkit_canonicalization
qm9_cn_subset:71582,71582,8679,smiles,CC12CC3C1C=CCN23,CC12CC3C1C=CCN32,rdkit_canonicalization
qm9_cn_subset:71585,71585,8680,smiles,CC12CN3C1CC=CC23,CC12CN3C1C=CCC32,rdkit_canonicalization
qm9_cn_subset:71601,71601,8681,smiles,CC12CN3C1CCC23C,CC12CN3C1CCC32C,rdkit_canonicalization
qm9_cn_subset:71640,71640,8682,smiles,CC12CC3C1C1C(C2)N31,CC12CC3C4C1C(C2)N34,rdkit_canonicalization
qm9_cn_subset:71642,71642,8683,smiles,CC12CC3C4C(C1)N4C23,CC12CC3C4C(C1)N4C32,rdkit_canonicalization
qm9_cn_subset:71643,71643,8684,smiles,CC12CC3C4C(C13)N4C2,CC12CC3C4C(C31)N4C2,rdkit_canonicalization
qm9_cn_subset:71647,71647,8685,smiles,CC12CN3C4C(C1)C4C23,CC12CC3C4C3N(C1)C42,rdkit_canonicalization
qm9_cn_subset:71658,71658,8686,smiles,CC12CC3C4C(C3C1)N24,CC12CC3C(C1)C1C3N12,rdkit_canonicalization
qm9_cn_subset:71659,71659,8687,smiles,CC12CC3C4C1N4C3C2,CC12CC3C(C1)N1C3C12,rdkit_canonicalization
qm9_cn_subset:71666,71666,8689,smiles,CC12CC3C4C(CC13)N24,CC12CC3C4C(CC31)N42,rdkit_canonicalization
qm9_cn_subset:71668,71668,8690,smiles,CC12CC3C4C1N4CC23,CC12CC3C4C1N4CC32,rdkit_canonicalization
qm9_cn_subset:71677,71677,8691,smiles,CC12CC3C1C1CC2N31,CC12CC3C1C1CC2N13,rdkit_canonicalization
qm9_cn_subset:71680,71680,8692,smiles,CC12CC3C4C1CN4C23,CC12CC3C4C1CN4C32,rdkit_canonicalization
qm9_cn_subset:71681,71681,8693,smiles,CC12CN3C4C(CC14)C23,CC12CN3C4C(CC41)C32,rdkit_canonicalization
qm9_cn_subset:71693,71693,8694,smiles,CC12C3CC4(C)C1N4C23,CC12C3CC4(C)C1N4C32,rdkit_canonicalization
qm9_cn_subset:71701,71701,8697,smiles,CC12CN3C4C1C2C34C,CC12CN3C4C1C2C43C,rdkit_canonicalization
qm9_cn_subset:71709,71709,8698,smiles,CC12C3C4C1CC2(C)N34,CC12C3CC1(C)N1C3C12,rdkit_canonicalization
qm9_cn_subset:71713,71713,8699,smiles,CC12CC3C4C1N4C23C,CC12CC3C4C1N4C32C,rdkit_canonicalization
qm9_cn_subset:71714,71714,8700,smiles,CC12CC3N4C1C4C23C,CC12CC3N4C1C4C32C,rdkit_canonicalization
qm9_cn_subset:71716,71716,8701,smiles,CC12CN3C4C1C4C23C,CC12CN3C4C1C4C32C,rdkit_canonicalization
qm9_cn_subset:71728,71728,8703,smiles,CC12CC3C4C3C1(C)N24,CC12CC3C4C3C1(C)N42,rdkit_canonicalization
qm9_cn_subset:71730,71730,8704,smiles,CC12CC3C4N3C1C24C,CC12CC3C4N3C1C42C,rdkit_canonicalization
qm9_cn_subset:71732,71732,8705,smiles,CC12CN3C4C3C1(C)C24,CC12CN3C4C3C1(C)C42,rdkit_canonicalization
qm9_cn_subset:71742,71742,8707,smiles,CC12CN3C4C3C1CC24,CC12CN3C4C3C1CC42,rdkit_canonicalization
qm9_cn_subset:71753,71753,8708,smiles,CC12CC3C4CN(C14)C23,CC12CC3C4CN(C41)C32,rdkit_canonicalization
qm9_cn_subset:71765,71765,8710,smiles,CC12CC3C4CC1C2N34,CC12CC3C4CC1C2N43,rdkit_canonicalization
qm9_cn_subset:71766,71766,8711,smiles,CC12CC3C4CC1N2C34,CC12CC3C4CC1N2C43,rdkit_canonicalization
qm9_cn_subset:71767,71767,8712,smiles,CC12CC3C4CN1C2C34,CC12CC3C4CN1C2C43,rdkit_canonicalization
qm9_cn_subset:71769,71769,8713,smiles,CC12CN3C4CC1C2C34,CC12CN3C4CC1C2C43,rdkit_canonicalization
qm9_cn_subset:71770,71770,8714,smiles,CC12CN3C4CN1C2C34,CC12CN3C4CN1C2C43,rdkit_canonicalization
qm9_cn_subset:71780,71780,8716,smiles,CC12CC3C4CC1C4N23,CC12CC3C4CC1C4N32,rdkit_canonicalization
qm9_cn_subset:71781,71781,8717,smiles,CC12CC3C4CC1N4C23,CC12CC3C4CC1N4C32,rdkit_canonicalization
qm9_cn_subset:71784,71784,8718,smiles,CC12CN3C4CC1C4C23,CC12CN3C4CC1C4C32,rdkit_canonicalization
qm9_cn_subset:71785,71785,8719,smiles,CC12CN3C4CN1C4C23,CC12CN3C4CN1C4C32,rdkit_canonicalization
qm9_cn_subset:71795,71795,8720,smiles,CC12CC3C4CC3N1C24,CC12CC3C4CC3N1C42,rdkit_canonicalization
qm9_cn_subset:71803,71803,8721,smiles,CC12CC3C1C2C1CN31,CC12CC3C1C2C1CN13,rdkit_canonicalization
qm9_cn_subset:71805,71805,8722,smiles,CC12CC3C4CC4C1N23,CC12CC3C4CC4C1N32,rdkit_canonicalization
qm9_cn_subset:71806,71806,8723,smiles,CC12CC3C4CC4N1C23,CC12CC3C4CC4N1C32,rdkit_canonicalization
qm9_cn_subset:71807,71807,8724,smiles,CC12CC3C4CN4C1C23,CC12CC3C4CN4C1C32,rdkit_canonicalization
qm9_cn_subset:71808,71808,8725,smiles,CC12CC3C4NC4C1N23,CC12CC3C4NC4C1N32,rdkit_canonicalization
qm9_cn_subset:71826,71826,8726,smiles,CC12CC3C=CC1(C)N23,CC12C=CC3CC1(C)N32,rdkit_canonicalization
qm9_cn_subset:71828,71828,8727,smiles,CC12N=CN3CC1(N)C23,CC12N=CN3CC1(N)C32,rdkit_canonicalization
qm9_cn_subset:71834,71834,8728,smiles,CC12C3N=CN1CC23N,CC12C3N=CN1CC32N,rdkit_canonicalization
qm9_cn_subset:71838,71838,8729,smiles,CC12CC3N=CN1C23C,CC12CC3N=CN1C32C,rdkit_canonicalization
qm9_cn_subset:71844,71844,8730,smiles,CC12CC3C=CC1CN23,CC12CC3C=CC1CN32,rdkit_canonicalization
qm9_cn_subset:71876,71876,8731,smiles,CC12CN3CC(=CC1)C23,CC12CC=C3CN(C1)C32,rdkit_canonicalization
qm9_cn_subset:71886,71886,8732,smiles,CC12CN3CC(C)(C1)C23,CC12CN3CC(C)(C1)C32,rdkit_canonicalization
qm9_cn_subset:71898,71898,8733,smiles,CC12CC3CN(C1)C23C,CC12CC3CN(C1)C32C,rdkit_canonicalization
qm9_cn_subset:71966,71966,8734,smiles,CC12CC3CC1(C#C)N23,C#CC12CC3CC1(C)N32,rdkit_canonicalization
qm9_cn_subset:71967,71967,8735,smiles,CC12CC3CC1(C#N)C23,CC12CC3CC1(C#N)C32,rdkit_canonicalization
qm9_cn_subset:71968,71968,8736,smiles,CC12CC3CC1(C#N)N23,CC12CC3CC1(C#N)N32,rdkit_canonicalization
qm9_cn_subset:71969,71969,8737,smiles,CC12CC3NC1(C#N)C23,CC12CC3NC1(C#N)C32,rdkit_canonicalization
qm9_cn_subset:71972,71972,8738,smiles,CC12CN3CC1(C#C)C23,C#CC12CN3CC1(C)C32,rdkit_canonicalization
qm9_cn_subset:71973,71973,8739,smiles,CC12CN3CC1(C#N)C23,CC12CN3CC1(C#N)C32,rdkit_canonicalization
qm9_cn_subset:71974,71974,8740,smiles,CC12NC3CC1(C#N)C23,CC12NC3CC1(C#N)C32,rdkit_canonicalization
qm9_cn_subset:71977,71977,8741,smiles,NC12CC3NC1(C#N)C23,N#CC12NC3CC1(N)C32,rdkit_canonicalization
qm9_cn_subset:71979,71979,8742,smiles,NC12CN3CC1(C#N)C23,N#CC12CN3CC1(N)C32,rdkit_canonicalization
qm9_cn_subset:71994,71994,8743,smiles,CC12CN3CC1(C)C23C,CC12CN3CC1(C)C32C,rdkit_canonicalization
qm9_cn_subset:72019,72019,8745,smiles,CC12CC3CC1C1C3N21,CC12CC3CC1C1C3N12,rdkit_canonicalization
qm9_cn_subset:72020,72020,8746,smiles,CC12CC3CC1N1C3C21,CC12CC3CC1N1C3C12,rdkit_canonicalization
qm9_cn_subset:72044,72044,8748,smiles,CC12CC3CC1C23C#N,CC12CC3CC1C32C#N,rdkit_canonicalization
qm9_cn_subset:72045,72045,8749,smiles,CC12CC3CN1C23C#C,C#CC12C3CN1C2(C)C3,rdkit_canonicalization
qm9_cn_subset:72046,72046,8750,smiles,CC12CC3CN1C23C#N,CC12CC3CN1C32C#N,rdkit_canonicalization
qm9_cn_subset:72047,72047,8751,smiles,CC12CC3NC1C23C#N,CC12CC3NC1C32C#N,rdkit_canonicalization
qm9_cn_subset:72050,72050,8752,smiles,CC12CN3CC1C23C#C,C#CC12C3CN1CC32C,rdkit_canonicalization
qm9_cn_subset:72051,72051,8753,smiles,CC12CN3CC1C23C#N,CC12CN3CC1C32C#N,rdkit_canonicalization
qm9_cn_subset:72052,72052,8754,smiles,CC12NC3CC1C23C#N,CC12NC3CC1C32C#N,rdkit_canonicalization
qm9_cn_subset:72055,72055,8755,smiles,NC12CC3NC1C23C#N,N#CC12C3CC1(N)C2N3,rdkit_canonicalization
qm9_cn_subset:72057,72057,8756,smiles,NC12CN3CC1C23C#N,N#CC12C3CN1CC32N,rdkit_canonicalization
qm9_cn_subset:72179,72179,8757,smiles,CC12CC3CC4C(C13)N24,CC12CC3CC4C(C31)N42,rdkit_canonicalization
qm9_cn_subset:72181,72181,8758,smiles,CC12CC3CC4C1N4C23,CC12CC3CC4C1N4C32,rdkit_canonicalization
qm9_cn_subset:72182,72182,8759,smiles,CC12CC3CN4C(C14)C23,CC12CC3CN4C(C31)C42,rdkit_canonicalization
qm9_cn_subset:72184,72184,8760,smiles,CC12CN3CC4C(C13)N24,CC12CN3CC4C(C31)N42,rdkit_canonicalization
qm9_cn_subset:72195,72195,8762,smiles,CC12CC3CC4C1N2C34,CC12CC3CC4C3N1C42,rdkit_canonicalization
qm9_cn_subset:72196,72196,8763,smiles,CC12CC3CC4C3C1N24,CC12CC3CC4C3C1N42,rdkit_canonicalization
qm9_cn_subset:72197,72197,8764,smiles,CC12CC3CN4C1C2C34,CC12CC3CN4C3C1C42,rdkit_canonicalization
qm9_cn_subset:72200,72200,8765,smiles,CC12CN3CC4C3C1N24,CC12CN3CC4C3C1N42,rdkit_canonicalization
qm9_cn_subset:72265,72265,8766,smiles,CC12CN3CCN1CC23,CC12CN3CCN1CC32,rdkit_canonicalization
qm9_cn_subset:72293,72293,8767,smiles,CC12CC=C3C4C(C13)N24,CC12CC=C3C4C(C31)N42,rdkit_canonicalization
qm9_cn_subset:72295,72295,8768,smiles,CC12CC=C3C4C1N4C23,CC12CC=C3C4C1N4C32,rdkit_canonicalization
qm9_cn_subset:72303,72303,8770,smiles,CC12C3NC1=NCC23N,CC12C3=NCC1(N)C2N3,rdkit_canonicalization
qm9_cn_subset:72308,72308,8771,smiles,CC12CC=C3CN1C23C,CC12CC=C3CN1C32C,rdkit_canonicalization
qm9_cn_subset:72314,72314,8772,smiles,NC12CN=C3NC1C23N,NC12CN=C3NC1C32N,rdkit_canonicalization
qm9_cn_subset:72335,72335,8773,smiles,CC12CC=CC1C1NC21,CC12CC=CC1C1NC12,rdkit_canonicalization
qm9_cn_subset:72337,72337,8774,smiles,CC12CC=CC1N1CC21,CC12CC=CC1N1CC12,rdkit_canonicalization
qm9_cn_subset:72347,72347,8776,smiles,CC12CN=CN1C2C#C,C#CC1N2C=NCC12C,rdkit_canonicalization
qm9_cn_subset:72380,72380,8779,smiles,CC12CC=CC3C1CN23,CC12CC=CC3C1CN32,rdkit_canonicalization
qm9_cn_subset:72436,72436,8780,smiles,CC12CCC(C1)N1CC21,CC12CCC(C1)N1CC12,rdkit_canonicalization
qm9_cn_subset:72602,72602,8781,smiles,CC12CCC1(C)C1NC21,CC12CCC1(C)C1NC12,rdkit_canonicalization
qm9_cn_subset:72604,72604,8782,smiles,CC12CCC1(C)N1CC21,CC12CCC1(C)N1CC12,rdkit_canonicalization
qm9_cn_subset:72630,72630,8785,smiles,NC12CCC1(N)C2C#N,N#CC1C2(N)CCC12N,rdkit_canonicalization
qm9_cn_subset:72664,72664,8786,smiles,CC12CCC1(CC2)C#N,CC12CCC1(C#N)CC2,rdkit_canonicalization
qm9_cn_subset:72667,72667,8787,smiles,CC12CCC1(NC2)C#N,CC12CCC1(C#N)NC2,rdkit_canonicalization
qm9_cn_subset:72670,72670,8788,smiles,CC12CNC1(CN2)C#C,C#CC12CNC1(C)CN2,rdkit_canonicalization
qm9_cn_subset:72671,72671,8789,smiles,CC12CNC1(CN2)C#N,CC12CNC1(C#N)CN2,rdkit_canonicalization
qm9_cn_subset:72678,72678,8790,smiles,NC12CCC1(NC2)C#N,N#CC12CCC1(N)CN2,rdkit_canonicalization
qm9_cn_subset:72766,72766,8791,smiles,CC12CCC1=CC1NC21,CC12CCC1=CC1NC12,rdkit_canonicalization
qm9_cn_subset:72848,72848,8792,smiles,CC12CCC1C(C2)C#N,CC12CCC1C(C#N)C2,rdkit_canonicalization
qm9_cn_subset:72849,72849,8793,smiles,CC12CCC1C(N2)C#N,CC12CCC1C(C#N)N2,rdkit_canonicalization
qm9_cn_subset:72852,72852,8794,smiles,CC12CCN1C(C2)C#N,CC12CCN1C(C#N)C2,rdkit_canonicalization
qm9_cn_subset:72853,72853,8795,smiles,CC12CNC1C(N2)C#N,CC12CNC1C(C#N)N2,rdkit_canonicalization
qm9_cn_subset:72952,72952,8798,smiles,CC1(C#N)C2NCC12N,CC1(C#N)C2NCC21N,rdkit_canonicalization
qm9_cn_subset:72957,72957,8799,smiles,CC12CCC1C2(C)C#N,CC1(C#N)C2CCC21C,rdkit_canonicalization
qm9_cn_subset:72961,72961,8801,smiles,CC12CCN1C2(C)C#C,C#CC1(C)N2CCC21C,rdkit_canonicalization
qm9_cn_subset:72962,72962,8802,smiles,CC12CCN1C2(C)C#N,CC1(C#N)N2CCC21C,rdkit_canonicalization
qm9_cn_subset:72980,72980,8805,smiles,NC12CCC1C2(N)C#N,N#CC1(N)C2CCC21N,rdkit_canonicalization
qm9_cn_subset:72982,72982,8806,smiles,NC12CNC1C2(N)C#N,N#CC1(N)C2NCC21N,rdkit_canonicalization
qm9_cn_subset:73040,73040,8810,smiles,CC12CCC1N2CC#C,C#CCN1C2CCC21C,rdkit_canonicalization
qm9_cn_subset:73123,73123,8813,smiles,CC12CCC1CN1CC21,CC12CCC1CN1CC12,rdkit_canonicalization
qm9_cn_subset:73180,73180,8818,smiles,NC12CCC1NC2C#N,N#CC1NC2CCC12N,rdkit_canonicalization
qm9_cn_subset:73304,73304,8819,smiles,CC12CCC3(C)CN1C23,CC12CCC3(C)C1N3C2,rdkit_canonicalization
qm9_cn_subset:73349,73349,8822,smiles,CC12CCN3C(C=C1)C23,CC12C=CC3C1N3CC2,rdkit_canonicalization
qm9_cn_subset:73392,73392,8824,smiles,CC12CCN3C1C=CC23,CC12CCN3C1C=CC32,rdkit_canonicalization
qm9_cn_subset:73410,73410,8826,smiles,CC12CCC3C4C(C13)N24,CC12CCC3C4C(C31)N42,rdkit_canonicalization
qm9_cn_subset:73412,73412,8827,smiles,CC12CCC3C4C(C14)N23,CC12CCC3C4C(C41)N32,rdkit_canonicalization
qm9_cn_subset:73413,73413,8828,smiles,CC12CCC3C4C1N4C23,CC12CCC3C4C1N4C32,rdkit_canonicalization
qm9_cn_subset:73428,73428,8830,smiles,CC12CCC3C4C3N1C24,CC12CCC3C4C3N1C42,rdkit_canonicalization
qm9_cn_subset:73429,73429,8831,smiles,CC12CCN3C4C3C1C24,CC12CCN3C4C3C1C42,rdkit_canonicalization
qm9_cn_subset:73439,73439,8832,smiles,CC12CCC3C=CC1N23,CC12CCC3C=CC1N32,rdkit_canonicalization
qm9_cn_subset:73509,73509,8833,smiles,CC12CCC=C1C1CN21,CC12CCC=C1C1CN12,rdkit_canonicalization
qm9_cn_subset:73510,73510,8834,smiles,CC12CCC=C1C1NC21,CC12CCC=C1C1NC12,rdkit_canonicalization
qm9_cn_subset:73512,73512,8835,smiles,CC12CCN=C1N1CC21,CC12CCN=C1N1CC12,rdkit_canonicalization
qm9_cn_subset:73529,73529,8837,smiles,CC12CCC=C3CN1C23,CC12CCC=C3CN1C32,rdkit_canonicalization
qm9_cn_subset:73565,73565,8838,smiles,CC12CCCC1N1CC21,CC12CCCC1N1CC12,rdkit_canonicalization
qm9_cn_subset:73595,73595,8840,smiles,CC12CCCN1C2C#C,C#CC1N2CCCC12C,rdkit_canonicalization
qm9_cn_subset:73753,73753,8844,smiles,CC1=C(C#C)C2NC2C1,C#CC1=C(C)CC2NC12,rdkit_canonicalization
qm9_cn_subset:73801,73801,8848,smiles,CC1=C(C)C(CC1)C#N,CC1=C(C)C(C#N)CC1,rdkit_canonicalization
qm9_cn_subset:73802,73802,8849,smiles,CC1=C(C)C(NC1)C#N,CC1=C(C)C(C#N)NC1,rdkit_canonicalization
qm9_cn_subset:73817,73817,8851,smiles,CC1=C(C)C2(CN2)CC1,CC1=C(C)C2(CC1)CN2,rdkit_canonicalization
qm9_cn_subset:73837,73837,8855,smiles,CC1=C(C)C2CC3C1N23,CC1=C(C)C2C3CC1N32,rdkit_canonicalization
qm9_cn_subset:73861,73861,8856,smiles,CC1=C(C)CC(C1)C#N,CC1=C(C)CC(C#N)C1,rdkit_canonicalization
qm9_cn_subset:73911,73911,8858,smiles,CC1=C(CC2CC12)C#N,CC1=C(C#N)CC2CC12,rdkit_canonicalization
qm9_cn_subset:73912,73912,8859,smiles,CC1=C(CC2NC12)C#C,C#CC1=C(C)C2NC2C1,rdkit_canonicalization
qm9_cn_subset:73913,73913,8860,smiles,CC1=C(CC2NC12)C#N,CC1=C(C#N)CC2NC12,rdkit_canonicalization
qm9_cn_subset:73916,73916,8861,smiles,CC1=C(CN2CC12)C#N,CC1=C(C#N)CN2CC12,rdkit_canonicalization
qm9_cn_subset:73931,73931,8862,smiles,CC1=C(CCC1)C1CN1,CC1=C(C2CN2)CCC1,rdkit_canonicalization
qm9_cn_subset:73953,73953,8863,smiles,CC1=C(CCCC1)C#N,CC1=C(C#N)CCCC1,rdkit_canonicalization
qm9_cn_subset:73965,73965,8864,smiles,CC1=C2C3C4C(C1)C2N34,CC1=C2C3C(C1)C1C2N31,rdkit_canonicalization
qm9_cn_subset:73966,73966,8865,smiles,CC1=C2C3C4C2C(C1)N34,CC1=C2C3C(C1)N1C2C31,rdkit_canonicalization
qm9_cn_subset:73968,73968,8866,smiles,CC1=C2C3C4C3N(C1)C24,CC1=C2C3C4C2N(C1)C34,rdkit_canonicalization
qm9_cn_subset:73971,73971,8867,smiles,CC1=C2C3NC3C2CC1,CC1=C2C(CC1)C1NC21,rdkit_canonicalization
qm9_cn_subset:73998,73998,8875,smiles,CC1=C2CC3C4C1N4C23,CC1=C2CC3C2N2C1C32,rdkit_canonicalization
qm9_cn_subset:73999,73999,8876,smiles,CC1=C2CN3C4C(C14)C23,CC1=C2CN3C2C2C1C23,rdkit_canonicalization
qm9_cn_subset:74234,74234,8879,smiles,CC1=C[C-](C#N)C(=[NH2+])N1,Cc1c[c-](C#N)c(=[NH2+])[nH]1,rdkit_canonicalization
qm9_cn_subset:74236,74236,8880,smiles,CC1=NC(C#C)C(=N)N1,C#CC1N=C(C)NC1=N,rdkit_canonicalization
qm9_cn_subset:74241,74241,8881,smiles,NC1=[NH+][C-](C#N)C(=N)N1,N#C[c-]1[nH+]c(N)[nH]c1=N,rdkit_canonicalization
qm9_cn_subset:74245,74245,8882,smiles,CC1=CC(C#C)C2NC12,C#CC1C=C(C)C2NC12,rdkit_canonicalization
qm9_cn_subset:74247,74247,8883,smiles,CC1=CC(C#C)N2CC12,C#CC1C=C(C)C2CN12,rdkit_canonicalization
qm9_cn_subset:74252,74252,8887,smiles,CC1=NC(C#C)C2CN12,C#CC1N=C(C)N2CC12,rdkit_canonicalization
qm9_cn_subset:74255,74255,8889,smiles,NC1=NC(C#N)C2CN12,N#CC1N=C(N)N2CC12,rdkit_canonicalization
qm9_cn_subset:74256,74256,8890,smiles,NC1=NC(C#N)C2NC12,N#CC1N=C(N)C2NC12,rdkit_canonicalization
qm9_cn_subset:74285,74285,8893,smiles,CC1(CNC(N)=N1)C#N,CC1(C#N)CNC(N)=N1,rdkit_canonicalization
qm9_cn_subset:74289,74289,8894,smiles,CC1=CC(C)(CC1)C#N,CC1=CC(C)(C#N)CC1,rdkit_canonicalization
qm9_cn_subset:74290,74290,8895,smiles,CC1=CC(C)(NC1)C#N,CC1=CC(C)(C#N)NC1,rdkit_canonicalization
qm9_cn_subset:74293,74293,8896,smiles,CC1=CC(N)(CC1)C#N,CC1=CC(N)(C#N)CC1,rdkit_canonicalization
qm9_cn_subset:74328,74328,8898,smiles,NC1=NC(CC#N)CN1,N#CCC1CNC(N)=N1,rdkit_canonicalization
qm9_cn_subset:74332,74332,8899,smiles,CC1=CC(CC1)N1CC1,CC1=CC(N2CC2)CC1,rdkit_canonicalization
qm9_cn_subset:74363,74363,8900,smiles,CC1=CC(CCC1)C#N,CC1=CC(C#N)CCC1,rdkit_canonicalization
qm9_cn_subset:74366,74366,8901,smiles,CC1=CC(NCC1)C#N,CC1=CC(C#N)NCC1,rdkit_canonicalization
qm9_cn_subset:74384,74384,8902,smiles,CC1=CC2(C)C3CC1N23,CC1=CC2(C)C3CC1N32,rdkit_canonicalization
qm9_cn_subset:74433,74433,8906,smiles,CC1=CC2(C)CC3C1N23,CC1=CC2(C)CC3C1N32,rdkit_canonicalization
qm9_cn_subset:74434,74434,8907,smiles,CC1=CC2(C)CN3C1C23,CC1=CC2(C)CN3C1C32,rdkit_canonicalization
qm9_cn_subset:74454,74454,8908,smiles,CC1=CC2(CC1C2)C#N,CC1=CC2(C#N)CC1C2,rdkit_canonicalization
qm9_cn_subset:74455,74455,8909,smiles,CC1=CC2(CC1N2)C#N,CC1=CC2(C#N)CC1N2,rdkit_canonicalization
qm9_cn_subset:74491,74491,8914,smiles,CC1=CC2(CN2)CCC1,CC1=CC2(CCC1)CN2,rdkit_canonicalization
qm9_cn_subset:74497,74497,8915,smiles,CC1=CC2(CC2C1)C#N,CC1=CC2(C#N)CC2C1,rdkit_canonicalization
qm9_cn_subset:74498,74498,8916,smiles,CC1=CC2(CN2C1)C#C,C#CC12C=C(C)CN1C2,rdkit_canonicalization
qm9_cn_subset:74499,74499,8917,smiles,CC1=CC2(CN2C1)C#N,CC1=CC2(C#N)CN2C1,rdkit_canonicalization
qm9_cn_subset:74500,74500,8918,smiles,CC1=CC2(NC2C1)C#C,C#CC12C=C(C)CC1N2,rdkit_canonicalization
qm9_cn_subset:74501,74501,8919,smiles,CC1=CC2(NC2C1)C#N,CC1=CC2(C#N)NC2C1,rdkit_canonicalization
qm9_cn_subset:74504,74504,8920,smiles,CC1=NC2(CC2N1)C#N,CC1=NC2(C#N)CC2N1,rdkit_canonicalization
qm9_cn_subset:74507,74507,8921,smiles,NC1=NC2(CC2N1)C#N,N#CC12CC1NC(N)=N2,rdkit_canonicalization
qm9_cn_subset:74537,74537,8923,smiles,CC1=CC23CC4C2C1N34,CC1=CC23CC4C2C1N43,rdkit_canonicalization
qm9_cn_subset:74538,74538,8924,smiles,CC1=CC23CN4C2C1C34,CC1=CC23CN4C2C1C43,rdkit_canonicalization
qm9_cn_subset:74558,74558,8927,smiles,CC1=CC2C(C#C)N2C1,C#CC1C2C=C(C)CN12,rdkit_canonicalization
qm9_cn_subset:74561,74561,8929,smiles,CC1=CC2C(C1)C2C#N,CC1=CC2C(C#N)C2C1,rdkit_canonicalization
qm9_cn_subset:74564,74564,8930,smiles,NC1=NC2C(N1)C2C#N,N#CC1C2N=C(N)NC12,rdkit_canonicalization
qm9_cn_subset:74590,74590,8932,smiles,CC1=NC2C3C2C(=N)N13,CC1=NC2C3C(=N)N1C23,rdkit_canonicalization
qm9_cn_subset:74594,74594,8933,smiles,CC1=CC2C3C2N2C3C12,CC1=CC2C3C2N2C1C32,rdkit_canonicalization
qm9_cn_subset:74595,74595,8934,smiles,CC1=CC2C3C4C(C14)N23,CC1=CC2C3C4C1C4N23,rdkit_canonicalization
qm9_cn_subset:74596,74596,8935,smiles,CC1=CC2C3C4C(C13)N24,CC1=CC2C3C1C1C3N21,rdkit_canonicalization
qm9_cn_subset:74597,74597,8936,smiles,CC1=CC2C3C4C1C2N34,CC1=CC2C3C1C1C2N31,rdkit_canonicalization
qm9_cn_subset:74598,74598,8937,smiles,CC1=CC2C3C4C2C1N34,CC1=CC2C3C1N1C2C31,rdkit_canonicalization
qm9_cn_subset:74600,74600,8938,smiles,CC1=CC2C3C4C3N2C14,CC1=CC2C3C4C1N2C34,rdkit_canonicalization
qm9_cn_subset:74607,74607,8942,smiles,CC1=CC2C3C=CC1N23,CC1=CC2C3C=CC1N32,rdkit_canonicalization
qm9_cn_subset:74608,74608,8943,smiles,CC1=NC2C3N=CN1C23,CC1=NC2C3N=CN1C32,rdkit_canonicalization
qm9_cn_subset:74639,74639,8947,smiles,CC1=CC2N3CC2(C3)C1,CC1=CC2N3CC2(C1)C3,rdkit_canonicalization
qm9_cn_subset:74669,74669,8949,smiles,CC1=CC2C3N2CC=C13,CC1=CC2C3C1=CCN23,rdkit_canonicalization
qm9_cn_subset:74678,74678,8951,smiles,CC1=CC2N=CN3C2C13,CC1=CC2N=CN3C1C23,rdkit_canonicalization
qm9_cn_subset:74722,74722,8952,smiles,CC1=CC2CC1(C2)C#N,CC1=CC2CC1(C#N)C2,rdkit_canonicalization
qm9_cn_subset:74723,74723,8953,smiles,CC1=CC2CC1(N2)C#N,CC1=CC2CC1(C#N)N2,rdkit_canonicalization
qm9_cn_subset:74816,74816,8959,smiles,CC1=CC2CC2(C1)C#N,CC1=CC2CC2(C#N)C1,rdkit_canonicalization
qm9_cn_subset:74817,74817,8960,smiles,CC1=CC2NC2(C1)C#C,C#CC12CC(C)=CC1N2,rdkit_canonicalization
qm9_cn_subset:74818,74818,8961,smiles,CC1=CC2NC2(C1)C#N,CC1=CC2NC2(C#N)C1,rdkit_canonicalization
qm9_cn_subset:74821,74821,8962,smiles,CC1=NC2CC2(N1)C#N,CC1=NC2CC2(C#N)N1,rdkit_canonicalization
qm9_cn_subset:74824,74824,8963,smiles,NC1=NC2CC2(N1)C#N,N#CC12CC1N=C(N)N2,rdkit_canonicalization
qm9_cn_subset:74850,74850,8965,smiles,CC1=CC2CC2C11CN1,CC1=CC2CC2C12CN2,rdkit_canonicalization
qm9_cn_subset:74852,74852,8966,smiles,CC1=CC2NC2C11CC1,CC1=CC2NC2C12CC2,rdkit_canonicalization
qm9_cn_subset:74853,74853,8967,smiles,CC1=CC2NC2C11CN1,CC1=CC2NC2C12CN2,rdkit_canonicalization
qm9_cn_subset:74860,74860,8969,smiles,CC1=CC2CN2C1C#C,C#CC1C(C)=CC2CN21,rdkit_canonicalization
qm9_cn_subset:74862,74862,8971,smiles,CC1=CC2NC2C1C#C,C#CC1C(C)=CC2NC21,rdkit_canonicalization
qm9_cn_subset:74933,74933,8982,smiles,CC1=CC2CN3C2CC13,CC1=CC2CN3C1CC23,rdkit_canonicalization
qm9_cn_subset:75144,75144,8987,smiles,CC1(CN=C(N)N1)C#N,CC1(C#N)CN=C(N)N1,rdkit_canonicalization
qm9_cn_subset:75148,75148,8988,smiles,CC1=CCC(C)(C1)C#N,CC1=CCC(C)(C#N)C1,rdkit_canonicalization
qm9_cn_subset:75149,75149,8989,smiles,CC1=CCC(N)(C1)C#N,CC1=CCC(N)(C#N)C1,rdkit_canonicalization
qm9_cn_subset:75162,75162,8990,smiles,CC1=CCC(C1)N1CC1,CC1=CCC(N2CC2)C1,rdkit_canonicalization
qm9_cn_subset:75177,75177,8993,smiles,CC1=CCC(CC1)C#N,CC1=CCC(C#N)CC1,rdkit_canonicalization
qm9_cn_subset:75178,75178,8994,smiles,CC1=CCC(NC1)C#N,CC1=CCC(C#N)NC1,rdkit_canonicalization
qm9_cn_subset:75219,75219,8996,smiles,CC1=CCC2(CC12)C#N,CC1=CCC2(C#N)CC12,rdkit_canonicalization
qm9_cn_subset:75220,75220,8997,smiles,CC1=CCC2(NC12)C#C,C#CC12CC=C(C)C1N2,rdkit_canonicalization
qm9_cn_subset:75221,75221,8998,smiles,CC1=CCC2(NC12)C#N,CC1=CCC2(C#N)NC12,rdkit_canonicalization
qm9_cn_subset:75224,75224,8999,smiles,CC1=NCC2(CN12)C#C,C#CC12CN=C(C)N1C2,rdkit_canonicalization
qm9_cn_subset:75225,75225,9000,smiles,CC1=NCC2(CN12)C#N,CC1=NCC2(C#N)CN12,rdkit_canonicalization
qm9_cn_subset:75226,75226,9001,smiles,NC1=NCC2(CN12)C#N,N#CC12CN=C(N)N1C2,rdkit_canonicalization
qm9_cn_subset:75266,75266,9005,smiles,CC1=CCN2C(C#C)C12,C#CC1C2C(C)=CCN12,rdkit_canonicalization
qm9_cn_subset:75268,75268,9007,smiles,CC1=NCC2C(C#C)N12,C#CC1C2CN=C(C)N12,rdkit_canonicalization
qm9_cn_subset:75270,75270,9009,smiles,NC1=NCC2C(C#N)N12,N#CC1C2CN=C(N)N12,rdkit_canonicalization
qm9_cn_subset:75310,75310,9011,smiles,CC1=CCC2NC12C#C,C#CC12NC1CC=C2C,rdkit_canonicalization
qm9_cn_subset:75314,75314,9013,smiles,CC1=CCN2CC12C#C,C#CC12CN1CC=C2C,rdkit_canonicalization
qm9_cn_subset:75316,75316,9015,smiles,NC1=NCC2NC12C#N,N#CC12NC1CN=C2N,rdkit_canonicalization
qm9_cn_subset:75438,75438,9019,smiles,CC1=CCCC(C1)C#N,CC1=CCCC(C#N)C1,rdkit_canonicalization
qm9_cn_subset:75439,75439,9020,smiles,CC1=CCNC(C1)C#N,CC1=CCNC(C#N)C1,rdkit_canonicalization
qm9_cn_subset:75456,75456,9024,smiles,NC1=NCCC1(N)C#N,N#CC1(N)CCN=C1N,rdkit_canonicalization
qm9_cn_subset:75544,75544,9029,smiles,CC1=CCCCC11CN1,CC1=CCCCC12CN2,rdkit_canonicalization
qm9_cn_subset:75557,75557,9032,smiles,NC1=NCCNC1C#N,N#CC1NCCN=C1N,rdkit_canonicalization
qm9_cn_subset:75669,75669,9035,smiles,NC1C(=N)N2CC12C#N,N#CC12CN1C(=N)C2N,rdkit_canonicalization
qm9_cn_subset:75757,75757,9036,smiles,CC1(NC(=N)C1N)C#N,CC1(C#N)NC(=N)C1N,rdkit_canonicalization
qm9_cn_subset:75850,75850,9037,smiles,CN1C(=N)CN=C1C#C,C#CC1=NCC(=N)N1C,rdkit_canonicalization
qm9_cn_subset:75994,75994,9039,smiles,CN1C(C#N)C(N)C1=N,CN1C(=N)C(N)C1C#N,rdkit_canonicalization
qm9_cn_subset:76000,76000,9040,smiles,CC1(C#C)C(N)C1C#N,C#CC1(C)C(N)C1C#N,rdkit_canonicalization
qm9_cn_subset:76003,76003,9041,smiles,CC1(C#N)C(N)C1C#C,C#CC1C(N)C1(C)C#N,rdkit_canonicalization
qm9_cn_subset:76008,76008,9043,smiles,CC1C(C#C)C1(C)C#N,C#CC1C(C)C1(C)C#N,rdkit_canonicalization
qm9_cn_subset:76009,76009,9044,smiles,CC1C(C#C)C1(N)C#N,C#CC1C(C)C1(N)C#N,rdkit_canonicalization
qm9_cn_subset:76012,76012,9045,smiles,CC1C(C#N)C1(C)C#C,C#CC1(C)C(C)C1C#N,rdkit_canonicalization
qm9_cn_subset:76014,76014,9047,smiles,CC1C(C#N)C1(N)C#C,C#CC1(N)C(C)C1C#N,rdkit_canonicalization
qm9_cn_subset:76018,76018,9049,smiles,CN1C(C#C)C1(C)C#C,C#CC1N(C)C1(C)C#C,rdkit_canonicalization
qm9_cn_subset:76019,76019,9050,smiles,CN1C(C#C)C1(C)C#N,C#CC1N(C)C1(C)C#N,rdkit_canonicalization
qm9_cn_subset:76020,76020,9051,smiles,CN1C(C#N)C1(C)C#C,C#CC1(C)C(C#N)N1C,rdkit_canonicalization
qm9_cn_subset:76025,76025,9053,smiles,NC1C(C#C)C1(N)C#N,C#CC1C(N)C1(N)C#N,rdkit_canonicalization
qm9_cn_subset:76027,76027,9054,smiles,NC1C(C#N)C1(N)C#C,C#CC1(N)C(N)C1C#N,rdkit_canonicalization
qm9_cn_subset:76028,76028,9055,smiles,NC1C(C#N)C1(N)C#N,N#CC1C(N)C1(N)C#N,rdkit_canonicalization
qm9_cn_subset:76048,76048,9056,smiles,CC1C(C#N)C11CCC1,CC1C(C#N)C12CCC2,rdkit_canonicalization
qm9_cn_subset:76051,76051,9057,smiles,CN1C(C#C)C11CCC1,C#CC1N(C)C12CCC2,rdkit_canonicalization
qm9_cn_subset:76053,76053,9058,smiles,CN1C(C#N)C11CCC1,CN1C(C#N)C12CCC2,rdkit_canonicalization
qm9_cn_subset:76055,76055,9059,smiles,NC1C(C#N)C11CCN1,N#CC1C(N)C12CCN2,rdkit_canonicalization
qm9_cn_subset:76086,76086,9060,smiles,CC1C(C#C)C1N1CC1,C#CC1C(C)C1N1CC1,rdkit_canonicalization
qm9_cn_subset:76087,76087,9061,smiles,CC1C(C#C)N1C1CC1,C#CC1C(C)N1C1CC1,rdkit_canonicalization
qm9_cn_subset:76093,76093,9066,smiles,CN1C(C#C)C1C1CC1,C#CC1C(C2CC2)N1C,rdkit_canonicalization
qm9_cn_subset:76094,76094,9067,smiles,CN1C(C#C)C1C1CN1,C#CC1C(C2CN2)N1C,rdkit_canonicalization
qm9_cn_subset:76099,76099,9070,smiles,NC1C(C#N)C1N1CC1,N#CC1C(N)C1N1CC1,rdkit_canonicalization
qm9_cn_subset:76120,76120,9073,smiles,CC1C(C#C)C2NC12C,C#CC1C(C)C2(C)NC12,rdkit_canonicalization
qm9_cn_subset:76122,76122,9074,smiles,CC1C(C#C)N2CC12C,C#CC1C(C)C2(C)CN12,rdkit_canonicalization
qm9_cn_subset:76128,76128,9078,smiles,CN1C(C#N)C2CC12C,CN1C(C#N)C2CC21C,rdkit_canonicalization
qm9_cn_subset:76181,76181,9085,smiles,CN1C(C)(C)C1(C)C#C,C#CC1(C)N(C)C1(C)C,rdkit_canonicalization
qm9_cn_subset:76225,76225,9087,smiles,CC1C(C)=CC2NC12C,CC1=CC2NC2(C)C1C,rdkit_canonicalization
qm9_cn_subset:76353,76353,9092,smiles,CC1C(C)C1(C#C)C#N,C#CC1(C#N)C(C)C1C,rdkit_canonicalization
qm9_cn_subset:76355,76355,9094,smiles,CC1C(N)C1(C#C)C#N,C#CC1(C#N)C(C)C1N,rdkit_canonicalization
qm9_cn_subset:76360,76360,9096,smiles,CC1N(C)C1(C#C)C#C,C#CC1(C#C)C(C)N1C,rdkit_canonicalization
qm9_cn_subset:76361,76361,9097,smiles,CC1N(C)C1(C#C)C#N,C#CC1(C#N)C(C)N1C,rdkit_canonicalization
qm9_cn_subset:76363,76363,9099,smiles,NC1C(N)C1(C#C)C#N,C#CC1(C#N)C(N)C1N,rdkit_canonicalization
qm9_cn_subset:76364,76364,9100,smiles,NC1C(N)C1(C#N)C#N,N#CC1(C#N)C(N)C1N,rdkit_canonicalization
qm9_cn_subset:76431,76431,9104,smiles,CC1N(C)C1(C)CC#C,C#CCC1(C)C(C)N1C,rdkit_canonicalization
qm9_cn_subset:76497,76497,9106,smiles,CC1C(C)C11CC2NC12,CC1C(C)C12CC1NC12,rdkit_canonicalization
qm9_cn_subset:76499,76499,9107,smiles,CC1C(C)C11CN2CC12,CC1C(C)C12CN1CC12,rdkit_canonicalization
qm9_cn_subset:76507,76507,9108,smiles,CC1N(C)C11CC2NC12,CC1N(C)C12CC1NC12,rdkit_canonicalization
qm9_cn_subset:76583,76583,9109,smiles,CC1C(C#CC#C)N1C,C#CC#CC1C(C)N1C,rdkit_canonicalization
qm9_cn_subset:76616,76616,9113,smiles,CC1C(N1C)C(C)(C)C,CC1C(C(C)(C)C)N1C,rdkit_canonicalization
qm9_cn_subset:76627,76627,9115,smiles,CC1C(N1C)C1(C)CC1,CC1C(C2(C)CC2)N1C,rdkit_canonicalization
qm9_cn_subset:76628,76628,9116,smiles,CC1C(N1C)C1(C)CN1,CC1C(C2(C)CN2)N1C,rdkit_canonicalization
qm9_cn_subset:76697,76697,9125,smiles,CC1C(C)N1CCC#C,C#CCCN1C(C)C1C,rdkit_canonicalization
qm9_cn_subset:76699,76699,9127,smiles,CC1C(CCC#C)N1C,C#CCCC1C(C)N1C,rdkit_canonicalization
qm9_cn_subset:77010,77010,9137,smiles,CC1N(CC#C)C1(C)C,C#CCN1C(C)C1(C)C,rdkit_canonicalization
qm9_cn_subset:77012,77012,9139,smiles,CN1C(CC#C)C1(C)C,C#CCC1N(C)C1(C)C,rdkit_canonicalization
qm9_cn_subset:77014,77014,9141,smiles,CC1C(C#C)N1CC#C,C#CCN1C(C)C1C#C,rdkit_canonicalization
qm9_cn_subset:77015,77015,9142,smiles,CC1C(C#C)N1CC#N,C#CC1C(C)N1CC#N,rdkit_canonicalization
qm9_cn_subset:77016,77016,9143,smiles,CC1C(C#N)N1CC#C,C#CCN1C(C)C1C#N,rdkit_canonicalization
qm9_cn_subset:77019,77019,9145,smiles,CC1C(CC#C)C1C#N,C#CCC1C(C)C1C#N,rdkit_canonicalization
qm9_cn_subset:77020,77020,9146,smiles,CC1C(CC#N)C1C#C,C#CC1C(C)C1CC#N,rdkit_canonicalization
qm9_cn_subset:77021,77021,9147,smiles,CC1C(CC#N)C1C#N,CC1C(C#N)C1CC#N,rdkit_canonicalization
qm9_cn_subset:77022,77022,9148,smiles,CN1C(CC#C)C1C#C,C#CCC1C(C#C)N1C,rdkit_canonicalization
qm9_cn_subset:77023,77023,9149,smiles,CN1C(CC#C)C1C#N,C#CCC1C(C#N)N1C,rdkit_canonicalization
qm9_cn_subset:77024,77024,9150,smiles,CN1C(CC#N)C1C#C,C#CC1C(CC#N)N1C,rdkit_canonicalization
qm9_cn_subset:77025,77025,9151,smiles,CN1C(CC#N)C1C#N,CN1C(C#N)C1CC#N,rdkit_canonicalization
qm9_cn_subset:77026,77026,9152,smiles,NC1C(CC#N)C1C#N,N#CCC1C(N)C1C#N,rdkit_canonicalization
qm9_cn_subset:77076,77076,9154,smiles,CC1C(CC1(C)C)C#N,CC1C(C#N)CC1(C)C,rdkit_canonicalization
qm9_cn_subset:77079,77079,9155,smiles,CC1C(NC1(C)C)C#N,CC1C(C#N)NC1(C)C,rdkit_canonicalization
qm9_cn_subset:77082,77082,9156,smiles,CN1C(CC1(C)C)C#N,CN1C(C#N)CC1(C)C,rdkit_canonicalization
qm9_cn_subset:77093,77093,9157,smiles,CC1C(CC11CC1)C#N,CC1C(C#N)CC12CC2,rdkit_canonicalization
qm9_cn_subset:77094,77094,9158,smiles,CC1C(CC11CN1)C#N,CC1C(C#N)CC12CN2,rdkit_canonicalization
qm9_cn_subset:77097,77097,9159,smiles,CC1C(NC11CC1)C#N,CC1C(C#N)NC12CC2,rdkit_canonicalization
qm9_cn_subset:77100,77100,9160,smiles,CN1C(CC11CC1)C#N,CN1C(C#N)CC12CC2,rdkit_canonicalization
qm9_cn_subset:77101,77101,9161,smiles,NC1C(CC11CN1)C#N,N#CC1CC2(CN2)C1N,rdkit_canonicalization
qm9_cn_subset:77103,77103,9162,smiles,NC1C(NC11CC1)C#N,N#CC1NC2(CC2)C1N,rdkit_canonicalization
qm9_cn_subset:77192,77192,9163,smiles,CC1C(CC1C#N)C#C,C#CC1CC(C#N)C1C,rdkit_canonicalization
qm9_cn_subset:77193,77193,9164,smiles,CC1C(CC1C#N)C#N,CC1C(C#N)CC1C#N,rdkit_canonicalization
qm9_cn_subset:77194,77194,9165,smiles,CC1C(NC1C#N)C#C,C#CC1NC(C#N)C1C,rdkit_canonicalization
qm9_cn_subset:77195,77195,9166,smiles,CC1C(NC1C#N)C#N,CC1C(C#N)NC1C#N,rdkit_canonicalization
qm9_cn_subset:77199,77199,9167,smiles,CN1C(CC1C#C)C#C,C#CC1CC(C#C)N1C,rdkit_canonicalization
qm9_cn_subset:77200,77200,9168,smiles,CN1C(CC1C#N)C#C,C#CC1CC(C#N)N1C,rdkit_canonicalization
qm9_cn_subset:77201,77201,9169,smiles,CN1C(CC1C#N)C#N,CN1C(C#N)CC1C#N,rdkit_canonicalization
qm9_cn_subset:77202,77202,9170,smiles,NC1C(CC1C#N)C#N,N#CC1CC(C#N)C1N,rdkit_canonicalization
qm9_cn_subset:77203,77203,9171,smiles,NC1C(NC1C#N)C#C,C#CC1NC(C#N)C1N,rdkit_canonicalization
qm9_cn_subset:77204,77204,9172,smiles,NC1C(NC1C#N)C#N,N#CC1NC(C#N)C1N,rdkit_canonicalization
qm9_cn_subset:77309,77309,9173,smiles,CC1C(CC=C1C)C#N,CC1=CCC(C#N)C1C,rdkit_canonicalization
qm9_cn_subset:77310,77310,9174,smiles,CN1C(CN=C1N)C#N,CN1C(N)=NCC1C#N,rdkit_canonicalization
qm9_cn_subset:77376,77376,9175,smiles,CC1C2(C)C3CC1(C)N23,CC1C2(C)CC3N2C31C,rdkit_canonicalization
qm9_cn_subset:77378,77378,9176,smiles,CC1C2(C)C3N2CC13C,CC1C2(C)CN3C2C13C,rdkit_canonicalization
qm9_cn_subset:77400,77400,9178,smiles,CN1C2(C)C3CC2C13C,CN1C2(C)C3CC2C31C,rdkit_canonicalization
qm9_cn_subset:77401,77401,9179,smiles,CN1C2(C)C3NC2C13C,CN1C2(C)C3NC2C31C,rdkit_canonicalization
qm9_cn_subset:77533,77533,9184,smiles,CC12CC(N1)(C#N)C2N,CC12CC(C#N)(N1)C2N,rdkit_canonicalization
qm9_cn_subset:77539,77539,9185,smiles,CC1C2(C)CC1(C2)C#N,CC1C2(C)CC1(C#N)C2,rdkit_canonicalization
qm9_cn_subset:77540,77540,9186,smiles,CC1C2(C)CC1(N2)C#N,CC1C2(C)CC1(C#N)N2,rdkit_canonicalization
qm9_cn_subset:77545,77545,9187,smiles,CN1C2(C)CC1(C2)C#N,CN1C2(C)CC1(C#N)C2,rdkit_canonicalization
qm9_cn_subset:77586,77586,9189,smiles,CC1C2(C)NC2C11CN1,CC1C2(C)NC2C12CN2,rdkit_canonicalization
qm9_cn_subset:77625,77625,9194,smiles,CC1C2(C)NCC12C#N,CC1C2(C#N)CNC12C,rdkit_canonicalization
qm9_cn_subset:77636,77636,9196,smiles,CN1C2(C)CCC12C#C,C#CC12CCC1(C)N2C,rdkit_canonicalization
qm9_cn_subset:77641,77641,9198,smiles,NC1C2(N)CCC12C#N,N#CC12CCC1(N)C2N,rdkit_canonicalization
qm9_cn_subset:77642,77642,9199,smiles,NC1C2(N)CNC12C#N,N#CC12NCC1(N)C2N,rdkit_canonicalization
qm9_cn_subset:77844,77844,9202,smiles,CC1C2C(C#N)N2C1=N,CC1C(=N)N2C(C#N)C12,rdkit_canonicalization
qm9_cn_subset:77861,77861,9203,smiles,CC1C2C(C#C)N2C1C,C#CC1C2C(C)C(C)N12,rdkit_canonicalization
qm9_cn_subset:77862,77862,9204,smiles,CC1C2C(C#N)C2C1C,CC1C(C)C2C(C#N)C12,rdkit_canonicalization
qm9_cn_subset:77865,77865,9206,smiles,CC1C2C(C#N)N2C1C,CC1C(C)N2C(C#N)C12,rdkit_canonicalization
qm9_cn_subset:77953,77953,9208,smiles,CC1C2C(C#C)C1N2C,C#CC1C2C(C)C1N2C,rdkit_canonicalization
qm9_cn_subset:77957,77957,9211,smiles,CC1C2C(C)N1C2C#C,C#CC1C2C(C)N1C2C,rdkit_canonicalization
qm9_cn_subset:77984,77984,9213,smiles,CC1C2C(C)CC12C#N,CC1CC2(C#N)C(C)C12,rdkit_canonicalization
qm9_cn_subset:77985,77985,9214,smiles,CC1C2C(C)NC12C#N,CC1NC2(C#N)C(C)C12,rdkit_canonicalization
qm9_cn_subset:77992,77992,9216,smiles,CC1CC2(C#C)C1N2C,C#CC12CC(C)C1N2C,rdkit_canonicalization
qm9_cn_subset:77995,77995,9218,smiles,CC1N2C(C)CC12C#C,C#CC12CC(C)N1C2C,rdkit_canonicalization
qm9_cn_subset:77996,77996,9219,smiles,CC1N2C(C)CC12C#N,CC1CC2(C#N)C(C)N12,rdkit_canonicalization
qm9_cn_subset:78084,78084,9222,smiles,CC1C2C(CC12C)C#N,CC1C2C(C#N)CC12C,rdkit_canonicalization
qm9_cn_subset:78087,78087,9223,smiles,CC1C2C(NC12C)C#N,CC1C2C(C#N)NC12C,rdkit_canonicalization
qm9_cn_subset:78090,78090,9224,smiles,CC1N2C(CC12C)C#C,C#CC1CC2(C)C(C)N12,rdkit_canonicalization
qm9_cn_subset:78091,78091,9225,smiles,CC1N2C(CC12C)C#N,CC1N2C(C#N)CC12C,rdkit_canonicalization
qm9_cn_subset:78092,78092,9226,smiles,CN1C2C(CC12C)C#N,CN1C2C(C#N)CC21C,rdkit_canonicalization
qm9_cn_subset:78117,78117,9227,smiles,CN1C2C1(C)CC2(C)C,CN1C2C(C)(C)CC21C,rdkit_canonicalization
qm9_cn_subset:78184,78184,9229,smiles,CC1C2C(C#N)C(C)N12,CC1C(C#N)C2C(C)N12,rdkit_canonicalization
qm9_cn_subset:78185,78185,9230,smiles,CC1C2C(C)C(C#C)N12,C#CC1C(C)C2C(C)N12,rdkit_canonicalization
qm9_cn_subset:78186,78186,9231,smiles,CC1C2C(C)C(C#N)N12,CC1C(C#N)N2C(C)C12,rdkit_canonicalization
qm9_cn_subset:78187,78187,9232,smiles,CC1C2C(C1C#N)N2C,CC1C(C#N)C2C1N2C,rdkit_canonicalization
qm9_cn_subset:78195,78195,9234,smiles,CC1C2C1C(C#N)C2C,CC1C(C#N)C2C(C)C12,rdkit_canonicalization
qm9_cn_subset:78197,78197,9235,smiles,CC1C2C1N(C)C2C#N,CC1C2C(C#N)N(C)C12,rdkit_canonicalization
qm9_cn_subset:78201,78201,9236,smiles,CN1C2C1C(C#N)C2N,CN1C2C(N)C(C#N)C21,rdkit_canonicalization
qm9_cn_subset:78308,78308,9251,smiles,CN1C2C1C1(C)CC2C1,CN1C2C3CC(C)(C3)C21,rdkit_canonicalization
qm9_cn_subset:78322,78322,9252,smiles,CC1C2N1C1CCC21C,CC1C2N1C1CCC12C,rdkit_canonicalization
qm9_cn_subset:78325,78325,9253,smiles,CN1C2C1C1(C)CCC21,CN1C2C3CCC3(C)C21,rdkit_canonicalization
qm9_cn_subset:78346,78346,9254,smiles,CC1C2C(N2C)C11CC1,CC1C2C(N2C)C12CC2,rdkit_canonicalization
qm9_cn_subset:78347,78347,9255,smiles,CC1C2C(N2C)C11CN1,CC1C2C(N2C)C12CN2,rdkit_canonicalization
qm9_cn_subset:78370,78370,9259,smiles,CC1C2N1C1CCC=C21,CC1C2C3=CCCC3N12,rdkit_canonicalization
qm9_cn_subset:78420,78420,9264,smiles,CC1C2C1C1C3CN1C23,CC1C2C1C1C3CN1C32,rdkit_canonicalization
qm9_cn_subset:78424,78424,9266,smiles,CN1C2C1C1C3CC1C23,CN1C2C3C4CC3C4C21,rdkit_canonicalization
qm9_cn_subset:78425,78425,9267,smiles,CN1C2C1C1C3CN1C23,CN1C2C1C1C3CN1C32,rdkit_canonicalization
qm9_cn_subset:78451,78451,9268,smiles,CC1C2C3CC(C3C)N12,CC1C2CC1N1C(C)C21,rdkit_canonicalization
qm9_cn_subset:78506,78506,9272,smiles,CN1C2C3(C)CC1C23C,CN1C2CC3(C)C1C23C,rdkit_canonicalization
qm9_cn_subset:78543,78543,9279,smiles,CN1C2C3(C)CC3C12C,CN1C2C3(C)CC3C21C,rdkit_canonicalization
qm9_cn_subset:78544,78544,9280,smiles,CN1C2C3(C)NC3C12C,CN1C2C3(C)NC3C21C,rdkit_canonicalization
qm9_cn_subset:78558,78558,9281,smiles,CN1C2C3(CC3)CC12C,CN1C2C3(CC3)CC21C,rdkit_canonicalization
qm9_cn_subset:78559,78559,9282,smiles,CN1C2C3(CN3)CC12C,CN1C2C3(CN3)CC21C,rdkit_canonicalization
qm9_cn_subset:78575,78575,9283,smiles,CC1C2C3C(C#C)C2N13,C#CC1C2C3C(C)N2C13,rdkit_canonicalization
qm9_cn_subset:78576,78576,9284,smiles,CC1C2C3C(C#C)N2C13,C#CC1C2C3C(C)C2N13,rdkit_canonicalization
qm9_cn_subset:78580,78580,9288,smiles,CN1C2C3C(C#C)C2C13,C#CC1C2C3C1C2N3C,rdkit_canonicalization
qm9_cn_subset:78581,78581,9289,smiles,CN1C2C3C(C#N)C2C13,CN1C2C3C(C#N)C2C31,rdkit_canonicalization
qm9_cn_subset:78593,78593,9291,smiles,CC1C2N3C(C)C1C23C,CC1C2C(C)N3C1C23C,rdkit_canonicalization
qm9_cn_subset:78641,78641,9297,smiles,CC1N2C3C1=CCC23C,CC1C2=CCC3(C)C2N13,rdkit_canonicalization
qm9_cn_subset:78642,78642,9298,smiles,CN1C2C3C1=NCC23N,CN1C2=NCC3(N)C2C13,rdkit_canonicalization
qm9_cn_subset:78669,78669,9301,smiles,CC1C2C3N1C3(C)C2C,CC1C2C(C)C3(C)C2N13,rdkit_canonicalization
qm9_cn_subset:78671,78671,9302,smiles,CC1C2N3C1C(C)C23C,CC1C2C(C)C3(C)C1N23,rdkit_canonicalization
qm9_cn_subset:78710,78710,9311,smiles,CC1C2N3C1C=CC23C,CC1C2C=CC3(C)C1N23,rdkit_canonicalization
qm9_cn_subset:78711,78711,9312,smiles,CN1C2C3C1C=CC23C,CN1C2C=CC3(C)C2C13,rdkit_canonicalization
qm9_cn_subset:78714,78714,9313,smiles,CC1C2C3C1CC23C#N,CC1C2CC3(C#N)C1C23,rdkit_canonicalization
qm9_cn_subset:78715,78715,9314,smiles,CC1C2C3C1NC23C#N,CC1C2NC3(C#N)C1C23,rdkit_canonicalization
qm9_cn_subset:78718,78718,9315,smiles,CC1C2C3N1CC23C#C,C#CC12CN3C(C)C1C32,rdkit_canonicalization
qm9_cn_subset:78720,78720,9317,smiles,CC1C2CC3(C#C)C2N13,C#CC12CC3C(C)N1C32,rdkit_canonicalization
qm9_cn_subset:78722,78722,9319,smiles,CC1C2N3C1CC23C#C,C#CC12CC3C(C)C1N32,rdkit_canonicalization
qm9_cn_subset:78723,78723,9320,smiles,CC1C2N3C1CC23C#N,CC1C2CC3(C#N)C1N23,rdkit_canonicalization
qm9_cn_subset:78724,78724,9321,smiles,CN1C2C3C1CC23C#C,C#CC12CC3C1C2N3C,rdkit_canonicalization
qm9_cn_subset:78725,78725,9322,smiles,CN1C2C3C1CC23C#N,CN1C2CC3(C#N)C2C13,rdkit_canonicalization
qm9_cn_subset:78753,78753,9323,smiles,CN1C2C3C1CCC23C,CN1C2CCC3(C)C2C13,rdkit_canonicalization
qm9_cn_subset:78767,78767,9324,smiles,CC1C2N3C2(C)CC13C,CC1C2N3C1(C)CC23C,rdkit_canonicalization
qm9_cn_subset:78768,78768,9325,smiles,CC1N2C3C2(C)CC13C,CC1N2C3C1(C)CC32C,rdkit_canonicalization
qm9_cn_subset:78770,78770,9326,smiles,CN1C2C3C2(C)CC13C,CN1C2C3C2(C)CC31C,rdkit_canonicalization
qm9_cn_subset:78784,78784,9330,smiles,CN1C2C3C2C(C)(C)C13,CN1C2C3C2C(C)(C)C31,rdkit_canonicalization
qm9_cn_subset:78815,78815,9333,smiles,CC1C2C3C(C#C)C1N23,C#CC1C2C(C)C3C1N23,rdkit_canonicalization
qm9_cn_subset:78816,78816,9334,smiles,CC1C2C3C(C#N)C1N23,CC1C2C(C#N)C3C1N23,rdkit_canonicalization
qm9_cn_subset:78817,78817,9335,smiles,CC1C2C3C(C2C#C)N13,C#CC1C2C(C)N3C1C23,rdkit_canonicalization
qm9_cn_subset:78818,78818,9336,smiles,CC1C2C3C(C2C#N)N13,CC1C2C(C#N)C3C2N13,rdkit_canonicalization
qm9_cn_subset:78819,78819,9337,smiles,CC1C2C3C1C(C#C)N23,C#CC1C2C(C)C3C2N13,rdkit_canonicalization
qm9_cn_subset:78820,78820,9338,smiles,CC1C2C3C1C(C#N)N23,CC1C2C(C#N)N3C1C23,rdkit_canonicalization
qm9_cn_subset:78822,78822,9339,smiles,CC1C2C3C2C1C3C#N,CC1C2C(C#N)C3C1C23,rdkit_canonicalization
qm9_cn_subset:78823,78823,9340,smiles,CC1C2C3C2N1C3C#C,C#CC1C2C3C(C)N1C32,rdkit_canonicalization
qm9_cn_subset:78824,78824,9341,smiles,CC1C2C3C2N1C3C#N,CC1C2C3C(C#N)N1C23,rdkit_canonicalization
qm9_cn_subset:78825,78825,9342,smiles,CN1C2C3C2C1C3C#C,C#CC1C2C3C1N(C)C23,rdkit_canonicalization
qm9_cn_subset:78826,78826,9343,smiles,CN1C2C3C2C1C3C#N,CN1C2C(C#N)C3C2C31,rdkit_canonicalization
qm9_cn_subset:78869,78869,9355,smiles,CN1C2C3C2C2(CC2)C13,CN1C2C3C2C2(CC2)C31,rdkit_canonicalization
qm9_cn_subset:78870,78870,9356,smiles,CN1C2C3C2C2(CN2)C13,CN1C2C3C2C2(CN2)C31,rdkit_canonicalization
qm9_cn_subset:78887,78887,9359,smiles,CC1N2C3C2C2C3C12C,CC1N2C3C2C2C3C21C,rdkit_canonicalization
qm9_cn_subset:78893,78893,9360,smiles,CC1C2C3C2N2CC1C32,CC1C2CN3C2C2C1C23,rdkit_canonicalization
qm9_cn_subset:78895,78895,9362,smiles,CC1C2C3C4C1CC4N23,CC1C2CC3C2C2C1N32,rdkit_canonicalization
qm9_cn_subset:78896,78896,9363,smiles,CC1C2C3C4CC1C4N23,CC1C2CC3C2N2C1C32,rdkit_canonicalization
qm9_cn_subset:78898,78898,9364,smiles,CC1C2CC3C4C(C23)N14,CC1C2CC3C2C2C3N12,rdkit_canonicalization
qm9_cn_subset:78900,78900,9365,smiles,CN1C2C3C2N2CC1C32,CN1C2CN3C2C2C1C23,rdkit_canonicalization
qm9_cn_subset:78910,78910,9366,smiles,CC1C2C3C4CC(C14)N23,CC1C2C3CC2N2C1C32,rdkit_canonicalization
qm9_cn_subset:78926,78926,9370,smiles,CC1C2C3N4C1C2C34C,CC1C2C3C1N1C2C31C,rdkit_canonicalization
qm9_cn_subset:78927,78927,9371,smiles,CN1C2C3C4C1C2C34C,CN1C2C3C1C1C2C31C,rdkit_canonicalization
qm9_cn_subset:78938,78938,9373,smiles,CC1C2C3C4C2N1C34C,CC1C2C3C4C2C4(C)N13,rdkit_canonicalization
qm9_cn_subset:78941,78941,9375,smiles,CC1C2C3C4N2C4(C)C13,CC1C2C3C1C1(C)C3N21,rdkit_canonicalization
qm9_cn_subset:78942,78942,9376,smiles,CC1C2C3N4C2C1C34C,CC1C2C3C1C1(C)C2N31,rdkit_canonicalization
qm9_cn_subset:78943,78943,9377,smiles,CN1C2C3C4C2C1C34C,CN1C2C3C4C2C4(C)C31,rdkit_canonicalization
qm9_cn_subset:78945,78945,9378,smiles,CN1C2C3N4C2C1C34C,CN1C2C3C1C1(C)C2N31,rdkit_canonicalization
qm9_cn_subset:78961,78961,9383,smiles,CC1N2C3C4C3C1(C)C24,CC1N2C3C4C3C1(C)C42,rdkit_canonicalization
qm9_cn_subset:78963,78963,9384,smiles,CN1C2C3C4N3C2C14C,CN1C2C3C4N3C2C41C,rdkit_canonicalization
qm9_cn_subset:78967,78967,9385,smiles,CC1C2C3C4C1CC2N34,CC1C2CC3C1C1C2N31,rdkit_canonicalization
qm9_cn_subset:78968,78968,9386,smiles,CC1C2C3C4C2CC1N34,CC1C2C3CC1N1C3C21,rdkit_canonicalization
qm9_cn_subset:78971,78971,9387,smiles,CC1C2C3CC1C1C3N21,CC1C2CC3C1N1C2C31,rdkit_canonicalization
qm9_cn_subset:78973,78973,9388,smiles,CN1C2C3C4C1CC2N34,CN1C2CC3C1C1C2N31,rdkit_canonicalization
qm9_cn_subset:78991,78991,9393,smiles,CN1C2C3C4C3C2(C)C14,CN1C2C3C4C3C2(C)C41,rdkit_canonicalization
qm9_cn_subset:78995,78995,9394,smiles,CC1C2C3C4C(C=C13)N24,CC1C2=CC3C4C2C1N34,rdkit_canonicalization
qm9_cn_subset:78997,78997,9395,smiles,CC1C2C3C4C=C1C2N34,CC1C2=CC3C4C1C2N34,rdkit_canonicalization
qm9_cn_subset:78998,78998,9396,smiles,CC1N2C3C4C=C1C2C34,CC1C2=CC3C4C2N1C34,rdkit_canonicalization
qm9_cn_subset:79004,79004,9397,smiles,CC1C2C3C4C=CC13N24,CC1C2C3C4C=CC13N42,rdkit_canonicalization
qm9_cn_subset:79006,79006,9399,smiles,CC1N2C3C4C=CC13C24,CC1N2C3C4C=CC13C42,rdkit_canonicalization
qm9_cn_subset:79007,79007,9400,smiles,CN1C2C3C4C=CC13C24,CN1C2C3C4C=CC31C42,rdkit_canonicalization
qm9_cn_subset:79011,79011,9401,smiles,CC1C2C3C4C1C2CN34,CC1C2C3CN4C2C4C13,rdkit_canonicalization
qm9_cn_subset:79013,79013,9402,smiles,CC1C2C3C4CC2C1N34,CC1C2C3CC4C2N4C13,rdkit_canonicalization
qm9_cn_subset:79015,79015,9403,smiles,CN1C2C3C4C1C2CN34,CN1C2C3CN4C2C4C31,rdkit_canonicalization
qm9_cn_subset:79025,79025,9406,smiles,CC1C2C3C4CN4C2C13,CC1C2C3C1C2N1CC31,rdkit_canonicalization
qm9_cn_subset:79029,79029,9408,smiles,CN1C2C3C4CC4C2C13,CN1C2C3C4CC4C2C31,rdkit_canonicalization
qm9_cn_subset:79030,79030,9409,smiles,CN1C2C3C4CN4C2C13,CN1C2C3C1C2N1CC31,rdkit_canonicalization
qm9_cn_subset:79031,79031,9410,smiles,CN1C2C3C4NC4C2C13,CN1C2C3C4NC4C2C31,rdkit_canonicalization
qm9_cn_subset:79039,79039,9411,smiles,CC1C2C3C4CCC13N24,CC1C2C3C4CCC13N42,rdkit_canonicalization
qm9_cn_subset:79043,79043,9413,smiles,CC1N2C3C4CCC13C24,CC1N2C3C4CCC13C42,rdkit_canonicalization
qm9_cn_subset:79046,79046,9414,smiles,CN1C2C3C4CCC13C24,CN1C2C3C4CCC31C42,rdkit_canonicalization
qm9_cn_subset:79048,79048,9415,smiles,CN1C2C3N4CCC13C24,CN1C2C3N4CCC31C24,rdkit_canonicalization
qm9_cn_subset:79057,79057,9416,smiles,CC1C2C3C=C(C)C1N23,CC1=CC2C3C(C)C1N23,rdkit_canonicalization
qm9_cn_subset:79058,79058,9417,smiles,CN1C2C3C=C(C)C1C23,CC1=CC2C3C1N(C)C23,rdkit_canonicalization
qm9_cn_subset:79061,79061,9418,smiles,CC1C2C3C=C(C)C2N13,CC1=CC2C3C(C)N2C13,rdkit_canonicalization
qm9_cn_subset:79066,79066,9419,smiles,CC1C2C3C=CC1(C)N23,CC1C2C3C=CC1(C)N32,rdkit_canonicalization
qm9_cn_subset:79069,79069,9421,smiles,CC1N2C3C=CC1(C)C23,CC1N2C3C=CC1(C)C32,rdkit_canonicalization
qm9_cn_subset:79071,79071,9422,smiles,CN1C2C3C=CC1(C)C23,CN1C2C3C=CC1(C)C32,rdkit_canonicalization
qm9_cn_subset:79073,79073,9423,smiles,CC12C3C(N)C1N=CN23,CC12C3N=CN1C2C3N,rdkit_canonicalization
qm9_cn_subset:79078,79078,9424,smiles,CC1C2N3C=NC1C23C,CC1C2N=CN3C1C23C,rdkit_canonicalization
qm9_cn_subset:79079,79079,9425,smiles,CN1C2C3C=CC1C23C,CN1C2C=CC3C1C32C,rdkit_canonicalization
qm9_cn_subset:79085,79085,9427,smiles,CN1C2C3C=CC2(C)C13,CN1C2C3C=CC2(C)C31,rdkit_canonicalization
qm9_cn_subset:79133,79133,9429,smiles,CC1N2C3CC(C)=C1C23,CC1=C2C(C)N3C(C1)C23,rdkit_canonicalization
qm9_cn_subset:79162,79162,9431,smiles,CC1C2C3N2CC3=C1C,CC1=C2CN3C2C3C1C,rdkit_canonicalization
qm9_cn_subset:79163,79163,9432,smiles,CC1N2C3CC(C23)=C1C,CC1=C2CC3C2N3C1C,rdkit_canonicalization
qm9_cn_subset:79202,79202,9435,smiles,CN1C2C3CC(C3)C12C,CN1C2C3CC(C3)C21C,rdkit_canonicalization
qm9_cn_subset:79207,79207,9436,smiles,CC1C2C3CC1(C#C)N23,C#CC12CC3C(C1C)N32,rdkit_canonicalization
qm9_cn_subset:79208,79208,9437,smiles,CC1C2C3CC1(C#N)C23,CC1C2C3CC1(C#N)C32,rdkit_canonicalization
qm9_cn_subset:79209,79209,9438,smiles,CC1C2C3CC1(C#N)N23,CC1C2C3CC1(C#N)N32,rdkit_canonicalization
qm9_cn_subset:79210,79210,9439,smiles,CC1C2C3N2CC13C#C,C#CC12CN3C(C1C)C32,rdkit_canonicalization
qm9_cn_subset:79212,79212,9441,smiles,CC1C2C3NC1(C#N)C23,CC1C2C3NC1(C#N)C32,rdkit_canonicalization
qm9_cn_subset:79215,79215,9442,smiles,CC1N2C3CC1(C#C)C23,C#CC12CC3C1N3C2C,rdkit_canonicalization
qm9_cn_subset:79216,79216,9443,smiles,CC1N2C3CC1(C#N)C23,CC1N2C3CC1(C#N)C32,rdkit_canonicalization
qm9_cn_subset:79217,79217,9444,smiles,CN1C2C3CC1(C#C)C23,C#CC12CC3C(C31)N2C,rdkit_canonicalization
qm9_cn_subset:79218,79218,9445,smiles,CN1C2C3CC1(C#N)C23,CN1C2C3CC1(C#N)C32,rdkit_canonicalization
qm9_cn_subset:79219,79219,9446,smiles,NC1C2C3CC1(C#N)N23,N#CC12CC3C(C1N)N32,rdkit_canonicalization
qm9_cn_subset:79220,79220,9447,smiles,NC1C2C3N2CC13C#N,N#CC12CN3C(C1N)C32,rdkit_canonicalization
qm9_cn_subset:79221,79221,9448,smiles,NC1C2C3NC1(C#N)C23,N#CC12NC3C(C1N)C32,rdkit_canonicalization
qm9_cn_subset:79248,79248,9450,smiles,CC1N2C3CC1(C)C23C,CC1N2C3CC1(C)C32C,rdkit_canonicalization
qm9_cn_subset:79250,79250,9451,smiles,CN1C2C3CC1(C)C23C,CN1C2C3CC1(C)C32C,rdkit_canonicalization
qm9_cn_subset:79257,79257,9452,smiles,CC1C2C3CC1(C)CN23,CC1C2C3CC1(C)CN32,rdkit_canonicalization
qm9_cn_subset:79262,79262,9453,smiles,CC1N2C3CC1(C)CC23,CC1N2C3CC1(C)CC32,rdkit_canonicalization
qm9_cn_subset:79287,79287,9454,smiles,CC1C2C3C(C)C1CN23,CC1C2CN3C1C3C2C,rdkit_canonicalization
qm9_cn_subset:79290,79290,9455,smiles,CC1C2C3CC1C(C)N23,CC1C2CC3C1N3C2C,rdkit_canonicalization
qm9_cn_subset:79299,79299,9456,smiles,CC1C2C3CC1C23C#N,CC1C2CC3C1C23C#N,rdkit_canonicalization
qm9_cn_subset:79300,79300,9457,smiles,CC1C2C3CN1C23C#C,C#CC12C3CN1C(C)C32,rdkit_canonicalization
qm9_cn_subset:79301,79301,9458,smiles,CC1C2C3CN1C23C#N,CC1C2C3CN1C32C#N,rdkit_canonicalization
qm9_cn_subset:79302,79302,9459,smiles,CC1C2C3NC1C23C#N,CC1C2NC3C1C23C#N,rdkit_canonicalization
qm9_cn_subset:79305,79305,9460,smiles,CC1C2CC3N1C23C#C,C#CC12C3CC1N2C3C,rdkit_canonicalization
qm9_cn_subset:79307,79307,9462,smiles,CC1C2N3CC1C23C#C,C#CC12C3CN1C2C3C,rdkit_canonicalization
qm9_cn_subset:79308,79308,9463,smiles,CC1C2N3CC1C23C#N,CC1C2CN3C1C23C#N,rdkit_canonicalization
qm9_cn_subset:79309,79309,9464,smiles,CN1C2C3CC1C23C#C,C#CC12C3CC1N(C)C32,rdkit_canonicalization
qm9_cn_subset:79310,79310,9465,smiles,CN1C2C3CC1C23C#N,CN1C2CC3C1C32C#N,rdkit_canonicalization
qm9_cn_subset:79344,79344,9467,smiles,CC1C2N3CC1CC23C,CC1C2CN3C1C3(C)C2,rdkit_canonicalization
qm9_cn_subset:79367,79367,9468,smiles,CC1C2C3CC2(C#C)N13,C#CC12CC3C1C(C)N32,rdkit_canonicalization
qm9_cn_subset:79373,79373,9472,smiles,CC1C2N3CC2(C#C)C13,C#CC12CN3C1C(C)C32,rdkit_canonicalization
qm9_cn_subset:79375,79375,9474,smiles,CN1C2C3CC2(C#C)C13,C#CC12CC3C1N(C)C32,rdkit_canonicalization
qm9_cn_subset:79376,79376,9475,smiles,CN1C2C3CC2(C#N)C13,CN1C2C3CC2(C#N)C31,rdkit_canonicalization
qm9_cn_subset:79377,79377,9476,smiles,CN1C2C3NC2(C#C)C13,C#CC12NC3C1N(C)C32,rdkit_canonicalization
qm9_cn_subset:79378,79378,9477,smiles,CN1C2C3NC2(C#N)C13,CN1C2C3NC2(C#N)C31,rdkit_canonicalization
qm9_cn_subset:79407,79407,9480,smiles,CN1C2C3CC2(C)C13C,CN1C2C3CC2(C)C31C,rdkit_canonicalization
qm9_cn_subset:79408,79408,9481,smiles,CN1C2C3NC2(C)C13C,CN1C2C3NC2(C)C31C,rdkit_canonicalization
qm9_cn_subset:79477,79477,9484,smiles,CC1C2C3CN2C13C#C,C#CC12C(C)C3C1CN32,rdkit_canonicalization
qm9_cn_subset:79482,79482,9487,smiles,CC1N2C3CC2C13C#C,C#CC12C(C)N3C1CC32,rdkit_canonicalization
qm9_cn_subset:79484,79484,9489,smiles,CN1C2C3CC2C13C#C,C#CC12C3CC1C3N2C,rdkit_canonicalization
qm9_cn_subset:79485,79485,9490,smiles,CN1C2C3CC2C13C#N,CN1C2C3CC2C31C#N,rdkit_canonicalization
qm9_cn_subset:79486,79486,9491,smiles,CN1C2C3NC2C13C#C,C#CC12C3NC1C3N2C,rdkit_canonicalization
qm9_cn_subset:79487,79487,9492,smiles,CN1C2C3NC2C13C#N,CN1C2C3NC2C31C#N,rdkit_canonicalization
qm9_cn_subset:79490,79490,9493,smiles,NC1C2C3CN2C13C#N,N#CC12C(N)C3C1CN32,rdkit_canonicalization
qm9_cn_subset:79537,79537,9494,smiles,CC1C2C1C1(CN21)C#C,C#CC12CN1C1C(C)C12,rdkit_canonicalization
qm9_cn_subset:79538,79538,9495,smiles,CC1C2C1C1(CN21)C#N,CC1C2C1C1(C#N)CN21,rdkit_canonicalization
qm9_cn_subset:79540,79540,9496,smiles,CC1C2C3CC3(C#C)N12,C#CC12CC1C1C(C)N12,rdkit_canonicalization
qm9_cn_subset:79543,79543,9499,smiles,CC1C2C3NC3(C#C)C12,C#CC12NC1C1C(C)C12,rdkit_canonicalization
qm9_cn_subset:79547,79547,9501,smiles,CC1C2N1C1CC21C#C,C#CC12CC1N1C(C)C12,rdkit_canonicalization
qm9_cn_subset:79548,79548,9502,smiles,CC1C2N1C1CC21C#N,CC1C2N1C1CC12C#N,rdkit_canonicalization
qm9_cn_subset:79549,79549,9503,smiles,CN1C2C3CC3(C#C)C12,C#CC12CC1C1C2N1C,rdkit_canonicalization
qm9_cn_subset:79550,79550,9504,smiles,CN1C2C3CC3(C#N)C12,CN1C2C3CC3(C#N)C21,rdkit_canonicalization
qm9_cn_subset:79551,79551,9505,smiles,CN1C2C3NC3(C#C)C12,C#CC12NC1C1C2N1C,rdkit_canonicalization
qm9_cn_subset:79552,79552,9506,smiles,CN1C2C3NC3(C#N)C12,CN1C2C3NC3(C#N)C21,rdkit_canonicalization
qm9_cn_subset:79584,79584,9510,smiles,CN1C2C3CC3(C)C12C,CN1C2C3CC3(C)C21C,rdkit_canonicalization
qm9_cn_subset:79586,79586,9511,smiles,CN1C2C3NC3(C)C12C,CN1C2C3NC3(C)C21C,rdkit_canonicalization
qm9_cn_subset:79628,79628,9512,smiles,CC1C2C3NC3C(C)N12,CC1C2NC2C2C(C)N12,rdkit_canonicalization
qm9_cn_subset:79647,79647,9515,smiles,CC1C2C3CN3C12C#C,C#CC12C(C)C1C1CN12,rdkit_canonicalization
qm9_cn_subset:79649,79649,9517,smiles,CC1C2C3NC3C12C#C,C#CC12C(C)C1C1NC12,rdkit_canonicalization
qm9_cn_subset:79653,79653,9519,smiles,CC1C2N3CC3C12C#C,C#CC12C(C)C1N1CC12,rdkit_canonicalization
qm9_cn_subset:79655,79655,9521,smiles,CC1N2C3CC3C12C#C,C#CC12C3CC3N1C2C,rdkit_canonicalization
qm9_cn_subset:79657,79657,9523,smiles,CN1C2C3CC3C12C#C,C#CC12C3CC3C1N2C,rdkit_canonicalization
qm9_cn_subset:79658,79658,9524,smiles,CN1C2C3CC3C12C#N,CN1C2C3CC3C21C#N,rdkit_canonicalization
qm9_cn_subset:79659,79659,9525,smiles,CN1C2C3NC3C12C#C,C#CC12C3NC3C1N2C,rdkit_canonicalization
qm9_cn_subset:79660,79660,9526,smiles,CN1C2C3NC3C12C#N,CN1C2C3NC3C21C#N,rdkit_canonicalization
qm9_cn_subset:79663,79663,9527,smiles,NC1C2C3CN3C12C#N,N#CC12C(N)C1C1CN12,rdkit_canonicalization
qm9_cn_subset:79664,79664,9528,smiles,NC1C2N3CC3C12C#N,N#CC12C(N)C1N1CC12,rdkit_canonicalization
qm9_cn_subset:79702,79702,9529,smiles,CC1C2C3CN3C1C2C,CC1C2C(C)C1N1CC21,rdkit_canonicalization
qm9_cn_subset:79750,79750,9533,smiles,CN1C2C3NC3CC12C,CN1C2C3NC3CC21C,rdkit_canonicalization
qm9_cn_subset:79759,79759,9535,smiles,CC1C2C3CC4C(C23)N14,CC1C2C3CC4C(C32)N14,rdkit_canonicalization
qm9_cn_subset:79760,79760,9536,smiles,CC1C2C3CC4C1N4C23,CC1C2C3CC4C1N4C32,rdkit_canonicalization
qm9_cn_subset:79761,79761,9537,smiles,CC1C2C3CN4C(C23)C14,CC1C2C3CN4C1C4C32,rdkit_canonicalization
qm9_cn_subset:79784,79784,9542,smiles,CC1C2C3CC4C3C1N24,CC1C2C3CC4C3C1N42,rdkit_canonicalization
qm9_cn_subset:79800,79800,9545,smiles,CC1C2N3CC=C1C23C,CC1C2=CCN3C1C23C,rdkit_canonicalization
qm9_cn_subset:79801,79801,9546,smiles,CC1N2C3CC=C1C23C,CC1C2=CCC3N1C23C,rdkit_canonicalization
qm9_cn_subset:79822,79822,9548,smiles,CC1N2C3CCC1(C)C23,CC1N2C3CCC1(C)C32,rdkit_canonicalization
qm9_cn_subset:79840,79840,9549,smiles,CN1C2C3CCC1C23C,CN1C2CCC3C1C32C,rdkit_canonicalization
qm9_cn_subset:79947,79947,9550,smiles,CC1C2C(N=CN12)C#C,C#CC1N=CN2C(C)C12,rdkit_canonicalization
qm9_cn_subset:79948,79948,9551,smiles,CC1C2C(N=CN12)C#N,CC1C2C(C#N)N=CN12,rdkit_canonicalization
qm9_cn_subset:79950,79950,9552,smiles,CC1C2C=CC(C#C)N12,C#CC1C=CC2C(C)N12,rdkit_canonicalization
qm9_cn_subset:79953,79953,9555,smiles,CN1C2C=CC(C#N)C12,CN1C2C=CC(C#N)C21,rdkit_canonicalization
qm9_cn_subset:79960,79960,9556,smiles,CN1C2C=CC(C)(C)C12,CN1C2C=CC(C)(C)C21,rdkit_canonicalization
qm9_cn_subset:79997,79997,9557,smiles,CC1C2C=CC11CCN21,CC1C2C=CC13CCN23,rdkit_canonicalization
qm9_cn_subset:80000,80000,9558,smiles,CN1C2C=CC11CCC21,CN1C2C=CC13CCC23,rdkit_canonicalization
qm9_cn_subset:80010,80010,9559,smiles,CN1C2C=CC1C1CC21,CN1C2C=CC1C1CC12,rdkit_canonicalization
qm9_cn_subset:80011,80011,9560,smiles,CN1C2C=CC1C1NC21,CN1C2C=CC1C1NC12,rdkit_canonicalization
qm9_cn_subset:80034,80034,9566,smiles,N#CC1C2C=CC1N2C,CN1C2C=CC1C2C#N,rdkit_canonicalization
qm9_cn_subset:80045,80045,9568,smiles,CN1C2C=CC3(CC3)C12,CN1C2C=CC3(CC3)C21,rdkit_canonicalization
qm9_cn_subset:80046,80046,9569,smiles,CN1C2C=CC3(CN3)C12,CN1C2C=CC3(CN3)C21,rdkit_canonicalization
qm9_cn_subset:80058,80058,9572,smiles,CC1N2C=NC3C2C13N,CC1N2C=NC3C2C31N,rdkit_canonicalization
qm9_cn_subset:80060,80060,9573,smiles,CN1C2C=CC3C2C13C,CN1C2C=CC3C2C31C,rdkit_canonicalization
qm9_cn_subset:80063,80063,9574,smiles,CC1C2C=CC3CC2N13,CC1C2C=CC3CC2N31,rdkit_canonicalization
qm9_cn_subset:80064,80064,9575,smiles,CC1C2C=CC3CN2C13,CC1C2C=CC3CN2C31,rdkit_canonicalization
qm9_cn_subset:80066,80066,9576,smiles,CN1C2C=CC3CC2C13,CN1C2C=CC3CC2C31,rdkit_canonicalization
qm9_cn_subset:80074,80074,9578,smiles,CN1C2C=CC3NC3C12,CN1C2C=CC3NC3C21,rdkit_canonicalization
qm9_cn_subset:80102,80102,9580,smiles,CC1C2N=CNC12C#C,C#CC12NC=NC1C2C,rdkit_canonicalization
qm9_cn_subset:80106,80106,9582,smiles,CC1N2C=NCC12C#C,C#CC12CN=CN1C2C,rdkit_canonicalization
qm9_cn_subset:80108,80108,9584,smiles,CN1C2C=CCC12C#C,C#CC12CC=CC1N2C,rdkit_canonicalization
qm9_cn_subset:80109,80109,9585,smiles,CN1C2C=CCC12C#N,CN1C2C=CCC21C#N,rdkit_canonicalization
qm9_cn_subset:80110,80110,9586,smiles,NC1C2N=CNC12C#C,C#CC12NC=NC1C2N,rdkit_canonicalization
qm9_cn_subset:80111,80111,9587,smiles,NC1C2N=CNC12C#N,N#CC12NC=NC1C2N,rdkit_canonicalization
qm9_cn_subset:80207,80207,9590,smiles,NC1C2NC(=N)C12C#N,N#CC12C(=N)NC1C2N,rdkit_canonicalization
qm9_cn_subset:80309,80309,9591,smiles,CC1C2C=C(CN12)C#C,C#CC1=CC2C(C)N2C1,rdkit_canonicalization
qm9_cn_subset:80310,80310,9592,smiles,CC1C2C=C(CN12)C#N,CC1C2C=C(C#N)CN12,rdkit_canonicalization
qm9_cn_subset:80312,80312,9593,smiles,CC1C2CC(=CC12)C#N,CC1C2C=C(C#N)CC12,rdkit_canonicalization
qm9_cn_subset:80313,80313,9594,smiles,CC1C2NC(=NC12)C#N,CC1C2N=C(C#N)NC12,rdkit_canonicalization
qm9_cn_subset:80316,80316,9595,smiles,CN1C2CC(=CC12)C#N,CN1C2C=C(C#N)CC21,rdkit_canonicalization
qm9_cn_subset:80317,80317,9596,smiles,NC1C2NC(=NC12)C#C,C#CC1=NC2C(N)C2N1,rdkit_canonicalization
qm9_cn_subset:80318,80318,9597,smiles,NC1C2NC(=NC12)C#N,N#CC1=NC2C(N)C2N1,rdkit_canonicalization
qm9_cn_subset:80344,80344,9602,smiles,CN1C2CC(C#N)C12C,CN1C2CC(C#N)C21C,rdkit_canonicalization
qm9_cn_subset:80360,80360,9603,smiles,CC1C2CC(C)(C#C)N12,C#CC1(C)CC2C(C)N21,rdkit_canonicalization
qm9_cn_subset:80373,80373,9610,smiles,CN1C2CC(C)(C#N)C12,CN1C2CC(C)(C#N)C21,rdkit_canonicalization
qm9_cn_subset:80374,80374,9611,smiles,CN1C2CC(N)(C#N)C12,CN1C2CC(N)(C#N)C21,rdkit_canonicalization
qm9_cn_subset:80394,80394,9613,smiles,CN1C2CC(C)(C)C12C,CN1C2CC(C)(C)C21C,rdkit_canonicalization
qm9_cn_subset:80490,80490,9615,smiles,CC1C2CC(C)C12C#N,CC1CC2C(C)C12C#N,rdkit_canonicalization
qm9_cn_subset:80494,80494,9617,smiles,CC1C2NC(C)C12C#N,CC1NC2C(C)C12C#N,rdkit_canonicalization
qm9_cn_subset:80499,80499,9618,smiles,CC1CC2N(C)C12C#C,C#CC12C(C)CC1N2C,rdkit_canonicalization
qm9_cn_subset:80501,80501,9620,smiles,CC1N2CC(C)C12C#C,C#CC12C(C)CN1C2C,rdkit_canonicalization
qm9_cn_subset:80502,80502,9621,smiles,CC1N2CC(C)C12C#N,CC1CN2C(C)C12C#N,rdkit_canonicalization
qm9_cn_subset:80511,80511,9624,smiles,CN1C2CC(N)C12C#N,CN1C2CC(N)C21C#N,rdkit_canonicalization
qm9_cn_subset:80514,80514,9625,smiles,CN1CC2C(N)C12C#N,CN1CC2C(N)C21C#N,rdkit_canonicalization
qm9_cn_subset:80635,80635,9630,smiles,NC1C2CC(N2)C1C#N,N#CC1C2CC(N2)C1N,rdkit_canonicalization
qm9_cn_subset:80636,80636,9631,smiles,NC1C2CN(C2)C1C#N,N#CC1C(N)C2CN1C2,rdkit_canonicalization
qm9_cn_subset:80671,80671,9632,smiles,CC1C2CC(C12)N1CC1,CC1C2CC(N3CC3)C12,rdkit_canonicalization
qm9_cn_subset:80723,80723,9638,smiles,CN1C2CC(CC#N)C12,CN1C2CC(CC#N)C21,rdkit_canonicalization
qm9_cn_subset:80732,80732,9639,smiles,CC1C2CC(CC12)C#N,CC1C2CC(C#N)CC12,rdkit_canonicalization
qm9_cn_subset:80733,80733,9640,smiles,CC1C2CC(CN12)C#N,CC1C2CC(C#N)CN12,rdkit_canonicalization
qm9_cn_subset:80734,80734,9641,smiles,CC1C2CC(NC12)C#N,CC1C2CC(C#N)NC12,rdkit_canonicalization
qm9_cn_subset:80739,80739,9642,smiles,CN1C2CC(CC12)C#N,CN1C2CC(C#N)CC21,rdkit_canonicalization
qm9_cn_subset:80793,80793,9643,smiles,CC1C2CC1(C#C)N2C,C#CC12CC(C1C)N2C,rdkit_canonicalization
qm9_cn_subset:80806,80806,9648,smiles,CC1N2CC1(C#C)C2C,C#CC12CN(C1C)C2C,rdkit_canonicalization
qm9_cn_subset:80812,80812,9651,smiles,NC1C2NC1(C#N)C2N,N#CC12NC(C1N)C2N,rdkit_canonicalization
qm9_cn_subset:80950,80950,9660,smiles,CC1N2CC1(C)C2C#C,C#CC1N2CC1(C)C2C,rdkit_canonicalization
qm9_cn_subset:81066,81066,9664,smiles,CC1C2CC1(C2)N1CC1,CC1C2CC1(N1CC1)C2,rdkit_canonicalization
qm9_cn_subset:81070,81070,9665,smiles,CC1N2CC1(C2)C1CC1,CC1N2CC1(C1CC1)C2,rdkit_canonicalization
qm9_cn_subset:81072,81072,9666,smiles,CC1N2CC1(C2)N1CC1,CC1N2CC1(N1CC1)C2,rdkit_canonicalization
qm9_cn_subset:81109,81109,9667,smiles,CC1C2CC1(C=C2)C#N,CC1C2C=CC1(C#N)C2,rdkit_canonicalization
qm9_cn_subset:81110,81110,9668,smiles,CC1C2NC1(C=C2)C#N,CC1C2C=CC1(C#N)N2,rdkit_canonicalization
qm9_cn_subset:81113,81113,9669,smiles,CN1C2CC1(C=C2)C#C,C#CC12C=CC(C1)N2C,rdkit_canonicalization
qm9_cn_subset:81114,81114,9670,smiles,CN1C2CC1(C=C2)C#N,CN1C2C=CC1(C#N)C2,rdkit_canonicalization
qm9_cn_subset:81115,81115,9671,smiles,NC1C2NC1(C=C2)C#N,N#CC12C=CC(N1)C2N,rdkit_canonicalization
qm9_cn_subset:81128,81128,9674,smiles,CC1N2CC1(CC#C)C2,C#CCC12CN(C1)C2C,rdkit_canonicalization
qm9_cn_subset:81137,81137,9677,smiles,CC1C2CC1(CC2)C#N,CC1C2CCC1(C#N)C2,rdkit_canonicalization
qm9_cn_subset:81140,81140,9678,smiles,CC1C2CC1(NC2)C#N,CC1C2CNC1(C#N)C2,rdkit_canonicalization
qm9_cn_subset:81143,81143,9679,smiles,CC1C2CCC1(N2)C#N,CC1C2CCC1(C#N)N2,rdkit_canonicalization
qm9_cn_subset:81146,81146,9680,smiles,CC1N2CC1(CC2)C#N,CC1N2CCC1(C#N)C2,rdkit_canonicalization
qm9_cn_subset:81147,81147,9681,smiles,CN1C2CC1(CC2)C#N,CN1C2CCC1(C#N)C2,rdkit_canonicalization
qm9_cn_subset:81149,81149,9682,smiles,NC1C2CC1(NC2)C#N,N#CC12CC(CN1)C2N,rdkit_canonicalization
qm9_cn_subset:81151,81151,9683,smiles,NC1C2CCC1(N2)C#N,N#CC12CCC(N1)C2N,rdkit_canonicalization
qm9_cn_subset:81189,81189,9684,smiles,CC1C2CC11C=CCN21,CC1C2CC13C=CCN23,rdkit_canonicalization
qm9_cn_subset:81316,81316,9685,smiles,CC1C2CC1C(=C2)C#N,CC1C2C=C(C#N)C1C2,rdkit_canonicalization
qm9_cn_subset:81317,81317,9686,smiles,CC1C2NC1C(=C2)C#N,CC1C2C=C(C#N)C1N2,rdkit_canonicalization
qm9_cn_subset:81320,81320,9687,smiles,CN1C2CC1C(=C2)C#C,C#CC1=CC2CC1N2C,rdkit_canonicalization
qm9_cn_subset:81321,81321,9688,smiles,CN1C2CC1C(=C2)C#N,CN1C2C=C(C#N)C1C2,rdkit_canonicalization
qm9_cn_subset:81391,81391,9689,smiles,CC1C2CC1C(C2)C#N,CC1C2CC(C#N)C1C2,rdkit_canonicalization
qm9_cn_subset:81392,81392,9690,smiles,CC1C2CC1C(N2)C#N,CC1C2CC1C(C#N)N2,rdkit_canonicalization
qm9_cn_subset:81395,81395,9691,smiles,CC1C2CN1C(C2)C#N,CC1C2CC(C#N)N1C2,rdkit_canonicalization
qm9_cn_subset:81397,81397,9693,smiles,CN1C2CC1C(C2)C#N,CN1C2CC(C#N)C1C2,rdkit_canonicalization
qm9_cn_subset:81499,81499,9698,smiles,CC1C2CN1C2(C)C#C,C#CC1(C)C2CN1C2C,rdkit_canonicalization
qm9_cn_subset:81510,81510,9702,smiles,CN1C2CC1C2(C)C#C,C#CC1(C)C2CC1N2C,rdkit_canonicalization
qm9_cn_subset:81602,81602,9709,smiles,CC1C2CC1N2CC#C,C#CCN1C2CC1C2C,rdkit_canonicalization
qm9_cn_subset:81731,81731,9713,smiles,CC1C(C)C2(CN12)C#C,C#CC12CN1C(C)C2C,rdkit_canonicalization
qm9_cn_subset:81732,81732,9714,smiles,CC1C(C)C2(CN12)C#N,CC1C(C)C2(C#N)CN12,rdkit_canonicalization
qm9_cn_subset:81733,81733,9715,smiles,CC1C(N)C2(CN12)C#N,CC1C(N)C2(C#N)CN12,rdkit_canonicalization
qm9_cn_subset:81744,81744,9716,smiles,CC1C2CC2(C#N)C1C,CC1C(C)C2(C#N)CC12,rdkit_canonicalization
qm9_cn_subset:81747,81747,9718,smiles,CC1C2NC2(C#C)C1C,C#CC12NC1C(C)C2C,rdkit_canonicalization
qm9_cn_subset:81749,81749,9719,smiles,CC1C2NC2(C#N)C1C,CC1C(C)C2(C#N)NC12,rdkit_canonicalization
qm9_cn_subset:81750,81750,9720,smiles,CC1C2NC2(C#N)C1N,CC1C(N)C2(C#N)NC12,rdkit_canonicalization
qm9_cn_subset:81798,81798,9723,smiles,CC1C2NC2(C)C11CC1,CC1C2NC2(C)C12CC2,rdkit_canonicalization
qm9_cn_subset:81799,81799,9724,smiles,CC1C2NC2(C)C11CN1,CC1C2NC2(C)C12CN2,rdkit_canonicalization
qm9_cn_subset:81804,81804,9725,smiles,CC1N2CC2(C)C11CC1,CC1N2CC2(C)C12CC2,rdkit_canonicalization
qm9_cn_subset:81805,81805,9726,smiles,CC1N2CC2(C)C11CN1,CC1N2CC2(C)C12CN2,rdkit_canonicalization
qm9_cn_subset:81821,81821,9729,smiles,CC1C2CC2(C)C1C#N,CC1C(C#N)C2(C)CC12,rdkit_canonicalization
qm9_cn_subset:81824,81824,9730,smiles,CC1C2NC2(C)C1C#C,C#CC1C(C)C2NC12C,rdkit_canonicalization
qm9_cn_subset:81825,81825,9731,smiles,CC1C2NC2(C)C1C#N,CC1C(C#N)C2(C)NC12,rdkit_canonicalization
qm9_cn_subset:81828,81828,9732,smiles,CN1C2CC2(C)C1C#C,C#CC1N(C)C2CC12C,rdkit_canonicalization
qm9_cn_subset:81829,81829,9733,smiles,CN1C2CC2(C)C1C#N,CN1C(C#N)C2(C)CC12,rdkit_canonicalization
qm9_cn_subset:81830,81830,9734,smiles,CN1C2CC2(N)C1C#N,CN1C(C#N)C2(N)CC12,rdkit_canonicalization
qm9_cn_subset:81854,81854,9735,smiles,CC1C2NC2(C)C=C1C,CC1=CC2(C)NC2C1C,rdkit_canonicalization
qm9_cn_subset:81940,81940,9736,smiles,CC1C2NC2C(C)=C1C,CC1=C(C)C2NC2C1C,rdkit_canonicalization
qm9_cn_subset:81980,81980,9737,smiles,CC1(C#N)C(N)C2CN12,CC1(C#N)C(N)C2CN21,rdkit_canonicalization
qm9_cn_subset:81983,81983,9738,smiles,CC1(C#N)C2NC2C1N,CC1(C#N)C(N)C2NC21,rdkit_canonicalization
qm9_cn_subset:81992,81992,9741,smiles,CC1C2CN2C1(C)C#C,C#CC1(C)C(C)C2CN21,rdkit_canonicalization
qm9_cn_subset:81994,81994,9743,smiles,CC1C2NC2C1(C)C#C,C#CC1(C)C(C)C2NC21,rdkit_canonicalization
qm9_cn_subset:82012,82012,9749,smiles,NC1C2CC2C1(N)C#N,N#CC1(N)C(N)C2CC21,rdkit_canonicalization
qm9_cn_subset:82014,82014,9750,smiles,NC1C2NC2C1(N)C#N,N#CC1(N)C(N)C2NC21,rdkit_canonicalization
qm9_cn_subset:82050,82050,9751,smiles,CC1N2CC2C11CCC1,CC1N2CC2C12CCC2,rdkit_canonicalization
qm9_cn_subset:82115,82115,9755,smiles,CC1C2CC2C1CC#N,CC1C(CC#N)C2CC12,rdkit_canonicalization
qm9_cn_subset:82117,82117,9757,smiles,CC1C2CN2C1CC#N,CC1C(CC#N)N2CC12,rdkit_canonicalization
qm9_cn_subset:82118,82118,9758,smiles,CC1C2NC2C1CC#N,CC1C(CC#N)C2NC12,rdkit_canonicalization
qm9_cn_subset:82121,82121,9759,smiles,CN1C2CC2C1CC#N,CN1C(CC#N)C2CC21,rdkit_canonicalization
qm9_cn_subset:82213,82213,9766,smiles,CC1N2CC2C2CC12C,CC1N2CC2C2CC21C,rdkit_canonicalization
qm9_cn_subset:82215,82215,9767,smiles,CC1N2CC2C2NC12C,CC1N2CC2C2NC21C,rdkit_canonicalization
qm9_cn_subset:82256,82256,9768,smiles,CC1C2CC2C=C1C#N,CC1C(C#N)=CC2CC21,rdkit_canonicalization
qm9_cn_subset:82257,82257,9769,smiles,CC1C2NC2C=C1C#C,C#CC1=CC2NC2C1C,rdkit_canonicalization
qm9_cn_subset:82258,82258,9770,smiles,CC1C2NC2C=C1C#N,CC1C(C#N)=CC2NC21,rdkit_canonicalization
qm9_cn_subset:82261,82261,9771,smiles,CC1N2CC2C=C1C#N,CC1C(C#N)=CC2CN21,rdkit_canonicalization
qm9_cn_subset:82262,82262,9772,smiles,CN1C2CC2N=C1C#N,CN1C(C#N)=NC2CC21,rdkit_canonicalization
qm9_cn_subset:82263,82263,9773,smiles,NC1C2NC2C=C1C#N,N#CC1=CC2NC2C1N,rdkit_canonicalization
qm9_cn_subset:82313,82313,9776,smiles,CC1C2(CC2)CN2CC12,CC1C2CN2CC12CC2,rdkit_canonicalization
qm9_cn_subset:82314,82314,9777,smiles,CC1C2CN2CC11CN1,CC1C2CN2CC12CN2,rdkit_canonicalization
qm9_cn_subset:82318,82318,9778,smiles,CC1N2CC2CC11CC1,CC1N2CC2CC12CC2,rdkit_canonicalization
qm9_cn_subset:82319,82319,9779,smiles,CC1N2CC2CC11CN1,CC1N2CC2CC12CN2,rdkit_canonicalization
qm9_cn_subset:82334,82334,9780,smiles,CC1C(CC2CN12)C#N,CC1C(C#N)CC2CN21,rdkit_canonicalization
qm9_cn_subset:82336,82336,9781,smiles,CC1C2CC2CC1C#N,CC1C(C#N)CC2CC21,rdkit_canonicalization
qm9_cn_subset:82337,82337,9782,smiles,CC1C2CC2NC1C#N,CC1C(C#N)NC2CC21,rdkit_canonicalization
qm9_cn_subset:82340,82340,9783,smiles,CC1C2CN2CC1C#N,CC1C(C#N)CN2CC12,rdkit_canonicalization
qm9_cn_subset:82341,82341,9784,smiles,CC1C2NC2CC1C#N,CC1C(C#N)CC2NC21,rdkit_canonicalization
qm9_cn_subset:82344,82344,9785,smiles,CN1C2CC2CC1C#N,CN1C(C#N)CC2CC21,rdkit_canonicalization
qm9_cn_subset:82345,82345,9786,smiles,NC1C2CC2NC1C#N,N#CC1NC2CC2C1N,rdkit_canonicalization
qm9_cn_subset:82346,82346,9787,smiles,NC1C2CN2CC1C#N,N#CC1CN2CC2C1N,rdkit_canonicalization
qm9_cn_subset:82347,82347,9788,smiles,NC1C2NC2CC1C#N,N#CC1CC2NC2C1N,rdkit_canonicalization
qm9_cn_subset:82375,82375,9789,smiles,CC1C2NC2CC2CN12,CC1C2NC2CC2CN21,rdkit_canonicalization
qm9_cn_subset:82519,82519,9801,smiles,CN1C2CC3(C)NC3C12,CN1C2CC3(C)NC3C21,rdkit_canonicalization
qm9_cn_subset:82537,82537,9804,smiles,CN1C2CC3(CC3)C12C,CN1C2CC3(CC3)C21C,rdkit_canonicalization
qm9_cn_subset:82538,82538,9805,smiles,CN1C2CC3(CN3)C12C,CN1C2CC3(CN3)C21C,rdkit_canonicalization
qm9_cn_subset:82573,82573,9809,smiles,CN1C2CC3(CCC3)C12,CN1C2CC3(CCC3)C21,rdkit_canonicalization
qm9_cn_subset:82648,82648,9815,smiles,CC1N2CC3C1(C)C23C,CC1N2CC3C1(C)C32C,rdkit_canonicalization
qm9_cn_subset:82650,82650,9816,smiles,CN1C2CC3C2(C)C13C,CN1C2CC3C2(C)C31C,rdkit_canonicalization
qm9_cn_subset:82672,82672,9818,smiles,CC1C2CC3N2C13C#C,C#CC12C(C)C3CC1N32,rdkit_canonicalization
qm9_cn_subset:82674,82674,9820,smiles,CC1C2CN3C2C13C#C,C#CC12C(C)C3CN1C32,rdkit_canonicalization
qm9_cn_subset:82679,82679,9823,smiles,CC1N2CC3C2C13C#C,C#CC12C3CN(C1C)C32,rdkit_canonicalization
qm9_cn_subset:82680,82680,9824,smiles,CC1N2CC3C2C13C#N,CC1N2CC3C2C31C#N,rdkit_canonicalization
qm9_cn_subset:82681,82681,9825,smiles,CN1C2CC3C2C13C#C,C#CC12C3CC(C31)N2C,rdkit_canonicalization
qm9_cn_subset:82682,82682,9826,smiles,CN1C2CC3C2C13C#N,CN1C2CC3C2C31C#N,rdkit_canonicalization
qm9_cn_subset:82683,82683,9827,smiles,NC1C2CC3N2C13C#N,N#CC12C(N)C3CC1N32,rdkit_canonicalization
qm9_cn_subset:82684,82684,9828,smiles,NC1C2CN3C2C13C#N,N#CC12C(N)C3CN1C32,rdkit_canonicalization
qm9_cn_subset:82685,82685,9829,smiles,NC1C2NC3C2C13C#N,N#CC12C(N)C3NC1C32,rdkit_canonicalization
qm9_cn_subset:82779,82779,9834,smiles,CC1C2CC3C4C3N2C14,CC1C2CC3C4C1N2C34,rdkit_canonicalization
qm9_cn_subset:82780,82780,9835,smiles,CC1C2CN3C4C3C2C14,CC1C2CN3C4C1C2C43,rdkit_canonicalization
qm9_cn_subset:82784,82784,9837,smiles,CN1C2CN3C4C3C1C24,CN1C2CN3C4C2C1C43,rdkit_canonicalization
qm9_cn_subset:82792,82792,9838,smiles,CC1C2CC3C=CC1N23,CC1C2C=CC3CC1N32,rdkit_canonicalization
qm9_cn_subset:82817,82817,9839,smiles,CC1C2CC3CC1(C)N23,CC1C2CC3CC1(C)N32,rdkit_canonicalization
qm9_cn_subset:82824,82824,9841,smiles,CC1N2CC3CC1(C)C23,CC1N2CC3CC1(C)C32,rdkit_canonicalization
qm9_cn_subset:82878,82878,9844,smiles,CN1C2CC3CC2(C)C13,CN1C2CC3CC2(C)C31,rdkit_canonicalization
qm9_cn_subset:82917,82917,9845,smiles,CC1C2N1CC1CC21C,CC1C2N1CC1CC12C,rdkit_canonicalization
qm9_cn_subset:82919,82919,9846,smiles,CC1C2N1CC1NC21C,CC1C2N1CC1NC12C,rdkit_canonicalization
qm9_cn_subset:82923,82923,9847,smiles,CN1C2CC3CC3(C)C12,CN1C2CC3CC3(C)C21,rdkit_canonicalization
qm9_cn_subset:82925,82925,9848,smiles,CN1C2CC3NC3(C)C12,CN1C2CC3NC3(C)C21,rdkit_canonicalization
qm9_cn_subset:82946,82946,9851,smiles,CN1C2CC3NC3C12C,CN1C2CC3NC3C21C,rdkit_canonicalization
qm9_cn_subset:83014,83014,9854,smiles,CC1C2CN=C(C#C)N12,C#CC1=NCC2C(C)N12,rdkit_canonicalization
qm9_cn_subset:83016,83016,9856,smiles,CC1C2N1CC=C2C#C,C#CC1=CCN2C(C)C12,rdkit_canonicalization
qm9_cn_subset:83017,83017,9857,smiles,CC1C2N1CC=C2C#N,CC1C2C(C#N)=CCN12,rdkit_canonicalization
qm9_cn_subset:83018,83018,9858,smiles,CN1C2CC=C(C#N)C12,CN1C2CC=C(C#N)C21,rdkit_canonicalization
qm9_cn_subset:83053,83053,9860,smiles,CC1C2NC=NC12C#C,C#CC12N=CNC1C2C,rdkit_canonicalization
qm9_cn_subset:83057,83057,9862,smiles,CC1N2CC=CC12C#C,C#CC12C=CCN1C2C,rdkit_canonicalization
qm9_cn_subset:83059,83059,9864,smiles,CN1C2CC=CC12C#C,C#CC12C=CCC1N2C,rdkit_canonicalization
qm9_cn_subset:83060,83060,9865,smiles,CN1C2CC=CC12C#N,CN1C2CC=CC21C#N,rdkit_canonicalization
qm9_cn_subset:83061,83061,9866,smiles,NC1C2NC=NC12C#C,C#CC12N=CNC1C2N,rdkit_canonicalization
qm9_cn_subset:83062,83062,9867,smiles,NC1C2NC=NC12C#N,N#CC12N=CNC1C2N,rdkit_canonicalization
qm9_cn_subset:83103,83103,9868,smiles,NC1C2CN=CN2C1=N,N=C1C(N)C2CN=CN12,rdkit_canonicalization
qm9_cn_subset:83202,83202,9869,smiles,CC1C2C(CCN12)C#N,CC1C2C(C#N)CCN12,rdkit_canonicalization
qm9_cn_subset:83204,83204,9870,smiles,CC1C2CCC(C#C)N12,C#CC1CCC2C(C)N12,rdkit_canonicalization
qm9_cn_subset:83212,83212,9874,smiles,CN1C2CCC(C#N)C12,CN1C2CCC(C#N)C21,rdkit_canonicalization
qm9_cn_subset:83213,83213,9875,smiles,CN1C2CNC(C#N)C12,CN1C2CNC(C#N)C21,rdkit_canonicalization
qm9_cn_subset:83235,83235,9877,smiles,CN1C2CCC(C)(C)C12,CN1C2CCC(C)(C)C21,rdkit_canonicalization
qm9_cn_subset:83429,83429,9880,smiles,CN1C2CCC12C1CN1,CN1C2CCC21C1CN1,rdkit_canonicalization
qm9_cn_subset:83449,83449,9883,smiles,CN1C2CCC12CC#N,CN1C2CCC21CC#N,rdkit_canonicalization
qm9_cn_subset:83521,83521,9884,smiles,CN1C2CCC1C1NC21,CN1C2CCC1C1NC12,rdkit_canonicalization
qm9_cn_subset:83557,83557,9888,smiles,N#CC1C2CCC1N2C,CN1C2CCC1C2C#N,rdkit_canonicalization
qm9_cn_subset:83664,83664,9890,smiles,CC1C2CCC2C1C#N,CC1C(C#N)C2CCC12,rdkit_canonicalization
qm9_cn_subset:83665,83665,9891,smiles,CC1C2CCN2C1C#N,CC1C(C#N)N2CCC12,rdkit_canonicalization
qm9_cn_subset:83670,83670,9892,smiles,CN1C2CCC2C1C#N,CN1C(C#N)C2CCC21,rdkit_canonicalization
qm9_cn_subset:83671,83671,9893,smiles,CN1C2CNC2C1C#N,CN1C(C#N)C2NCC21,rdkit_canonicalization
qm9_cn_subset:83674,83674,9894,smiles,NC1C2CCN2C1C#N,N#CC1C(N)C2CCN12,rdkit_canonicalization
qm9_cn_subset:83742,83742,9897,smiles,CN1C2CCC3(CC3)C12,CN1C2CCC3(CC3)C21,rdkit_canonicalization
qm9_cn_subset:83743,83743,9898,smiles,CN1C2CCC3(CN3)C12,CN1C2CCC3(CN3)C21,rdkit_canonicalization
qm9_cn_subset:83795,83795,9901,smiles,CN1C2CCC3NC3C12,CN1C2CCC3NC3C21,rdkit_canonicalization
qm9_cn_subset:83900,83900,9904,smiles,CC1N2CCCC12C#C,C#CC12CCCN1C2C,rdkit_canonicalization
qm9_cn_subset:83902,83902,9906,smiles,CN1C2CCCC12C#C,C#CC12CCCC1N2C,rdkit_canonicalization
qm9_cn_subset:83903,83903,9907,smiles,CN1C2CCCC12C#N,CN1C2CCCC21C#N,rdkit_canonicalization
qm9_cn_subset:83904,83904,9908,smiles,CN1C2CNCC12C#N,CN1C2CNCC21C#N,rdkit_canonicalization
qm9_cn_subset:83907,83907,9909,smiles,NC1C2CCNC12C#N,N#CC12NCCC1C2N,rdkit_canonicalization
qm9_cn_subset:84046,84046,9910,smiles,CC1C=C(C#C)C2CN12,C#CC1=CC(C)N2CC12,rdkit_canonicalization
qm9_cn_subset:84047,84047,9911,smiles,CC1C=C(C#C)C2NC12,C#CC1=CC(C)C2NC12,rdkit_canonicalization
qm9_cn_subset:84053,84053,9915,smiles,CC1N=C(C#C)N2CC12,C#CC1=NC(C)C2CN12,rdkit_canonicalization
qm9_cn_subset:84079,84079,9917,smiles,CC1N=C(C)N(C)C1=N,CC1=NC(C)C(=N)N1C,rdkit_canonicalization
qm9_cn_subset:84099,84099,9918,smiles,CC1C=C(C)C2(C)NC12,CC1=CC(C)C2NC12C,rdkit_canonicalization
qm9_cn_subset:84109,84109,9919,smiles,CC1C=C(C)C2NC12C,CC1=CC(C)C2(C)NC12,rdkit_canonicalization
qm9_cn_subset:84138,84138,9920,smiles,CC1C=C(C)CC1C#N,CC1=CC(C)C(C#N)C1,rdkit_canonicalization
qm9_cn_subset:84185,84185,9922,smiles,CC1N=C(NC1=N)C#C,C#CC1=NC(C)C(=N)N1,rdkit_canonicalization
qm9_cn_subset:84186,84186,9923,smiles,CC1N=C(NC1=N)C#N,CC1N=C(C#N)NC1=N,rdkit_canonicalization
qm9_cn_subset:84207,84207,9924,smiles,CC1C=C2C3C4C1C2N34,CC1C=C2C3C1C1C2N31,rdkit_canonicalization
qm9_cn_subset:84208,84208,9925,smiles,CC1C=C2C3C4C2C1N34,CC1C=C2C3C1N1C2C31,rdkit_canonicalization
qm9_cn_subset:84210,84210,9926,smiles,CC1C=C2C3C4C3N1C24,CC1C=C2C3C4C2N1C34,rdkit_canonicalization
qm9_cn_subset:84211,84211,9927,smiles,CC1N=C2C3C4C(C13)N24,CC1N=C2C3C1C1C3N21,rdkit_canonicalization
qm9_cn_subset:84223,84223,9931,smiles,CC1N=C2NC3(C)C1C23,CC1N=C2NC3(C)C2C13,rdkit_canonicalization
qm9_cn_subset:84340,84340,9940,smiles,CN1C=C[C-](C#N)C1=[NH2+],Cn1cc[c-](C#N)c1=[NH2+],rdkit_canonicalization
qm9_cn_subset:84341,84341,9941,smiles,CN1C=NC(C#C)C1=N,C#CC1N=CN(C)C1=N,rdkit_canonicalization
qm9_cn_subset:84345,84345,9942,smiles,CC1C(N=CN1C)C#N,CC1C(C#N)N=CN1C,rdkit_canonicalization
qm9_cn_subset:84458,84458,9950,smiles,CC1C=CC2(CC12)C#N,CC1C=CC2(C#N)CC12,rdkit_canonicalization
qm9_cn_subset:84459,84459,9951,smiles,CC1C=CC2(CN12)C#C,C#CC12C=CC(C)N1C2,rdkit_canonicalization
qm9_cn_subset:84460,84460,9952,smiles,CC1C=CC2(CN12)C#N,CC1C=CC2(C#N)CN12,rdkit_canonicalization
qm9_cn_subset:84461,84461,9953,smiles,CC1C=CC2(NC12)C#C,C#CC12C=CC(C)C1N2,rdkit_canonicalization
qm9_cn_subset:84462,84462,9954,smiles,CC1C=CC2(NC12)C#N,CC1C=CC2(C#N)NC12,rdkit_canonicalization
qm9_cn_subset:84465,84465,9955,smiles,CN1C=NC2(CC12)C#C,C#CC12CC1N(C)C=N2,rdkit_canonicalization
qm9_cn_subset:84466,84466,9956,smiles,CN1C=NC2(CC12)C#N,CN1C=NC2(C#N)CC12,rdkit_canonicalization
qm9_cn_subset:84524,84524,9960,smiles,CC1C=CC2C(C#C)N12,C#CC1C2C=CC(C)N12,rdkit_canonicalization
qm9_cn_subset:84527,84527,9963,smiles,CC1N=CN2C(C#C)C12,C#CC1C2C(C)N=CN12,rdkit_canonicalization
qm9_cn_subset:84600,84600,9968,smiles,CC1C=CC2NC12C#C,C#CC12NC1C=CC2C,rdkit_canonicalization
qm9_cn_subset:84604,84604,9970,smiles,CC1N=CN2CC12C#C,C#CC12CN1C=NC2C,rdkit_canonicalization
qm9_cn_subset:84606,84606,9972,smiles,CN1C=NC2CC12C#C,C#CC12CC1N=CN2C,rdkit_canonicalization
qm9_cn_subset:84607,84607,9973,smiles,CN1C=NC2CC12C#N,CN1C=NC2CC21C#N,rdkit_canonicalization
qm9_cn_subset:84608,84608,9974,smiles,NC1C=CC2NC12C#N,N#CC12NC1C=CC2N,rdkit_canonicalization
qm9_cn_subset:84705,84705,9979,smiles,CN1C=NC2CCN=C12,CN1C=NC2CCN=C21,rdkit_canonicalization
qm9_cn_subset:84769,84769,9983,smiles,CC1N=CNC1(C)C#C,C#CC1(C)NC=NC1C,rdkit_canonicalization
qm9_cn_subset:84775,84775,9986,smiles,NC1C=CCC1(N)C#N,N#CC1(N)CC=CC1N,rdkit_canonicalization
qm9_cn_subset:84899,84899,9992,smiles,NC1C=CCNC1C#N,N#CC1NCC=CC1N,rdkit_canonicalization
qm9_cn_subset:85628,85628,9994,smiles,CC1C=C(CN1C)C#N,CC1C=C(C#N)CN1C,rdkit_canonicalization
qm9_cn_subset:85630,85630,9995,smiles,CC1CC(=CC1C)C#N,CC1C=C(C#N)CC1C,rdkit_canonicalization
qm9_cn_subset:85633,85633,9996,smiles,CC1NC(=NC1C)C#N,CC1N=C(C#N)NC1C,rdkit_canonicalization
qm9_cn_subset:85661,85661,9997,smiles,CC1CC(C#N)C(C)=C1,CC1=CC(C)CC1C#N,rdkit_canonicalization
qm9_cn_subset:85662,85662,9998,smiles,CC1NC(C#N)C(C)=C1,CC1=CC(C)NC1C#N,rdkit_canonicalization
qm9_cn_subset:85683,85683,10003,smiles,CC1CC(C#C)C11CN1,C#CC1CC(C)C12CN2,rdkit_canonicalization
qm9_cn_subset:85685,85685,10004,smiles,CC1CC(C#N)C11CC1,CC1CC(C#N)C12CC2,rdkit_canonicalization
qm9_cn_subset:85686,85686,10005,smiles,CC1CC(C#N)C11CN1,CC1CC(C#N)C12CN2,rdkit_canonicalization
qm9_cn_subset:85689,85689,10006,smiles,CC1NC(C#N)C11CC1,CC1NC(C#N)C12CC2,rdkit_canonicalization
qm9_cn_subset:85690,85690,10007,smiles,CC1NC(C#N)C11CN1,CC1NC(C#N)C12CN2,rdkit_canonicalization
qm9_cn_subset:85698,85698,10008,smiles,CN1CC(C#N)C11CC1,CN1CC(C#N)C12CC2,rdkit_canonicalization
qm9_cn_subset:85706,85706,10009,smiles,CC1CC(C#C)C1C#N,C#CC1CC(C)C1C#N,rdkit_canonicalization
qm9_cn_subset:85707,85707,10010,smiles,CC1CC(C#N)C1C#C,C#CC1C(C)CC1C#N,rdkit_canonicalization
qm9_cn_subset:85709,85709,10012,smiles,CC1NC(C#C)C1C#N,C#CC1NC(C)C1C#N,rdkit_canonicalization
qm9_cn_subset:85710,85710,10013,smiles,CC1NC(C#N)C1C#C,C#CC1C(C)NC1C#N,rdkit_canonicalization
qm9_cn_subset:85716,85716,10015,smiles,CN1CC(C#C)C1C#C,C#CC1CN(C)C1C#C,rdkit_canonicalization
qm9_cn_subset:85717,85717,10016,smiles,CN1CC(C#C)C1C#N,C#CC1CN(C)C1C#N,rdkit_canonicalization
qm9_cn_subset:85718,85718,10017,smiles,CN1CC(C#N)C1C#C,C#CC1C(C#N)CN1C,rdkit_canonicalization
qm9_cn_subset:85720,85720,10019,smiles,NC1CC(C#N)C1C#N,N#CC1CC(N)C1C#N,rdkit_canonicalization
qm9_cn_subset:85737,85737,10020,smiles,CC1CC(C#C)C2NC12,C#CC1CC(C)C2NC12,rdkit_canonicalization
qm9_cn_subset:85739,85739,10021,smiles,CC1CC(C#C)N2CC12,C#CC1CC(C)C2CN12,rdkit_canonicalization
qm9_cn_subset:85754,85754,10028,smiles,CN1CC(C#N)C2CC12,CN1CC(C#N)C2CC21,rdkit_canonicalization
qm9_cn_subset:85975,85975,10042,smiles,CC1CC(C)(C1)N1CC1,CC1CC(C)(N2CC2)C1,rdkit_canonicalization
qm9_cn_subset:86016,86016,10043,smiles,CC1CC(C)(C=C1)C#N,CC1C=CC(C)(C#N)C1,rdkit_canonicalization
qm9_cn_subset:86017,86017,10044,smiles,CC1CC(N)(C=C1)C#N,CC1C=CC(N)(C#N)C1,rdkit_canonicalization
qm9_cn_subset:86020,86020,10045,smiles,CC1NC(C)(C=C1)C#N,CC1C=CC(C)(C#N)N1,rdkit_canonicalization
qm9_cn_subset:86023,86023,10046,smiles,CN1CC(C)(N=C1)C#N,CN1C=NC(C)(C#N)C1,rdkit_canonicalization
qm9_cn_subset:86066,86066,10049,smiles,CC1CC(C)=C(C1)C#N,CC1=C(C#N)CC(C)C1,rdkit_canonicalization
qm9_cn_subset:86067,86067,10050,smiles,CN1CC(C)=C(C1)C#N,CC1=C(C#N)CN(C)C1,rdkit_canonicalization
qm9_cn_subset:86087,86087,10051,smiles,CC1CC(C)=CC11CN1,CC1=CC2(CN2)C(C)C1,rdkit_canonicalization
qm9_cn_subset:86094,86094,10052,smiles,CC1CC(C)=CC1C#N,CC1=CC(C#N)C(C)C1,rdkit_canonicalization
qm9_cn_subset:86100,86100,10054,smiles,CN1CC(C)=CC1C#N,CC1=CC(C#N)N(C)C1,rdkit_canonicalization
qm9_cn_subset:86111,86111,10055,smiles,CC1CC(C)=CC2NC12,CC1=CC2NC2C(C)C1,rdkit_canonicalization
qm9_cn_subset:86165,86165,10056,smiles,CC1CC(C)C(=C1)C#N,CC1C=C(C#N)C(C)C1,rdkit_canonicalization
qm9_cn_subset:86170,86170,10057,smiles,CC1CN(C)C(=N1)C#N,CC1CN(C)C(C#N)=N1,rdkit_canonicalization
qm9_cn_subset:86220,86220,10059,smiles,CC1CC(C)C(C1)C#N,CC1CC(C)C(C#N)C1,rdkit_canonicalization
qm9_cn_subset:86221,86221,10060,smiles,CC1CC(C)C(N1)C#N,CC1CC(C)C(C#N)N1,rdkit_canonicalization
qm9_cn_subset:86224,86224,10061,smiles,CC1CC(N)C(N1)C#N,CC1CC(N)C(C#N)N1,rdkit_canonicalization
qm9_cn_subset:86235,86235,10062,smiles,CN1CC(N)C(C1)C#N,CN1CC(N)C(C#N)C1,rdkit_canonicalization
qm9_cn_subset:86285,86285,10069,smiles,NC1CC(N)C1(N)C#N,N#CC1(N)C(N)CC1N,rdkit_canonicalization
qm9_cn_subset:86469,86469,10073,smiles,CC1CC(C1)(C#C)C#N,C#CC1(C#N)CC(C)C1,rdkit_canonicalization
qm9_cn_subset:86470,86470,10074,smiles,CC1CC(C1)(C#N)C#N,CC1CC(C#N)(C#N)C1,rdkit_canonicalization
qm9_cn_subset:86471,86471,10075,smiles,CC1CC(N1)(C#C)C#N,C#CC1(C#N)CC(C)N1,rdkit_canonicalization
qm9_cn_subset:86472,86472,10076,smiles,CC1CC(N1)(C#N)C#N,CC1CC(C#N)(C#N)N1,rdkit_canonicalization
qm9_cn_subset:86476,86476,10077,smiles,CN1CC(C1)(C#C)C#C,C#CC1(C#C)CN(C)C1,rdkit_canonicalization
qm9_cn_subset:86477,86477,10078,smiles,CN1CC(C1)(C#C)C#N,C#CC1(C#N)CN(C)C1,rdkit_canonicalization
qm9_cn_subset:86478,86478,10079,smiles,CN1CC(C1)(C#N)C#N,CN1CC(C#N)(C#N)C1,rdkit_canonicalization
qm9_cn_subset:86501,86501,10080,smiles,CC1CC(C1)C#CC#N,CC1CC(C#CC#N)C1,rdkit_canonicalization
qm9_cn_subset:86504,86504,10081,smiles,CN1CC(C1)C#CC#C,C#CC#CC1CN(C)C1,rdkit_canonicalization
qm9_cn_subset:86505,86505,10082,smiles,CN1CC(C1)C#CC#N,CN1CC(C#CC#N)C1,rdkit_canonicalization
qm9_cn_subset:86517,86517,10083,smiles,CC1CN(C1)C(=N)C#N,CC1CN(C(=N)C#N)C1,rdkit_canonicalization
qm9_cn_subset:86612,86612,10084,smiles,CC1CC(C1C)N1CC1,CC1CC(N2CC2)C1C,rdkit_canonicalization
qm9_cn_subset:86745,86745,10085,smiles,CC1CC(C=C1)N1CC1,CC1C=CC(N2CC2)C1,rdkit_canonicalization
qm9_cn_subset:86755,86755,10086,smiles,CC1CC(C=C1C)C#N,CC1=CC(C#N)CC1C,rdkit_canonicalization
qm9_cn_subset:86756,86756,10087,smiles,CC1NC(C=C1C)C#N,CC1=CC(C#N)NC1C,rdkit_canonicalization
qm9_cn_subset:86759,86759,10088,smiles,CN1CC(N=C1N)C#N,CN1CC(C#N)N=C1N,rdkit_canonicalization
qm9_cn_subset:86796,86796,10092,smiles,CC1CC(CC#N)C=C1,CC1C=CC(CC#N)C1,rdkit_canonicalization
qm9_cn_subset:86880,86880,10094,smiles,CC1CC(CC1C)C#N,CC1CC(C#N)CC1C,rdkit_canonicalization
qm9_cn_subset:86883,86883,10095,smiles,CC1CC(NC1C)C#N,CC1CC(C#N)NC1C,rdkit_canonicalization
qm9_cn_subset:86965,86965,10097,smiles,CC1CC(CC=C1)C#N,CC1C=CCC(C#N)C1,rdkit_canonicalization
qm9_cn_subset:86968,86968,10098,smiles,CC1NC(CC=C1)C#N,CC1C=CCC(C#N)N1,rdkit_canonicalization
qm9_cn_subset:86979,86979,10099,smiles,CC1CC(C1)NCC#N,CC1CC(NCC#N)C1,rdkit_canonicalization
qm9_cn_subset:86987,86987,10102,smiles,CN1CC(C1)NCC#N,CN1CC(NCC#N)C1,rdkit_canonicalization
qm9_cn_subset:87040,87040,10103,smiles,CC1CC1(C#C)N1CC1,C#CC1(N2CC2)CC1C,rdkit_canonicalization
qm9_cn_subset:87045,87045,10107,smiles,CC1NC1(C#C)C1CC1,C#CC1(C2CC2)NC1C,rdkit_canonicalization
qm9_cn_subset:87046,87046,10108,smiles,CC1NC1(C#C)C1CN1,C#CC1(C2CN2)NC1C,rdkit_canonicalization
qm9_cn_subset:87057,87057,10111,smiles,CN1CC1(C#C)C1CC1,C#CC1(C2CC2)CN1C,rdkit_canonicalization
qm9_cn_subset:87058,87058,10112,smiles,CN1CC1(C#C)C1CN1,C#CC1(C2CN2)CN1C,rdkit_canonicalization
qm9_cn_subset:87063,87063,10115,smiles,NC1CC1(C#N)N1CC1,N#CC1(N2CC2)CC1N,rdkit_canonicalization
qm9_cn_subset:87078,87078,10117,smiles,CC1NC1(C)C#CC#C,C#CC#CC1(C)NC1C,rdkit_canonicalization
qm9_cn_subset:87082,87082,10119,smiles,CN1CC1(C)C#CC#C,C#CC#CC1(C)CN1C,rdkit_canonicalization
qm9_cn_subset:87238,87238,10133,smiles,CN1CC1(C)CCC#C,C#CCCC1(C)CN1C,rdkit_canonicalization
qm9_cn_subset:87296,87296,10135,smiles,CC1CC1(CC#C)C#N,C#CCC1(C#N)CC1C,rdkit_canonicalization
qm9_cn_subset:87297,87297,10136,smiles,CC1CC1(CC#N)C#C,C#CC1(CC#N)CC1C,rdkit_canonicalization
qm9_cn_subset:87298,87298,10137,smiles,CC1CC1(CC#N)C#N,CC1CC1(C#N)CC#N,rdkit_canonicalization
qm9_cn_subset:87299,87299,10138,smiles,CC1NC1(CC#C)C#C,C#CCC1(C#C)NC1C,rdkit_canonicalization
qm9_cn_subset:87300,87300,10139,smiles,CC1NC1(CC#C)C#N,C#CCC1(C#N)NC1C,rdkit_canonicalization
qm9_cn_subset:87301,87301,10140,smiles,CC1NC1(CC#N)C#C,C#CC1(CC#N)NC1C,rdkit_canonicalization
qm9_cn_subset:87302,87302,10141,smiles,CC1NC1(CC#N)C#N,CC1NC1(C#N)CC#N,rdkit_canonicalization
qm9_cn_subset:87307,87307,10142,smiles,CN1CC1(CC#C)C#C,C#CCC1(C#C)CN1C,rdkit_canonicalization
qm9_cn_subset:87308,87308,10143,smiles,CN1CC1(CC#C)C#N,C#CCC1(C#N)CN1C,rdkit_canonicalization
qm9_cn_subset:87309,87309,10144,smiles,CN1CC1(CC#N)C#C,C#CC1(CC#N)CN1C,rdkit_canonicalization
qm9_cn_subset:87310,87310,10145,smiles,CN1CC1(CC#N)C#N,CN1CC1(C#N)CC#N,rdkit_canonicalization
qm9_cn_subset:87311,87311,10146,smiles,NC1CC1(CC#N)C#N,N#CCC1(C#N)CC1N,rdkit_canonicalization
qm9_cn_subset:87408,87408,10147,smiles,CC1CC11C2C3C1CN23,CC1CC12C1CN3C1C32,rdkit_canonicalization
qm9_cn_subset:87410,87410,10148,smiles,CC1CC11C2C3CC1N23,CC1CC12C1CC3C2N31,rdkit_canonicalization
qm9_cn_subset:87411,87411,10149,smiles,CC1CC11C2C3CN1C23,CC1CC12C1C3CN2C31,rdkit_canonicalization
qm9_cn_subset:87413,87413,10150,smiles,CC1CC11C2CC3C2N13,CC1CC12C1CC3C1N32,rdkit_canonicalization
qm9_cn_subset:87414,87414,10151,smiles,CC1NC11C2C3C1CN23,CC1NC12C1CN3C1C32,rdkit_canonicalization
qm9_cn_subset:87415,87415,10152,smiles,CC1NC11C2C3CC1N23,CC1NC12C1CC3C2N31,rdkit_canonicalization
qm9_cn_subset:87421,87421,10153,smiles,CN1CC11C2C3C1CN23,CN1CC12C1CN3C1C32,rdkit_canonicalization
qm9_cn_subset:87422,87422,10154,smiles,CN1CC11C2C3CC1C23,CN1CC12C1CC3C1C32,rdkit_canonicalization
qm9_cn_subset:87423,87423,10155,smiles,CN1CC11C2C3CC1N23,CN1CC12C1CC3C2N31,rdkit_canonicalization
qm9_cn_subset:87432,87432,10156,smiles,CC1CC11C2C3CC2N13,CC1CC12C1C3CC1N32,rdkit_canonicalization
qm9_cn_subset:87433,87433,10157,smiles,CC1CC11C2C3CN2C13,CC1CC12C1C3CN1C32,rdkit_canonicalization
qm9_cn_subset:87435,87435,10158,smiles,CC1NC11C2C3CN2C13,CC1NC12C1C3CN1C32,rdkit_canonicalization
qm9_cn_subset:87440,87440,10159,smiles,CN1CC11C2C3CC2C13,CN1CC12C1C3CC1C32,rdkit_canonicalization
qm9_cn_subset:87441,87441,10160,smiles,CN1CC11C2C3CN2C13,CN1CC12C1C3CN1C32,rdkit_canonicalization
qm9_cn_subset:87453,87453,10161,smiles,CC1CC11N2CC1(C)C2,CC1CC12N1CC2(C)C1,rdkit_canonicalization
qm9_cn_subset:87455,87455,10162,smiles,CC1NC11C2CC1(C)C2,CC1NC12C1CC2(C)C1,rdkit_canonicalization
qm9_cn_subset:87461,87461,10163,smiles,CN1CC11C2CC1(C)C2,CN1CC12C1CC2(C)C1,rdkit_canonicalization
qm9_cn_subset:87490,87490,10164,smiles,CC1NC11C2CC1N2C,CC1NC12C1CC2N1C,rdkit_canonicalization
qm9_cn_subset:87509,87509,10165,smiles,CC1NC11C2NC1C=C2,CC1NC12C1C=CC2N1,rdkit_canonicalization
qm9_cn_subset:87514,87514,10166,smiles,CN1CC11C2NC1C=C2,CN1CC12C1C=CC2N1,rdkit_canonicalization
qm9_cn_subset:87557,87557,10167,smiles,CC1C2NC2C11CN1C,CC1C2NC2C12CN2C,rdkit_canonicalization
qm9_cn_subset:87563,87563,10168,smiles,CC1CC11C2CN2C1C,CC1CC12C(C)N1CC12,rdkit_canonicalization
qm9_cn_subset:87564,87564,10169,smiles,CC1CC11C2NC2C1C,CC1CC12C(C)C1NC12,rdkit_canonicalization
qm9_cn_subset:87570,87570,10170,smiles,CC1NC11C2CN2C1C,CC1NC12C(C)N1CC12,rdkit_canonicalization
qm9_cn_subset:87571,87571,10171,smiles,CC1NC11C2NC2C1C,CC1NC12C(C)C1NC12,rdkit_canonicalization
qm9_cn_subset:87590,87590,10172,smiles,CC1CC11C=CC2NC12,CC1CC12C=CC1NC12,rdkit_canonicalization
qm9_cn_subset:87592,87592,10173,smiles,CC1NC11C=CC2CC12,CC1NC12C=CC1CC12,rdkit_canonicalization
qm9_cn_subset:87593,87593,10174,smiles,CC1NC11C=CC2NC12,CC1NC12C=CC1NC12,rdkit_canonicalization
qm9_cn_subset:87598,87598,10175,smiles,CN1CC11C=CC2NC12,CN1CC12C=CC1NC12,rdkit_canonicalization
qm9_cn_subset:87607,87607,10176,smiles,CC1CC11N=CNC1=N,CC1CC12N=CNC2=N,rdkit_canonicalization
qm9_cn_subset:87625,87625,10177,smiles,CC1NC11C=CCC1C,CC1CC=CC12NC2C,rdkit_canonicalization
qm9_cn_subset:87730,87730,10178,smiles,CC1NC11CC(C)C=C1,CC1C=CC2(C1)NC2C,rdkit_canonicalization
qm9_cn_subset:87738,87738,10179,smiles,CC1CC11CC(C1)C#N,CC1CC12CC(C#N)C2,rdkit_canonicalization
qm9_cn_subset:87739,87739,10180,smiles,CC1CC11CC(N1)C#N,CC1CC12CC(C#N)N2,rdkit_canonicalization
qm9_cn_subset:87742,87742,10181,smiles,CC1NC11CC(C1)C#N,CC1NC12CC(C#N)C2,rdkit_canonicalization
qm9_cn_subset:87745,87745,10182,smiles,CN1CC11CC(C1)C#N,CN1CC12CC(C#N)C2,rdkit_canonicalization
qm9_cn_subset:87769,87769,10183,smiles,CC1CC11CC2(C)NC12,CC1CC12CC1(C)NC12,rdkit_canonicalization
qm9_cn_subset:87773,87773,10184,smiles,CC1NC11CC2(C)NC12,CC1NC12CC1(C)NC12,rdkit_canonicalization
qm9_cn_subset:87780,87780,10185,smiles,CN1CC11CC2(C)NC12,CN1CC12CC1(C)NC12,rdkit_canonicalization
qm9_cn_subset:87801,87801,10186,smiles,CC1CC11CC2C1N2C,CC1CC12CC1C2N1C,rdkit_canonicalization
qm9_cn_subset:87802,87802,10187,smiles,CC1CC11CN2C(C)C12,CC1C2N1CC21CC1C,rdkit_canonicalization
qm9_cn_subset:87806,87806,10188,smiles,CC1NC11CC2C1N2C,CC1NC12CC1C2N1C,rdkit_canonicalization
qm9_cn_subset:87807,87807,10189,smiles,CC1NC11CN2C(C)C12,CC1C2N1CC21NC1C,rdkit_canonicalization
qm9_cn_subset:87823,87823,10190,smiles,CC1CC11CC2NC12C,CC1CC12CC1NC12C,rdkit_canonicalization
qm9_cn_subset:87825,87825,10191,smiles,CC1CC11CN2CC12C,CC1CC12CN1CC12C,rdkit_canonicalization
qm9_cn_subset:87829,87829,10192,smiles,CC1NC11CC2NC12C,CC1NC12CC1NC12C,rdkit_canonicalization
qm9_cn_subset:87831,87831,10193,smiles,CC1NC11CN2CC12C,CC1NC12CN1CC12C,rdkit_canonicalization
qm9_cn_subset:87837,87837,10194,smiles,CN1CC11CC2CC12C,CN1CC12CC1CC12C,rdkit_canonicalization
qm9_cn_subset:87839,87839,10195,smiles,CN1CC11CC2NC12C,CN1CC12CC1NC12C,rdkit_canonicalization
qm9_cn_subset:87856,87856,10196,smiles,CC1CC11CC2CN2C1,CC1CC12CC1CN1C2,rdkit_canonicalization
qm9_cn_subset:87858,87858,10197,smiles,CC1NC11CC2CN2C1,CC1NC12CC1CN1C2,rdkit_canonicalization
qm9_cn_subset:87875,87875,10198,smiles,CC1NC11CN2CCC12,CC1NC12CN1CCC12,rdkit_canonicalization
qm9_cn_subset:87957,87957,10199,smiles,CC1NC11CCC(C)=C1,CC1=CC2(CC1)NC2C,rdkit_canonicalization
qm9_cn_subset:87996,87996,10200,smiles,CN1CC11CCC1(C)C,CN1CC12CCC2(C)C,rdkit_canonicalization
qm9_cn_subset:88005,88005,10201,smiles,CC1NC11CCC11CN1,CC1NC12CCC21CN1,rdkit_canonicalization
qm9_cn_subset:88012,88012,10202,smiles,CN1CC11CCC11CC1,CN1CC12CCC21CC1,rdkit_canonicalization
qm9_cn_subset:88013,88013,10203,smiles,CN1CC11CCC11CN1,CN1CC12CCC21CN1,rdkit_canonicalization
qm9_cn_subset:88024,88024,10204,smiles,CC1CC11CCC1C#N,CC1CC12CCC2C#N,rdkit_canonicalization
qm9_cn_subset:88025,88025,10205,smiles,CC1CC11CNC1C#N,CC1CC12CNC2C#N,rdkit_canonicalization
qm9_cn_subset:88028,88028,10206,smiles,CC1CC11NCC1C#N,CC1CC12NCC2C#N,rdkit_canonicalization
qm9_cn_subset:88031,88031,10207,smiles,CC1NC11CCC1C#C,C#CC1CCC12NC2C,rdkit_canonicalization
qm9_cn_subset:88032,88032,10208,smiles,CC1NC11CCC1C#N,CC1NC12CCC2C#N,rdkit_canonicalization
qm9_cn_subset:88033,88033,10209,smiles,CC1NC11CNC1C#N,CC1NC12CNC2C#N,rdkit_canonicalization
qm9_cn_subset:88042,88042,10210,smiles,CN1CC11CCC1C#N,CN1CC12CCC2C#N,rdkit_canonicalization
qm9_cn_subset:88043,88043,10211,smiles,CN1CC11CNC1C#N,CN1CC12CNC2C#N,rdkit_canonicalization
qm9_cn_subset:88072,88072,10212,smiles,CC1CC11CCN2CC12,CC1CC12CCN1CC12,rdkit_canonicalization
qm9_cn_subset:88077,88077,10213,smiles,CC1NC11CCC2NC12,CC1NC12CCC1NC12,rdkit_canonicalization
qm9_cn_subset:88079,88079,10214,smiles,CC1NC11CCN2CC12,CC1NC12CCN1CC12,rdkit_canonicalization
qm9_cn_subset:88086,88086,10215,smiles,CN1CC11CCC2NC12,CN1CC12CCC1NC12,rdkit_canonicalization
qm9_cn_subset:88102,88102,10216,smiles,CC1NC11CCC=C1C,CC1=CCCC12NC2C,rdkit_canonicalization
qm9_cn_subset:88184,88184,10217,smiles,CC1NC11CCCC=C1,CC1NC12C=CCCC2,rdkit_canonicalization
qm9_cn_subset:88243,88243,10224,smiles,CC1NC1C#CCC#C,C#CCC#CC1NC1C,rdkit_canonicalization
qm9_cn_subset:88247,88247,10226,smiles,CN1CC1C#CCC#C,C#CCC#CC1CN1C,rdkit_canonicalization
qm9_cn_subset:88348,88348,10228,smiles,CC1CC1C(C#C)C#N,C#CC(C#N)C1CC1C,rdkit_canonicalization
qm9_cn_subset:88350,88350,10230,smiles,CC1CN1C(C#C)C#C,C#CC(C#C)N1CC1C,rdkit_canonicalization
qm9_cn_subset:88351,88351,10231,smiles,CC1CN1C(C#C)C#N,C#CC(C#N)N1CC1C,rdkit_canonicalization
qm9_cn_subset:88353,88353,10233,smiles,CC1NC1C(C#C)C#C,C#CC(C#C)C1NC1C,rdkit_canonicalization
qm9_cn_subset:88354,88354,10234,smiles,CC1NC1C(C#C)C#N,C#CC(C#N)C1NC1C,rdkit_canonicalization
qm9_cn_subset:88357,88357,10235,smiles,CN1CC1C(C#C)C#C,C#CC(C#C)C1CN1C,rdkit_canonicalization
qm9_cn_subset:88358,88358,10236,smiles,CN1CC1C(C#C)C#N,C#CC(C#N)C1CN1C,rdkit_canonicalization
qm9_cn_subset:88359,88359,10237,smiles,[NH3+]C1CC1[C-](C#N)C#N,N#C[C-](C#N)C1CC1[NH3+],rdkit_canonicalization
qm9_cn_subset:88372,88372,10240,smiles,CC1CN1C(C)(C)C#C,C#CC(C)(C)N1CC1C,rdkit_canonicalization
qm9_cn_subset:88383,88383,10244,smiles,CN1CC1C(C)(C)C#C,C#CC(C)(C)C1CN1C,rdkit_canonicalization
qm9_cn_subset:88480,88480,10255,smiles,CC1CC1C1(CC1)C#N,CC1CC1C1(C#N)CC1,rdkit_canonicalization
qm9_cn_subset:88481,88481,10256,smiles,CC1CC1C1(CN1)C#C,C#CC1(C2CC2C)CN1,rdkit_canonicalization
qm9_cn_subset:88482,88482,10257,smiles,CC1CC1C1(CN1)C#N,CC1CC1C1(C#N)CN1,rdkit_canonicalization
qm9_cn_subset:88485,88485,10258,smiles,CC1CN1C1(CC1)C#C,C#CC1(N2CC2C)CC1,rdkit_canonicalization
qm9_cn_subset:88486,88486,10259,smiles,CC1CN1C1(CC1)C#N,CC1CN1C1(C#N)CC1,rdkit_canonicalization
qm9_cn_subset:88487,88487,10260,smiles,CC1NC1C1(CC1)C#N,CC1NC1C1(C#N)CC1,rdkit_canonicalization
qm9_cn_subset:88488,88488,10261,smiles,CC1NC1C1(CN1)C#C,C#CC1(C2NC2C)CN1,rdkit_canonicalization
qm9_cn_subset:88489,88489,10262,smiles,CC1NC1C1(CN1)C#N,CC1NC1C1(C#N)CN1,rdkit_canonicalization
qm9_cn_subset:88498,88498,10263,smiles,CN1CC1C1(CC1)C#C,C#CC1(C2CN2C)CC1,rdkit_canonicalization
qm9_cn_subset:88499,88499,10264,smiles,CN1CC1C1(CC1)C#N,CN1CC1C1(C#N)CC1,rdkit_canonicalization
qm9_cn_subset:88500,88500,10265,smiles,CN1CC1C1(CN1)C#C,C#CC1(C2CN2C)CN1,rdkit_canonicalization
qm9_cn_subset:88501,88501,10266,smiles,CN1CC1C1(CN1)C#N,CN1CC1C1(C#N)CN1,rdkit_canonicalization
qm9_cn_subset:88545,88545,10272,smiles,CC1CN1C12CC1CC2,CC1CN1C12CCC1C2,rdkit_canonicalization
qm9_cn_subset:88550,88550,10274,smiles,CC1NC1C12CN1CC2,CC1NC1C12CCN1C2,rdkit_canonicalization
qm9_cn_subset:88557,88557,10275,smiles,CN1CC1C12CC1CC2,CN1CC1C12CCC1C2,rdkit_canonicalization
qm9_cn_subset:88622,88622,10288,smiles,CC1CN1C1C2CCC12,CC1CN1C1C2CCC21,rdkit_canonicalization
qm9_cn_subset:88624,88624,10289,smiles,CC1NC1C1C2CCN12,CC1NC1C1C2CCN21,rdkit_canonicalization
qm9_cn_subset:88628,88628,10290,smiles,CN1CC1C1C2CCC12,CN1CC1C1C2CCC21,rdkit_canonicalization
qm9_cn_subset:88657,88657,10291,smiles,CC1CC(C1)C1CN1C,CC1CC(C2CN2C)C1,rdkit_canonicalization
qm9_cn_subset:88663,88663,10292,smiles,CC1CN1C1CC(C)C1,CC1CC(N2CC2C)C1,rdkit_canonicalization
qm9_cn_subset:88695,88695,10299,smiles,CC1CC1C1NC1C#C,C#CC1NC1C1CC1C,rdkit_canonicalization
qm9_cn_subset:88699,88699,10301,smiles,CC1CC1N1CC1C#C,C#CC1CN1C1CC1C,rdkit_canonicalization
qm9_cn_subset:88701,88701,10303,smiles,CC1CN1C1CC1C#C,C#CC1CC1N1CC1C,rdkit_canonicalization
qm9_cn_subset:88704,88704,10306,smiles,CC1NC1C1NC1C#C,C#CC1NC1C1NC1C,rdkit_canonicalization
qm9_cn_subset:88714,88714,10308,smiles,CN1CC1C1CC1C#C,C#CC1CC1C1CN1C,rdkit_canonicalization
qm9_cn_subset:88716,88716,10310,smiles,CN1CC1C1NC1C#C,C#CC1NC1C1CN1C,rdkit_canonicalization
qm9_cn_subset:88753,88753,10312,smiles,CC1CN1C1CC2CC12,CC1CN1C1CC2CC21,rdkit_canonicalization
qm9_cn_subset:88754,88754,10313,smiles,CC1CN1C1CC2NC12,CC1CN1C1CC2NC21,rdkit_canonicalization
qm9_cn_subset:88756,88756,10314,smiles,CC1NC1C1CC2CN12,CC1NC1C1CC2CN21,rdkit_canonicalization
qm9_cn_subset:88763,88763,10315,smiles,CN1CC1C1CC2CC12,CN1CC1C1CC2CC21,rdkit_canonicalization
qm9_cn_subset:88825,88825,10319,smiles,CC1CN1C1CCC1C,CC1CCC1N1CC1C,rdkit_canonicalization
qm9_cn_subset:88846,88846,10320,smiles,CC1CN1C1CCC=C1,CC1CN1C1C=CCC1,rdkit_canonicalization
qm9_cn_subset:88852,88852,10321,smiles,CN1CC1C1CCC=C1,CN1CC1C1C=CCC1,rdkit_canonicalization
qm9_cn_subset:88894,88894,10325,smiles,CC1CN1CC#CC#C,C#CC#CCN1CC1C,rdkit_canonicalization
qm9_cn_subset:88896,88896,10327,smiles,CC1NC1CC#CC#C,C#CC#CCC1NC1C,rdkit_canonicalization
qm9_cn_subset:88900,88900,10329,smiles,CN1CC1CC#CC#C,C#CC#CCC1CN1C,rdkit_canonicalization
qm9_cn_subset:89083,89083,10351,smiles,CC1CN1CCCC#C,C#CCCCN1CC1C,rdkit_canonicalization
qm9_cn_subset:89093,89093,10354,smiles,CN1CC1CCCC#C,C#CCCCC1CN1C,rdkit_canonicalization
qm9_cn_subset:89133,89133,10357,smiles,CC1CC2(C)C(C#C)N12,C#CC1N2C(C)CC12C,rdkit_canonicalization
qm9_cn_subset:89227,89227,10362,smiles,CN1CC2(C)C3C1CN23,CN1CC2(C)C3C1CN32,rdkit_canonicalization
qm9_cn_subset:89318,89318,10365,smiles,CC12CC(N)C1(N2)C#N,CC12CC(N)C1(C#N)N2,rdkit_canonicalization
qm9_cn_subset:89328,89328,10367,smiles,CC1CC2(C)NC12C#C,C#CC12NC1(C)CC2C,rdkit_canonicalization
qm9_cn_subset:89424,89424,10372,smiles,CC1CC2(C)NC2C=C1,CC1C=CC2NC2(C)C1,rdkit_canonicalization
qm9_cn_subset:89435,89435,10374,smiles,CC1CC2(C)CN3C1C23,CC1CC2(C)CN3C1C32,rdkit_canonicalization
qm9_cn_subset:89592,89592,10375,smiles,CC1CC2(CC#C)NC12,C#CCC12CC(C)C1N2,rdkit_canonicalization
qm9_cn_subset:89631,89631,10380,smiles,CC1CC2(CC12)N1CC1,CC1CC2(N3CC3)CC12,rdkit_canonicalization
qm9_cn_subset:89632,89632,10381,smiles,CC1CC2(CN12)C1CN1,CC1CC2(C3CN3)CN12,rdkit_canonicalization
qm9_cn_subset:89634,89634,10382,smiles,CC1CC2(NC12)C1CN1,CC1CC2(C3CN3)NC12,rdkit_canonicalization
qm9_cn_subset:89658,89658,10383,smiles,CC1CC2(CC12C)C#N,CC1CC2(C#N)CC12C,rdkit_canonicalization
qm9_cn_subset:89661,89661,10384,smiles,CC1CC2(NC12C)C#C,C#CC12CC(C)C1(C)N2,rdkit_canonicalization
qm9_cn_subset:89662,89662,10385,smiles,CC1CC2(NC12C)C#N,CC1CC2(C#N)NC12C,rdkit_canonicalization
qm9_cn_subset:89665,89665,10386,smiles,CC1NC2(CC12C)C#N,CC1NC2(C#N)CC12C,rdkit_canonicalization
qm9_cn_subset:89666,89666,10387,smiles,CC1NC2(CC12N)C#N,CC1NC2(C#N)CC12N,rdkit_canonicalization
qm9_cn_subset:89674,89674,10388,smiles,CN1CC2(CC12C)C#N,CN1CC2(C#N)CC12C,rdkit_canonicalization
qm9_cn_subset:89690,89690,10389,smiles,CC1CC2(CC1C2)C#N,CC1CC2(C#N)CC1C2,rdkit_canonicalization
qm9_cn_subset:89691,89691,10390,smiles,CC1CC2(CC1N2)C#N,CC1CC2(C#N)CC1N2,rdkit_canonicalization
qm9_cn_subset:89694,89694,10391,smiles,CC1CC2(CN1C2)C#N,CC1CC2(C#N)CN1C2,rdkit_canonicalization
qm9_cn_subset:89695,89695,10392,smiles,CC1NC2(CC1C2)C#N,CC1NC2(C#N)CC1C2,rdkit_canonicalization
qm9_cn_subset:89698,89698,10393,smiles,CN1CC2(CC1C2)C#N,CN1CC2(C#N)CC1C2,rdkit_canonicalization
qm9_cn_subset:89724,89724,10395,smiles,CC1CC2(CN2)C(C)=C1,CC1=CC(C)CC12CN2,rdkit_canonicalization
qm9_cn_subset:89743,89743,10396,smiles,CC1CC2(CN2)C11CN1,CC1CC2(CN2)C12CN2,rdkit_canonicalization
qm9_cn_subset:89751,89751,10397,smiles,CN1CC2(CN2)C11CC1,CN1CC2(CN2)C12CC2,rdkit_canonicalization
qm9_cn_subset:89764,89764,10399,smiles,CC1CC2(CN2)C1C#C,C#CC1C(C)CC12CN2,rdkit_canonicalization
qm9_cn_subset:89772,89772,10403,smiles,CN1CC2(CN2)C1C#C,C#CC1N(C)CC12CN2,rdkit_canonicalization
qm9_cn_subset:89819,89819,10408,smiles,CC1CC2(CN2)C=C1C,CC1=CC2(CN2)CC1C,rdkit_canonicalization
qm9_cn_subset:89857,89857,10409,smiles,CC1CC2(C1)NC2C#C,C#CC1NC12CC(C)C2,rdkit_canonicalization
qm9_cn_subset:89863,89863,10411,smiles,CC1CC2(CC2C#N)C1,CC1CC2(C1)CC2C#N,rdkit_canonicalization
qm9_cn_subset:89865,89865,10412,smiles,CN1CC2(C1)NC2C#C,C#CC1NC12CN(C)C2,rdkit_canonicalization
qm9_cn_subset:89888,89888,10415,smiles,CC1CC2(C1)CN1CC21,CC1CC2(C1)CN1CC12,rdkit_canonicalization
qm9_cn_subset:89892,89892,10416,smiles,CC1CC2(CC3NC23)C1,CC1CC2(C1)CC1NC12,rdkit_canonicalization
qm9_cn_subset:89923,89923,10417,smiles,CC1CC2(CCC12)C#N,CC1CC2(C#N)CCC12,rdkit_canonicalization
qm9_cn_subset:89924,89924,10418,smiles,CC1CC2(CCN12)C#N,CC1CC2(C#N)CCN12,rdkit_canonicalization
qm9_cn_subset:89927,89927,10419,smiles,CC1CC2(NCC12)C#N,CC1CC2(C#N)NCC12,rdkit_canonicalization
qm9_cn_subset:89930,89930,10420,smiles,CC1NC2(CCC12)C#N,CC1NC2(C#N)CCC12,rdkit_canonicalization
qm9_cn_subset:89931,89931,10421,smiles,CC1NC2(CNC12)C#N,CC1NC2(C#N)CNC12,rdkit_canonicalization
qm9_cn_subset:89940,89940,10422,smiles,CN1CC2(CCC12)C#N,CN1CC2(C#N)CCC12,rdkit_canonicalization
qm9_cn_subset:89941,89941,10423,smiles,CN1CC2(NCC12)C#N,CN1CC2(C#N)NCC12,rdkit_canonicalization
qm9_cn_subset:90087,90087,10426,smiles,CC1C2CC11CN(C)C21,CC1C2CC13CN(C)C23,rdkit_canonicalization
qm9_cn_subset:90112,90112,10431,smiles,CN1CC23NC(C=C2)C13,CN1CC23C=CC(N2)C13,rdkit_canonicalization
qm9_cn_subset:90140,90140,10433,smiles,CC1CC23NC12CC=C3,CC1CC23C=CCC12N3,rdkit_canonicalization
qm9_cn_subset:90182,90182,10436,smiles,CC1CC23CC4C2C1N34,CC1CC23CC4C2C1N43,rdkit_canonicalization
qm9_cn_subset:90183,90183,10437,smiles,CC1CC23CC4C2N1C34,CC1CC23CC4C2N1C43,rdkit_canonicalization
qm9_cn_subset:90184,90184,10438,smiles,CC1CC23CN4C2C1C34,CC1CC23CN4C2C1C43,rdkit_canonicalization
qm9_cn_subset:90185,90185,10439,smiles,CC1CC23NC4C2N1C34,CC1CC23NC4C2N1C43,rdkit_canonicalization
qm9_cn_subset:90190,90190,10440,smiles,CN1CC23CN4C2C1C34,CN1CC23CN4C2C1C43,rdkit_canonicalization
qm9_cn_subset:90198,90198,10441,smiles,CC1CC23CC4N2CC134,CC1CC23CC4N2CC143,rdkit_canonicalization
qm9_cn_subset:90199,90199,10442,smiles,CC1CC23CN4C2CC134,CC1CC23CN4C2CC143,rdkit_canonicalization
qm9_cn_subset:90200,90200,10443,smiles,CC1CC23NC4C2NC134,CC1CC23NC4C2NC143,rdkit_canonicalization
qm9_cn_subset:90210,90210,10444,smiles,CN1CC23CC4C2CC134,CN1CC23CC4C2CC413,rdkit_canonicalization
qm9_cn_subset:90211,90211,10445,smiles,CN1CC23CC4N2CC134,CN1CC23CC4N2CC413,rdkit_canonicalization
qm9_cn_subset:90300,90300,10447,smiles,CC1CC2=CC3NC3C12,CC1CC2=CC3NC3C21,rdkit_canonicalization
qm9_cn_subset:90303,90303,10448,smiles,CN1CC2=CC3NC3C12,CN1CC2=CC3NC3C21,rdkit_canonicalization
qm9_cn_subset:90312,90312,10449,smiles,CC1CC2=NCC(=N)N12,CC1CC2=NCC(=N)N21,rdkit_canonicalization
qm9_cn_subset:90386,90386,10451,smiles,CC1CN2C(C#C)C12C,C#CC1N2CC(C)C12C,rdkit_canonicalization
qm9_cn_subset:90395,90395,10454,smiles,CN1CC2C(C#N)C12C,CN1CC2C(C#N)C21C,rdkit_canonicalization
qm9_cn_subset:90459,90459,10455,smiles,CC1CC2C(C#C)N2C1,C#CC1C2CC(C)CN12,rdkit_canonicalization
qm9_cn_subset:90462,90462,10457,smiles,CC1CC2C(C1)C2C#N,CC1CC2C(C#N)C2C1,rdkit_canonicalization
qm9_cn_subset:90484,90484,10460,smiles,CC1CN2C(C3CN3)C12,CC1CN2C1C2C1CN1,rdkit_canonicalization
qm9_cn_subset:90509,90509,10463,smiles,CC1CC2C1N2CC#C,C#CCN1C2CC(C)C21,rdkit_canonicalization
qm9_cn_subset:90521,90521,10466,smiles,CC1CC2C(CC12)C#N,CC1CC2C(C#N)CC12,rdkit_canonicalization
qm9_cn_subset:90522,90522,10467,smiles,CC1CC2C(CN12)C#N,CC1CC2C(C#N)CN12,rdkit_canonicalization
qm9_cn_subset:90523,90523,10468,smiles,CC1CC2C(NC12)C#N,CC1CC2C(C#N)NC12,rdkit_canonicalization
qm9_cn_subset:90526,90526,10469,smiles,CC1CN2C(CC12)C#N,CC1CN2C(C#N)CC12,rdkit_canonicalization
qm9_cn_subset:90527,90527,10470,smiles,CC1NC2C(NC12)C#N,CC1NC2C(C#N)NC12,rdkit_canonicalization
qm9_cn_subset:90579,90579,10471,smiles,CC1CN2C1=NCC2=N,CC1CN2C(=N)CN=C12,rdkit_canonicalization
qm9_cn_subset:90634,90634,10474,smiles,CC1CC2N1C2(C)C#C,C#CC1(C)C2CC(C)N21,rdkit_canonicalization
qm9_cn_subset:90636,90636,10476,smiles,CC1CN2C1C2(C)C#C,C#CC1(C)C2C(C)CN21,rdkit_canonicalization
qm9_cn_subset:90803,90803,10482,smiles,CC1CC2C3C2N2C3C12,CC1CC2C3C2N2C1C32,rdkit_canonicalization
qm9_cn_subset:90806,90806,10485,smiles,CC1CN2C3C4C(C14)C23,CC1CN2C3C4C1C4C32,rdkit_canonicalization
qm9_cn_subset:90809,90809,10486,smiles,CN1CC2C3C4C(C14)N23,CN1CC2C3C4C1C4N23,rdkit_canonicalization
qm9_cn_subset:90814,90814,10487,smiles,CC1CC2C3C4C(C13)N24,CC1CC2C3C1C1C3N21,rdkit_canonicalization
qm9_cn_subset:90815,90815,10488,smiles,CC1CC2C3C4C1C2N34,CC1CC2C3C1C1C2N31,rdkit_canonicalization
qm9_cn_subset:90816,90816,10489,smiles,CC1CC2C3C4C2C1N34,CC1CC2C3C1N1C2C31,rdkit_canonicalization
qm9_cn_subset:90818,90818,10490,smiles,CC1CC2C3C4C3N2C14,CC1CC2C3C4C1N2C34,rdkit_canonicalization
qm9_cn_subset:90822,90822,10491,smiles,CN1CC2C3C4C(C13)N24,CN1CC2C3C1C1C3N21,rdkit_canonicalization
qm9_cn_subset:90823,90823,10492,smiles,CN1CC2C3C4C1C2N34,CN1CC2C3C1C1C2N31,rdkit_canonicalization
qm9_cn_subset:90834,90834,10495,smiles,CC1CN2C3C4CC13C24,CC1CN2C3C4CC13C42,rdkit_canonicalization
qm9_cn_subset:90835,90835,10496,smiles,CC1CN2C3C4NC13C24,CC1CN2C3C4NC13C42,rdkit_canonicalization
qm9_cn_subset:90840,90840,10497,smiles,CN1CC2C3N4CC13C24,CN1CC2C3N4CC31C24,rdkit_canonicalization
qm9_cn_subset:90859,90859,10498,smiles,CC1CC2C3N2CC3=C1,CC1C=C2CN3C(C1)C23,rdkit_canonicalization
qm9_cn_subset:90894,90894,10500,smiles,CC1CN2C3CC1(C)C23,CC1CN2C3CC1(C)C32,rdkit_canonicalization
qm9_cn_subset:90899,90899,10501,smiles,CN1CC2C3N2CC13C,CN1CC2C3N2CC31C,rdkit_canonicalization
qm9_cn_subset:90905,90905,10502,smiles,CC1CN2C3CC12C=C3,CC1CN2C3C=CC12C3,rdkit_canonicalization
qm9_cn_subset:91054,91054,10506,smiles,CC1CC2C3CN3C2=N1,CC1CC2C(=N1)N1CC21,rdkit_canonicalization
qm9_cn_subset:91055,91055,10507,smiles,CC1CC2C3NC3C2=C1,CC1C=C2C(C1)C1NC21,rdkit_canonicalization
qm9_cn_subset:91078,91078,10508,smiles,CC1CC2C3NC3C=C12,CC1CC2C1=CC1NC12,rdkit_canonicalization
qm9_cn_subset:91304,91304,10515,smiles,CN1CC2CC(C#N)C12,CN1CC2CC(C#N)C21,rdkit_canonicalization
qm9_cn_subset:91305,91305,10516,smiles,CN1CC2NC(C#N)C12,CN1CC2NC(C#N)C21,rdkit_canonicalization
qm9_cn_subset:91465,91465,10517,smiles,CC1CC2CC1(C2)C#N,CC1CC2CC1(C#N)C2,rdkit_canonicalization
qm9_cn_subset:91466,91466,10518,smiles,CC1CC2CC1(N2)C#N,CC1CC2CC1(C#N)N2,rdkit_canonicalization
qm9_cn_subset:91469,91469,10519,smiles,CC1CN2CC1(C2)C#N,CC1CN2CC1(C#N)C2,rdkit_canonicalization
qm9_cn_subset:91472,91472,10520,smiles,CN1CC2CC1(C2)C#N,CN1CC2CC1(C#N)C2,rdkit_canonicalization
qm9_cn_subset:91473,91473,10521,smiles,NC1CC2CC1(N2)C#N,N#CC12CC(CC1N)N2,rdkit_canonicalization
qm9_cn_subset:91475,91475,10522,smiles,NC1CN2CC1(C2)C#N,N#CC12CN(CC1N)C2,rdkit_canonicalization
qm9_cn_subset:91561,91561,10527,smiles,CC1CC2NC12CC#C,C#CCC12NC1CC2C,rdkit_canonicalization
qm9_cn_subset:91568,91568,10530,smiles,CN1CC2CC12CC#N,CN1CC2CC21CC#N,rdkit_canonicalization
qm9_cn_subset:91822,91822,10536,smiles,CC1CC2NC2(C)C=C1,CC1C=CC2(C)NC2C1,rdkit_canonicalization
qm9_cn_subset:91830,91830,10537,smiles,CC1CC2CC2(C1)C#N,CC1CC2CC2(C#N)C1,rdkit_canonicalization
qm9_cn_subset:91831,91831,10538,smiles,CC1CC2CC2(N1)C#N,CC1CC2CC2(C#N)N1,rdkit_canonicalization
qm9_cn_subset:91834,91834,10539,smiles,CC1CC2NC2(C1)C#C,C#CC12CC(C)CC1N2,rdkit_canonicalization
qm9_cn_subset:91835,91835,10540,smiles,CC1CC2NC2(C1)C#N,CC1CC2NC2(C#N)C1,rdkit_canonicalization
qm9_cn_subset:91838,91838,10541,smiles,CC1CN2CC2(C1)C#C,C#CC12CC(C)CN1C2,rdkit_canonicalization
qm9_cn_subset:91839,91839,10542,smiles,CC1CN2CC2(C1)C#N,CC1CN2CC2(C#N)C1,rdkit_canonicalization
qm9_cn_subset:91842,91842,10543,smiles,CN1CC2CC2(C1)C#N,CN1CC2CC2(C#N)C1,rdkit_canonicalization
qm9_cn_subset:91843,91843,10544,smiles,CN1CC2NC2(C1)C#N,CN1CC2NC2(C#N)C1,rdkit_canonicalization
qm9_cn_subset:91903,91903,10545,smiles,CC1CC2NC2C(C)=C1,CC1=CC(C)CC2NC12,rdkit_canonicalization
qm9_cn_subset:91947,91947,10547,smiles,CC1CC2NC2C11CN1,CC1CC2NC2C12CN2,rdkit_canonicalization
qm9_cn_subset:91952,91952,10548,smiles,CC1CN2CC2C11CC1,CC1CN2CC2C12CC2,rdkit_canonicalization
qm9_cn_subset:91953,91953,10549,smiles,CC1CN2CC2C11CN1,CC1CN2CC2C12CN2,rdkit_canonicalization
qm9_cn_subset:91973,91973,10551,smiles,CC1CC2CN2C1C#C,C#CC1C(C)CC2CN21,rdkit_canonicalization
qm9_cn_subset:91975,91975,10553,smiles,CC1CC2NC2C1C#C,C#CC1C(C)CC2NC21,rdkit_canonicalization
qm9_cn_subset:91983,91983,10557,smiles,CN1CC2NC2C1C#C,C#CC1C2NC2CN1C,rdkit_canonicalization
qm9_cn_subset:91987,91987,10559,smiles,NC1CC2CN2C1C#N,N#CC1C(N)CC2CN21,rdkit_canonicalization
qm9_cn_subset:91988,91988,10560,smiles,NC1CN2CC2C1C#N,N#CC1C(N)CN2CC12,rdkit_canonicalization
qm9_cn_subset:92046,92046,10564,smiles,CC1CC2NC2C=C1C,CC1=CC2NC2CC1C,rdkit_canonicalization
qm9_cn_subset:92386,92386,10572,smiles,CC1NC2CNC12C#C,C#CC12NCC1NC2C,rdkit_canonicalization
qm9_cn_subset:92396,92396,10574,smiles,CN1CC2CCC12C#N,CN1CC2CCC21C#N,rdkit_canonicalization
qm9_cn_subset:92397,92397,10575,smiles,CN1CC2NCC12C#N,CN1CC2NCC21C#N,rdkit_canonicalization
qm9_cn_subset:92400,92400,10576,smiles,NC1CC2CNC12C#N,N#CC12NCC1CC2N,rdkit_canonicalization
qm9_cn_subset:92402,92402,10577,smiles,NC1CN2CCC12C#N,N#CC12CCN1CC2N,rdkit_canonicalization
qm9_cn_subset:92681,92681,10580,smiles,CC1N(C)CC=C1C#N,CC1C(C#N)=CCN1C,rdkit_canonicalization
qm9_cn_subset:92709,92709,10581,smiles,CC1CC=C(C)C11CN1,CC1=CCC(C)C12CN2,rdkit_canonicalization
qm9_cn_subset:92715,92715,10582,smiles,CC1CC=C(C)C1C#N,CC1=CCC(C)C1C#N,rdkit_canonicalization
qm9_cn_subset:92716,92716,10583,smiles,CN1CC=C(C)C1C#N,CC1=CCN(C)C1C#N,rdkit_canonicalization
qm9_cn_subset:92727,92727,10584,smiles,CC1CC=C(C)C2NC12,CC1=CCC(C)C2NC12,rdkit_canonicalization
qm9_cn_subset:92764,92764,10585,smiles,CC1CC=C(C1)C1CN1,CC1CC=C(C2CN2)C1,rdkit_canonicalization
qm9_cn_subset:92802,92802,10587,smiles,CC1CC=C2C3NC3C12,CC1CC=C2C3NC3C21,rdkit_canonicalization
qm9_cn_subset:92813,92813,10589,smiles,CC1CC=C2CN3C1C23,CC1CC=C2CN3C2C13,rdkit_canonicalization
qm9_cn_subset:92820,92820,10590,smiles,CC1CN=C2CN=CN12,CC1CN=C2CN=CN21,rdkit_canonicalization
qm9_cn_subset:92821,92821,10591,smiles,CC1CN=C2NC=NC12,CC1CN=C2NC=NC21,rdkit_canonicalization
qm9_cn_subset:92919,92919,10592,smiles,CC1CC=CC(C1)C#N,CC1CC=CC(C#N)C1,rdkit_canonicalization
qm9_cn_subset:92920,92920,10593,smiles,CC1CC=CC(N1)C#N,CC1CC=CC(C#N)N1,rdkit_canonicalization
qm9_cn_subset:92923,92923,10594,smiles,CN1CC=CC(C1)C#N,CN1CC=CC(C#N)C1,rdkit_canonicalization
qm9_cn_subset:92940,92940,10597,smiles,CC1NC=NC1(C)C#C,C#CC1(C)N=CNC1C,rdkit_canonicalization
qm9_cn_subset:92946,92946,10600,smiles,NC1CC=CC1(N)C#N,N#CC1(N)C=CCC1N,rdkit_canonicalization
qm9_cn_subset:93576,93576,10611,smiles,CC1CCC(=C1)C1CN1,CC1C=C(C2CN2)CC1,rdkit_canonicalization
qm9_cn_subset:93592,93592,10612,smiles,CC1CCC(=CC1)C#N,CC1CC=C(C#N)CC1,rdkit_canonicalization
qm9_cn_subset:93593,93593,10613,smiles,CC1CNC(=NC1)C#N,CC1CN=C(C#N)NC1,rdkit_canonicalization
qm9_cn_subset:93604,93604,10614,smiles,CC1CCC(C#N)=C1C,CC1=C(C#N)CCC1C,rdkit_canonicalization
qm9_cn_subset:93711,93711,10619,smiles,CC1CCC(C)(C1)C#N,CC1CCC(C)(C#N)C1,rdkit_canonicalization
qm9_cn_subset:93712,93712,10620,smiles,CC1CCC(C)(N1)C#N,CC1CCC(C)(C#N)N1,rdkit_canonicalization
qm9_cn_subset:93715,93715,10621,smiles,CC1CCC(N)(C1)C#N,CC1CCC(N)(C#N)C1,rdkit_canonicalization
qm9_cn_subset:93718,93718,10622,smiles,CC1CNC(C)(C1)C#N,CC1CNC(C)(C#N)C1,rdkit_canonicalization
qm9_cn_subset:93725,93725,10623,smiles,CN1CCC(N)(C1)C#N,CN1CCC(N)(C#N)C1,rdkit_canonicalization
qm9_cn_subset:93747,93747,10624,smiles,CC1CCC(C)=C1C#N,CC1=C(C#N)C(C)CC1,rdkit_canonicalization
qm9_cn_subset:94019,94019,10628,smiles,CC1CCC(C=C1)C#N,CC1C=CC(C#N)CC1,rdkit_canonicalization
qm9_cn_subset:94020,94020,10629,smiles,CC1CNC(C=C1)C#N,CC1C=CC(C#N)NC1,rdkit_canonicalization
qm9_cn_subset:94031,94031,10630,smiles,CC1CCC(CC#N)=C1,CC1C=C(CC#N)CC1,rdkit_canonicalization
qm9_cn_subset:94057,94057,10633,smiles,CC1CCC(CC1)C#N,CC1CCC(C#N)CC1,rdkit_canonicalization
qm9_cn_subset:94060,94060,10634,smiles,CC1CCC(NC1)C#N,CC1CCC(C#N)NC1,rdkit_canonicalization
qm9_cn_subset:94063,94063,10635,smiles,CC1CNC(CN1)C#N,CC1CNC(C#N)CN1,rdkit_canonicalization
qm9_cn_subset:94126,94126,10636,smiles,CC1CCC1(C#C)C#N,C#CC1(C#N)CCC1C,rdkit_canonicalization
qm9_cn_subset:94128,94128,10638,smiles,CC1CNC1(C#C)C#N,C#CC1(C#N)NCC1C,rdkit_canonicalization
qm9_cn_subset:94133,94133,10640,smiles,CC1NCC1(C#C)C#N,C#CC1(C#N)CNC1C,rdkit_canonicalization
qm9_cn_subset:94138,94138,10642,smiles,CN1CCC1(C#C)C#C,C#CC1(C#C)CCN1C,rdkit_canonicalization
qm9_cn_subset:94139,94139,10643,smiles,CN1CCC1(C#C)C#N,C#CC1(C#N)CCN1C,rdkit_canonicalization
qm9_cn_subset:94141,94141,10645,smiles,NC1CCC1(C#N)C#N,N#CC1(C#N)CCC1N,rdkit_canonicalization
qm9_cn_subset:94142,94142,10646,smiles,NC1CNC1(C#C)C#N,C#CC1(C#N)NCC1N,rdkit_canonicalization
qm9_cn_subset:94143,94143,10647,smiles,NC1CNC1(C#N)C#N,N#CC1(C#N)NCC1N,rdkit_canonicalization
qm9_cn_subset:94326,94326,10650,smiles,CC1CCC11CC1C#N,CC1CCC12CC2C#N,rdkit_canonicalization
qm9_cn_subset:94327,94327,10651,smiles,CC1CCC11NC1C#C,C#CC1NC12CCC2C,rdkit_canonicalization
qm9_cn_subset:94328,94328,10652,smiles,CC1CCC11NC1C#N,CC1CCC12NC2C#N,rdkit_canonicalization
qm9_cn_subset:94339,94339,10653,smiles,CN1CCC11CC1C#N,CN1CCC12CC2C#N,rdkit_canonicalization
qm9_cn_subset:94364,94364,10654,smiles,CC1CCC11CC2NC12,CC1CCC12CC1NC12,rdkit_canonicalization
qm9_cn_subset:94366,94366,10655,smiles,CC1CCC11CN2CC12,CC1CCC12CN1CC12,rdkit_canonicalization
qm9_cn_subset:94494,94494,10657,smiles,CN1CCC1C#CC#C,C#CC#CC1CCN1C,rdkit_canonicalization
qm9_cn_subset:94742,94742,10664,smiles,CC1CCC2(CC12)C#N,CC1CCC2(C#N)CC12,rdkit_canonicalization
qm9_cn_subset:94743,94743,10665,smiles,CC1CCC2(CN12)C#C,C#CC12CCC(C)N1C2,rdkit_canonicalization
qm9_cn_subset:94744,94744,10666,smiles,CC1CCC2(CN12)C#N,CC1CCC2(C#N)CN12,rdkit_canonicalization
qm9_cn_subset:94745,94745,10667,smiles,CC1CCC2(NC12)C#C,C#CC12CCC(C)C1N2,rdkit_canonicalization
qm9_cn_subset:94746,94746,10668,smiles,CC1CCC2(NC12)C#N,CC1CCC2(C#N)NC12,rdkit_canonicalization
qm9_cn_subset:94749,94749,10669,smiles,CC1CNC2(CC12)C#N,CC1CNC2(C#N)CC12,rdkit_canonicalization
qm9_cn_subset:94752,94752,10670,smiles,CC1NCC2(NC12)C#N,CC1NCC2(C#N)NC12,rdkit_canonicalization
qm9_cn_subset:94760,94760,10671,smiles,CN1CCC2(CC12)C#N,CN1CCC2(C#N)CC12,rdkit_canonicalization
qm9_cn_subset:94820,94820,10672,smiles,CC1CCC2(CN2)C=C1,CC1C=CC2(CC1)CN2,rdkit_canonicalization
qm9_cn_subset:94906,94906,10674,smiles,CC1CCC2C(C#C)N12,C#CC1C2CCC(C)N12,rdkit_canonicalization
qm9_cn_subset:94909,94909,10677,smiles,CC1CCN2C(C#C)C12,C#CC1C2C(C)CCN12,rdkit_canonicalization
qm9_cn_subset:94915,94915,10679,smiles,CN1CCC2C(C#N)C12,CN1CCC2C(C#N)C21,rdkit_canonicalization
qm9_cn_subset:95008,95008,10680,smiles,CN1CCN2C3CC2C13,CN1CCN2C3CC2C31,rdkit_canonicalization
qm9_cn_subset:95090,95090,10682,smiles,CC1CCC2NC12C#C,C#CC12NC1CCC2C,rdkit_canonicalization
qm9_cn_subset:95094,95094,10684,smiles,CC1CCN2CC12C#C,C#CC12CN1CCC2C,rdkit_canonicalization
qm9_cn_subset:95106,95106,10687,smiles,CN1CCC2CC12C#N,CN1CCC2CC21C#N,rdkit_canonicalization
qm9_cn_subset:95107,95107,10688,smiles,NC1CCC2NC12C#N,N#CC12NC1CCC2N,rdkit_canonicalization
qm9_cn_subset:95109,95109,10689,smiles,NC1CCN2CC12C#N,N#CC12CN1CCC2N,rdkit_canonicalization
qm9_cn_subset:95226,95226,10690,smiles,CC1CCC2NC2C=C1,CC1C=CC2NC2CC1,rdkit_canonicalization
qm9_cn_subset:95418,95418,10691,smiles,CC1CCC=C(C1)C#N,CC1CCC=C(C#N)C1,rdkit_canonicalization
qm9_cn_subset:95419,95419,10692,smiles,CC1CCN=C(N1)C#N,CC1CCN=C(C#N)N1,rdkit_canonicalization
qm9_cn_subset:95422,95422,10693,smiles,CN1CCC=C(C1)C#N,CN1CCC=C(C#N)C1,rdkit_canonicalization
qm9_cn_subset:95516,95516,10696,smiles,CC1CCC=CC11CN1,CC1CCC=CC12CN2,rdkit_canonicalization
qm9_cn_subset:95735,95735,10700,smiles,CC1CCCC(=C1)C#N,CC1C=C(C#N)CCC1,rdkit_canonicalization
qm9_cn_subset:95736,95736,10701,smiles,CC1CCNC(=N1)C#N,CC1CCNC(C#N)=N1,rdkit_canonicalization
qm9_cn_subset:95843,95843,10702,smiles,CC1CCCC(C1)C#N,CC1CCCC(C#N)C1,rdkit_canonicalization
qm9_cn_subset:95844,95844,10703,smiles,CC1CCCC(N1)C#N,CC1CCCC(C#N)N1,rdkit_canonicalization
qm9_cn_subset:95847,95847,10704,smiles,CC1CCNC(C1)C#N,CC1CCNC(C#N)C1,rdkit_canonicalization
qm9_cn_subset:95852,95852,10705,smiles,CC1CNCC(N1)C#N,CC1CNCC(C#N)N1,rdkit_canonicalization
qm9_cn_subset:95861,95861,10706,smiles,CN1CCCC(C1)C#N,CN1CCCC(C#N)C1,rdkit_canonicalization
qm9_cn_subset:95862,95862,10707,smiles,CN1CCNC(C1)C#N,CN1CCNC(C#N)C1,rdkit_canonicalization
qm9_cn_subset:95902,95902,10708,smiles,CC1(NCCC1N)C#N,CC1(C#N)NCCC1N,rdkit_canonicalization
qm9_cn_subset:95929,95929,10713,smiles,NC1CCCC1(N)C#N,N#CC1(N)CCCC1N,rdkit_canonicalization
qm9_cn_subset:96410,96410,10723,smiles,NC1CCCNC1C#N,N#CC1NCCCC1N,rdkit_canonicalization
qm9_cn_subset:96631,96631,10727,smiles,C[NH+]=C(N)[C-](C#C)C#N,C#C[C-](C#N)C(N)=[NH+]C,rdkit_canonicalization
qm9_cn_subset:96705,96705,10732,smiles,CN=C(NC(C)C)C#N,CN=C(C#N)NC(C)C,rdkit_canonicalization
qm9_cn_subset:96710,96710,10733,smiles,CN=C(NC1CC1)C#N,CN=C(C#N)NC1CC1,rdkit_canonicalization
qm9_cn_subset:96743,96743,10734,smiles,CN=C(NCC#C)C#N,C#CCNC(C#N)=NC,rdkit_canonicalization
qm9_cn_subset:96744,96744,10735,smiles,CN=C(NCC#N)C#N,CN=C(C#N)NCC#N,rdkit_canonicalization
qm9_cn_subset:96770,96770,10737,smiles,CN=C1C2C3N=CN1C23,CN=C1C2C3N=CN1C32,rdkit_canonicalization
qm9_cn_subset:96775,96775,10738,smiles,CN=C1N2CC2C11CN1,CN=C1N2CC2C12CN2,rdkit_canonicalization
qm9_cn_subset:96903,96903,10743,smiles,CN=C1CC2(CN12)C#C,C#CC12CC(=NC)N1C2,rdkit_canonicalization
qm9_cn_subset:96904,96904,10744,smiles,CN=C1CC2(CN12)C#N,CN=C1CC2(C#N)CN12,rdkit_canonicalization
qm9_cn_subset:96919,96919,10745,smiles,CN=C1CC2C(C#C)N12,C#CC1C2CC(=NC)N12,rdkit_canonicalization
qm9_cn_subset:97012,97012,10750,smiles,CN=C1CN=C(N1)C#C,C#CC1=NCC(=NC)N1,rdkit_canonicalization
qm9_cn_subset:97013,97013,10751,smiles,CN=C1CN=C(N1)C#N,CN=C1CN=C(C#N)N1,rdkit_canonicalization
qm9_cn_subset:97023,97023,10754,smiles,CN=C1NC=NC11CC1,CN=C1NC=NC12CC2,rdkit_canonicalization
qm9_cn_subset:97024,97024,10755,smiles,C[NH+]=C1NC=C[C-]1C#N,C[NH+]=c1[nH]cc[c-]1C#N,rdkit_canonicalization
qm9_cn_subset:97025,97025,10756,smiles,CN=C1NC=NC1C#C,C#CC1N=CNC1=NC,rdkit_canonicalization
qm9_cn_subset:97261,97261,10759,smiles,NC=N[C-](C#N)C(N)=[NH2+],N#C[C-](N=CN)C(N)=[NH2+],rdkit_canonicalization
qm9_cn_subset:97262,97262,10760,smiles,CC(N=CN)(C#C)C#C,C#CC(C)(C#C)N=CN,rdkit_canonicalization
qm9_cn_subset:97263,97263,10761,smiles,CC(N=CN)(C#C)C#N,C#CC(C)(C#N)N=CN,rdkit_canonicalization
qm9_cn_subset:97264,97264,10762,smiles,CC(N=CN)(C#N)C#N,CC(C#N)(C#N)N=CN,rdkit_canonicalization
qm9_cn_subset:97286,97286,10765,smiles,CN=CN(CC#C)C=N,C#CCN(C=N)C=NC,rdkit_canonicalization
qm9_cn_subset:97288,97288,10766,smiles,CN=CN(CC#N)C=N,CN=CN(C=N)CC#N,rdkit_canonicalization
qm9_cn_subset:97297,97297,10768,smiles,CN=CN1C=NC2CC12,CN=CN1C=NC2CC21,rdkit_canonicalization
qm9_cn_subset:97353,97353,10772,smiles,CN=CNC(=NC)C#N,CN=CNC(C#N)=NC,rdkit_canonicalization
qm9_cn_subset:97354,97354,10773,smiles,CN=CNC(C#C)C#N,C#CC(C#N)NC=NC,rdkit_canonicalization
qm9_cn_subset:97358,97358,10775,smiles,NC=[NH+]C[C-](C#N)C#N,N#C[C-](C#N)C[NH+]=CN,rdkit_canonicalization
qm9_cn_subset:97528,97528,10778,smiles,CCC#CC(C#C)C#N,C#CC(C#N)C#CCC,rdkit_canonicalization
qm9_cn_subset:97529,97529,10779,smiles,[NH3+]CC#C[C-](C#C)C#N,C#C[C-](C#N)C#CC[NH3+],rdkit_canonicalization
qm9_cn_subset:97530,97530,10780,smiles,[NH3+]CC#C[C-](C#N)C#N,N#C[C-](C#N)C#CC[NH3+],rdkit_canonicalization
qm9_cn_subset:97622,97622,10786,smiles,CCC#CC(CC)C#N,CCC#CC(C#N)CC,rdkit_canonicalization
qm9_cn_subset:97625,97625,10787,smiles,CCC#CC(NC)C#N,CCC#CC(C#N)NC,rdkit_canonicalization
qm9_cn_subset:97693,97693,10791,smiles,CCC#CC1(CC1)C#N,CCC#CC1(C#N)CC1,rdkit_canonicalization
qm9_cn_subset:97694,97694,10792,smiles,CCC#CC1(CN1)C#C,C#CC1(C#CCC)CN1,rdkit_canonicalization
qm9_cn_subset:97695,97695,10793,smiles,CCC#CC1(CN1)C#N,CCC#CC1(C#N)CN1,rdkit_canonicalization
qm9_cn_subset:97721,97721,10796,smiles,CCC#CC12CN1CC2,CCC#CC12CCN1C2,rdkit_canonicalization
qm9_cn_subset:97779,97779,10802,smiles,CCC#CC1NC1C#C,C#CC1NC1C#CCC,rdkit_canonicalization
qm9_cn_subset:98146,98146,10818,smiles,CNC(=[NH2+])[C-](C#C)C#N,C#C[C-](C#N)C(=[NH2+])NC,rdkit_canonicalization
qm9_cn_subset:99400,99400,10820,smiles,CNC(=NC(C)C)C#N,CNC(C#N)=NC(C)C,rdkit_canonicalization
qm9_cn_subset:99409,99409,10821,smiles,CNC(=NC1CC1)C#N,CNC(C#N)=NC1CC1,rdkit_canonicalization
qm9_cn_subset:99410,99410,10822,smiles,CNC(=NCC#C)C#N,C#CCN=C(C#N)NC,rdkit_canonicalization
qm9_cn_subset:99411,99411,10823,smiles,CNC(=NCC#N)C#N,CNC(C#N)=NCC#N,rdkit_canonicalization
qm9_cn_subset:99414,99414,10824,smiles,CCC(C#C)(C#C)C#N,C#CC(C#C)(C#N)CC,rdkit_canonicalization
qm9_cn_subset:99415,99415,10825,smiles,CCC(C#C)(C#N)C#N,C#CC(C#N)(C#N)CC,rdkit_canonicalization
qm9_cn_subset:99417,99417,10827,smiles,CNC(C#C)(C#C)C#C,C#CC(C#C)(C#C)NC,rdkit_canonicalization
qm9_cn_subset:99418,99418,10828,smiles,CNC(C#C)(C#C)C#N,C#CC(C#C)(C#N)NC,rdkit_canonicalization
qm9_cn_subset:99419,99419,10829,smiles,CNC(C#C)(C#N)C#N,C#CC(C#N)(C#N)NC,rdkit_canonicalization
qm9_cn_subset:99425,99425,10831,smiles,NCC(C#C)(C#C)C#N,C#CC(C#C)(C#N)CN,rdkit_canonicalization
qm9_cn_subset:99426,99426,10832,smiles,NCC(C#C)(C#N)C#N,C#CC(C#N)(C#N)CN,rdkit_canonicalization
qm9_cn_subset:99427,99427,10833,smiles,NCC(C#N)(C#N)C#N,N#CC(C#N)(C#N)CN,rdkit_canonicalization
qm9_cn_subset:99433,99433,10834,smiles,CCC(C#C)C#CC#N,C#CC(C#CC#N)CC,rdkit_canonicalization
qm9_cn_subset:99434,99434,10835,smiles,CCC(C#N)C#CC#C,C#CC#CC(C#N)CC,rdkit_canonicalization
qm9_cn_subset:99436,99436,10837,smiles,CNC(C#C)C#CC#N,C#CC(C#CC#N)NC,rdkit_canonicalization
qm9_cn_subset:99437,99437,10838,smiles,CNC(C#N)C#CC#C,C#CC#CC(C#N)NC,rdkit_canonicalization
qm9_cn_subset:99443,99443,10840,smiles,NCC(C#N)C#CC#C,C#CC#CC(C#N)CN,rdkit_canonicalization
qm9_cn_subset:99444,99444,10841,smiles,NCC(C#N)C#CC#N,N#CC#CC(C#N)CN,rdkit_canonicalization
qm9_cn_subset:99532,99532,10844,smiles,CC(C#N)C(CN)C#N,CC(C#N)C(C#N)CN,rdkit_canonicalization
qm9_cn_subset:99536,99536,10845,smiles,CCC(C#C)C(C)C#N,C#CC(CC)C(C)C#N,rdkit_canonicalization
qm9_cn_subset:99537,99537,10846,smiles,CCC(C#C)C(N)C#N,C#CC(CC)C(N)C#N,rdkit_canonicalization
qm9_cn_subset:99540,99540,10847,smiles,CCC(C#N)C(C)C#C,C#CC(C)C(C#N)CC,rdkit_canonicalization
qm9_cn_subset:99542,99542,10849,smiles,CCC(C#N)C(N)C#C,C#CC(N)C(C#N)CC,rdkit_canonicalization
qm9_cn_subset:99546,99546,10851,smiles,CNC(C#C)C(C)C#N,C#CC(NC)C(C)C#N,rdkit_canonicalization
qm9_cn_subset:99547,99547,10852,smiles,CNC(C#C)C(N)C#N,C#CC(NC)C(N)C#N,rdkit_canonicalization
qm9_cn_subset:99549,99549,10853,smiles,CNC(C#N)C(C)C#C,C#CC(C)C(C#N)NC,rdkit_canonicalization
qm9_cn_subset:99551,99551,10855,smiles,CNC(C#N)C(N)C#C,C#CC(N)C(C#N)NC,rdkit_canonicalization
qm9_cn_subset:99569,99569,10857,smiles,NCC(C#N)C(N)C#N,N#CC(N)C(C#N)CN,rdkit_canonicalization
qm9_cn_subset:99625,99625,10863,smiles,CC1CN1C(CN)C#N,CC1CN1C(C#N)CN,rdkit_canonicalization
qm9_cn_subset:99634,99634,10864,smiles,CCC(C#C)C1CN1C,C#CC(CC)C1CN1C,rdkit_canonicalization
qm9_cn_subset:99636,99636,10865,smiles,CCC(C#C)N1CC1C,C#CC(CC)N1CC1C,rdkit_canonicalization
qm9_cn_subset:99678,99678,10876,smiles,NCC(C#N)N1CCC1,N#CC(CN)N1CCC1,rdkit_canonicalization
qm9_cn_subset:99709,99709,10877,smiles,CCC(C#CC)N1CC1,CC#CC(CC)N1CC1,rdkit_canonicalization
qm9_cn_subset:99790,99790,10878,smiles,CC#CC(N)(CN)C#N,CC#CC(N)(C#N)CN,rdkit_canonicalization
qm9_cn_subset:99796,99796,10879,smiles,CCC(C)(C#N)C#CC,CC#CC(C)(C#N)CC,rdkit_canonicalization
qm9_cn_subset:99797,99797,10880,smiles,CCC(N)(C#N)C#CC,CC#CC(N)(C#N)CC,rdkit_canonicalization
qm9_cn_subset:99800,99800,10881,smiles,CNC(C)(C#N)C#CC,CC#CC(C)(C#N)NC,rdkit_canonicalization
qm9_cn_subset:99844,99844,10882,smiles,CC(C)C(N)(CN)C#N,CC(C)C(N)(C#N)CN,rdkit_canonicalization
qm9_cn_subset:99849,99849,10883,smiles,CC(N)C(N)(CN)C#N,CC(N)C(N)(C#N)CN,rdkit_canonicalization
qm9_cn_subset:99871,99871,10888,smiles,CN(C)C(C)(CN)C#N,CN(C)C(C)(C#N)CN,rdkit_canonicalization
qm9_cn_subset:99880,99880,10891,smiles,CC(CN)(C#N)N1CC1,CC(C#N)(CN)N1CC1,rdkit_canonicalization
qm9_cn_subset:99891,99891,10892,smiles,CCC(C)(C#C)N1CC1,C#CC(C)(CC)N1CC1,rdkit_canonicalization
qm9_cn_subset:99917,99917,10900,smiles,NCC(N)(C#N)C1CC1,N#CC(N)(CN)C1CC1,rdkit_canonicalization
qm9_cn_subset:99918,99918,10901,smiles,NCC(N)(C#N)C1CN1,N#CC(N)(CN)C1CN1,rdkit_canonicalization
qm9_cn_subset:100206,100206,10909,smiles,CC(CN)(CC#N)C#N,CC(C#N)(CN)CC#N,rdkit_canonicalization
qm9_cn_subset:100212,100212,10910,smiles,CCC(C)(CC#C)C#N,C#CCC(C)(C#N)CC,rdkit_canonicalization
qm9_cn_subset:100213,100213,10911,smiles,CCC(C)(CC#N)C#C,C#CC(C)(CC)CC#N,rdkit_canonicalization
qm9_cn_subset:100214,100214,10912,smiles,CCC(C)(CC#N)C#N,CCC(C)(C#N)CC#N,rdkit_canonicalization
qm9_cn_subset:100215,100215,10913,smiles,CCC(N)(CC#C)C#N,C#CCC(N)(C#N)CC,rdkit_canonicalization
qm9_cn_subset:100216,100216,10914,smiles,CCC(N)(CC#N)C#C,C#CC(N)(CC)CC#N,rdkit_canonicalization
qm9_cn_subset:100217,100217,10915,smiles,CCC(N)(CC#N)C#N,CCC(N)(C#N)CC#N,rdkit_canonicalization
qm9_cn_subset:100222,100222,10916,smiles,CNC(C)(CC#C)C#N,C#CCC(C)(C#N)NC,rdkit_canonicalization
qm9_cn_subset:100223,100223,10917,smiles,CNC(C)(CC#N)C#C,C#CC(C)(CC#N)NC,rdkit_canonicalization
qm9_cn_subset:100224,100224,10918,smiles,CNC(C)(CC#N)C#N,CNC(C)(C#N)CC#N,rdkit_canonicalization
qm9_cn_subset:100232,100232,10919,smiles,NCC(N)(CC#C)C#N,C#CCC(N)(C#N)CN,rdkit_canonicalization
qm9_cn_subset:100233,100233,10920,smiles,NCC(N)(CC#N)C#N,N#CCC(N)(C#N)CN,rdkit_canonicalization
qm9_cn_subset:100613,100613,10924,smiles,CCN(C)C(=NC)C#N,CCN(C)C(C#N)=NC,rdkit_canonicalization
qm9_cn_subset:100617,100617,10925,smiles,CCC(C)C(C#C)C#N,C#CC(C#N)C(C)CC,rdkit_canonicalization
qm9_cn_subset:100621,100621,10927,smiles,CCN(C)C(C#C)C#N,C#CC(C#N)N(C)CC,rdkit_canonicalization
qm9_cn_subset:100626,100626,10929,smiles,NC(C[NH3+])[C-](C#N)C#N,N#C[C-](C#N)C(N)C[NH3+],rdkit_canonicalization
qm9_cn_subset:100876,100876,10936,smiles,CCC(C)C(CC)C#N,CCC(C)C(C#N)CC,rdkit_canonicalization
qm9_cn_subset:100879,100879,10937,smiles,CCC(C)C(NC)C#N,CCC(C)C(C#N)NC,rdkit_canonicalization
qm9_cn_subset:100882,100882,10938,smiles,CCC(N)C(NC)C#N,CCC(N)C(C#N)NC,rdkit_canonicalization
qm9_cn_subset:100890,100890,10939,smiles,CCN(C)C(CN)C#N,CCN(C)C(C#N)CN,rdkit_canonicalization
qm9_cn_subset:100896,100896,10940,smiles,CNC(C)C(NC)C#N,CNC(C)C(C#N)NC,rdkit_canonicalization
qm9_cn_subset:101052,101052,10942,smiles,CCC(C)C1(CC1)C#N,CCC(C)C1(C#N)CC1,rdkit_canonicalization
qm9_cn_subset:101053,101053,10943,smiles,CCC(C)C1(CN1)C#C,C#CC1(C(C)CC)CN1,rdkit_canonicalization
qm9_cn_subset:101054,101054,10944,smiles,CCC(C)C1(CN1)C#N,CCC(C)C1(C#N)CN1,rdkit_canonicalization
qm9_cn_subset:101057,101057,10945,smiles,CCC(N)C1(CN1)C#N,CCC(N)C1(C#N)CN1,rdkit_canonicalization
qm9_cn_subset:101064,101064,10946,smiles,CCN(C)C1(CC1)C#N,CCN(C)C1(C#N)CC1,rdkit_canonicalization
qm9_cn_subset:101065,101065,10947,smiles,CNC(C)C1(CN1)C#N,CNC(C)C1(C#N)CN1,rdkit_canonicalization
qm9_cn_subset:101270,101270,10951,smiles,CCC(C)C1NC1C#C,C#CC1NC1C(C)CC,rdkit_canonicalization
qm9_cn_subset:101274,101274,10953,smiles,CCC(C)N1CC1C#C,C#CC1CN1C(C)CC,rdkit_canonicalization
qm9_cn_subset:102135,102135,10969,smiles,CCC(CC#N)C#CC,CC#CC(CC)CC#N,rdkit_canonicalization
qm9_cn_subset:102136,102136,10970,smiles,CNC(CC#N)C#CC,CC#CC(CC#N)NC,rdkit_canonicalization
qm9_cn_subset:102177,102177,10973,smiles,CCC(CC#C)N1CC1,C#CCC(CC)N1CC1,rdkit_canonicalization
qm9_cn_subset:102199,102199,10979,smiles,CCC(CC#C)CC#N,C#CCC(CC)CC#N,rdkit_canonicalization
qm9_cn_subset:102201,102201,10981,smiles,CCN(CC#C)CC#N,C#CCN(CC)CC#N,rdkit_canonicalization
qm9_cn_subset:102213,102213,10984,smiles,CCC(CC#CC)C#N,CC#CCC(C#N)CC,rdkit_canonicalization
qm9_cn_subset:102214,102214,10985,smiles,CNC(CC#CC)C#N,CC#CCC(C#N)NC,rdkit_canonicalization
qm9_cn_subset:102293,102293,10986,smiles,CC(C)NC(CN)C#N,CC(C)NC(C#N)CN,rdkit_canonicalization
qm9_cn_subset:102301,102301,10987,smiles,CCC(CC(C)C)C#N,CCC(C#N)CC(C)C,rdkit_canonicalization
qm9_cn_subset:102304,102304,10988,smiles,CCC(CN(C)C)C#N,CCC(C#N)CN(C)C,rdkit_canonicalization
qm9_cn_subset:102305,102305,10989,smiles,CCC(NC(C)C)C#N,CCC(C#N)NC(C)C,rdkit_canonicalization
qm9_cn_subset:102309,102309,10990,smiles,CNC(CC(C)C)C#N,CNC(C#N)CC(C)C,rdkit_canonicalization
qm9_cn_subset:102311,102311,10991,smiles,CNC(CN(C)C)C#N,CNC(C#N)CN(C)C,rdkit_canonicalization
qm9_cn_subset:102328,102328,10992,smiles,CCC(CC)(C#C)C#N,C#CC(C#N)(CC)CC,rdkit_canonicalization
qm9_cn_subset:102329,102329,10993,smiles,CCC(CC)(C#N)C#N,CCC(C#N)(C#N)CC,rdkit_canonicalization
qm9_cn_subset:102330,102330,10994,smiles,CCC(CN)(C#N)C#N,CCC(C#N)(C#N)CN,rdkit_canonicalization
qm9_cn_subset:102334,102334,10995,smiles,CCC(NC)(C#C)C#N,C#CC(C#N)(CC)NC,rdkit_canonicalization
qm9_cn_subset:102335,102335,10996,smiles,CCC(NC)(C#N)C#N,CCC(C#N)(C#N)NC,rdkit_canonicalization
qm9_cn_subset:102339,102339,10997,smiles,CNC(CN)(C#C)C#N,C#CC(C#N)(CN)NC,rdkit_canonicalization
qm9_cn_subset:102340,102340,10998,smiles,CNC(CN)(C#N)C#N,CNC(C#N)(C#N)CN,rdkit_canonicalization
qm9_cn_subset:102348,102348,10999,smiles,NCC(CN)(C#N)C#N,N#CC(C#N)(CN)CN,rdkit_canonicalization
qm9_cn_subset:102375,102375,11000,smiles,CCC(CC)(CC)C#N,CCC(C#N)(CC)CC,rdkit_canonicalization
qm9_cn_subset:102378,102378,11001,smiles,CCC(CC)(NC)C#N,CCC(C#N)(CC)NC,rdkit_canonicalization
qm9_cn_subset:102381,102381,11002,smiles,CCC(CN)(NC)C#N,CCC(C#N)(CN)NC,rdkit_canonicalization
qm9_cn_subset:102388,102388,11003,smiles,CNC(CN)(CN)C#N,CNC(C#N)(CN)CN,rdkit_canonicalization
qm9_cn_subset:102420,102420,11004,smiles,CCC(CC)C#CC#N,CCC(C#CC#N)CC,rdkit_canonicalization
qm9_cn_subset:102716,102716,11013,smiles,CCC(CC1CC1)C#N,CCC(C#N)CC1CC1,rdkit_canonicalization
qm9_cn_subset:102717,102717,11014,smiles,CCC(CC1CN1)C#N,CCC(C#N)CC1CN1,rdkit_canonicalization
qm9_cn_subset:102720,102720,11015,smiles,CCC(CN1CC1)C#C,C#CC(CC)CN1CC1,rdkit_canonicalization
qm9_cn_subset:102721,102721,11016,smiles,CCC(CN1CC1)C#N,CCC(C#N)CN1CC1,rdkit_canonicalization
qm9_cn_subset:102722,102722,11017,smiles,CCC(NC1CC1)C#N,CCC(C#N)NC1CC1,rdkit_canonicalization
qm9_cn_subset:102725,102725,11018,smiles,CNC(CC1CC1)C#N,CNC(C#N)CC1CC1,rdkit_canonicalization
qm9_cn_subset:102726,102726,11019,smiles,CNC(CC1CN1)C#N,CNC(C#N)CC1CN1,rdkit_canonicalization
qm9_cn_subset:102728,102728,11020,smiles,CNC(CN1CC1)C#N,CNC(C#N)CN1CC1,rdkit_canonicalization
qm9_cn_subset:102736,102736,11021,smiles,NCC(NC1CC1)C#N,N#CC(CN)NC1CC1,rdkit_canonicalization
qm9_cn_subset:102882,102882,11022,smiles,CCC(CCC#C)C#N,C#CCCC(C#N)CC,rdkit_canonicalization
qm9_cn_subset:102883,102883,11023,smiles,CCC(CCC#N)C#C,C#CC(CC)CCC#N,rdkit_canonicalization
qm9_cn_subset:102884,102884,11024,smiles,CCC(CCC#N)C#N,CCC(C#N)CCC#N,rdkit_canonicalization
qm9_cn_subset:102885,102885,11025,smiles,CCC(NCC#C)C#N,C#CCNC(C#N)CC,rdkit_canonicalization
qm9_cn_subset:102886,102886,11026,smiles,CCC(NCC#N)C#C,C#CC(CC)NCC#N,rdkit_canonicalization
qm9_cn_subset:102887,102887,11027,smiles,CCC(NCC#N)C#N,CCC(C#N)NCC#N,rdkit_canonicalization
qm9_cn_subset:102892,102892,11028,smiles,CNC(CCC#C)C#N,C#CCCC(C#N)NC,rdkit_canonicalization
qm9_cn_subset:102893,102893,11029,smiles,CNC(CCC#N)C#N,CNC(C#N)CCC#N,rdkit_canonicalization
qm9_cn_subset:102898,102898,11030,smiles,NCC(NCC#C)C#N,C#CCNC(C#N)CN,rdkit_canonicalization
qm9_cn_subset:102899,102899,11031,smiles,NCC(NCC#N)C#N,N#CCNC(C#N)CN,rdkit_canonicalization
qm9_cn_subset:102985,102985,11032,smiles,CC1N(C)C1(CN)C#N,CC1N(C)C1(C#N)CN,rdkit_canonicalization
qm9_cn_subset:102990,102990,11033,smiles,CCC1(C#C)C(C)N1C,C#CC1(CC)C(C)N1C,rdkit_canonicalization
qm9_cn_subset:103020,103020,11040,smiles,CCC1(C#C)C2CN1C2,C#CC1(CC)C2CN1C2,rdkit_canonicalization
qm9_cn_subset:103035,103035,11046,smiles,NCC1(C#N)C2CN1C2,N#CC1(CN)C2CN1C2,rdkit_canonicalization
qm9_cn_subset:103044,103044,11047,smiles,CCC1(C#C)C2CCN12,C#CC1(CC)C2CCN21,rdkit_canonicalization
qm9_cn_subset:103046,103046,11048,smiles,CCC1(C#N)C2CCC12,CCC1(C#N)C2CCC21,rdkit_canonicalization
qm9_cn_subset:103047,103047,11049,smiles,CCC1(C#N)C2CCN12,CCC1(C#N)C2CCN21,rdkit_canonicalization
qm9_cn_subset:103049,103049,11050,smiles,CNC1(C#N)C2CCC12,CNC1(C#N)C2CCC21,rdkit_canonicalization
qm9_cn_subset:103050,103050,11051,smiles,CNC1(C#N)C2CNC12,CNC1(C#N)C2CNC21,rdkit_canonicalization
qm9_cn_subset:103057,103057,11052,smiles,NCC1(C#N)C2CCN12,N#CC1(CN)C2CCN21,rdkit_canonicalization
qm9_cn_subset:103093,103093,11053,smiles,CCC1(C)C(C#C)N1C,C#CC1N(C)C1(C)CC,rdkit_canonicalization
qm9_cn_subset:103193,103193,11058,smiles,CCC1(C)C2C3C1CN23,CCC1(C)C2CN3C2C31,rdkit_canonicalization
qm9_cn_subset:103195,103195,11059,smiles,CCC1(C)C2C3CC1N23,CCC1(C)C2CC3C1N32,rdkit_canonicalization
qm9_cn_subset:103197,103197,11060,smiles,CCC1(C)C2CC3C2N13,CCC1(C)C2CC3C2N31,rdkit_canonicalization
qm9_cn_subset:103215,103215,11061,smiles,CCC1(C)C2C3CC2N13,CCC1(C)C2C3CC2N31,rdkit_canonicalization
qm9_cn_subset:103216,103216,11062,smiles,CCC1(C)C2C3CN2C13,CCC1(C)C2C3CN2C31,rdkit_canonicalization
qm9_cn_subset:103233,103233,11063,smiles,CCC1(C)C2C3CC3N12,CCC1(C)C2C3CC3N21,rdkit_canonicalization
qm9_cn_subset:103234,103234,11064,smiles,CCC1(C)C2C3CN3C12,CCC1(C)C2C3CN3C21,rdkit_canonicalization
qm9_cn_subset:103235,103235,11065,smiles,CCC1(C)C2C3NC3C12,CCC1(C)C2C3NC3C21,rdkit_canonicalization
qm9_cn_subset:103423,103423,11066,smiles,CCC1(C)C2CN2C1C,CCC1(C)C(C)N2CC21,rdkit_canonicalization
qm9_cn_subset:103510,103510,11067,smiles,CCC1(C)C=CC2NC12,CCC1(C)C=CC2NC21,rdkit_canonicalization
qm9_cn_subset:103667,103667,11069,smiles,CCC1(C)CC(C1)C#N,CCC1(C)CC(C#N)C1,rdkit_canonicalization
qm9_cn_subset:103668,103668,11070,smiles,CCC1(C)CC(N1)C#N,CCC1(C)CC(C#N)N1,rdkit_canonicalization
qm9_cn_subset:103705,103705,11073,smiles,CCC1(C)NC1(C)C#C,C#CC1(C)NC1(C)CC,rdkit_canonicalization
qm9_cn_subset:103789,103789,11077,smiles,CCC1(C)NC1C#CC,CC#CC1NC1(C)CC,rdkit_canonicalization
qm9_cn_subset:103879,103879,11082,smiles,CCC1(C)CN1CC#C,C#CCN1CC1(C)CC,rdkit_canonicalization
qm9_cn_subset:103965,103965,11087,smiles,CCC1(C)CN2C(C)C12,CCC1(C)CN2C(C)C21,rdkit_canonicalization
qm9_cn_subset:103992,103992,11088,smiles,CCC1(C)CC2NC12C,CCC1(C)CC2NC21C,rdkit_canonicalization
qm9_cn_subset:103994,103994,11089,smiles,CCC1(C)CN2CC12C,CCC1(C)CN2CC21C,rdkit_canonicalization
qm9_cn_subset:104304,104304,11095,smiles,CCC1(C)CCN2CC12,CCC1(C)CCN2CC21,rdkit_canonicalization
qm9_cn_subset:104506,104506,11096,smiles,CCC1(CC#C)CN1C,C#CCC1(CC)CN1C,rdkit_canonicalization
qm9_cn_subset:104617,104617,11101,smiles,CC1CC(CN)(N1)C#N,CC1CC(C#N)(CN)N1,rdkit_canonicalization
qm9_cn_subset:104625,104625,11102,smiles,CCC1(CC(C)C1)C#N,CCC1(C#N)CC(C)C1,rdkit_canonicalization
qm9_cn_subset:104626,104626,11103,smiles,CCC1(CC(C)N1)C#N,CCC1(C#N)CC(C)N1,rdkit_canonicalization
qm9_cn_subset:104631,104631,11104,smiles,CCC1(CN(C)C1)C#N,CCC1(C#N)CN(C)C1,rdkit_canonicalization
qm9_cn_subset:104633,104633,11105,smiles,CNC1(CC(C)C1)C#N,CNC1(C#N)CC(C)C1,rdkit_canonicalization
qm9_cn_subset:104635,104635,11106,smiles,CNC1(CN(C)C1)C#N,CNC1(C#N)CN(C)C1,rdkit_canonicalization
qm9_cn_subset:104742,104742,11108,smiles,CCC1(CC)NC1C#C,C#CC1NC1(CC)CC,rdkit_canonicalization
qm9_cn_subset:104778,104778,11110,smiles,CCC1(CC)CC2NC12,CCC1(CC)CC2NC21,rdkit_canonicalization
qm9_cn_subset:104780,104780,11111,smiles,CCC1(CC)CN2CC12,CCC1(CC)CN2CC21,rdkit_canonicalization
qm9_cn_subset:104900,104900,11112,smiles,CC1(C)NC1(CN)C#N,CC1(C)NC1(C#N)CN,rdkit_canonicalization
qm9_cn_subset:104909,104909,11113,smiles,CCC1(CC1(C)C)C#N,CCC1(C#N)CC1(C)C,rdkit_canonicalization
qm9_cn_subset:104912,104912,11114,smiles,CCC1(NC1(C)C)C#C,C#CC1(CC)NC1(C)C,rdkit_canonicalization
qm9_cn_subset:104913,104913,11115,smiles,CCC1(NC1(C)C)C#N,CCC1(C#N)NC1(C)C,rdkit_canonicalization
qm9_cn_subset:104916,104916,11116,smiles,CNC1(CC1(C)C)C#N,CNC1(C#N)CC1(C)C,rdkit_canonicalization
qm9_cn_subset:104917,104917,11117,smiles,CNC1(CC1(C)N)C#N,CNC1(C#N)CC1(C)N,rdkit_canonicalization
qm9_cn_subset:104935,104935,11118,smiles,CCC1(CC1)C#CC#N,CCC1(C#CC#N)CC1,rdkit_canonicalization
qm9_cn_subset:104936,104936,11119,smiles,CCC1(CN1)C#CC#C,C#CC#CC1(CC)CN1,rdkit_canonicalization
qm9_cn_subset:104937,104937,11120,smiles,CCC1(CN1)C#CC#N,CCC1(C#CC#N)CN1,rdkit_canonicalization
qm9_cn_subset:104996,104996,11121,smiles,CCC1(CC1)C(C)C#N,CCC1(C(C)C#N)CC1,rdkit_canonicalization
qm9_cn_subset:104997,104997,11122,smiles,CCC1(CC1)C(N)C#N,CCC1(C(N)C#N)CC1,rdkit_canonicalization
qm9_cn_subset:105000,105000,11123,smiles,CCC1(CN1)C(C)C#N,CCC1(C(C)C#N)CN1,rdkit_canonicalization
qm9_cn_subset:105001,105001,11124,smiles,CCC1(CN1)C(N)C#N,CCC1(C(N)C#N)CN1,rdkit_canonicalization
qm9_cn_subset:105009,105009,11125,smiles,CNC1(CC1)C(N)C#N,CNC1(C(N)C#N)CC1,rdkit_canonicalization
qm9_cn_subset:105052,105052,11126,smiles,CCC1(CN1)C1(C)CN1,CCC1(C2(C)CN2)CN1,rdkit_canonicalization
qm9_cn_subset:105078,105078,11127,smiles,CCC1(CC1)C1CN1C,CCC1(C2CN2C)CC1,rdkit_canonicalization
qm9_cn_subset:105080,105080,11128,smiles,CCC1(CC1)N1CC1C,CCC1(N2CC2C)CC1,rdkit_canonicalization
qm9_cn_subset:105081,105081,11129,smiles,CCC1(CN1)C1CN1C,CCC1(C2CN2C)CN1,rdkit_canonicalization
qm9_cn_subset:105082,105082,11130,smiles,CCC1(CN1)C1NC1C,CCC1(C2NC2C)CN1,rdkit_canonicalization
qm9_cn_subset:105120,105120,11131,smiles,CCC1(CC1C#C)C#N,C#CC1CC1(C#N)CC,rdkit_canonicalization
qm9_cn_subset:105121,105121,11132,smiles,CCC1(CC1C#N)C#C,C#CC1(CC)CC1C#N,rdkit_canonicalization
qm9_cn_subset:105122,105122,11133,smiles,CCC1(CC1C#N)C#N,CCC1(C#N)CC1C#N,rdkit_canonicalization
qm9_cn_subset:105123,105123,11134,smiles,CCC1(NC1C#C)C#C,C#CC1NC1(C#C)CC,rdkit_canonicalization
qm9_cn_subset:105124,105124,11135,smiles,CCC1(NC1C#C)C#N,C#CC1NC1(C#N)CC,rdkit_canonicalization
qm9_cn_subset:105125,105125,11136,smiles,CCC1(NC1C#N)C#C,C#CC1(CC)NC1C#N,rdkit_canonicalization
qm9_cn_subset:105126,105126,11137,smiles,CCC1(NC1C#N)C#N,CCC1(C#N)NC1C#N,rdkit_canonicalization
qm9_cn_subset:105131,105131,11138,smiles,CNC1(CC1C#C)C#N,C#CC1CC1(C#N)NC,rdkit_canonicalization
qm9_cn_subset:105132,105132,11139,smiles,CNC1(CC1C#N)C#C,C#CC1(NC)CC1C#N,rdkit_canonicalization
qm9_cn_subset:105133,105133,11140,smiles,CNC1(CC1C#N)C#N,CNC1(C#N)CC1C#N,rdkit_canonicalization
qm9_cn_subset:105138,105138,11141,smiles,NCC1(CC1C#N)C#N,N#CC1CC1(C#N)CN,rdkit_canonicalization
qm9_cn_subset:105139,105139,11142,smiles,NCC1(NC1C#C)C#N,C#CC1NC1(C#N)CN,rdkit_canonicalization
qm9_cn_subset:105140,105140,11143,smiles,NCC1(NC1C#N)C#N,N#CC1NC1(C#N)CN,rdkit_canonicalization
qm9_cn_subset:105177,105177,11144,smiles,CCC1(CN1C)C#CC,CC#CC1(CC)CN1C,rdkit_canonicalization
qm9_cn_subset:105178,105178,11145,smiles,CCC1(NC1C)C#CC,CC#CC1(CC)NC1C,rdkit_canonicalization
qm9_cn_subset:105251,105251,11146,smiles,CCC1(CC1C)N1CC1,CCC1(N2CC2)CC1C,rdkit_canonicalization
qm9_cn_subset:105256,105256,11147,smiles,CCC1(CN1C)C1CC1,CCC1(C2CC2)CN1C,rdkit_canonicalization
qm9_cn_subset:105258,105258,11148,smiles,CCC1(NC1C)C1CN1,CCC1(C2CN2)NC1C,rdkit_canonicalization
qm9_cn_subset:105307,105307,11149,smiles,CCC1(CC2CC12)C#N,CCC1(C#N)CC2CC21,rdkit_canonicalization
qm9_cn_subset:105308,105308,11150,smiles,CCC1(CC2CN12)C#C,C#CC1(CC)CC2CN21,rdkit_canonicalization
qm9_cn_subset:105309,105309,11151,smiles,CCC1(CC2CN12)C#N,CCC1(C#N)CC2CN21,rdkit_canonicalization
qm9_cn_subset:105310,105310,11152,smiles,CCC1(CC2NC12)C#C,C#CC1(CC)CC2NC21,rdkit_canonicalization
qm9_cn_subset:105311,105311,11153,smiles,CCC1(CC2NC12)C#N,CCC1(C#N)CC2NC21,rdkit_canonicalization
qm9_cn_subset:105314,105314,11154,smiles,CCC1(CN2CC12)C#N,CCC1(C#N)CN2CC21,rdkit_canonicalization
qm9_cn_subset:105315,105315,11155,smiles,CCC1(NC2CC12)C#N,CCC1(C#N)NC2CC21,rdkit_canonicalization
qm9_cn_subset:105318,105318,11156,smiles,CNC1(CC2CC12)C#N,CNC1(C#N)CC2CC21,rdkit_canonicalization
qm9_cn_subset:105319,105319,11157,smiles,CNC1(CC2NC12)C#N,CNC1(C#N)CC2NC21,rdkit_canonicalization
qm9_cn_subset:105321,105321,11158,smiles,CNC1(CN2CC12)C#N,CNC1(C#N)CN2CC21,rdkit_canonicalization
qm9_cn_subset:105330,105330,11159,smiles,NCC1(CC2CN12)C#N,N#CC1(CN)CC2CN21,rdkit_canonicalization
qm9_cn_subset:105331,105331,11160,smiles,NCC1(NC2CC12)C#N,N#CC1(CN)NC2CC21,rdkit_canonicalization
qm9_cn_subset:105428,105428,11162,smiles,CCC1(CC=CC1)C#N,CCC1(C#N)CC=CC1,rdkit_canonicalization
qm9_cn_subset:105429,105429,11163,smiles,CCC1(CN=CN1)C#N,CCC1(C#N)CN=CN1,rdkit_canonicalization
qm9_cn_subset:105432,105432,11164,smiles,CNC1(CC=CC1)C#N,CNC1(C#N)CC=CC1,rdkit_canonicalization
qm9_cn_subset:105437,105437,11165,smiles,NCC1(CN=CN1)C#N,N#CC1(CN)CN=CN1,rdkit_canonicalization
qm9_cn_subset:105452,105452,11166,smiles,CCC1(CC1)NCC#N,CCC1(NCC#N)CC1,rdkit_canonicalization
qm9_cn_subset:105564,105564,11169,smiles,CNC1(CNC1=N)C#N,CNC1(C#N)CNC1=N,rdkit_canonicalization
qm9_cn_subset:105616,105616,11170,smiles,CC1CNC1(CN)C#N,CC1CNC1(C#N)CN,rdkit_canonicalization
qm9_cn_subset:105625,105625,11171,smiles,CCC1(CCC1C)C#N,CCC1(C#N)CCC1C,rdkit_canonicalization
qm9_cn_subset:105628,105628,11172,smiles,CCC1(CCN1C)C#N,CCC1(C#N)CCN1C,rdkit_canonicalization
qm9_cn_subset:105631,105631,11173,smiles,CCC1(NCC1C)C#N,CCC1(C#N)NCC1C,rdkit_canonicalization
qm9_cn_subset:105632,105632,11174,smiles,CCC1(NCC1N)C#N,CCC1(C#N)NCC1N,rdkit_canonicalization
qm9_cn_subset:105639,105639,11175,smiles,CN1CCC1(CN)C#N,CN1CCC1(C#N)CN,rdkit_canonicalization
qm9_cn_subset:105641,105641,11176,smiles,CNC1(CCC1C)C#N,CNC1(C#N)CCC1C,rdkit_canonicalization
qm9_cn_subset:105642,105642,11177,smiles,CNC1(CCC1N)C#N,CNC1(C#N)CCC1N,rdkit_canonicalization
qm9_cn_subset:105644,105644,11178,smiles,CNC1(CNC1C)C#N,CNC1(C#N)CNC1C,rdkit_canonicalization
qm9_cn_subset:105656,105656,11179,smiles,NCC1(NCC1N)C#N,N#CC1(CN)NCC1N,rdkit_canonicalization
qm9_cn_subset:105711,105711,11180,smiles,CCC1(CCC=C1)C#N,CCC1(C#N)C=CCC1,rdkit_canonicalization
qm9_cn_subset:105712,105712,11181,smiles,CCC1(CNC=N1)C#N,CCC1(C#N)CNC=N1,rdkit_canonicalization
qm9_cn_subset:105715,105715,11182,smiles,CCC1(NCC=C1)C#N,CCC1(C#N)C=CCN1,rdkit_canonicalization
qm9_cn_subset:105718,105718,11183,smiles,CNC1(CCC=C1)C#N,CNC1(C#N)C=CCC1,rdkit_canonicalization
qm9_cn_subset:105723,105723,11184,smiles,NCC1(CNC=N1)C#N,N#CC1(CN)CNC=N1,rdkit_canonicalization
qm9_cn_subset:105725,105725,11185,smiles,NCC1(NCC=C1)C#N,N#CC1(CN)C=CCN1,rdkit_canonicalization
qm9_cn_subset:105746,105746,11186,smiles,CCC1(CCCC1)C#N,CCC1(C#N)CCCC1,rdkit_canonicalization
qm9_cn_subset:105747,105747,11187,smiles,CCC1(CCCN1)C#N,CCC1(C#N)CCCN1,rdkit_canonicalization
qm9_cn_subset:105756,105756,11188,smiles,CNC1(CCCC1)C#N,CNC1(C#N)CCCC1,rdkit_canonicalization
qm9_cn_subset:105764,105764,11189,smiles,NCC1(CCCN1)C#N,N#CC1(CN)CCCN1,rdkit_canonicalization
qm9_cn_subset:105799,105799,11190,smiles,CCC12C(C)C1C1CN21,CCC12C(C)C1C1CN12,rdkit_canonicalization
qm9_cn_subset:105800,105800,11191,smiles,CCC12C(C)C1C1NC21,CCC12C(C)C1C1NC12,rdkit_canonicalization
qm9_cn_subset:105802,105802,11192,smiles,CCC12C(C)C1N1CC21,CCC12C(C)C1N1CC12,rdkit_canonicalization
qm9_cn_subset:105897,105897,11196,smiles,CCC12C(C)C3C1CN23,CCC12C(C)C3C1CN32,rdkit_canonicalization
qm9_cn_subset:105899,105899,11197,smiles,CCC12C(C)N3C1CC23,CCC12C(C)N3C1CC32,rdkit_canonicalization
qm9_cn_subset:105903,105903,11198,smiles,CCC12N(C)C3C1CC23,CCC12C3CC1C3N2C,rdkit_canonicalization
qm9_cn_subset:105904,105904,11199,smiles,CCC12N(C)C3C1NC23,CCC12C3NC1C3N2C,rdkit_canonicalization
qm9_cn_subset:105918,105918,11200,smiles,CCC12C3C1C1C3CN21,CCC12C3C4CN1C4C32,rdkit_canonicalization
qm9_cn_subset:105920,105920,11201,smiles,CCC12C3C1N1C3CC21,CCC12C3C4CC1N4C32,rdkit_canonicalization
qm9_cn_subset:105921,105921,11202,smiles,CCC12C3C1N1CC2C31,CCC12C3CN4C3C1C42,rdkit_canonicalization
qm9_cn_subset:105922,105922,11203,smiles,CCC12C3C4C(CC14)N23,CCC12C3CC4C3C1N42,rdkit_canonicalization
qm9_cn_subset:105923,105923,11204,smiles,CCC12C3C4CC1C4N23,CCC12C3CC4C3N1C42,rdkit_canonicalization
qm9_cn_subset:105939,105939,11205,smiles,CCC12C3C1C1CC3N21,CCC12C3C4CC(C31)N42,rdkit_canonicalization
qm9_cn_subset:105941,105941,11206,smiles,CCC12C3C1N1CC3C21,CCC12C3C4CN(C41)C32,rdkit_canonicalization
qm9_cn_subset:105942,105942,11207,smiles,CCC12C3C4CC(C14)N23,CCC12C3C4CC3N1C42,rdkit_canonicalization
qm9_cn_subset:105954,105954,11208,smiles,CCC12C3C1N1C3C21C,CCC12C3C1N1C3C12C,rdkit_canonicalization
qm9_cn_subset:105957,105957,11209,smiles,CCC12C3C4C(N13)C24C,CCC12C3C4C(N31)C42C,rdkit_canonicalization
qm9_cn_subset:105971,105971,11211,smiles,CCC12C3C4C1C4(C)N23,CCC12C3C4C1C4(C)N32,rdkit_canonicalization
qm9_cn_subset:105973,105973,11212,smiles,CCC12C3C4N1C2C34C,CCC12C3C4N1C2C43C,rdkit_canonicalization
qm9_cn_subset:105975,105975,11213,smiles,CCC12C3C4N1C4(C)C23,CCC12C3C4N1C4(C)C32,rdkit_canonicalization
qm9_cn_subset:105986,105986,11214,smiles,CCC12C3C4C(N14)C23C,CCC12C3C4C(N41)C32C,rdkit_canonicalization
qm9_cn_subset:105988,105988,11215,smiles,CCC12C3C4C1C2(C)N34,CCC12C3C4C1C2(C)N43,rdkit_canonicalization
qm9_cn_subset:105990,105990,11216,smiles,CCC12C3C4C3C1(C)N24,CCC12C3C4C3C1(C)N42,rdkit_canonicalization
qm9_cn_subset:105992,105992,11217,smiles,CCC12C3C4N3C1C24C,CCC12C3C4N3C1C42C,rdkit_canonicalization
qm9_cn_subset:106002,106002,11218,smiles,CCC12C3C4C1CC2N34,CCC12C3CC1N1C3C12,rdkit_canonicalization
qm9_cn_subset:106005,106005,11219,smiles,CCC12C3C4C3N1CC24,CCC12C3CN1C1C3C12,rdkit_canonicalization
qm9_cn_subset:106006,106006,11220,smiles,CCC12C3CC1C1C3N21,CCC12C3CC1C1C3N12,rdkit_canonicalization
qm9_cn_subset:106041,106041,11221,smiles,CCC12C3C(CN13)C2C,CCC12C(C)C3CN1C32,rdkit_canonicalization
qm9_cn_subset:106045,106045,11222,smiles,CCC12C3CC(C1C)N23,CCC12C(C)C3CC1N32,rdkit_canonicalization
qm9_cn_subset:106047,106047,11223,smiles,CCC12C3CN(C13)C2C,CCC12C3CN(C1C)C32,rdkit_canonicalization
qm9_cn_subset:106063,106063,11224,smiles,CCC12C3CC1(C)CN23,CCC12C3CC1(C)CN32,rdkit_canonicalization
qm9_cn_subset:106073,106073,11225,smiles,CCC12C3CC1=CCN23,CCC12C3=CCN1C2C3,rdkit_canonicalization
qm9_cn_subset:106074,106074,11226,smiles,CCC12C3CC=C1CN23,CCC12C3=CCC1N2C3,rdkit_canonicalization
qm9_cn_subset:106107,106107,11227,smiles,CCC12C3C(C)C1CN23,CCC12C3CN1C2C3C,rdkit_canonicalization
qm9_cn_subset:106110,106110,11228,smiles,CCC12C3CC1C(C)N23,CCC12C3CC1N2C3C,rdkit_canonicalization
qm9_cn_subset:106112,106112,11229,smiles,CCC12C3CC1N(C)C23,CCC12C3CC1N(C)C32,rdkit_canonicalization
qm9_cn_subset:106127,106127,11230,smiles,CCC12C3CC1N=CN23,CCC12C3CC1N2C=N3,rdkit_canonicalization
qm9_cn_subset:106145,106145,11232,smiles,CCC12C3CN1CC23C,CCC12C3CN1CC32C,rdkit_canonicalization
qm9_cn_subset:106190,106190,11233,smiles,CCC12C3C4CC1N2C34,CCC12C3C4CC1N2C43,rdkit_canonicalization
qm9_cn_subset:106191,106191,11234,smiles,CCC12C3C4CN1C2C34,CCC12C3C4CN1C2C43,rdkit_canonicalization
qm9_cn_subset:106192,106192,11235,smiles,CCC12C3CC4C(C13)N24,CCC12C3CC4C(C31)N42,rdkit_canonicalization
qm9_cn_subset:106194,106194,11236,smiles,CCC12C3CC4C1N4C23,CCC12C3CC4C1N4C32,rdkit_canonicalization
qm9_cn_subset:106195,106195,11237,smiles,CCC12C3CN4C(C13)C24,CCC12C3CN4C(C31)C42,rdkit_canonicalization
qm9_cn_subset:106209,106209,11238,smiles,CCC12C=CC3C1CN23,CCC12C=CC3C1CN32,rdkit_canonicalization
qm9_cn_subset:106218,106218,11239,smiles,CCC12C=CC3CC1N23,CCC12C=CC3CC1N32,rdkit_canonicalization
qm9_cn_subset:106334,106334,11240,smiles,CCC12CC(C1)(C2)C#N,CCC12CC(C#N)(C1)C2,rdkit_canonicalization
qm9_cn_subset:106335,106335,11241,smiles,CCC12CC(C1)(N2)C#N,CCC12CC(C#N)(C1)N2,rdkit_canonicalization
qm9_cn_subset:106380,106380,11242,smiles,CCC12CC(C1)C1CN21,CCC12CC(C1)C1CN12,rdkit_canonicalization
qm9_cn_subset:106382,106382,11243,smiles,CCC12CC(C1)N1CC21,CCC12CC(C1)N1CC12,rdkit_canonicalization
qm9_cn_subset:106434,106434,11247,smiles,CCC12CN(C1)C2C#C,C#CC1N2CC1(CC)C2,rdkit_canonicalization
qm9_cn_subset:106700,106700,11250,smiles,CCC12CC1(C)C1CN21,CCC12CC1(C)C1CN12,rdkit_canonicalization
qm9_cn_subset:106701,106701,11251,smiles,CCC12CC1(C)C1NC21,CCC12CC1(C)C1NC12,rdkit_canonicalization
qm9_cn_subset:106703,106703,11252,smiles,CCC12CC1(C)N1CC21,CCC12CC1(C)N1CC12,rdkit_canonicalization
qm9_cn_subset:106708,106708,11253,smiles,CCC12NC1(C)C1CC21,CCC12NC1(C)C1CC12,rdkit_canonicalization
qm9_cn_subset:106709,106709,11254,smiles,CCC12NC1(C)C1NC21,CCC12NC1(C)C1NC12,rdkit_canonicalization
qm9_cn_subset:106791,106791,11256,smiles,CCC12NC1(C)CC=C2,CCC12C=CCC1(C)N2,rdkit_canonicalization
qm9_cn_subset:106842,106842,11257,smiles,CCC12CC1(CC2)C#N,CCC12CCC1(C#N)C2,rdkit_canonicalization
qm9_cn_subset:106843,106843,11258,smiles,CCC12CC1(CN2)C#N,CCC12CC1(C#N)CN2,rdkit_canonicalization
qm9_cn_subset:106846,106846,11259,smiles,CCC12CC1(NC2)C#N,CCC12CNC1(C#N)C2,rdkit_canonicalization
qm9_cn_subset:106849,106849,11260,smiles,CCC12CCC1(N2)C#C,C#CC12CCC1(CC)N2,rdkit_canonicalization
qm9_cn_subset:106850,106850,11261,smiles,CCC12CCC1(N2)C#N,CCC12CCC1(C#N)N2,rdkit_canonicalization
qm9_cn_subset:106853,106853,11262,smiles,CNC12CC1(NC2)C#N,CNC12CNC1(C#N)C2,rdkit_canonicalization
qm9_cn_subset:107037,107037,11264,smiles,CCC12NC1C(C)C=C2,CCC12C=CC(C)C1N2,rdkit_canonicalization
qm9_cn_subset:107073,107073,11265,smiles,CCC12CC(C#C)C1N2,C#CC1CC2(CC)NC12,rdkit_canonicalization
qm9_cn_subset:107078,107078,11267,smiles,CCC12CC1C(C2)C#N,CCC12CC(C#N)C1C2,rdkit_canonicalization
qm9_cn_subset:107079,107079,11268,smiles,CCC12CC1C(N2)C#N,CCC12CC1C(C#N)N2,rdkit_canonicalization
qm9_cn_subset:107082,107082,11269,smiles,CCC12CN1C(C2)C#C,C#CC1CC2(CC)CN12,rdkit_canonicalization
qm9_cn_subset:107083,107083,11270,smiles,CCC12CN1C(C2)C#N,CCC12CC(C#N)N1C2,rdkit_canonicalization
qm9_cn_subset:107123,107123,11271,smiles,CCC12CC1C1(C)CN21,CCC12CC1C1(C)CN12,rdkit_canonicalization
qm9_cn_subset:107127,107127,11273,smiles,CCC12CN1C1(C)CC21,CCC12CN1C1(C)CC12,rdkit_canonicalization
qm9_cn_subset:107128,107128,11274,smiles,CCC12NC1C1(C)CC21,CCC12NC1C1(C)CC12,rdkit_canonicalization
qm9_cn_subset:107129,107129,11275,smiles,CCC12NC1C1(C)NC21,CCC12NC1C1(C)NC12,rdkit_canonicalization
qm9_cn_subset:107173,107173,11278,smiles,CCC12CC1C1C(C)N21,CCC12CC1C1C(C)N12,rdkit_canonicalization
qm9_cn_subset:107176,107176,11280,smiles,CCC12CC1N1C(C)C21,CCC12CC1N1C(C)C12,rdkit_canonicalization
qm9_cn_subset:107177,107177,11281,smiles,CCC12CN1C1C(C)C21,CCC12CN1C1C(C)C12,rdkit_canonicalization
qm9_cn_subset:107179,107179,11282,smiles,CCC12NC1C1C(C)C21,CCC12NC1C1C(C)C12,rdkit_canonicalization
qm9_cn_subset:107200,107200,11285,smiles,CCC12CC1N1CC1C2,CCC12CC3CN3C1C2,rdkit_canonicalization
qm9_cn_subset:107241,107241,11288,smiles,CCC12CC1C1NC21C,CCC12CC1C1NC12C,rdkit_canonicalization
qm9_cn_subset:107243,107243,11289,smiles,CCC12CC1N1CC21C,CCC12CC1N1CC12C,rdkit_canonicalization
qm9_cn_subset:107244,107244,11290,smiles,CCC12CN1C1CC21C,CCC12CN1C1CC12C,rdkit_canonicalization
qm9_cn_subset:107246,107246,11291,smiles,CCC12NC1C1CC21C,CCC12NC1C1CC12C,rdkit_canonicalization
qm9_cn_subset:107248,107248,11292,smiles,CCC12NC1C1NC21C,CCC12NC1C1NC12C,rdkit_canonicalization
qm9_cn_subset:107392,107392,11297,smiles,CCC12NC1CC(C)=C2,CCC12C=C(C)CC1N2,rdkit_canonicalization
qm9_cn_subset:107422,107422,11298,smiles,CCC12CC1CN1CC21,CCC12CC1CN1CC12,rdkit_canonicalization
qm9_cn_subset:107424,107424,11299,smiles,CCC12CN1CC1NC21,CCC12CN1CC1NC12,rdkit_canonicalization
qm9_cn_subset:107426,107426,11300,smiles,CCC12NC1CC1NC21,CCC12NC1CC1NC12,rdkit_canonicalization
qm9_cn_subset:107428,107428,11301,smiles,CCC12NC1CN1CC21,CCC12NC1CN1CC12,rdkit_canonicalization
qm9_cn_subset:107515,107515,11310,smiles,CCC12NC1CC2C#C,C#CC1CC2NC12CC,rdkit_canonicalization
qm9_cn_subset:107646,107646,11314,smiles,CCC12NC1CCC=C2,CCC12C=CCCC1N2,rdkit_canonicalization
qm9_cn_subset:107699,107699,11315,smiles,CCC12CC3(C)C1CN23,CCC12CC3(C)C1CN32,rdkit_canonicalization
qm9_cn_subset:107704,107704,11316,smiles,CCC12NC3(C)C1NC23,CCC12NC3(C)C1NC32,rdkit_canonicalization
qm9_cn_subset:107724,107724,11317,smiles,CCC12CC3(C)CC1N23,CCC12CC3(C)CC1N32,rdkit_canonicalization
qm9_cn_subset:107725,107725,11318,smiles,CCC12CC3(C)CN1C23,CCC12CC3(C)CN1C32,rdkit_canonicalization
qm9_cn_subset:107736,107736,11319,smiles,CCC12CC3=CCN1C23,CCC12CC3=CCN1C32,rdkit_canonicalization
qm9_cn_subset:107751,107751,11320,smiles,CCC12CC3N(C1)C23C,CCC12CC3N(C1)C32C,rdkit_canonicalization
qm9_cn_subset:107791,107791,11322,smiles,CCC12CC3C(C1C)N23,CCC12CC3C(C1C)N32,rdkit_canonicalization
qm9_cn_subset:107794,107794,11324,smiles,CCC12CN3C(C13)C2C,CCC12CN3C(C1C)C32,rdkit_canonicalization
qm9_cn_subset:107808,107808,11325,smiles,CCC12CC3C(C=C1)N23,CCC12C=CC3C(C1)N32,rdkit_canonicalization
qm9_cn_subset:107809,107809,11326,smiles,CCC12CN3C(C=C1)C23,CCC12C=CC3C1N3C2,rdkit_canonicalization
qm9_cn_subset:107821,107821,11327,smiles,CCC12CC3C1N3CC2,CCC12CCN3C(C1)C32,rdkit_canonicalization
qm9_cn_subset:107823,107823,11328,smiles,CCC12CN3C(CC1)C23,CCC12CCC3C1N3C2,rdkit_canonicalization
qm9_cn_subset:107846,107846,11329,smiles,CCC12CN3C(CC13)C2,CCC12CC3CC1N3C2,rdkit_canonicalization
qm9_cn_subset:107876,107876,11330,smiles,CCC12CC3C1C(C)N23,CCC12CC3C1C(C)N32,rdkit_canonicalization
qm9_cn_subset:107878,107878,11331,smiles,CCC12CC3C1N(C)C23,CCC12CC3C1N(C)C32,rdkit_canonicalization
qm9_cn_subset:107879,107879,11332,smiles,CCC12CN3C1C(C)C23,CCC12CN3C1C(C)C32,rdkit_canonicalization
qm9_cn_subset:107881,107881,11333,smiles,CCC12NC3C1N(C)C23,CCC12NC3C1N(C)C32,rdkit_canonicalization
qm9_cn_subset:107914,107914,11334,smiles,CCC12CC3C(C)C1N23,CCC12CC3C(C)C1N32,rdkit_canonicalization
qm9_cn_subset:107919,107919,11336,smiles,CCC12CC3C1N2C3C,CCC12CC3C(C)N1C32,rdkit_canonicalization
qm9_cn_subset:107920,107920,11337,smiles,CCC12CN3C1C2C3C,CCC12CN3C(C)C1C32,rdkit_canonicalization
qm9_cn_subset:107949,107949,11340,smiles,CCC12CN3C1C=CC23,CCC12CN3C1C=CC32,rdkit_canonicalization
qm9_cn_subset:107968,107968,11341,smiles,CCC12CC3N1CC23C,CCC12CC3N1CC32C,rdkit_canonicalization
qm9_cn_subset:107970,107970,11342,smiles,CCC12CN3C1CC23C,CCC12CN3C1CC32C,rdkit_canonicalization
qm9_cn_subset:107971,107971,11343,smiles,CCC12NC3C1NC23C,CCC12NC3C1NC32C,rdkit_canonicalization
qm9_cn_subset:107987,107987,11344,smiles,CCC12CN3C1CCC23,CCC12CN3C1CCC32,rdkit_canonicalization
qm9_cn_subset:108000,108000,11346,smiles,CCC12CC3C4C(C13)N24,CCC12CC3C4C(C31)N42,rdkit_canonicalization
qm9_cn_subset:108002,108002,11347,smiles,CCC12CC3C4C(C14)N23,CCC12CC3C4C(C41)N32,rdkit_canonicalization
qm9_cn_subset:108003,108003,11348,smiles,CCC12CC3C4C1N4C23,CCC12CC3C4C1N4C32,rdkit_canonicalization
qm9_cn_subset:108004,108004,11349,smiles,CCC12CN3C4C(C14)C23,CCC12CN3C4C(C41)C32,rdkit_canonicalization
qm9_cn_subset:108022,108022,11351,smiles,CCC12CC3C4C3N1C24,CCC12CC3C4C3N1C42,rdkit_canonicalization
qm9_cn_subset:108023,108023,11352,smiles,CCC12CN3C4C3C1C24,CCC12CN3C4C3C1C42,rdkit_canonicalization
qm9_cn_subset:108034,108034,11353,smiles,CCC12CC3C=CC1N23,CCC12CC3C=CC1N32,rdkit_canonicalization
qm9_cn_subset:108044,108044,11354,smiles,CCC12CC3CN(C1)C23,CCC12CC3CN(C1)C32,rdkit_canonicalization
qm9_cn_subset:108062,108062,11355,smiles,CCC12CC3CC1(C)N23,CCC12CC3CC1(C)N32,rdkit_canonicalization
qm9_cn_subset:108065,108065,11356,smiles,CCC12CN3CC1(C)C23,CCC12CN3CC1(C)C32,rdkit_canonicalization
qm9_cn_subset:108084,108084,11357,smiles,CCC12CC3CN1C23C,CCC12CC3CN1C32C,rdkit_canonicalization
qm9_cn_subset:108087,108087,11358,smiles,CCC12CN3CC1C23C,CCC12CN3CC1C32C,rdkit_canonicalization
qm9_cn_subset:108153,108153,11360,smiles,CCC12CC=C3CN1C23,CCC12CC=C3CN1C32,rdkit_canonicalization
qm9_cn_subset:108155,108155,11361,smiles,CNC12CN=C3NC1C23,CNC12CN=C3NC1C32,rdkit_canonicalization
qm9_cn_subset:108330,108330,11362,smiles,CCC12CCC1C1NC21,CCC12CCC1C1NC12,rdkit_canonicalization
qm9_cn_subset:108332,108332,11363,smiles,CCC12CCC1N1CC21,CCC12CCC1N1CC12,rdkit_canonicalization
qm9_cn_subset:108381,108381,11365,smiles,CCC12CCN1C2C#C,C#CC1N2CCC12CC,rdkit_canonicalization
qm9_cn_subset:108529,108529,11369,smiles,CCC12CCN3C1CC23,CCC12CCN3C1CC32,rdkit_canonicalization
qm9_cn_subset:108681,108681,11372,smiles,CCC1=C(CCC1)C#N,CCC1=C(C#N)CCC1,rdkit_canonicalization
qm9_cn_subset:108881,108881,11376,smiles,CCC1=CC(CC1)C#N,CCC1=CC(C#N)CC1,rdkit_canonicalization
qm9_cn_subset:108882,108882,11377,smiles,CCC1=CC(NC1)C#N,CCC1=CC(C#N)NC1,rdkit_canonicalization
qm9_cn_subset:108886,108886,11378,smiles,CNC1=NC(CN1)C#N,CNC1=NC(C#N)CN1,rdkit_canonicalization
qm9_cn_subset:108933,108933,11380,smiles,CCC1=CC2(CN2)CC1,CCC1=CC2(CC1)CN2,rdkit_canonicalization
qm9_cn_subset:109183,109183,11389,smiles,CCC1=NCC(N1)=NC,CCC1=NCC(=NC)N1,rdkit_canonicalization
qm9_cn_subset:109188,109188,11391,smiles,CCC1=CCC(C1)C#N,CCC1=CCC(C#N)C1,rdkit_canonicalization
qm9_cn_subset:109191,109191,11392,smiles,CNC1=NCC(N1)C#N,CNC1=NCC(C#N)N1,rdkit_canonicalization
qm9_cn_subset:109310,109310,11395,smiles,CCC1=CCCC11CN1,CCC1=CCCC12CN2,rdkit_canonicalization
qm9_cn_subset:109510,109510,11401,smiles,CCN1C(C#C)C1(C)C,C#CC1N(CC)C1(C)C,rdkit_canonicalization
qm9_cn_subset:109520,109520,11404,smiles,CCC1C(C#C)C1C#N,C#CC1C(C#N)C1CC,rdkit_canonicalization
qm9_cn_subset:109522,109522,11406,smiles,CCN1C(C#C)C1C#C,C#CC1C(C#C)N1CC,rdkit_canonicalization
qm9_cn_subset:109523,109523,11407,smiles,CCN1C(C#C)C1C#N,C#CC1C(C#N)N1CC,rdkit_canonicalization
qm9_cn_subset:109525,109525,11409,smiles,CNC1C(C#C)C1C#N,C#CC1C(C#N)C1NC,rdkit_canonicalization
qm9_cn_subset:109616,109616,11414,smiles,CCC1N(C)C1(C)C#C,C#CC1(C)C(CC)N1C,rdkit_canonicalization
qm9_cn_subset:109618,109618,11416,smiles,CCN1C(C)C1(C)C#C,C#CC1(C)C(C)N1CC,rdkit_canonicalization
qm9_cn_subset:109722,109722,11421,smiles,CCC1C(C#CC)N1C,CC#CC1C(CC)N1C,rdkit_canonicalization
qm9_cn_subset:109725,109725,11422,smiles,CCN1C(C)C1C#CC,CC#CC1C(C)N1CC,rdkit_canonicalization
qm9_cn_subset:109812,109812,11429,smiles,CCC1C(C)N1CC#C,C#CCN1C(C)C1CC,rdkit_canonicalization
qm9_cn_subset:109814,109814,11431,smiles,CCC1C(CC#C)N1C,C#CCC1C(CC)N1C,rdkit_canonicalization
qm9_cn_subset:109818,109818,11433,smiles,CCN1C(C)C1CC#C,C#CCC1C(C)N1CC,rdkit_canonicalization
qm9_cn_subset:109975,109975,11437,smiles,CCC1C(CN1C)C#N,CCC1C(C#N)CN1C,rdkit_canonicalization
qm9_cn_subset:110083,110083,11440,smiles,NCC1C(C#N)N1C=N,N#CC1C(CN)N1C=N,rdkit_canonicalization
qm9_cn_subset:110108,110108,11441,smiles,CCC1C(C#C)N1CC,C#CC1C(CC)N1CC,rdkit_canonicalization
qm9_cn_subset:110111,110111,11443,smiles,CCC1C(CC)C1C#N,CCC1C(C#N)C1CC,rdkit_canonicalization
qm9_cn_subset:110119,110119,11444,smiles,CNC1C(NC)C1C#N,CNC1C(C#N)C1NC,rdkit_canonicalization
qm9_cn_subset:110160,110160,11445,smiles,CNC1C(NC1=N)C#N,CNC1C(=N)NC1C#N,rdkit_canonicalization
qm9_cn_subset:110365,110365,11447,smiles,CCN1C2C1C1CC2C1,CCN1C2C3CC(C3)C21,rdkit_canonicalization
qm9_cn_subset:110391,110391,11451,smiles,CCN1C2C3C(C)C2C13,CCN1C2C3C(C)C2C31,rdkit_canonicalization
qm9_cn_subset:110418,110418,11455,smiles,CCC1C2N3C1CC23C,CCC1C2CC3(C)C1N23,rdkit_canonicalization
qm9_cn_subset:110419,110419,11456,smiles,CCN1C2C3C1CC23C,CCN1C2CC3(C)C2C13,rdkit_canonicalization
qm9_cn_subset:110445,110445,11457,smiles,CCC1C2C3C(C)C1N23,CCC1C2C(C)C3C1N23,rdkit_canonicalization
qm9_cn_subset:110446,110446,11458,smiles,CCC1C2C3C(C2C)N13,CCC1C2C(C)C3C2N13,rdkit_canonicalization
qm9_cn_subset:110449,110449,11459,smiles,CCC1C2C3C1C(C)N23,CCC1C2C(C)N3C1C23,rdkit_canonicalization
qm9_cn_subset:110464,110464,11461,smiles,CCC1C2C3C2N2C3C12,CCC1C2C3C2N2C1C32,rdkit_canonicalization
qm9_cn_subset:110470,110470,11462,smiles,CCC1C2C3C4C1C2N34,CCC1C2C3C1C1C2N31,rdkit_canonicalization
qm9_cn_subset:110471,110471,11463,smiles,CCC1C2C3C4C2C1N34,CCC1C2C3C1N1C2C31,rdkit_canonicalization
qm9_cn_subset:110474,110474,11465,smiles,CCC1C2C3C4C3N2C14,CCC1C2C3C4C1N2C34,rdkit_canonicalization
qm9_cn_subset:110475,110475,11466,smiles,CCN1C2C3N4C3C1C24,CCN1C2C3C1C1C2N31,rdkit_canonicalization
qm9_cn_subset:110486,110486,11467,smiles,CCC1C2C3C=CC1N23,CCC1C2C=CC3C1N23,rdkit_canonicalization
qm9_cn_subset:110487,110487,11468,smiles,CCN1C2C3C=CC1C23,CCN1C2C=CC3C2C31,rdkit_canonicalization
qm9_cn_subset:110495,110495,11469,smiles,CCC1C2C3C=CC2N13,CCC1C2C3C=CC2N31,rdkit_canonicalization
qm9_cn_subset:110505,110505,11470,smiles,CCC1C2C3CC1(C)N23,CCC1C2C3CC1(C)N32,rdkit_canonicalization
qm9_cn_subset:110510,110510,11472,smiles,CCC1N2C3CC1(C)C23,CCC1N2C3CC1(C)C32,rdkit_canonicalization
qm9_cn_subset:110531,110531,11474,smiles,CCC1C2N3CC1C23C,CCC1C2CN3C1C23C,rdkit_canonicalization
qm9_cn_subset:110532,110532,11475,smiles,CCN1C2C3CC1C23C,CCN1C2CC3C1C32C,rdkit_canonicalization
qm9_cn_subset:110542,110542,11476,smiles,CCC1C2C3CC1CN23,CCC1C2CC3C1N3C2,rdkit_canonicalization
qm9_cn_subset:110564,110564,11480,smiles,CCN1C2C3CC2(C)C13,CCN1C2C3CC2(C)C31,rdkit_canonicalization
qm9_cn_subset:110565,110565,11481,smiles,CCN1C2C3NC2(C)C13,CCN1C2C3NC2(C)C31,rdkit_canonicalization
qm9_cn_subset:110585,110585,11484,smiles,CCN1C2C3CC2C13C,CCN1C2C3CC2C31C,rdkit_canonicalization
qm9_cn_subset:110586,110586,11485,smiles,CCN1C2C3NC2C13C,CCN1C2C3NC2C31C,rdkit_canonicalization
qm9_cn_subset:110610,110610,11489,smiles,CCC1C2N1C1CC21C,CCC1C2N1C1CC12C,rdkit_canonicalization
qm9_cn_subset:110612,110612,11490,smiles,CCN1C2C3CC3(C)C12,CCN1C2C3CC3(C)C21,rdkit_canonicalization
qm9_cn_subset:110614,110614,11491,smiles,CCN1C2C3NC3(C)C12,CCN1C2C3NC3(C)C21,rdkit_canonicalization
qm9_cn_subset:110639,110639,11496,smiles,CCN1C2C3CC3C12C,CCN1C2C3CC3C21C,rdkit_canonicalization
qm9_cn_subset:110640,110640,11497,smiles,CCN1C2C3NC3C12C,CCN1C2C3NC3C21C,rdkit_canonicalization
qm9_cn_subset:110656,110656,11498,smiles,CCC1N2C3CC=C1C23,CCC1C2=CCC3C2N13,rdkit_canonicalization
qm9_cn_subset:110800,110800,11500,smiles,CCC1C2C(CN12)C#N,CCC1C2C(C#N)CN12,rdkit_canonicalization
qm9_cn_subset:110802,110802,11501,smiles,CCC1C2CC(C#C)N12,C#CC1CC2C(CC)N12,rdkit_canonicalization
qm9_cn_subset:110808,110808,11505,smiles,CCN1C2CC(C#N)C12,CCN1C2CC(C#N)C21,rdkit_canonicalization
qm9_cn_subset:110834,110834,11507,smiles,CCN1C2CC(C)(C)C12,CCN1C2CC(C)(C)C21,rdkit_canonicalization
qm9_cn_subset:111017,111017,11508,smiles,CCC1C2CC1(C2)C#N,CCC1C2CC1(C#N)C2,rdkit_canonicalization
qm9_cn_subset:111018,111018,11509,smiles,CCC1C2CC1(N2)C#N,CCC1C2CC1(C#N)N2,rdkit_canonicalization
qm9_cn_subset:111021,111021,11510,smiles,CCC1N2CC1(C2)C#C,C#CC12CN(C1)C2CC,rdkit_canonicalization
qm9_cn_subset:111022,111022,11511,smiles,CCC1N2CC1(C2)C#N,CCC1N2CC1(C#N)C2,rdkit_canonicalization
qm9_cn_subset:111023,111023,11512,smiles,CCN1C2CC1(C2)C#N,CCN1C2CC1(C#N)C2,rdkit_canonicalization
qm9_cn_subset:111024,111024,11513,smiles,CNC1C2CC1(N2)C#N,CNC1C2CC1(C#N)N2,rdkit_canonicalization
qm9_cn_subset:111175,111175,11517,smiles,CCC1C2CN1C2C#C,C#CC1C2CN1C2CC,rdkit_canonicalization
qm9_cn_subset:111325,111325,11522,smiles,CCC1C2NC2C11CC1,CCC1C2NC2C12CC2,rdkit_canonicalization
qm9_cn_subset:111326,111326,11523,smiles,CCC1C2NC2C11CN1,CCC1C2NC2C12CN2,rdkit_canonicalization
qm9_cn_subset:111331,111331,11524,smiles,CCC1N2CC2C11CC1,CCC1N2CC2C12CC2,rdkit_canonicalization
qm9_cn_subset:111332,111332,11525,smiles,CCC1N2CC2C11CN1,CCC1N2CC2C12CN2,rdkit_canonicalization
qm9_cn_subset:111360,111360,11527,smiles,CCC1C2CC2C1C#N,CCC1C(C#N)C2CC12,rdkit_canonicalization
qm9_cn_subset:111361,111361,11528,smiles,CCC1C2CN2C1C#C,C#CC1C(CC)C2CN12,rdkit_canonicalization
qm9_cn_subset:111362,111362,11529,smiles,CCC1C2CN2C1C#N,CCC1C(C#N)N2CC12,rdkit_canonicalization
qm9_cn_subset:111363,111363,11530,smiles,CCC1C2NC2C1C#C,C#CC1C(CC)C2NC12,rdkit_canonicalization
qm9_cn_subset:111364,111364,11531,smiles,CCC1C2NC2C1C#N,CCC1C(C#N)C2NC12,rdkit_canonicalization
qm9_cn_subset:111367,111367,11532,smiles,CCN1C2CC2C1C#N,CCN1C(C#N)C2CC21,rdkit_canonicalization
qm9_cn_subset:111368,111368,11533,smiles,CNC1C2CN2C1C#N,CNC1C(C#N)N2CC12,rdkit_canonicalization
qm9_cn_subset:111369,111369,11534,smiles,CNC1C2NC2C1C#N,CNC1C(C#N)C2NC12,rdkit_canonicalization
qm9_cn_subset:111457,111457,11537,smiles,CCC1C2NC2C=C1C,CCC1C(C)=CC2NC21,rdkit_canonicalization
qm9_cn_subset:111524,111524,11540,smiles,CCN1C2CC3(CC3)C12,CCN1C2CC3(CC3)C21,rdkit_canonicalization
qm9_cn_subset:111525,111525,11541,smiles,CCN1C2CC3(CN3)C12,CCN1C2CC3(CN3)C21,rdkit_canonicalization
qm9_cn_subset:111549,111549,11544,smiles,CCC1N2CC3C2C13C,CCC1N2CC3C2C31C,rdkit_canonicalization
qm9_cn_subset:111576,111576,11545,smiles,CCC1C2CC3CC1N23,CCC1C2CC3CC1N32,rdkit_canonicalization
qm9_cn_subset:111610,111610,11549,smiles,CCN1C2CC3NC3C12,CCN1C2CC3NC3C21,rdkit_canonicalization
qm9_cn_subset:111707,111707,11553,smiles,CCC1N2CCC12C#C,C#CC12CCN1C2CC,rdkit_canonicalization
qm9_cn_subset:111709,111709,11555,smiles,CCN1C2CCC12C#C,C#CC12CCC1N2CC,rdkit_canonicalization
qm9_cn_subset:111710,111710,11556,smiles,CCN1C2CCC12C#N,CCN1C2CCC21C#N,rdkit_canonicalization
qm9_cn_subset:111711,111711,11557,smiles,CNC1C2CNC12C#N,CNC1C2CNC21C#N,rdkit_canonicalization
qm9_cn_subset:111928,111928,11562,smiles,CCC1C=C2CN3C1C23,CCC1C=C2CN3C2C13,rdkit_canonicalization
qm9_cn_subset:112066,112066,11573,smiles,NCC1N=CNC1C#N,N#CC1NC=NC1CN,rdkit_canonicalization
qm9_cn_subset:112581,112581,11579,smiles,CCC1CC(C)(C1)C#N,CCC1CC(C)(C#N)C1,rdkit_canonicalization
qm9_cn_subset:112582,112582,11580,smiles,CCC1CC(C)(N1)C#N,CCC1CC(C)(C#N)N1,rdkit_canonicalization
qm9_cn_subset:112585,112585,11581,smiles,CCC1CC(N)(C1)C#N,CCC1CC(N)(C#N)C1,rdkit_canonicalization
qm9_cn_subset:112588,112588,11582,smiles,CCN1CC(C)(C1)C#N,CCN1CC(C)(C#N)C1,rdkit_canonicalization
qm9_cn_subset:112589,112589,11583,smiles,CCN1CC(N)(C1)C#N,CCN1CC(N)(C#N)C1,rdkit_canonicalization
qm9_cn_subset:112971,112971,11589,smiles,CCC1CC(C1)N1CC1,CCC1CC(N2CC2)C1,rdkit_canonicalization
qm9_cn_subset:113026,113026,11590,smiles,CCC1CC(C=C1)C#N,CCC1C=CC(C#N)C1,rdkit_canonicalization
qm9_cn_subset:113027,113027,11591,smiles,CCC1NC(C=C1)C#N,CCC1C=CC(C#N)N1,rdkit_canonicalization
qm9_cn_subset:113030,113030,11592,smiles,CCN1CC(N=C1)C#N,CCN1C=NC(C#N)C1,rdkit_canonicalization
qm9_cn_subset:113117,113117,11595,smiles,CCC1CC1(C#C)C#N,C#CC1(C#N)CC1CC,rdkit_canonicalization
qm9_cn_subset:113119,113119,11597,smiles,CCC1NC1(C#C)C#C,C#CC1(C#C)NC1CC,rdkit_canonicalization
qm9_cn_subset:113120,113120,11598,smiles,CCC1NC1(C#C)C#N,C#CC1(C#N)NC1CC,rdkit_canonicalization
qm9_cn_subset:113125,113125,11600,smiles,CCN1CC1(C#C)C#C,C#CC1(C#C)CN1CC,rdkit_canonicalization
qm9_cn_subset:113126,113126,11601,smiles,CCN1CC1(C#C)C#N,C#CC1(C#N)CN1CC,rdkit_canonicalization
qm9_cn_subset:113128,113128,11603,smiles,CNC1CC1(C#C)C#N,C#CC1(C#N)CC1NC,rdkit_canonicalization
qm9_cn_subset:113148,113148,11605,smiles,CCC1NC1(C)C#CC,CC#CC1(C)NC1CC,rdkit_canonicalization
qm9_cn_subset:113150,113150,11606,smiles,CCN1CC1(C)C#CC,CC#CC1(C)CN1CC,rdkit_canonicalization
qm9_cn_subset:113248,113248,11611,smiles,CCN1CC1(C)CC#C,C#CCC1(C)CN1CC,rdkit_canonicalization
qm9_cn_subset:113310,113310,11613,smiles,CCC1CC1(CC)C#N,CCC1CC1(C#N)CC,rdkit_canonicalization
qm9_cn_subset:113313,113313,11614,smiles,CCC1CC1(NC)C#N,CCC1CC1(C#N)NC,rdkit_canonicalization
qm9_cn_subset:113316,113316,11615,smiles,CCC1NC1(CC)C#C,C#CC1(CC)NC1CC,rdkit_canonicalization
qm9_cn_subset:113317,113317,11616,smiles,CCC1NC1(CC)C#N,CCC1NC1(C#N)CC,rdkit_canonicalization
qm9_cn_subset:113318,113318,11617,smiles,CCC1NC1(CN)C#N,CCC1NC1(C#N)CN,rdkit_canonicalization
qm9_cn_subset:113326,113326,11618,smiles,CCN1CC1(CC)C#C,C#CC1(CC)CN1CC,rdkit_canonicalization
qm9_cn_subset:113327,113327,11619,smiles,CCN1CC1(CC)C#N,CCN1CC1(C#N)CC,rdkit_canonicalization
qm9_cn_subset:113328,113328,11620,smiles,CCN1CC1(CN)C#N,CCN1CC1(C#N)CN,rdkit_canonicalization
qm9_cn_subset:113334,113334,11621,smiles,CNC1CC1(NC)C#N,CNC1CC1(C#N)NC,rdkit_canonicalization
qm9_cn_subset:113439,113439,11622,smiles,CCC1NC11CN(C)C1,CCC1NC12CN(C)C2,rdkit_canonicalization
qm9_cn_subset:113453,113453,11623,smiles,CCC1CC11CC2NC12,CCC1CC12CC1NC12,rdkit_canonicalization
qm9_cn_subset:113455,113455,11624,smiles,CCC1CC11CN2CC12,CCC1CC12CN1CC12,rdkit_canonicalization
qm9_cn_subset:113457,113457,11625,smiles,CCC1NC11CC2NC12,CCC1NC12CC1NC12,rdkit_canonicalization
qm9_cn_subset:113459,113459,11626,smiles,CCC1NC11CN2CC12,CCC1NC12CN1CC12,rdkit_canonicalization
qm9_cn_subset:113464,113464,11627,smiles,CCN1CC11CC2NC12,CCN1CC12CC1NC12,rdkit_canonicalization
qm9_cn_subset:113566,113566,11628,smiles,CCC1NC11CCC=C1,CCC1NC12C=CCC2,rdkit_canonicalization
qm9_cn_subset:113598,113598,11630,smiles,CCC1NC1C#CC#C,C#CC#CC1NC1CC,rdkit_canonicalization
qm9_cn_subset:113602,113602,11632,smiles,CCN1CC1C#CC#C,C#CC#CC1CN1CC,rdkit_canonicalization
qm9_cn_subset:113723,113723,11638,smiles,CCC1CN1C(C)C#C,C#CC(C)N1CC1CC,rdkit_canonicalization
qm9_cn_subset:113734,113734,11642,smiles,CCN1CC1C(C)C#C,C#CC(C)C1CN1CC,rdkit_canonicalization
qm9_cn_subset:113876,113876,11659,smiles,CCC1CN1CC#CC,CC#CCN1CC1CC,rdkit_canonicalization
qm9_cn_subset:113878,113878,11660,smiles,CCN1CC1CC#CC,CC#CCC1CN1CC,rdkit_canonicalization
qm9_cn_subset:113975,113975,11668,smiles,CCC1CN1CCC#C,C#CCCN1CC1CC,rdkit_canonicalization
qm9_cn_subset:113980,113980,11671,smiles,CCN1CC1CCC#C,C#CCCC1CN1CC,rdkit_canonicalization
qm9_cn_subset:114140,114140,11673,smiles,CCC1CC2(CC12)C#N,CCC1CC2(C#N)CC12,rdkit_canonicalization
qm9_cn_subset:114141,114141,11674,smiles,CCC1CC2(CN12)C#C,C#CC12CC(CC)N1C2,rdkit_canonicalization
qm9_cn_subset:114142,114142,11675,smiles,CCC1CC2(CN12)C#N,CCC1CC2(C#N)CN12,rdkit_canonicalization
qm9_cn_subset:114143,114143,11676,smiles,CCC1CC2(NC12)C#C,C#CC12CC(CC)C1N2,rdkit_canonicalization
qm9_cn_subset:114144,114144,11677,smiles,CCC1CC2(NC12)C#N,CCC1CC2(C#N)NC12,rdkit_canonicalization
qm9_cn_subset:114147,114147,11678,smiles,CCC1NC2(CC12)C#N,CCC1NC2(C#N)CC12,rdkit_canonicalization
qm9_cn_subset:114150,114150,11679,smiles,CCN1CC2(CC12)C#N,CCN1CC2(C#N)CC12,rdkit_canonicalization
qm9_cn_subset:114219,114219,11680,smiles,CCC1CC2(CN2)C=C1,CCC1C=CC2(CN2)C1,rdkit_canonicalization
qm9_cn_subset:114286,114286,11683,smiles,CCC1CC2C(C#C)N12,C#CC1C2CC(CC)N12,rdkit_canonicalization
qm9_cn_subset:114289,114289,11686,smiles,CCC1CN2C(C#C)C12,C#CC1C2C(CC)CN12,rdkit_canonicalization
qm9_cn_subset:114293,114293,11688,smiles,CCN1CC2C(C#N)C12,CCN1CC2C(C#N)C21,rdkit_canonicalization
qm9_cn_subset:114564,114564,11691,smiles,CCC1CC2NC12C#C,C#CC12NC1CC2CC,rdkit_canonicalization
qm9_cn_subset:114568,114568,11693,smiles,CCC1CN2CC12C#C,C#CC12CN1CC2CC,rdkit_canonicalization
qm9_cn_subset:114573,114573,11696,smiles,CCN1CC2CC12C#N,CCN1CC2CC21C#N,rdkit_canonicalization
qm9_cn_subset:114760,114760,11699,smiles,CCC1CC2NC2C=C1,CCC1C=CC2NC2C1,rdkit_canonicalization
qm9_cn_subset:114925,114925,11700,smiles,CCC1CC=C(C1)C#N,CCC1CC=C(C#N)C1,rdkit_canonicalization
qm9_cn_subset:114926,114926,11701,smiles,CCC1CN=C(N1)C#N,CCC1CN=C(C#N)N1,rdkit_canonicalization
qm9_cn_subset:114929,114929,11702,smiles,CCN1CC=C(C1)C#N,CCN1CC=C(C#N)C1,rdkit_canonicalization
qm9_cn_subset:115010,115010,11703,smiles,CCC1CC=CC11CN1,CCC1CC=CC12CN2,rdkit_canonicalization
qm9_cn_subset:115030,115030,11707,smiles,NCC1NC=NC1C#N,N#CC1N=CNC1CN,rdkit_canonicalization
qm9_cn_subset:115250,115250,11709,smiles,CCC1CCC(=C1)C#N,CCC1C=C(C#N)CC1,rdkit_canonicalization
qm9_cn_subset:115251,115251,11710,smiles,CCC1CNC(=N1)C#N,CCC1CNC(C#N)=N1,rdkit_canonicalization
qm9_cn_subset:115411,115411,11711,smiles,CCC1CCC(C1)C#N,CCC1CCC(C#N)C1,rdkit_canonicalization
qm9_cn_subset:115412,115412,11712,smiles,CCC1CCC(N1)C#N,CCC1CCC(C#N)N1,rdkit_canonicalization
qm9_cn_subset:115415,115415,11713,smiles,CCC1CNC(C1)C#N,CCC1CNC(C#N)C1,rdkit_canonicalization
qm9_cn_subset:116548,116548,11733,smiles,CCN=C(NC=N)C#N,CCN=C(C#N)NC=N,rdkit_canonicalization
qm9_cn_subset:117495,117495,11750,smiles,CCNC(=NCC)C#N,CCN=C(C#N)NCC,rdkit_canonicalization
qm9_cn_subset:117501,117501,11751,smiles,CCCC(C#N)C#CC,CC#CC(C#N)CCC,rdkit_canonicalization
qm9_cn_subset:117502,117502,11752,smiles,CCNC(C#N)C#CC,CC#CC(C#N)NCC,rdkit_canonicalization
qm9_cn_subset:117557,117557,11757,smiles,CCCC(C#C)N1CC1,C#CC(CCC)N1CC1,rdkit_canonicalization
qm9_cn_subset:117591,117591,11763,smiles,CCCC(C)(C#C)C#N,C#CC(C)(C#N)CCC,rdkit_canonicalization
qm9_cn_subset:117593,117593,11765,smiles,CCCC(N)(C#C)C#N,C#CC(N)(C#N)CCC,rdkit_canonicalization
qm9_cn_subset:117598,117598,11767,smiles,CCNC(C)(C#C)C#N,C#CC(C)(C#N)NCC,rdkit_canonicalization
qm9_cn_subset:117604,117604,11770,smiles,CNCC(N)(C#C)C#N,C#CC(N)(C#N)CNC,rdkit_canonicalization
qm9_cn_subset:117765,117765,11773,smiles,CCCC(C)(CC)C#N,CCCC(C)(C#N)CC,rdkit_canonicalization
qm9_cn_subset:117768,117768,11774,smiles,CCCC(C)(NC)C#N,CCCC(C)(C#N)NC,rdkit_canonicalization
qm9_cn_subset:117771,117771,11775,smiles,CCCC(N)(CC)C#N,CCCC(N)(C#N)CC,rdkit_canonicalization
qm9_cn_subset:117772,117772,11776,smiles,CCCC(N)(CN)C#N,CCCC(N)(C#N)CN,rdkit_canonicalization
qm9_cn_subset:117779,117779,11777,smiles,CCNC(C)(CC)C#N,CCNC(C)(C#N)CC,rdkit_canonicalization
qm9_cn_subset:117780,117780,11778,smiles,CCNC(C)(CN)C#N,CCNC(C)(C#N)CN,rdkit_canonicalization
qm9_cn_subset:117789,117789,11779,smiles,CNCC(C)(NC)C#N,CNCC(C)(C#N)NC,rdkit_canonicalization
qm9_cn_subset:117791,117791,11780,smiles,CNCC(N)(CN)C#N,CNCC(N)(C#N)CN,rdkit_canonicalization
qm9_cn_subset:118370,118370,11791,smiles,CCCC(CC#C)C#N,C#CCC(C#N)CCC,rdkit_canonicalization
qm9_cn_subset:118371,118371,11792,smiles,CCCC(CC#N)C#C,C#CC(CC#N)CCC,rdkit_canonicalization
qm9_cn_subset:118372,118372,11793,smiles,CCCC(CC#N)C#N,CCCC(C#N)CC#N,rdkit_canonicalization
qm9_cn_subset:118373,118373,11794,smiles,CCNC(CC#C)C#N,C#CCC(C#N)NCC,rdkit_canonicalization
qm9_cn_subset:118374,118374,11795,smiles,CCNC(CC#N)C#C,C#CC(CC#N)NCC,rdkit_canonicalization
qm9_cn_subset:118375,118375,11796,smiles,CCNC(CC#N)C#N,CCNC(C#N)CC#N,rdkit_canonicalization
qm9_cn_subset:118380,118380,11797,smiles,CNCC(CC#N)C#N,CNCC(C#N)CC#N,rdkit_canonicalization
qm9_cn_subset:118642,118642,11800,smiles,CCCC(CCC)C#N,CCCC(C#N)CCC,rdkit_canonicalization
qm9_cn_subset:118647,118647,11801,smiles,CCCC(NCC)C#N,CCCC(C#N)NCC,rdkit_canonicalization
qm9_cn_subset:118651,118651,11802,smiles,CCNC(CNC)C#N,CCNC(C#N)CNC,rdkit_canonicalization
qm9_cn_subset:118795,118795,11805,smiles,CCCC1(C)NC1C#C,C#CC1NC1(C)CCC,rdkit_canonicalization
qm9_cn_subset:118871,118871,11808,smiles,CCCC1(C)CC2NC12,CCCC1(C)CC2NC21,rdkit_canonicalization
qm9_cn_subset:118873,118873,11809,smiles,CCCC1(C)CN2CC12,CCCC1(C)CN2CC21,rdkit_canonicalization
qm9_cn_subset:119104,119104,11813,smiles,CCCC1(CN1)C#CC,CC#CC1(CCC)CN1,rdkit_canonicalization
qm9_cn_subset:119157,119157,11814,smiles,CCCC1(CC1)N1CC1,CCCC1(N2CC2)CC1,rdkit_canonicalization
qm9_cn_subset:119158,119158,11815,smiles,CCCC1(CN1)C1CN1,CCCC1(C2CN2)CN1,rdkit_canonicalization
qm9_cn_subset:119190,119190,11816,smiles,CCCC1(CC1C)C#N,CCCC1(C#N)CC1C,rdkit_canonicalization
qm9_cn_subset:119193,119193,11817,smiles,CCCC1(CN1C)C#C,C#CC1(CCC)CN1C,rdkit_canonicalization
qm9_cn_subset:119194,119194,11818,smiles,CCCC1(CN1C)C#N,CCCC1(C#N)CN1C,rdkit_canonicalization
qm9_cn_subset:119195,119195,11819,smiles,CCCC1(NC1C)C#C,C#CC1(CCC)NC1C,rdkit_canonicalization
qm9_cn_subset:119196,119196,11820,smiles,CCCC1(NC1C)C#N,CCCC1(C#N)NC1C,rdkit_canonicalization
qm9_cn_subset:119199,119199,11821,smiles,CCNC1(CC1C)C#N,CCNC1(C#N)CC1C,rdkit_canonicalization
qm9_cn_subset:119200,119200,11822,smiles,CCNC1(CC1N)C#N,CCNC1(C#N)CC1N,rdkit_canonicalization
qm9_cn_subset:119209,119209,11823,smiles,CNCC1(NC1C)C#N,CNCC1(C#N)NC1C,rdkit_canonicalization
qm9_cn_subset:119279,119279,11824,smiles,CCCC1(CCC1)C#N,CCCC1(C#N)CCC1,rdkit_canonicalization
qm9_cn_subset:119280,119280,11825,smiles,CCCC1(CCN1)C#N,CCCC1(C#N)CCN1,rdkit_canonicalization
qm9_cn_subset:119285,119285,11826,smiles,CCNC1(CCC1)C#N,CCNC1(C#N)CCC1,rdkit_canonicalization
qm9_cn_subset:119286,119286,11827,smiles,CCNC1(CNC1)C#N,CCNC1(C#N)CNC1,rdkit_canonicalization
qm9_cn_subset:119293,119293,11828,smiles,CNCC1(CCN1)C#N,CNCC1(C#N)CCN1,rdkit_canonicalization
qm9_cn_subset:119323,119323,11829,smiles,CCCC12C3C4C(C13)N24,CCCC12C3C4C(C31)N42,rdkit_canonicalization
qm9_cn_subset:119324,119324,11830,smiles,CCCC12C3C4C1N4C23,CCCC12C3C4C1N4C32,rdkit_canonicalization
qm9_cn_subset:119326,119326,11831,smiles,CCCC12C3C4C3N1C24,CCCC12C3C4C3N1C42,rdkit_canonicalization
qm9_cn_subset:119338,119338,11832,smiles,CCCC12C3CC1CN23,CCCC12C3CC1N2C3,rdkit_canonicalization
qm9_cn_subset:119482,119482,11834,smiles,CCCC12CC1C1CN21,CCCC12CC1C1CN12,rdkit_canonicalization
qm9_cn_subset:119483,119483,11835,smiles,CCCC12CC1C1NC21,CCCC12CC1C1NC12,rdkit_canonicalization
qm9_cn_subset:119485,119485,11836,smiles,CCCC12CC1N1CC21,CCCC12CC1N1CC12,rdkit_canonicalization
qm9_cn_subset:119486,119486,11837,smiles,CCCC12CN1C1CC21,CCCC12CN1C1CC12,rdkit_canonicalization
qm9_cn_subset:119487,119487,11838,smiles,CCCC12NC1C1CC21,CCCC12NC1C1CC12,rdkit_canonicalization
qm9_cn_subset:119488,119488,11839,smiles,CCCC12NC1C1NC21,CCCC12NC1C1NC12,rdkit_canonicalization
qm9_cn_subset:119591,119591,11841,smiles,CCCC12NC1CC=C2,CCCC12C=CCC1N2,rdkit_canonicalization
qm9_cn_subset:119636,119636,11842,smiles,CCCC12CC3C(C1)N23,CCCC12CC3C(C1)N32,rdkit_canonicalization
qm9_cn_subset:119650,119650,11844,smiles,CCCC12CC3C1CN23,CCCC12CC3C1CN32,rdkit_canonicalization
qm9_cn_subset:119652,119652,11845,smiles,CCCC12CN3C1CC23,CCCC12CN3C1CC32,rdkit_canonicalization
qm9_cn_subset:119653,119653,11846,smiles,CCCC12NC3C1NC23,CCCC12NC3C1NC32,rdkit_canonicalization
qm9_cn_subset:119680,119680,11847,smiles,CCCC12CC3CC1N23,CCCC12CC3CC1N32,rdkit_canonicalization
qm9_cn_subset:119681,119681,11848,smiles,CCCC12CC3CN1C23,CCCC12CC3CN1C32,rdkit_canonicalization
qm9_cn_subset:119683,119683,11849,smiles,CCCC12CN3CC1C23,CCCC12CN3CC1C32,rdkit_canonicalization
qm9_cn_subset:119922,119922,11854,smiles,CCCC1C(C#C)N1C,C#CC1C(CCC)N1C,rdkit_canonicalization
qm9_cn_subset:119928,119928,11857,smiles,CCCN1C(C)C1C#C,C#CC1C(C)N1CCC,rdkit_canonicalization
qm9_cn_subset:120044,120044,11862,smiles,CCCC1C2C3C1CN23,CCCC1C2CN3C1C23,rdkit_canonicalization
qm9_cn_subset:120046,120046,11863,smiles,CCCC1C2C3CC1N23,CCCC1C2CC3C1N23,rdkit_canonicalization
qm9_cn_subset:120069,120069,11867,smiles,CCCN1C2C3CC2C13,CCCN1C2C3CC2C31,rdkit_canonicalization
qm9_cn_subset:120070,120070,11868,smiles,CCCN1C2C3NC2C13,CCCN1C2C3NC2C31,rdkit_canonicalization
qm9_cn_subset:120090,120090,11872,smiles,CCCN1C2C3CC3C12,CCCN1C2C3CC3C21,rdkit_canonicalization
qm9_cn_subset:120091,120091,11873,smiles,CCCN1C2C3NC3C12,CCCN1C2C3NC3C21,rdkit_canonicalization
qm9_cn_subset:120514,120514,11877,smiles,CCCC1CC(C1)C#N,CCCC1CC(C#N)C1,rdkit_canonicalization
qm9_cn_subset:120515,120515,11878,smiles,CCCC1CC(N1)C#N,CCCC1CC(C#N)N1,rdkit_canonicalization
qm9_cn_subset:120518,120518,11879,smiles,CCCN1CC(C1)C#N,CCCN1CC(C#N)C1,rdkit_canonicalization
qm9_cn_subset:120577,120577,11882,smiles,CCCC1NC1(C)C#C,C#CC1(C)NC1CCC,rdkit_canonicalization
qm9_cn_subset:120581,120581,11884,smiles,CCCN1CC1(C)C#C,C#CC1(C)CN1CCC,rdkit_canonicalization
qm9_cn_subset:120682,120682,11887,smiles,CCCC1NC1C#CC,CC#CC1NC1CCC,rdkit_canonicalization
qm9_cn_subset:120684,120684,11888,smiles,CCCN1CC1C#CC,CC#CC1CN1CCC,rdkit_canonicalization
qm9_cn_subset:120788,120788,11894,smiles,CCCC1CN1CC#C,C#CCN1CC1CCC,rdkit_canonicalization
qm9_cn_subset:120793,120793,11897,smiles,CCCN1CC1CC#C,C#CCC1CN1CCC,rdkit_canonicalization
qm9_cn_subset:121435,121435,11903,smiles,CCCN=C(NC)C#N,CCCN=C(C#N)NC,rdkit_canonicalization
qm9_cn_subset:121768,121768,11907,smiles,CCCNC(=NC)C#N,CCCNC(C#N)=NC,rdkit_canonicalization
qm9_cn_subset:121771,121771,11908,smiles,CCCCC(C#C)C#N,C#CC(C#N)CCCC,rdkit_canonicalization
qm9_cn_subset:121773,121773,11910,smiles,CCCNC(C#C)C#N,C#CC(C#N)NCCC,rdkit_canonicalization
qm9_cn_subset:122070,122070,11919,smiles,CCCCC(CC)C#N,CCCCC(C#N)CC,rdkit_canonicalization
qm9_cn_subset:122073,122073,11920,smiles,CCCCC(NC)C#N,CCCCC(C#N)NC,rdkit_canonicalization
qm9_cn_subset:122076,122076,11921,smiles,CCCNC(CC)C#N,CCCNC(C#N)CC,rdkit_canonicalization
qm9_cn_subset:122077,122077,11922,smiles,CCCNC(CN)C#N,CCCNC(C#N)CN,rdkit_canonicalization
qm9_cn_subset:122084,122084,11923,smiles,CCNCC(NC)C#N,CCNCC(C#N)NC,rdkit_canonicalization
qm9_cn_subset:122236,122236,11925,smiles,CCCCC1(CC1)C#N,CCCCC1(C#N)CC1,rdkit_canonicalization
qm9_cn_subset:122237,122237,11926,smiles,CCCCC1(CN1)C#C,C#CC1(CCCC)CN1,rdkit_canonicalization
qm9_cn_subset:122238,122238,11927,smiles,CCCCC1(CN1)C#N,CCCCC1(C#N)CN1,rdkit_canonicalization
qm9_cn_subset:122241,122241,11928,smiles,CCCNC1(CC1)C#N,CCCNC1(C#N)CC1,rdkit_canonicalization
qm9_cn_subset:122244,122244,11929,smiles,CCNCC1(CN1)C#N,CCNCC1(C#N)CN1,rdkit_canonicalization
qm9_cn_subset:122455,122455,11935,smiles,CCCCC1NC1C#C,C#CC1NC1CCCC,rdkit_canonicalization
qm9_cn_subset:122459,122459,11937,smiles,CCCCN1CC1C#C,C#CC1CN1CCCC,rdkit_canonicalization
qm9_cn_subset:123274,123274,11951,smiles,C#CC#CC1=CC=NN1,C#CC#Cc1ccn[nH]1,rdkit_canonicalization
qm9_cn_subset:123277,123277,11952,smiles,C#CC#CC1=CNN=C1,C#CC#Cc1cn[nH]c1,rdkit_canonicalization
qm9_cn_subset:123278,123278,11953,smiles,C#CC#CC1=CNN=N1,C#CC#Cc1c[nH]nn1,rdkit_canonicalization
qm9_cn_subset:123282,123282,11954,smiles,C#CC#CC1=NNC=C1,C#CC#Cc1cc[nH]n1,rdkit_canonicalization
qm9_cn_subset:123283,123283,11955,smiles,C#CC#CC1=NNC=N1,C#CC#Cc1nc[nH]n1,rdkit_canonicalization
qm9_cn_subset:123284,123284,11956,smiles,C#CC#CC1=NNN=C1,C#CC#Cc1cn[nH]n1,rdkit_canonicalization
qm9_cn_subset:123285,123285,11957,smiles,C#CC#CC1=NNN=N1,C#CC#Cc1nn[nH]n1,rdkit_canonicalization
qm9_cn_subset:123290,123290,11958,smiles,C#CC1=C(C=NN1)C#C,C#Cc1cn[nH]c1C#C,rdkit_canonicalization
qm9_cn_subset:123291,123291,11959,smiles,C#CC1=C(C=NN1)C#N,C#Cc1[nH]ncc1C#N,rdkit_canonicalization
qm9_cn_subset:123294,123294,11960,smiles,C#CC1=C(N=NN1)C#C,C#Cc1nn[nH]c1C#C,rdkit_canonicalization
qm9_cn_subset:123297,123297,11961,smiles,C#CC1=C(NN=C1)C#N,C#Cc1cn[nH]c1C#N,rdkit_canonicalization
qm9_cn_subset:123300,123300,11962,smiles,C#CC1=C2CCN2N=C1,C#Cc1cnn2c1CC2,rdkit_canonicalization
qm9_cn_subset:123301,123301,11963,smiles,C#CC1=C2CCN2N=N1,C#Cc1nnn2c1CC2,rdkit_canonicalization
qm9_cn_subset:123302,123302,11964,smiles,C#CC1=CC(=NN1)C#C,C#Cc1cc(C#C)[nH]n1,rdkit_canonicalization
qm9_cn_subset:123303,123303,11965,smiles,C#CC1=CC(=NN1)C#N,C#Cc1cc(C#N)n[nH]1,rdkit_canonicalization
qm9_cn_subset:123306,123306,11966,smiles,C#CC1=CNN=C1C#C,C#Cc1c[nH]nc1C#C,rdkit_canonicalization
qm9_cn_subset:123307,123307,11967,smiles,C#CC1=CNN=C1C#N,C#Cc1c[nH]nc1C#N,rdkit_canonicalization
qm9_cn_subset:123312,123312,11968,smiles,C#CC1=NN2CCC2=C1,C#Cc1cc2n(n1)CC2,rdkit_canonicalization
qm9_cn_subset:123313,123313,11969,smiles,C#CC1=NN2CCC2=N1,C#Cc1nc2n(n1)CC2,rdkit_canonicalization
qm9_cn_subset:123314,123314,11970,smiles,C#CC1=NN=C(N1)C#C,C#Cc1nnc(C#C)[nH]1,rdkit_canonicalization
qm9_cn_subset:123316,123316,11971,smiles,C#CC1=NNC(=C1)C#N,C#Cc1cc(C#N)[nH]n1,rdkit_canonicalization
qm9_cn_subset:123317,123317,11972,smiles,C#CC1=NNC=C1C#N,C#Cc1n[nH]cc1C#N,rdkit_canonicalization
qm9_cn_subset:123318,123318,11973,smiles,C#CC1=NNN=C1C#C,C#Cc1n[nH]nc1C#C,rdkit_canonicalization
qm9_cn_subset:123319,123319,11974,smiles,C#CC1=NNN=C1C#N,C#Cc1n[nH]nc1C#N,rdkit_canonicalization
qm9_cn_subset:123325,123325,11975,smiles,C#CC1CC2=CC=NN12,C#CC1Cc2ccnn21,rdkit_canonicalization
qm9_cn_subset:123326,123326,11976,smiles,C#CC1CC2=CN=NN12,C#CC1Cc2cnnn21,rdkit_canonicalization
qm9_cn_subset:123327,123327,11977,smiles,C#CC1CC2=NC=NN12,C#CC1Cc2ncnn21,rdkit_canonicalization
qm9_cn_subset:123328,123328,11978,smiles,C#CC1CN2N=CC=C12,C#CC1Cn2nccc21,rdkit_canonicalization
qm9_cn_subset:123329,123329,11979,smiles,C#CC1CN2N=CN=C12,C#CC1Cn2ncnc21,rdkit_canonicalization
qm9_cn_subset:123330,123330,11980,smiles,C#CC1CN2N=NC=C12,C#CC1Cn2nncc21,rdkit_canonicalization
qm9_cn_subset:123331,123331,11981,smiles,C#CCC1=CN=CN=N1,C#CCc1cncnn1,rdkit_canonicalization
qm9_cn_subset:123332,123332,11982,smiles,C#CCC1=CN=NC=N1,C#CCc1cnncn1,rdkit_canonicalization
qm9_cn_subset:123333,123333,11983,smiles,C#CCC1=CN=NN=N1,C#CCc1cnnnn1,rdkit_canonicalization
qm9_cn_subset:123334,123334,11984,smiles,C#CCC1=NC=CN=N1,C#CCc1nccnn1,rdkit_canonicalization
qm9_cn_subset:123335,123335,11985,smiles,C#CCC1=NC=NN=N1,C#CCc1ncnnn1,rdkit_canonicalization
qm9_cn_subset:123336,123336,11986,smiles,C#CCCC1=CC=NN1,C#CCCc1ccn[nH]1,rdkit_canonicalization
qm9_cn_subset:123338,123338,11987,smiles,C#CCCC1=CN=NN1,C#CCCc1cnn[nH]1,rdkit_canonicalization
qm9_cn_subset:123340,123340,11988,smiles,C#CCCC1=CNN=C1,C#CCCc1cn[nH]c1,rdkit_canonicalization
qm9_cn_subset:123341,123341,11989,smiles,C#CCCC1=CNN=N1,C#CCCc1c[nH]nn1,rdkit_canonicalization
qm9_cn_subset:123344,123344,11990,smiles,C#CCCC1=NC=NN1,C#CCCc1ncn[nH]1,rdkit_canonicalization
qm9_cn_subset:123346,123346,11991,smiles,C#CCCC1=NNC=C1,C#CCCc1cc[nH]n1,rdkit_canonicalization
qm9_cn_subset:123347,123347,11992,smiles,C#CCCC1=NNC=N1,C#CCCc1nc[nH]n1,rdkit_canonicalization
qm9_cn_subset:123348,123348,11993,smiles,C#CCCC1=NNN=C1,C#CCCc1cn[nH]n1,rdkit_canonicalization
qm9_cn_subset:123349,123349,11994,smiles,C#CCCC1=NNN=N1,C#CCCc1nn[nH]n1,rdkit_canonicalization
qm9_cn_subset:123354,123354,11995,smiles,C#CCCN1C=CC=N1,C#CCCn1cccn1,rdkit_canonicalization
qm9_cn_subset:123355,123355,11996,smiles,C#CCCN1C=CN=N1,C#CCCn1ccnn1,rdkit_canonicalization
qm9_cn_subset:123356,123356,11997,smiles,C#CCCN1C=NC=N1,C#CCCn1cncn1,rdkit_canonicalization
qm9_cn_subset:123357,123357,11998,smiles,C#CCCN1C=NN=C1,C#CCCn1cnnc1,rdkit_canonicalization
qm9_cn_subset:123358,123358,11999,smiles,C#CCCN1C=NN=N1,C#CCCn1cnnn1,rdkit_canonicalization
qm9_cn_subset:123359,123359,12000,smiles,C#CCCN1N=CC=N1,C#CCCn1nccn1,rdkit_canonicalization
qm9_cn_subset:123360,123360,12001,smiles,C#CCCN1N=CN=N1,C#CCCn1ncnn1,rdkit_canonicalization
qm9_cn_subset:123361,123361,12002,smiles,C#CCCN1N=NN=N1,C#CCCn1nnnn1,rdkit_canonicalization
qm9_cn_subset:123362,123362,12003,smiles,C#CCN=C1NC=NN1,C#CCN=c1[nH]cn[nH]1,rdkit_canonicalization
qm9_cn_subset:123364,123364,12004,smiles,C#CCN=C1NN=NN1,C#CCN=c1[nH]nn[nH]1,rdkit_canonicalization
qm9_cn_subset:123367,123367,12005,smiles,C#CCNC1=CC=NN1,C#CCNc1ccn[nH]1,rdkit_canonicalization
qm9_cn_subset:123369,123369,12006,smiles,C#CCNC1=CN=NN1,C#CCNc1cnn[nH]1,rdkit_canonicalization
qm9_cn_subset:123371,123371,12007,smiles,C#CCNC1=CNN=C1,C#CCNc1cn[nH]c1,rdkit_canonicalization
qm9_cn_subset:123372,123372,12008,smiles,C#CCNC1=CNN=N1,C#CCNc1c[nH]nn1,rdkit_canonicalization
qm9_cn_subset:123375,123375,12009,smiles,C#CCNC1=NC=NN1,C#CCNc1ncn[nH]1,rdkit_canonicalization
qm9_cn_subset:123377,123377,12010,smiles,C#CCNC1=NNC=C1,C#CCNc1cc[nH]n1,rdkit_canonicalization
qm9_cn_subset:123378,123378,12011,smiles,C#CCNC1=NNC=N1,C#CCNc1nc[nH]n1,rdkit_canonicalization
qm9_cn_subset:123379,123379,12012,smiles,C#CCNC1=NNN=C1,C#CCNc1cn[nH]n1,rdkit_canonicalization
qm9_cn_subset:123380,123380,12013,smiles,C#CCNC1=NNN=N1,C#CCNc1nn[nH]n1,rdkit_canonicalization
qm9_cn_subset:123400,123400,12014,smiles,C(C1CC1)C1=CC=NN1,c1cc(CC2CC2)[nH]n1,rdkit_canonicalization
qm9_cn_subset:123402,123402,12015,smiles,C(C1CC1)C1=CN=NN1,c1nn[nH]c1CC1CC1,rdkit_canonicalization
qm9_cn_subset:123404,123404,12016,smiles,C1CC1CC1=CNN=C1,c1n[nH]cc1CC1CC1,rdkit_canonicalization
qm9_cn_subset:123405,123405,12017,smiles,C(C1CC1)C1=CNN=N1,c1[nH]nnc1CC1CC1,rdkit_canonicalization
qm9_cn_subset:123408,123408,12018,smiles,C(C1CC1)C1=NC=NN1,c1n[nH]c(CC2CC2)n1,rdkit_canonicalization
qm9_cn_subset:123410,123410,12019,smiles,C(C1CC1)C1=NNC=C1,c1cc(CC2CC2)n[nH]1,rdkit_canonicalization
qm9_cn_subset:123411,123411,12020,smiles,C(C1CC1)C1=NNC=N1,c1nc(CC2CC2)n[nH]1,rdkit_canonicalization
qm9_cn_subset:123412,123412,12021,smiles,C(C1CC1)C1=NNN=C1,c1n[nH]nc1CC1CC1,rdkit_canonicalization
qm9_cn_subset:123413,123413,12022,smiles,C(C1CC1)C1=NNN=N1,C1CC1Cc1nn[nH]n1,rdkit_canonicalization
qm9_cn_subset:123418,123418,12023,smiles,C(C1CC1)N1C=CC=N1,c1cnn(CC2CC2)c1,rdkit_canonicalization
qm9_cn_subset:123419,123419,12024,smiles,C(C1CC1)N1C=CN=N1,c1cn(CC2CC2)nn1,rdkit_canonicalization
qm9_cn_subset:123420,123420,12025,smiles,C(C1CC1)N1C=NC=N1,c1ncn(CC2CC2)n1,rdkit_canonicalization
qm9_cn_subset:123421,123421,12026,smiles,C(C1CC1)N1C=NN=C1,c1nncn1CC1CC1,rdkit_canonicalization
qm9_cn_subset:123422,123422,12027,smiles,C(C1CC1)N1C=NN=N1,c1nnnn1CC1CC1,rdkit_canonicalization
qm9_cn_subset:123423,123423,12028,smiles,C(C1CC1)N1N=CC=N1,c1cnn(CC2CC2)n1,rdkit_canonicalization
qm9_cn_subset:123424,123424,12029,smiles,C(C1CC1)N1N=CN=N1,c1nnn(CC2CC2)n1,rdkit_canonicalization
qm9_cn_subset:123425,123425,12030,smiles,C(C1CC1)N1N=NN=N1,C1CC1Cn1nnnn1,rdkit_canonicalization
qm9_cn_subset:123426,123426,12031,smiles,C(C1CN1)C1=CC=NN1,c1cc(CC2CN2)[nH]n1,rdkit_canonicalization
qm9_cn_subset:123428,123428,12032,smiles,C(C1CN1)C1=CN=NN1,c1nn[nH]c1CC1CN1,rdkit_canonicalization
qm9_cn_subset:123430,123430,12033,smiles,C(C1CN1)C1=CNN=C1,c1n[nH]cc1CC1CN1,rdkit_canonicalization
qm9_cn_subset:123431,123431,12034,smiles,C(C1CN1)C1=CNN=N1,c1[nH]nnc1CC1CN1,rdkit_canonicalization
qm9_cn_subset:123434,123434,12035,smiles,C(C1CN1)C1=NC=NN1,c1n[nH]c(CC2CN2)n1,rdkit_canonicalization
qm9_cn_subset:123436,123436,12036,smiles,C(C1CN1)C1=NNC=C1,c1cc(CC2CN2)n[nH]1,rdkit_canonicalization
qm9_cn_subset:123437,123437,12037,smiles,C(C1CN1)C1=NNC=N1,c1nc(CC2CN2)n[nH]1,rdkit_canonicalization
qm9_cn_subset:123438,123438,12038,smiles,C(C1CN1)C1=NNN=C1,c1n[nH]nc1CC1CN1,rdkit_canonicalization
qm9_cn_subset:123439,123439,12039,smiles,C(C1CN1)C1=NNN=N1,C1NC1Cc1nn[nH]n1,rdkit_canonicalization
qm9_cn_subset:123444,123444,12040,smiles,C(C1CN1)N1C=CC=N1,c1cnn(CC2CN2)c1,rdkit_canonicalization
qm9_cn_subset:123445,123445,12041,smiles,C(C1CN1)N1C=CN=N1,c1cn(CC2CN2)nn1,rdkit_canonicalization
qm9_cn_subset:123446,123446,12042,smiles,C(C1CN1)N1C=NC=N1,c1ncn(CC2CN2)n1,rdkit_canonicalization
qm9_cn_subset:123447,123447,12043,smiles,C(C1CN1)N1C=NN=C1,c1nncn1CC1CN1,rdkit_canonicalization
qm9_cn_subset:123448,123448,12044,smiles,C(C1CN1)N1C=NN=N1,c1nnnn1CC1CN1,rdkit_canonicalization
qm9_cn_subset:123449,123449,12045,smiles,C(C1CN1)N1N=CC=N1,c1cnn(CC2CN2)n1,rdkit_canonicalization
qm9_cn_subset:123450,123450,12046,smiles,C(C1CN1)N1N=CN=N1,c1nnn(CC2CN2)n1,rdkit_canonicalization
qm9_cn_subset:123451,123451,12047,smiles,C(C1CN1)N1N=NN=N1,C1NC1Cn1nnnn1,rdkit_canonicalization
qm9_cn_subset:123478,123478,12048,smiles,C(N1CC1)C1=CC=NN1,c1cc(CN2CC2)[nH]n1,rdkit_canonicalization
qm9_cn_subset:123480,123480,12049,smiles,C(N1CC1)C1=CN=NN1,c1nn[nH]c1CN1CC1,rdkit_canonicalization
qm9_cn_subset:123482,123482,12050,smiles,C1CN1CC1=CNN=C1,c1n[nH]cc1CN1CC1,rdkit_canonicalization
qm9_cn_subset:123483,123483,12051,smiles,C(N1CC1)C1=CNN=N1,c1[nH]nnc1CN1CC1,rdkit_canonicalization
qm9_cn_subset:123486,123486,12052,smiles,C(N1CC1)C1=NC=NN1,c1n[nH]c(CN2CC2)n1,rdkit_canonicalization
qm9_cn_subset:123488,123488,12053,smiles,C(N1CC1)C1=NNC=C1,c1cc(CN2CC2)n[nH]1,rdkit_canonicalization
qm9_cn_subset:123489,123489,12054,smiles,C(N1CC1)C1=NNC=N1,c1nc(CN2CC2)n[nH]1,rdkit_canonicalization
qm9_cn_subset:123490,123490,12055,smiles,C(N1CC1)C1=NNN=C1,c1n[nH]nc1CN1CC1,rdkit_canonicalization
qm9_cn_subset:123495,123495,12056,smiles,C1=C2C=CC=CN2N=N1,c1ccn2nncc2c1,rdkit_canonicalization
qm9_cn_subset:123496,123496,12057,smiles,C1=C2C=CC=NN2N=N1,c1cnn2nncc2c1,rdkit_canonicalization
qm9_cn_subset:123497,123497,12058,smiles,C1=C2C=CN=CN2N=N1,c1cc2cnnn2cn1,rdkit_canonicalization
qm9_cn_subset:123498,123498,12059,smiles,C1=C2C=CN=NN2N=N1,c1cc2cnnn2nn1,rdkit_canonicalization
qm9_cn_subset:123499,123499,12060,smiles,C1=C2C=NC=CN2N=N1,c1cn2nncc2cn1,rdkit_canonicalization
qm9_cn_subset:123500,123500,12061,smiles,C1=C2C=NC=NN2N=N1,c1ncc2cnnn2n1,rdkit_canonicalization
qm9_cn_subset:123501,123501,12062,smiles,C1=C2N=CC=CN2N=N1,c1cnc2cnnn2c1,rdkit_canonicalization
qm9_cn_subset:123502,123502,12063,smiles,C1=C2N=CC=NN2N=N1,c1cnn2nncc2n1,rdkit_canonicalization
qm9_cn_subset:123503,123503,12064,smiles,C1=C2N=CN=CN2N=N1,c1ncn2nncc2n1,rdkit_canonicalization
qm9_cn_subset:123504,123504,12065,smiles,C1=C2N=CN=NN2N=N1,c1nnn2nncc2n1,rdkit_canonicalization
qm9_cn_subset:123505,123505,12066,smiles,C1=CN2N=CC=CC2=C1,c1cnn2cccc2c1,rdkit_canonicalization
qm9_cn_subset:123506,123506,12067,smiles,C1=CN2N=CC=CC2=N1,c1cnn2ccnc2c1,rdkit_canonicalization
qm9_cn_subset:123507,123507,12068,smiles,C1=CN2N=CC=NC2=C1,c1cc2nccnn2c1,rdkit_canonicalization
qm9_cn_subset:123508,123508,12069,smiles,C1=CN2N=CC=NC2=N1,c1cnn2ccnc2n1,rdkit_canonicalization
qm9_cn_subset:123509,123509,12070,smiles,C1=CN2N=CN=CC2=C1,c1cc2cncnn2c1,rdkit_canonicalization
qm9_cn_subset:123510,123510,12071,smiles,C1=CN2N=CN=CC2=N1,c1cn2ncncc2n1,rdkit_canonicalization
qm9_cn_subset:123511,123511,12072,smiles,C1=CN2N=NC=CC2=C1,c1cc2ccnnn2c1,rdkit_canonicalization
qm9_cn_subset:123512,123512,12073,smiles,C1=CN2N=NC=CC2=N1,c1cc2nccn2nn1,rdkit_canonicalization
qm9_cn_subset:123513,123513,12074,smiles,C1=CN2N=NC=NC2=C1,c1cc2ncnnn2c1,rdkit_canonicalization
qm9_cn_subset:123514,123514,12075,smiles,C1=CN2N=NC=NC2=N1,c1cn2nncnc2n1,rdkit_canonicalization
qm9_cn_subset:123515,123515,12076,smiles,C1=NC=C2C=CC=NN12,c1cnn2cncc2c1,rdkit_canonicalization
qm9_cn_subset:123516,123516,12077,smiles,C1=NC=C2C=CN=NN12,c1cc2cncn2nn1,rdkit_canonicalization
qm9_cn_subset:123517,123517,12078,smiles,C1=NC=C2C=NC=NN12,c1ncc2cncn2n1,rdkit_canonicalization
qm9_cn_subset:123518,123518,12079,smiles,C1=NC=C2N=CC=NN12,c1cnn2cncc2n1,rdkit_canonicalization
qm9_cn_subset:123519,123519,12080,smiles,C1=NC=C2N=CN=NN12,c1nnn2cncc2n1,rdkit_canonicalization
qm9_cn_subset:123520,123520,12081,smiles,C1=NN2C=CC=CC2=C1,c1ccn2nccc2c1,rdkit_canonicalization
qm9_cn_subset:123521,123521,12082,smiles,C1=NN2C=CC=CC2=N1,c1ccn2ncnc2c1,rdkit_canonicalization
qm9_cn_subset:123522,123522,12083,smiles,C1=NN2C=CC=NC2=C1,c1cnc2ccnn2c1,rdkit_canonicalization
qm9_cn_subset:123523,123523,12084,smiles,C1=NN2C=CC=NC2=N1,c1cnc2ncnn2c1,rdkit_canonicalization
qm9_cn_subset:123524,123524,12085,smiles,C1=NN2C=CN=CC2=C1,c1cn2nccc2cn1,rdkit_canonicalization
qm9_cn_subset:123525,123525,12086,smiles,C1=NN2C=CN=CC2=N1,c1cn2ncnc2cn1,rdkit_canonicalization
qm9_cn_subset:123526,123526,12087,smiles,C1=NN2C=NC=CC2=C1,c1cc2ccnn2cn1,rdkit_canonicalization
qm9_cn_subset:123527,123527,12088,smiles,C1=NN2C=NC=CC2=N1,c1cc2ncnn2cn1,rdkit_canonicalization
qm9_cn_subset:123528,123528,12089,smiles,C1=NN2C=NC=NC2=C1,c1ncn2nccc2n1,rdkit_canonicalization
qm9_cn_subset:123529,123529,12090,smiles,C1=NN2C=NC=NC2=N1,c1ncn2ncnc2n1,rdkit_canonicalization
qm9_cn_subset:123530,123530,12091,smiles,C1=NN2N=CC=CC2=C1,c1cnn2nccc2c1,rdkit_canonicalization
qm9_cn_subset:123531,123531,12092,smiles,C1=NN2N=CC=CC2=N1,c1cnn2ncnc2c1,rdkit_canonicalization
qm9_cn_subset:123532,123532,12093,smiles,C1=NN2N=CC=NC2=C1,c1cnn2nccc2n1,rdkit_canonicalization
qm9_cn_subset:123533,123533,12094,smiles,C1=NN2N=CC=NC2=N1,c1cnn2ncnc2n1,rdkit_canonicalization
qm9_cn_subset:123534,123534,12095,smiles,C1=NN2N=CN=CC2=C1,c1cc2cncnn2n1,rdkit_canonicalization
qm9_cn_subset:123535,123535,12096,smiles,C1=NN2N=CN=CC2=N1,c1ncc2ncnn2n1,rdkit_canonicalization
qm9_cn_subset:123536,123536,12097,smiles,C1=NN2N=NC=CC2=C1,c1cc2ccnn2nn1,rdkit_canonicalization
qm9_cn_subset:123537,123537,12098,smiles,C1=NN2N=NC=CC2=N1,c1cc2ncnn2nn1,rdkit_canonicalization
qm9_cn_subset:123538,123538,12099,smiles,C1=NN2N=NC=NC2=C1,c1nnn2nccc2n1,rdkit_canonicalization
qm9_cn_subset:123539,123539,12100,smiles,C1=NN2N=NC=NC2=N1,c1nnn2ncnc2n1,rdkit_canonicalization
qm9_cn_subset:123540,123540,12101,smiles,C1C2C=CC3=C2N1N=C3,C1=CC2Cn3ncc1c32,rdkit_canonicalization
qm9_cn_subset:123541,123541,12102,smiles,C1C2C=CC3=C2N1N=N3,C1=CC2Cn3nnc1c32,rdkit_canonicalization
qm9_cn_subset:123542,123542,12103,smiles,C1C2CC1C1=C2NN=C1,c1n[nH]c2c1C1CC2C1,rdkit_canonicalization
qm9_cn_subset:123543,123543,12104,smiles,C1C2CC1C1=C2NN=N1,C1C2CC1c1[nH]nnc12,rdkit_canonicalization
qm9_cn_subset:123546,123546,12105,smiles,C1C2CC1C1=CC=NN21,c1cc2n(n1)C1CC2C1,rdkit_canonicalization
qm9_cn_subset:123547,123547,12106,smiles,C1C2CC1C1=CN=NN21,c1nnn2c1C1CC2C1,rdkit_canonicalization
qm9_cn_subset:123548,123548,12107,smiles,C1C2CC1C1=NC=NN21,c1nc2n(n1)C1CC2C1,rdkit_canonicalization
qm9_cn_subset:123549,123549,12108,smiles,C1C2CC1C1=NNC=C21,c1[nH]nc2c1C1CC2C1,rdkit_canonicalization
qm9_cn_subset:123550,123550,12109,smiles,C1C2CC1C1=NNN=C21,C1C2CC1c1n[nH]nc12,rdkit_canonicalization
qm9_cn_subset:123553,123553,12110,smiles,C1C2CC3=C(C=NN3)C12,c1n[nH]c2c1C1CC1C2,rdkit_canonicalization
qm9_cn_subset:123554,123554,12111,smiles,C1C2CC3=C(C=NN3)N12,c1n[nH]c2c1N1CC1C2,rdkit_canonicalization
qm9_cn_subset:123557,123557,12112,smiles,C1C2CC3=C(N=NN3)C12,C1c2[nH]nnc2C2CC12,rdkit_canonicalization
qm9_cn_subset:123558,123558,12113,smiles,C1C2CC3=C(N=NN3)N12,C1c2[nH]nnc2N2CC12,rdkit_canonicalization
qm9_cn_subset:123561,123561,12114,smiles,C1C2CC3=C(NN=C3)C12,c1n[nH]c2c1CC1CC21,rdkit_canonicalization
qm9_cn_subset:123562,123562,12115,smiles,C1C2CC3=C(NN=C3)N12,c1n[nH]c2c1CC1CN21,rdkit_canonicalization
qm9_cn_subset:123563,123563,12116,smiles,C1C2CC3=C(NN=N3)C12,C1c2nn[nH]c2C2CC12,rdkit_canonicalization
qm9_cn_subset:123564,123564,12117,smiles,C1C2CC3=C(NN=N3)N12,C1c2nn[nH]c2N2CC12,rdkit_canonicalization
qm9_cn_subset:123569,123569,12118,smiles,C1C2CC3=CC=NN3C12,c1cc2n(n1)C1CC1C2,rdkit_canonicalization
qm9_cn_subset:123570,123570,12119,smiles,C1C2CC3=CN=NN3C12,c1nnn2c1CC1CC12,rdkit_canonicalization
qm9_cn_subset:123571,123571,12120,smiles,C1C2CC3=CNN=C3C12,c1[nH]nc2c1CC1CC21,rdkit_canonicalization
qm9_cn_subset:123572,123572,12121,smiles,C1C2CC3=CNN=C3N12,c1[nH]nc2c1CC1CN21,rdkit_canonicalization
qm9_cn_subset:123575,123575,12122,smiles,C1C2CC3=NC=NN3C12,c1nc2n(n1)C1CC1C2,rdkit_canonicalization
qm9_cn_subset:123576,123576,12123,smiles,C1C2CC3=NNC=C3C12,c1[nH]nc2c1C1CC1C2,rdkit_canonicalization
qm9_cn_subset:123577,123577,12124,smiles,C1C2CC3=NNC=C3N12,c1[nH]nc2c1N1CC1C2,rdkit_canonicalization
qm9_cn_subset:123578,123578,12125,smiles,C1C2CC3=NNN=C3C12,C1c2n[nH]nc2C2CC12,rdkit_canonicalization
qm9_cn_subset:123579,123579,12126,smiles,C1C2CC3=NNN=C3N12,C1c2n[nH]nc2N2CC12,rdkit_canonicalization
qm9_cn_subset:123584,123584,12127,smiles,C1C2CCC3=C2N1N=C3,c1nn2c3c1CCC3C2,rdkit_canonicalization
qm9_cn_subset:123585,123585,12128,smiles,C1C2CCC3=C2N1N=N3,C1CC2Cn3nnc1c32,rdkit_canonicalization
qm9_cn_subset:123586,123586,12129,smiles,N1=CC2=C(N3CC2C3)N1,c1n[nH]c2c1C1CN2C1,rdkit_canonicalization
qm9_cn_subset:123588,123588,12130,smiles,C1C2CN1C1=C2N=NN1,C1C2CN1c1[nH]nnc12,rdkit_canonicalization
qm9_cn_subset:123590,123590,12131,smiles,C1C2CN1C1=C2NN=C1,c1n[nH]c2c1N1CC2C1,rdkit_canonicalization
qm9_cn_subset:123591,123591,12132,smiles,C1C2CN1C1=C2NN=N1,C1C2CN1c1nn[nH]c12,rdkit_canonicalization
qm9_cn_subset:123594,123594,12133,smiles,C1C2CN1C1=CC=NN21,c1cc2n(n1)C1CN2C1,rdkit_canonicalization
qm9_cn_subset:123595,123595,12134,smiles,C1C2CN1C1=CN=NN21,c1nnn2c1N1CC2C1,rdkit_canonicalization
qm9_cn_subset:123596,123596,12135,smiles,C1C2CN1C1=CNN=C21,c1[nH]nc2c1N1CC2C1,rdkit_canonicalization
qm9_cn_subset:123598,123598,12136,smiles,C1C2CN1C1=NC=NN21,c1nc2n(n1)C1CN2C1,rdkit_canonicalization
qm9_cn_subset:123599,123599,12137,smiles,C1C2CN1C1=NNC=C21,c1[nH]nc2c1C1CN2C1,rdkit_canonicalization
qm9_cn_subset:123600,123600,12138,smiles,C1C2CN1C1=NNN=C21,C1C2CN1c1n[nH]nc12,rdkit_canonicalization
qm9_cn_subset:123603,123603,12139,smiles,C1C2CN3N=CC=C3C12,c1cc2n(n1)CC1CC21,rdkit_canonicalization
qm9_cn_subset:123604,123604,12140,smiles,C1C2CN3N=CC=C3N12,c1cc2n(n1)CC1CN21,rdkit_canonicalization
qm9_cn_subset:123605,123605,12141,smiles,C1C2CN3N=CN=C3C12,c1nc2n(n1)CC1CC21,rdkit_canonicalization
qm9_cn_subset:123606,123606,12142,smiles,C1C2CN3N=CN=C3N12,c1nc2n(n1)CC1CN21,rdkit_canonicalization
qm9_cn_subset:123607,123607,12143,smiles,C1C2CN3N=NC=C3C12,c1nnn2c1C1CC1C2,rdkit_canonicalization
qm9_cn_subset:123608,123608,12144,smiles,C1C2CN3N=NC=C3N12,c1nnn2c1N1CC1C2,rdkit_canonicalization
qm9_cn_subset:123609,123609,12145,smiles,C1C2CNC3=C2N1N=C3,c1nn2c3c1NCC3C2,rdkit_canonicalization
qm9_cn_subset:123610,123610,12146,smiles,C1C2CNC3=C2N1N=N3,C1Nc2nnn3c2C1C3,rdkit_canonicalization
qm9_cn_subset:123613,123613,12147,smiles,C1C2N1CC1=C2C=NN1,c1n[nH]c2c1C1CN1C2,rdkit_canonicalization
qm9_cn_subset:123615,123615,12148,smiles,C1C2N1CC1=C2N=NN1,C1c2[nH]nnc2C2CN12,rdkit_canonicalization
qm9_cn_subset:123617,123617,12149,smiles,C1C2N1CC1=C2NN=C1,c1n[nH]c2c1CN1CC21,rdkit_canonicalization
qm9_cn_subset:123618,123618,12150,smiles,C1C2N1CC1=C2NN=N1,C1c2nn[nH]c2C2CN12,rdkit_canonicalization
qm9_cn_subset:123621,123621,12151,smiles,C1C2N1CC1=CNN=C21,c1[nH]nc2c1CN1CC21,rdkit_canonicalization
qm9_cn_subset:123623,123623,12152,smiles,C1C2N1CC1=NNC=C21,c1[nH]nc2c1C1CN1C2,rdkit_canonicalization
qm9_cn_subset:123624,123624,12153,smiles,C1C2N1CC1=NNN=C21,C1c2n[nH]nc2C2CN12,rdkit_canonicalization
qm9_cn_subset:123627,123627,12154,smiles,C1C2NC1C1=C2NN=C1,c1n[nH]c2c1C1CC2N1,rdkit_canonicalization
qm9_cn_subset:123628,123628,12155,smiles,C1C2NC1C1=C2NN=N1,C1C2NC1c1[nH]nnc12,rdkit_canonicalization
qm9_cn_subset:123631,123631,12156,smiles,C1C2NC1C1=NNC=C21,c1[nH]nc2c1C1CC2N1,rdkit_canonicalization
qm9_cn_subset:123632,123632,12157,smiles,C1C2NC1C1=NNN=C21,C1C2NC1c1n[nH]nc12,rdkit_canonicalization
qm9_cn_subset:123635,123635,12158,smiles,C1C2NC2C2=C1C=NN2,c1n[nH]c2c1CC1NC21,rdkit_canonicalization
qm9_cn_subset:123637,123637,12159,smiles,C1C2NC2C2=C1N=NN2,C1c2nn[nH]c2C2NC12,rdkit_canonicalization
qm9_cn_subset:123639,123639,12160,smiles,C1C2NC2C2=C1NN=C2,c1n[nH]c2c1C1NC1C2,rdkit_canonicalization
qm9_cn_subset:123640,123640,12161,smiles,C1C2NC2C2=C1NN=N2,C1c2[nH]nnc2C2NC12,rdkit_canonicalization
qm9_cn_subset:123643,123643,12162,smiles,C1C2NC2C2=CC=NN12,c1cc2n(n1)CC1NC21,rdkit_canonicalization
qm9_cn_subset:123644,123644,12163,smiles,C1C2NC2C2=CN=NN12,c1nnn2c1C1NC1C2,rdkit_canonicalization
qm9_cn_subset:123645,123645,12164,smiles,C1C2NC2C2=CNN=C12,c1[nH]nc2c1C1NC1C2,rdkit_canonicalization
qm9_cn_subset:123647,123647,12165,smiles,C1C2NC2C2=NC=NN12,c1nc2n(n1)CC1NC21,rdkit_canonicalization
qm9_cn_subset:123648,123648,12166,smiles,C1C2NC2C2=NNC=C12,c1[nH]nc2c1CC1NC21,rdkit_canonicalization
qm9_cn_subset:123649,123649,12167,smiles,C1C2NC2C2=NNN=C12,C1c2n[nH]nc2C2NC12,rdkit_canonicalization
qm9_cn_subset:123652,123652,12168,smiles,C1C2NC3=C(C=NN3)C12,c1n[nH]c2c1C1CC1N2,rdkit_canonicalization
qm9_cn_subset:123654,123654,12169,smiles,C1C2NC3=C(N=NN3)C12,C1C2Nc3[nH]nnc3C12,rdkit_canonicalization
qm9_cn_subset:123656,123656,12170,smiles,C1C2NC3=C(NN=C3)C12,c1n[nH]c2c1NC1CC21,rdkit_canonicalization
qm9_cn_subset:123657,123657,12171,smiles,C1C2NC3=C(NN=N3)C12,C1C2Nc3nn[nH]c3C12,rdkit_canonicalization
qm9_cn_subset:123660,123660,12172,smiles,C1C2NC3=CC=NN3C12,c1cc2n(n1)C1CC1N2,rdkit_canonicalization
qm9_cn_subset:123661,123661,12173,smiles,C1C2NC3=CN=NN3C12,c1nnn2c1NC1CC12,rdkit_canonicalization
qm9_cn_subset:123662,123662,12174,smiles,C1C2NC3=CNN=C3C12,c1[nH]nc2c1NC1CC21,rdkit_canonicalization
qm9_cn_subset:123664,123664,12175,smiles,C1C2NC3=NC=NN3C12,c1nc2n(n1)C1CC1N2,rdkit_canonicalization
qm9_cn_subset:123665,123665,12176,smiles,C1C2NC3=NNC=C3C12,c1[nH]nc2c1C1CC1N2,rdkit_canonicalization
qm9_cn_subset:123666,123666,12177,smiles,C1C2NC3=NNN=C3C12,C1C2Nc3n[nH]nc3C12,rdkit_canonicalization
qm9_cn_subset:123669,123669,12178,smiles,C1C2NCC3=C2N1N=C3,c1nn2c3c1CNC3C2,rdkit_canonicalization
qm9_cn_subset:123670,123670,12179,smiles,C1C2NCC3=C2N1N=N3,C1NC2Cn3nnc1c32,rdkit_canonicalization
qm9_cn_subset:123715,123715,12180,smiles,C1C=CCC2=C1NN=C2,C1=CCc2[nH]ncc2C1,rdkit_canonicalization
qm9_cn_subset:123716,123716,12181,smiles,C1C=CCC2=C1NN=N2,C1=CCc2[nH]nnc2C1,rdkit_canonicalization
qm9_cn_subset:123719,123719,12182,smiles,C1C=CCC2=CC=NN12,C1=CCn2nccc2C1,rdkit_canonicalization
qm9_cn_subset:123720,123720,12183,smiles,C1C=CCC2=CN=NN12,C1=CCn2nncc2C1,rdkit_canonicalization
qm9_cn_subset:123721,123721,12184,smiles,C1C=CCC2=NC=NN12,C1=CCn2ncnc2C1,rdkit_canonicalization
qm9_cn_subset:123722,123722,12185,smiles,C1C=CCC2=NNC=C12,C1=CCc2n[nH]cc2C1,rdkit_canonicalization
qm9_cn_subset:123723,123723,12186,smiles,C1C=CCC2=NNN=C12,C1=CCc2n[nH]nc2C1,rdkit_canonicalization
qm9_cn_subset:123726,123726,12187,smiles,C1CC(C1)C1=CC=NN1,c1cc(C2CCC2)[nH]n1,rdkit_canonicalization
qm9_cn_subset:123728,123728,12188,smiles,C1CC(C1)C1=CN=NN1,c1nn[nH]c1C1CCC1,rdkit_canonicalization
qm9_cn_subset:123730,123730,12189,smiles,C1CC(C1)C1=CNN=C1,c1n[nH]cc1C1CCC1,rdkit_canonicalization
qm9_cn_subset:123731,123731,12190,smiles,C1CC(C1)C1=CNN=N1,c1[nH]nnc1C1CCC1,rdkit_canonicalization
qm9_cn_subset:123734,123734,12191,smiles,C1CC(C1)C1=NC=NN1,c1n[nH]c(C2CCC2)n1,rdkit_canonicalization
qm9_cn_subset:123736,123736,12192,smiles,C1CC(C1)C1=NNC=C1,c1cc(C2CCC2)n[nH]1,rdkit_canonicalization
qm9_cn_subset:123737,123737,12193,smiles,C1CC(C1)C1=NNC=N1,c1nc(C2CCC2)n[nH]1,rdkit_canonicalization
qm9_cn_subset:123738,123738,12194,smiles,C1CC(C1)C1=NNN=C1,c1n[nH]nc1C1CCC1,rdkit_canonicalization
qm9_cn_subset:123739,123739,12195,smiles,C1CC(C1)C1=NNN=N1,C1CC(c2nn[nH]n2)C1,rdkit_canonicalization
qm9_cn_subset:123744,123744,12196,smiles,C1CC(C1)N1C=CC=N1,c1cnn(C2CCC2)c1,rdkit_canonicalization
qm9_cn_subset:123745,123745,12197,smiles,C1CC(C1)N1C=CN=N1,c1cn(C2CCC2)nn1,rdkit_canonicalization
qm9_cn_subset:123746,123746,12198,smiles,C1CC(C1)N1C=NC=N1,c1ncn(C2CCC2)n1,rdkit_canonicalization
qm9_cn_subset:123747,123747,12199,smiles,C1CC(C1)N1C=NN=C1,c1nncn1C1CCC1,rdkit_canonicalization
qm9_cn_subset:123748,123748,12200,smiles,C1CC(C1)N1C=NN=N1,c1nnnn1C1CCC1,rdkit_canonicalization
qm9_cn_subset:123749,123749,12201,smiles,C1CC(C1)N1N=CC=N1,c1cnn(C2CCC2)n1,rdkit_canonicalization
qm9_cn_subset:123750,123750,12202,smiles,C1CC(C1)N1N=CN=N1,c1nnn(C2CCC2)n1,rdkit_canonicalization
qm9_cn_subset:123751,123751,12203,smiles,C1CC(C1)N1N=NN=N1,C1CC(n2nnnn2)C1,rdkit_canonicalization
qm9_cn_subset:123771,123771,12204,smiles,C1CC11CC2=CC=NN12,c1cc2n(n1)C1(CC1)C2,rdkit_canonicalization
qm9_cn_subset:123772,123772,12205,smiles,C1CC11CC2=CN=NN12,c1nnn2c1CC21CC1,rdkit_canonicalization
qm9_cn_subset:123773,123773,12206,smiles,C1CC11CC2=NC=NN12,c1nc2n(n1)C1(CC1)C2,rdkit_canonicalization
qm9_cn_subset:123774,123774,12207,smiles,C1CC11CN2N=CC=C12,c1cc2n(n1)CC21CC1,rdkit_canonicalization
qm9_cn_subset:123775,123775,12208,smiles,C1CC11CN2N=CN=C12,c1nc2n(n1)CC21CC1,rdkit_canonicalization
qm9_cn_subset:123776,123776,12209,smiles,C1CC11CN2N=NC=C12,c1nnn2c1C1(CC1)C2,rdkit_canonicalization
qm9_cn_subset:123777,123777,12210,smiles,C1CC1C1=CN=CN=N1,c1ncc(C2CC2)nn1,rdkit_canonicalization
qm9_cn_subset:123778,123778,12211,smiles,C1CC1C1=CN=NC=N1,c1nncc(C2CC2)n1,rdkit_canonicalization
qm9_cn_subset:123779,123779,12212,smiles,C1CC1C1=CN=NN=N1,c1nnnnc1C1CC1,rdkit_canonicalization
qm9_cn_subset:123780,123780,12213,smiles,C1CC1C1=NC=CN=N1,c1cnc(C2CC2)nn1,rdkit_canonicalization
qm9_cn_subset:123781,123781,12214,smiles,C1CC1C1=NC=NN=N1,c1nnnc(C2CC2)n1,rdkit_canonicalization
qm9_cn_subset:123783,123783,12215,smiles,C1CC1N=C1NN=NN1,C1CC1N=c1[nH]nn[nH]1,rdkit_canonicalization
qm9_cn_subset:123786,123786,12216,smiles,C1CC1NC1=CC=NN1,c1cc(NC2CC2)[nH]n1,rdkit_canonicalization
qm9_cn_subset:123788,123788,12217,smiles,C1CC1NC1=CN=NN1,c1nn[nH]c1NC1CC1,rdkit_canonicalization
qm9_cn_subset:123790,123790,12218,smiles,C1CC1NC1=CNN=C1,c1n[nH]cc1NC1CC1,rdkit_canonicalization
qm9_cn_subset:123791,123791,12219,smiles,C1CC1NC1=CNN=N1,c1[nH]nnc1NC1CC1,rdkit_canonicalization
qm9_cn_subset:123794,123794,12220,smiles,C1CC1NC1=NC=NN1,c1n[nH]c(NC2CC2)n1,rdkit_canonicalization
qm9_cn_subset:123796,123796,12221,smiles,C1CC1NC1=NNC=C1,c1cc(NC2CC2)n[nH]1,rdkit_canonicalization
qm9_cn_subset:123797,123797,12222,smiles,C1CC1NC1=NNC=N1,c1nc(NC2CC2)n[nH]1,rdkit_canonicalization
qm9_cn_subset:123798,123798,12223,smiles,C1CC1NC1=NNN=C1,c1n[nH]nc1NC1CC1,rdkit_canonicalization
qm9_cn_subset:123799,123799,12224,smiles,C1CC1NC1=NNN=N1,C1CC1Nc1nn[nH]n1,rdkit_canonicalization
qm9_cn_subset:123820,123820,12225,smiles,C1CC2=C(C=C1)N=NN2,C1=Cc2nn[nH]c2CC1,rdkit_canonicalization
qm9_cn_subset:123822,123822,12226,smiles,C1CC2=C(C=NN2)C=C1,C1=Cc2cn[nH]c2CC1,rdkit_canonicalization
qm9_cn_subset:123833,123833,12227,smiles,C1CC2=C(NN=C2)C=C1,C1=Cc2[nH]ncc2CC1,rdkit_canonicalization
qm9_cn_subset:123834,123834,12228,smiles,C1CC2=C(NN=N2)C=C1,C1=Cc2[nH]nnc2CC1,rdkit_canonicalization
qm9_cn_subset:123837,123837,12229,smiles,C1CC2=CC=NN2C=C1,C1=Cn2nccc2CC1,rdkit_canonicalization
qm9_cn_subset:123838,123838,12230,smiles,C1CC2=CN=NC=C2C1,c1nncc2c1CCC2,rdkit_canonicalization
qm9_cn_subset:123839,123839,12231,smiles,C1CC2=CN=NN2C=C1,C1=Cn2nncc2CC1,rdkit_canonicalization
qm9_cn_subset:123840,123840,12232,smiles,C1CC2=CNN=C2C=C1,C1=Cc2n[nH]cc2CC1,rdkit_canonicalization
qm9_cn_subset:123844,123844,12233,smiles,C1CC2=NC=NN2C=C1,C1=Cn2ncnc2CC1,rdkit_canonicalization
qm9_cn_subset:123845,123845,12234,smiles,C1CC2=NNC=C2C=C1,C1=Cc2c[nH]nc2CC1,rdkit_canonicalization
qm9_cn_subset:123847,123847,12235,smiles,C1CC2=NNN=C2C=C1,C1=Cc2n[nH]nc2CC1,rdkit_canonicalization
qm9_cn_subset:123854,123854,12236,smiles,C1CC2C1N1N=CC=C21,c1cc2n(n1)C1CCC21,rdkit_canonicalization
qm9_cn_subset:123855,123855,12237,smiles,C1CC2C1N1N=CN=C21,c1nc2n(n1)C1CCC21,rdkit_canonicalization
qm9_cn_subset:123856,123856,12238,smiles,C1CC2C1N1N=NC=C21,c1nnn2c1C1CCC12,rdkit_canonicalization
qm9_cn_subset:123857,123857,12239,smiles,C1CCC2=C(C1)NN=C2,c1n[nH]c2c1CCCC2,rdkit_canonicalization
qm9_cn_subset:123858,123858,12240,smiles,C1CCC2=C(C1)NN=N2,C1CCc2[nH]nnc2C1,rdkit_canonicalization
qm9_cn_subset:123861,123861,12241,smiles,C1CCC2=CC=NN2C1,c1cc2n(n1)CCCC2,rdkit_canonicalization
qm9_cn_subset:123862,123862,12242,smiles,C1CCC2=CN=NN2C1,c1nnn2c1CCCC2,rdkit_canonicalization
qm9_cn_subset:123863,123863,12243,smiles,C1CCC2=NC=NN2C1,c1nc2n(n1)CCCC2,rdkit_canonicalization
qm9_cn_subset:123864,123864,12244,smiles,C1CCC2=NNC=C2C1,c1[nH]nc2c1CCCC2,rdkit_canonicalization
qm9_cn_subset:123865,123865,12245,smiles,C1CCC2=NNN=C2C1,C1CCc2n[nH]nc2C1,rdkit_canonicalization
qm9_cn_subset:123868,123868,12246,smiles,C1CN(C1)C1=CC=NN1,c1cc(N2CCC2)[nH]n1,rdkit_canonicalization
qm9_cn_subset:123870,123870,12247,smiles,C1CN(C1)C1=CN=NN1,c1nn[nH]c1N1CCC1,rdkit_canonicalization
qm9_cn_subset:123872,123872,12248,smiles,C1CN(C1)C1=CNN=C1,c1n[nH]cc1N1CCC1,rdkit_canonicalization
qm9_cn_subset:123873,123873,12249,smiles,C1CN(C1)C1=CNN=N1,c1[nH]nnc1N1CCC1,rdkit_canonicalization
qm9_cn_subset:123876,123876,12250,smiles,C1CN(C1)C1=NC=NN1,c1n[nH]c(N2CCC2)n1,rdkit_canonicalization
qm9_cn_subset:123878,123878,12251,smiles,C1CN(C1)C1=NNC=C1,c1cc(N2CCC2)n[nH]1,rdkit_canonicalization
qm9_cn_subset:123879,123879,12252,smiles,C1CN(C1)C1=NNC=N1,c1nc(N2CCC2)n[nH]1,rdkit_canonicalization
qm9_cn_subset:123880,123880,12253,smiles,C1CN(C1)C1=NNN=C1,c1n[nH]nc1N1CCC1,rdkit_canonicalization
qm9_cn_subset:123881,123881,12254,smiles,C1CN(C1)C1=NNN=N1,C1CN(c2nn[nH]n2)C1,rdkit_canonicalization
qm9_cn_subset:123886,123886,12255,smiles,C1CN1C1=CN=CN=N1,c1ncc(N2CC2)nn1,rdkit_canonicalization
qm9_cn_subset:123887,123887,12256,smiles,C1CN1C1=CN=NC=N1,c1nncc(N2CC2)n1,rdkit_canonicalization
qm9_cn_subset:123888,123888,12257,smiles,C1CN1C1=CN=NN=N1,c1nnnnc1N1CC1,rdkit_canonicalization
qm9_cn_subset:123889,123889,12258,smiles,C1CN1C1=NC=CN=N1,c1cnc(N2CC2)nn1,rdkit_canonicalization
qm9_cn_subset:123890,123890,12259,smiles,C1CN1C1=NC=NN=N1,c1nnnc(N2CC2)n1,rdkit_canonicalization
qm9_cn_subset:123891,123891,12260,smiles,C1CN2N=CC=C2C=C1,C1=Cc2ccnn2CC1,rdkit_canonicalization
qm9_cn_subset:123893,123893,12261,smiles,C1CN2N=CN=C2C=C1,C1=Cc2ncnn2CC1,rdkit_canonicalization
qm9_cn_subset:123894,123894,12262,smiles,C1CN2N=CN=C2CN1,c1nc2n(n1)CCNC2,rdkit_canonicalization
qm9_cn_subset:123896,123896,12263,smiles,C1CN2N=NC=C2C=C1,C1=Cc2cnnn2CC1,rdkit_canonicalization
qm9_cn_subset:123897,123897,12264,smiles,C1CN2N=NC=C2CN1,c1nnn2c1CNCC2,rdkit_canonicalization
qm9_cn_subset:123899,123899,12265,smiles,C1CNC2=C(C1)C=NN2,c1n[nH]c2c1CCCN2,rdkit_canonicalization
qm9_cn_subset:123901,123901,12266,smiles,C1CNC2=C(C1)N=NN2,C1CNc2[nH]nnc2C1,rdkit_canonicalization
qm9_cn_subset:123903,123903,12267,smiles,C1CNC2=C(C1)NN=C2,c1n[nH]c2c1NCCC2,rdkit_canonicalization
qm9_cn_subset:123904,123904,12268,smiles,C1CNC2=C(C1)NN=N2,C1CNc2nn[nH]c2C1,rdkit_canonicalization
qm9_cn_subset:123909,123909,12269,smiles,C1CNC2=C(NN=C2)N1,c1n[nH]c2c1NCCN2,rdkit_canonicalization
qm9_cn_subset:123910,123910,12270,smiles,C1CNC2=C(NN=N2)N1,C1CNc2[nH]nnc2N1,rdkit_canonicalization
qm9_cn_subset:123911,123911,12271,smiles,C1CNC2=CC=NN2C1,c1cc2n(n1)CCCN2,rdkit_canonicalization
qm9_cn_subset:123912,123912,12272,smiles,C1CNC2=CN=NN2C1,c1nnn2c1NCCC2,rdkit_canonicalization
qm9_cn_subset:123913,123913,12273,smiles,C1CNC2=CNN=C2C1,c1[nH]nc2c1NCCC2,rdkit_canonicalization
qm9_cn_subset:123915,123915,12274,smiles,C1CNC2=NC=NN2C1,c1nc2n(n1)CCCN2,rdkit_canonicalization
qm9_cn_subset:123916,123916,12275,smiles,C1CNC2=NNC=C2C1,c1[nH]nc2c1CCCN2,rdkit_canonicalization
qm9_cn_subset:123917,123917,12276,smiles,C1CNC2=NNC=C2N1,c1[nH]nc2c1NCCN2,rdkit_canonicalization
qm9_cn_subset:123918,123918,12277,smiles,C1CNC2=NNN=C2C1,C1CNc2n[nH]nc2C1,rdkit_canonicalization
qm9_cn_subset:123919,123919,12278,smiles,C1CNC2=NNN=C2N1,C1CNc2n[nH]nc2N1,rdkit_canonicalization
qm9_cn_subset:123962,123962,12279,smiles,C1N=CNC2=C1C=NN2,C1=NCc2cn[nH]c2N1,rdkit_canonicalization
qm9_cn_subset:123964,123964,12280,smiles,C1N=CNC2=C1N=NN2,C1=NCc2nn[nH]c2N1,rdkit_canonicalization
qm9_cn_subset:123966,123966,12281,smiles,C1N=CNC2=C1NN=C2,C1=NCc2[nH]ncc2N1,rdkit_canonicalization
qm9_cn_subset:123967,123967,12282,smiles,C1N=CNC2=C1NN=N2,C1=NCc2[nH]nnc2N1,rdkit_canonicalization
qm9_cn_subset:123970,123970,12283,smiles,C1N=CNC2=CNN=C12,C1=NCc2n[nH]cc2N1,rdkit_canonicalization
qm9_cn_subset:123972,123972,12284,smiles,C1N=CNC2=NNC=C12,C1=NCc2c[nH]nc2N1,rdkit_canonicalization
qm9_cn_subset:123973,123973,12285,smiles,C1N=CNC2=NNN=C12,C1=NCc2n[nH]nc2N1,rdkit_canonicalization
qm9_cn_subset:123989,123989,12286,smiles,C1NC11CN2N=CC=C12,c1cc2n(n1)CC21CN1,rdkit_canonicalization
qm9_cn_subset:123990,123990,12287,smiles,C1NC11CN2N=CN=C12,c1nc2n(n1)CC21CN1,rdkit_canonicalization
qm9_cn_subset:123991,123991,12288,smiles,C1NC11CN2N=NC=C12,c1nnn2c1C1(CN1)C2,rdkit_canonicalization
qm9_cn_subset:123992,123992,12289,smiles,C1NC1C1=CN=CN=N1,c1ncc(C2CN2)nn1,rdkit_canonicalization
qm9_cn_subset:123993,123993,12290,smiles,C1NC1C1=CN=NC=N1,c1nncc(C2CN2)n1,rdkit_canonicalization
qm9_cn_subset:123994,123994,12291,smiles,C1NC1C1=CN=NN=N1,c1nnnnc1C1CN1,rdkit_canonicalization
qm9_cn_subset:123995,123995,12292,smiles,C1NC1C1=NC=CN=N1,c1cnc(C2CN2)nn1,rdkit_canonicalization
qm9_cn_subset:123996,123996,12293,smiles,C1NC1C1=NC=NN=N1,c1nnnc(C2CN2)n1,rdkit_canonicalization
qm9_cn_subset:123997,123997,12294,smiles,C1NC2=C(C=C1)N=NN2,C1=Cc2nn[nH]c2NC1,rdkit_canonicalization
qm9_cn_subset:123999,123999,12295,smiles,C1NC2=C(C=NN2)C=C1,C1=Cc2cn[nH]c2NC1,rdkit_canonicalization
qm9_cn_subset:124001,124001,12296,smiles,C1NC2=C(NN=C2)C=C1,C1=Cc2[nH]ncc2NC1,rdkit_canonicalization
qm9_cn_subset:124002,124002,12297,smiles,C1NC2=C(NN=N2)C=C1,C1=Cc2[nH]nnc2NC1,rdkit_canonicalization
qm9_cn_subset:124005,124005,12298,smiles,C1NC2=CC=NN2C=C1,C1=Cn2nccc2NC1,rdkit_canonicalization
qm9_cn_subset:124006,124006,12299,smiles,C1NC2=CN=NN2C=C1,C1=Cn2nncc2NC1,rdkit_canonicalization
qm9_cn_subset:124007,124007,12300,smiles,C1NC2=CNN=C2C=C1,C1=Cc2n[nH]cc2NC1,rdkit_canonicalization
qm9_cn_subset:124009,124009,12301,smiles,C1NC2=NC=NN2C=C1,C1=Cn2ncnc2NC1,rdkit_canonicalization
qm9_cn_subset:124010,124010,12302,smiles,C1NC2=NNC=C2C=C1,C1=Cc2c[nH]nc2NC1,rdkit_canonicalization
qm9_cn_subset:124011,124011,12303,smiles,C1NC2=NNN=C2C=C1,C1=Cc2n[nH]nc2NC1,rdkit_canonicalization
qm9_cn_subset:124014,124014,12304,smiles,C1NC2C1N1N=CC=C21,c1cc2n(n1)C1CNC21,rdkit_canonicalization
qm9_cn_subset:124015,124015,12305,smiles,C1NC2C1N1N=CN=C21,c1nc2n(n1)C1CNC21,rdkit_canonicalization
qm9_cn_subset:124016,124016,12306,smiles,C1NC2C1N1N=NC=C21,c1nnn2c1C1NCC12,rdkit_canonicalization
qm9_cn_subset:124018,124018,12307,smiles,C1NC=[NH+]C2=C1N=N[N-]2,C1=[NH+]c2[n-]nnc2CN1,rdkit_canonicalization
qm9_cn_subset:124020,124020,12308,smiles,C1NC=NC2=C1NN=N2,C1=Nc2nn[nH]c2CN1,rdkit_canonicalization
qm9_cn_subset:124022,124022,12309,smiles,C1NC=NC2=NNC=C12,C1=Nc2n[nH]cc2CN1,rdkit_canonicalization
qm9_cn_subset:124023,124023,12310,smiles,C1NC=NC2=NNN=C12,C1=Nc2n[nH]nc2CN1,rdkit_canonicalization
qm9_cn_subset:124107,124107,12311,smiles,CC#CC1=C(C)C=NN1,CC#Cc1[nH]ncc1C,rdkit_canonicalization
qm9_cn_subset:124109,124109,12312,smiles,CC#CC1=C(C)N=NN1,CC#Cc1[nH]nnc1C,rdkit_canonicalization
qm9_cn_subset:124111,124111,12313,smiles,CC#CC1=C(C)NN=C1,CC#Cc1cn[nH]c1C,rdkit_canonicalization
qm9_cn_subset:124112,124112,12314,smiles,CC#CC1=C(C)NN=N1,CC#Cc1nn[nH]c1C,rdkit_canonicalization
qm9_cn_subset:124115,124115,12315,smiles,CC#CC1=C(N)C=NN1,CC#Cc1[nH]ncc1N,rdkit_canonicalization
qm9_cn_subset:124117,124117,12316,smiles,CC#CC1=C(N)N=NN1,CC#Cc1[nH]nnc1N,rdkit_canonicalization
qm9_cn_subset:124119,124119,12317,smiles,CC#CC1=C(N)NN=C1,CC#Cc1cn[nH]c1N,rdkit_canonicalization
qm9_cn_subset:124120,124120,12318,smiles,CC#CC1=C(N)NN=N1,CC#Cc1nn[nH]c1N,rdkit_canonicalization
qm9_cn_subset:124125,124125,12319,smiles,CC#CC1=CC(C)=NN1,CC#Cc1cc(C)n[nH]1,rdkit_canonicalization
qm9_cn_subset:124127,124127,12320,smiles,CC#CC1=CC(N)=NN1,CC#Cc1cc(N)n[nH]1,rdkit_canonicalization
qm9_cn_subset:124131,124131,12321,smiles,CC#CC1=CC=NN1C,CC#Cc1ccnn1C,rdkit_canonicalization
qm9_cn_subset:124132,124132,12322,smiles,CC#CC1=CN(C)N=C1,CC#Cc1cnn(C)c1,rdkit_canonicalization
qm9_cn_subset:124133,124133,12323,smiles,CC#CC1=CN(C)N=N1,CC#Cc1cn(C)nn1,rdkit_canonicalization
qm9_cn_subset:124134,124134,12324,smiles,CC#CC1=CN=CN=N1,CC#Cc1cncnn1,rdkit_canonicalization
qm9_cn_subset:124135,124135,12325,smiles,CC#CC1=CN=NC=N1,CC#Cc1cnncn1,rdkit_canonicalization
qm9_cn_subset:124136,124136,12326,smiles,CC#CC1=CN=NN1C,CC#Cc1cnnn1C,rdkit_canonicalization
qm9_cn_subset:124137,124137,12327,smiles,CC#CC1=CN=NN=N1,CC#Cc1cnnnn1,rdkit_canonicalization
qm9_cn_subset:124138,124138,12328,smiles,CC#CC1=CNN=C1C,CC#Cc1c[nH]nc1C,rdkit_canonicalization
qm9_cn_subset:124139,124139,12329,smiles,CC#CC1=CNN=C1N,CC#Cc1c[nH]nc1N,rdkit_canonicalization
qm9_cn_subset:124144,124144,12330,smiles,CC#CC1=NC(C)=NN1,CC#Cc1nc(C)n[nH]1,rdkit_canonicalization
qm9_cn_subset:124146,124146,12331,smiles,CC#CC1=NC(N)=NN1,CC#Cc1nc(N)n[nH]1,rdkit_canonicalization
qm9_cn_subset:124150,124150,12332,smiles,CC#CC1=NC=CN=N1,CC#Cc1nccnn1,rdkit_canonicalization
qm9_cn_subset:124151,124151,12333,smiles,CC#CC1=NC=NN1C,CC#Cc1ncnn1C,rdkit_canonicalization
qm9_cn_subset:124152,124152,12334,smiles,CC#CC1=NC=NN=N1,CC#Cc1ncnnn1,rdkit_canonicalization
qm9_cn_subset:124153,124153,12335,smiles,CC#CC1=NN(C)C=C1,CC#Cc1ccn(C)n1,rdkit_canonicalization
qm9_cn_subset:124154,124154,12336,smiles,CC#CC1=NN(C)C=N1,CC#Cc1ncn(C)n1,rdkit_canonicalization
qm9_cn_subset:124155,124155,12337,smiles,CC#CC1=NN(C)N=C1,CC#Cc1cnn(C)n1,rdkit_canonicalization
qm9_cn_subset:124156,124156,12338,smiles,CC#CC1=NN(C)N=N1,CC#Cc1nnn(C)n1,rdkit_canonicalization
qm9_cn_subset:124158,124158,12339,smiles,CC#CC1=NNC(C)=C1,CC#Cc1cc(C)[nH]n1,rdkit_canonicalization
qm9_cn_subset:124159,124159,12340,smiles,CC#CC1=NNC(C)=N1,CC#Cc1n[nH]c(C)n1,rdkit_canonicalization
qm9_cn_subset:124160,124160,12341,smiles,CC#CC1=NNC(N)=C1,CC#Cc1cc(N)[nH]n1,rdkit_canonicalization
qm9_cn_subset:124161,124161,12342,smiles,CC#CC1=NNC(N)=N1,CC#Cc1n[nH]c(N)n1,rdkit_canonicalization
qm9_cn_subset:124163,124163,12343,smiles,CC#CC1=NNC=C1C,CC#Cc1n[nH]cc1C,rdkit_canonicalization
qm9_cn_subset:124164,124164,12344,smiles,CC#CC1=NNC=C1N,CC#Cc1n[nH]cc1N,rdkit_canonicalization
qm9_cn_subset:124165,124165,12345,smiles,CC#CC1=NNN=C1C,CC#Cc1n[nH]nc1C,rdkit_canonicalization
qm9_cn_subset:124166,124166,12346,smiles,CC#CC1=NNN=C1N,CC#Cc1n[nH]nc1N,rdkit_canonicalization
qm9_cn_subset:124179,124179,12347,smiles,CC#CCC1=CC=NN1,CC#CCc1ccn[nH]1,rdkit_canonicalization
qm9_cn_subset:124181,124181,12348,smiles,CC#CCC1=CN=NN1,CC#CCc1cnn[nH]1,rdkit_canonicalization
qm9_cn_subset:124183,124183,12349,smiles,CC#CCC1=CNN=C1,CC#CCc1cn[nH]c1,rdkit_canonicalization
qm9_cn_subset:124184,124184,12350,smiles,CC#CCC1=CNN=N1,CC#CCc1c[nH]nn1,rdkit_canonicalization
qm9_cn_subset:124187,124187,12351,smiles,CC#CCC1=NC=NN1,CC#CCc1ncn[nH]1,rdkit_canonicalization
qm9_cn_subset:124189,124189,12352,smiles,CC#CCC1=NNC=C1,CC#CCc1cc[nH]n1,rdkit_canonicalization
qm9_cn_subset:124190,124190,12353,smiles,CC#CCC1=NNC=N1,CC#CCc1nc[nH]n1,rdkit_canonicalization
qm9_cn_subset:124191,124191,12354,smiles,CC#CCC1=NNN=C1,CC#CCc1cn[nH]n1,rdkit_canonicalization
qm9_cn_subset:124196,124196,12355,smiles,CC#CCN1C=CC=N1,CC#CCn1cccn1,rdkit_canonicalization
qm9_cn_subset:124197,124197,12356,smiles,CC#CCN1C=CN=N1,CC#CCn1ccnn1,rdkit_canonicalization
qm9_cn_subset:124198,124198,12357,smiles,CC#CCN1C=NC=N1,CC#CCn1cncn1,rdkit_canonicalization
qm9_cn_subset:124199,124199,12358,smiles,CC#CCN1C=NN=C1,CC#CCn1cnnc1,rdkit_canonicalization
qm9_cn_subset:124200,124200,12359,smiles,CC#CCN1C=NN=N1,CC#CCn1cnnn1,rdkit_canonicalization
qm9_cn_subset:124201,124201,12360,smiles,CC#CCN1N=CC=N1,CC#CCn1nccn1,rdkit_canonicalization
qm9_cn_subset:124202,124202,12361,smiles,CC#CCN1N=CN=N1,CC#CCn1ncnn1,rdkit_canonicalization
qm9_cn_subset:124203,124203,12362,smiles,CC#CCN1N=NN=N1,CC#CCn1nnnn1,rdkit_canonicalization
qm9_cn_subset:124205,124205,12363,smiles,CC(=[NH2+])NC1=CN=N[N-]1,CC(=[NH2+])Nc1cnn[n-]1,rdkit_canonicalization
qm9_cn_subset:124207,124207,12364,smiles,CC(=N)NC1=CNN=N1,CC(=N)Nc1c[nH]nn1,rdkit_canonicalization
qm9_cn_subset:124210,124210,12365,smiles,CC(=N)NC1=NC=NN1,CC(=N)Nc1ncn[nH]1,rdkit_canonicalization
qm9_cn_subset:124212,124212,12366,smiles,CC(=N)NC1=NNC=C1,CC(=N)Nc1cc[nH]n1,rdkit_canonicalization
qm9_cn_subset:124213,124213,12367,smiles,CC(=N)NC1=NNC=N1,CC(=N)Nc1nc[nH]n1,rdkit_canonicalization
qm9_cn_subset:124214,124214,12368,smiles,CC(=N)NC1=NNN=C1,CC(=N)Nc1cn[nH]n1,rdkit_canonicalization
qm9_cn_subset:124215,124215,12369,smiles,CC(=N)NC1=NNN=N1,CC(=N)Nc1nn[nH]n1,rdkit_canonicalization
qm9_cn_subset:124388,124388,12370,smiles,CC(C#C)C1=CC=NN1,C#CC(C)c1ccn[nH]1,rdkit_canonicalization
qm9_cn_subset:124390,124390,12371,smiles,CC(C#C)C1=CN=NN1,C#CC(C)c1cnn[nH]1,rdkit_canonicalization
qm9_cn_subset:124392,124392,12372,smiles,CC(C#C)C1=CNN=C1,C#CC(C)c1cn[nH]c1,rdkit_canonicalization
qm9_cn_subset:124393,124393,12373,smiles,CC(C#C)C1=CNN=N1,C#CC(C)c1c[nH]nn1,rdkit_canonicalization
qm9_cn_subset:124396,124396,12374,smiles,CC(C#C)C1=NC=NN1,C#CC(C)c1ncn[nH]1,rdkit_canonicalization
qm9_cn_subset:124398,124398,12375,smiles,CC(C#C)C1=NNC=C1,C#CC(C)c1cc[nH]n1,rdkit_canonicalization
qm9_cn_subset:124399,124399,12376,smiles,CC(C#C)C1=NNC=N1,C#CC(C)c1nc[nH]n1,rdkit_canonicalization
qm9_cn_subset:124400,124400,12377,smiles,CC(C#C)C1=NNN=C1,C#CC(C)c1cn[nH]n1,rdkit_canonicalization
qm9_cn_subset:124405,124405,12378,smiles,CC(C#C)N1C=CC=N1,C#CC(C)n1cccn1,rdkit_canonicalization
qm9_cn_subset:124406,124406,12379,smiles,CC(C#C)N1C=CN=N1,C#CC(C)n1ccnn1,rdkit_canonicalization
qm9_cn_subset:124407,124407,12380,smiles,CC(C#C)N1C=NC=N1,C#CC(C)n1cncn1,rdkit_canonicalization
qm9_cn_subset:124408,124408,12381,smiles,CC(C#C)N1C=NN=C1,C#CC(C)n1cnnc1,rdkit_canonicalization
qm9_cn_subset:124409,124409,12382,smiles,CC(C#C)N1C=NN=N1,C#CC(C)n1cnnn1,rdkit_canonicalization
qm9_cn_subset:124410,124410,12383,smiles,CC(C#C)N1N=CC=N1,C#CC(C)n1nccn1,rdkit_canonicalization
qm9_cn_subset:124411,124411,12384,smiles,CC(C#C)N1N=CN=N1,C#CC(C)n1ncnn1,rdkit_canonicalization
qm9_cn_subset:124412,124412,12385,smiles,CC(C#C)N1N=NN=N1,C#CC(C)n1nnnn1,rdkit_canonicalization
qm9_cn_subset:124413,124413,12386,smiles,CC(C#N)C1=CC=NN1,CC(C#N)c1ccn[nH]1,rdkit_canonicalization
qm9_cn_subset:124415,124415,12387,smiles,CC(C#N)C1=CN=NN1,CC(C#N)c1cnn[nH]1,rdkit_canonicalization
qm9_cn_subset:124417,124417,12388,smiles,CC(C#N)C1=CNN=C1,CC(C#N)c1cn[nH]c1,rdkit_canonicalization
qm9_cn_subset:124418,124418,12389,smiles,CC(C#N)C1=CNN=N1,CC(C#N)c1c[nH]nn1,rdkit_canonicalization
qm9_cn_subset:124421,124421,12390,smiles,CC(C#N)C1=NC=NN1,CC(C#N)c1ncn[nH]1,rdkit_canonicalization
qm9_cn_subset:124423,124423,12391,smiles,CC(C#N)C1=NNC=C1,CC(C#N)c1cc[nH]n1,rdkit_canonicalization
qm9_cn_subset:124424,124424,12392,smiles,CC(C#N)C1=NNC=N1,CC(C#N)c1nc[nH]n1,rdkit_canonicalization
qm9_cn_subset:124429,124429,12393,smiles,CC(C#N)N1C=CC=N1,CC(C#N)n1cccn1,rdkit_canonicalization
qm9_cn_subset:124430,124430,12394,smiles,CC(C#N)N1C=CN=N1,CC(C#N)n1ccnn1,rdkit_canonicalization
qm9_cn_subset:124431,124431,12395,smiles,CC(C#N)N1C=NC=N1,CC(C#N)n1cncn1,rdkit_canonicalization
qm9_cn_subset:124432,124432,12396,smiles,CC(C#N)N1C=NN=C1,CC(C#N)n1cnnc1,rdkit_canonicalization
qm9_cn_subset:124433,124433,12397,smiles,CC(C#N)N1C=NN=N1,CC(C#N)n1cnnn1,rdkit_canonicalization
qm9_cn_subset:124434,124434,12398,smiles,CC(C#N)N1N=CC=N1,CC(C#N)n1nccn1,rdkit_canonicalization
qm9_cn_subset:124435,124435,12399,smiles,CC(C#N)N1N=CN=N1,CC(C#N)n1ncnn1,rdkit_canonicalization
qm9_cn_subset:124436,124436,12400,smiles,CC(C#N)N1N=NN=N1,CC(C#N)n1nnnn1,rdkit_canonicalization
qm9_cn_subset:124437,124437,12401,smiles,CC(C)(C)C1=CC=NN1,CC(C)(C)c1ccn[nH]1,rdkit_canonicalization
qm9_cn_subset:124439,124439,12402,smiles,CC(C)(C)C1=CN=NN1,CC(C)(C)c1cnn[nH]1,rdkit_canonicalization
qm9_cn_subset:124441,124441,12403,smiles,CC(C)(C)C1=CNN=C1,CC(C)(C)c1cn[nH]c1,rdkit_canonicalization
qm9_cn_subset:124442,124442,12404,smiles,CC(C)(C)C1=CNN=N1,CC(C)(C)c1c[nH]nn1,rdkit_canonicalization
qm9_cn_subset:124445,124445,12405,smiles,CC(C)(C)C1=NC=NN1,CC(C)(C)c1ncn[nH]1,rdkit_canonicalization
qm9_cn_subset:124447,124447,12406,smiles,CC(C)(C)C1=NNC=C1,CC(C)(C)c1cc[nH]n1,rdkit_canonicalization
qm9_cn_subset:124448,124448,12407,smiles,CC(C)(C)C1=NNC=N1,CC(C)(C)c1nc[nH]n1,rdkit_canonicalization
qm9_cn_subset:124449,124449,12408,smiles,CC(C)(C)C1=NNN=C1,CC(C)(C)c1cn[nH]n1,rdkit_canonicalization
qm9_cn_subset:124450,124450,12409,smiles,CC(C)(C)C1=NNN=N1,CC(C)(C)c1nn[nH]n1,rdkit_canonicalization
qm9_cn_subset:124455,124455,12410,smiles,CC(C)(C)N1C=CC=N1,CC(C)(C)n1cccn1,rdkit_canonicalization
qm9_cn_subset:124456,124456,12411,smiles,CC(C)(C)N1C=CN=N1,CC(C)(C)n1ccnn1,rdkit_canonicalization
qm9_cn_subset:124457,124457,12412,smiles,CC(C)(C)N1C=NC=N1,CC(C)(C)n1cncn1,rdkit_canonicalization
qm9_cn_subset:124458,124458,12413,smiles,CC(C)(C)N1C=NN=C1,CC(C)(C)n1cnnc1,rdkit_canonicalization
qm9_cn_subset:124459,124459,12414,smiles,CC(C)(C)N1C=NN=N1,CC(C)(C)n1cnnn1,rdkit_canonicalization
qm9_cn_subset:124460,124460,12415,smiles,CC(C)(C)N1N=CC=N1,CC(C)(C)n1nccn1,rdkit_canonicalization
qm9_cn_subset:124461,124461,12416,smiles,CC(C)(C)N1N=CN=N1,CC(C)(C)n1ncnn1,rdkit_canonicalization
qm9_cn_subset:124462,124462,12417,smiles,CC(C)(C)N1N=NN=N1,CC(C)(C)n1nnnn1,rdkit_canonicalization
qm9_cn_subset:124463,124463,12418,smiles,CC(C)([NH3+])C1=CN=N[N-]1,CC(C)([NH3+])c1cnn[n-]1,rdkit_canonicalization
qm9_cn_subset:124464,124464,12419,smiles,CC(C)([NH3+])C1=NC=N[N-]1,CC(C)([NH3+])c1ncn[n-]1,rdkit_canonicalization
qm9_cn_subset:124465,124465,12420,smiles,CC(C)([NH3+])C1=N[N-]N=N1,CC(C)([NH3+])c1nn[n-]n1,rdkit_canonicalization
qm9_cn_subset:124481,124481,12421,smiles,CC(C)C1=C(C)C=NN1,Cc1cn[nH]c1C(C)C,rdkit_canonicalization
qm9_cn_subset:124483,124483,12422,smiles,CC(C)C1=C(C)N=NN1,Cc1nn[nH]c1C(C)C,rdkit_canonicalization
qm9_cn_subset:124485,124485,12423,smiles,CC(C)C1=C(C)NN=C1,Cc1[nH]ncc1C(C)C,rdkit_canonicalization
qm9_cn_subset:124486,124486,12424,smiles,CC(C)C1=C(C)NN=N1,Cc1[nH]nnc1C(C)C,rdkit_canonicalization
qm9_cn_subset:124489,124489,12425,smiles,CC(C)C1=C(N)C=NN1,CC(C)c1[nH]ncc1N,rdkit_canonicalization
qm9_cn_subset:124491,124491,12426,smiles,CC(C)C1=C(N)N=NN1,CC(C)c1[nH]nnc1N,rdkit_canonicalization
qm9_cn_subset:124493,124493,12427,smiles,CC(C)C1=C(N)NN=C1,CC(C)c1cn[nH]c1N,rdkit_canonicalization
qm9_cn_subset:124494,124494,12428,smiles,CC(C)C1=C(N)NN=N1,CC(C)c1nn[nH]c1N,rdkit_canonicalization
qm9_cn_subset:124502,124502,12429,smiles,CC(C)C1=CC(C)=NN1,Cc1cc(C(C)C)[nH]n1,rdkit_canonicalization
qm9_cn_subset:124504,124504,12430,smiles,CC(C)C1=CC(N)=NN1,CC(C)c1cc(N)n[nH]1,rdkit_canonicalization
qm9_cn_subset:124508,124508,12431,smiles,CC(C)C1=CC=NN1C,CC(C)c1ccnn1C,rdkit_canonicalization
qm9_cn_subset:124509,124509,12432,smiles,CC(C)C1=CN(C)N=C1,CC(C)c1cnn(C)c1,rdkit_canonicalization
qm9_cn_subset:124510,124510,12433,smiles,CC(C)C1=CN(C)N=N1,CC(C)c1cn(C)nn1,rdkit_canonicalization
qm9_cn_subset:124511,124511,12434,smiles,CC(C)C1=CN=CN=N1,CC(C)c1cncnn1,rdkit_canonicalization
qm9_cn_subset:124512,124512,12435,smiles,CC(C)C1=CN=NC=N1,CC(C)c1cnncn1,rdkit_canonicalization
qm9_cn_subset:124513,124513,12436,smiles,CC(C)C1=CN=NN1C,CC(C)c1cnnn1C,rdkit_canonicalization
qm9_cn_subset:124514,124514,12437,smiles,CC(C)C1=CN=NN=N1,CC(C)c1cnnnn1,rdkit_canonicalization
qm9_cn_subset:124515,124515,12438,smiles,CC(C)C1=CNN=C1C,Cc1n[nH]cc1C(C)C,rdkit_canonicalization
qm9_cn_subset:124516,124516,12439,smiles,CC(C)C1=CNN=C1N,CC(C)c1c[nH]nc1N,rdkit_canonicalization
qm9_cn_subset:124521,124521,12440,smiles,CC(C)C1=NC(C)=NN1,Cc1n[nH]c(C(C)C)n1,rdkit_canonicalization
qm9_cn_subset:124523,124523,12441,smiles,CC(C)C1=NC(N)=NN1,CC(C)c1nc(N)n[nH]1,rdkit_canonicalization
qm9_cn_subset:124527,124527,12442,smiles,CC(C)C1=NC=CN=N1,CC(C)c1nccnn1,rdkit_canonicalization
qm9_cn_subset:124528,124528,12443,smiles,CC(C)C1=NC=NN1C,CC(C)c1ncnn1C,rdkit_canonicalization
qm9_cn_subset:124529,124529,12444,smiles,CC(C)C1=NC=NN=N1,CC(C)c1ncnnn1,rdkit_canonicalization
qm9_cn_subset:124530,124530,12445,smiles,CC(C)C1=NN(C)C=C1,CC(C)c1ccn(C)n1,rdkit_canonicalization
qm9_cn_subset:124531,124531,12446,smiles,CC(C)C1=NN(C)C=N1,CC(C)c1ncn(C)n1,rdkit_canonicalization
qm9_cn_subset:124532,124532,12447,smiles,CC(C)C1=NN(C)N=C1,CC(C)c1cnn(C)n1,rdkit_canonicalization
qm9_cn_subset:124533,124533,12448,smiles,CC(C)C1=NN(C)N=N1,CC(C)c1nnn(C)n1,rdkit_canonicalization
qm9_cn_subset:124536,124536,12449,smiles,CC(C)C1=NNC(C)=C1,Cc1cc(C(C)C)n[nH]1,rdkit_canonicalization
qm9_cn_subset:124537,124537,12450,smiles,CC(C)C1=NNC(C)=N1,Cc1nc(C(C)C)n[nH]1,rdkit_canonicalization
qm9_cn_subset:124538,124538,12451,smiles,CC(C)C1=NNC(N)=C1,CC(C)c1cc(N)[nH]n1,rdkit_canonicalization
qm9_cn_subset:124539,124539,12452,smiles,CC(C)C1=NNC(N)=N1,CC(C)c1n[nH]c(N)n1,rdkit_canonicalization
qm9_cn_subset:124541,124541,12453,smiles,CC(C)C1=NNC=C1C,Cc1c[nH]nc1C(C)C,rdkit_canonicalization
qm9_cn_subset:124542,124542,12454,smiles,CC(C)C1=NNC=C1N,CC(C)c1n[nH]cc1N,rdkit_canonicalization
qm9_cn_subset:124544,124544,12455,smiles,CC(C)C1=NNN=C1C,Cc1n[nH]nc1C(C)C,rdkit_canonicalization
qm9_cn_subset:124545,124545,12456,smiles,CC(C)C1=NNN=C1N,CC(C)c1n[nH]nc1N,rdkit_canonicalization
qm9_cn_subset:124558,124558,12457,smiles,CC(C)CC1=CC=NN1,CC(C)Cc1ccn[nH]1,rdkit_canonicalization
qm9_cn_subset:124560,124560,12458,smiles,CC(C)CC1=CN=NN1,CC(C)Cc1cnn[nH]1,rdkit_canonicalization
qm9_cn_subset:124562,124562,12459,smiles,CC(C)CC1=CNN=C1,CC(C)Cc1cn[nH]c1,rdkit_canonicalization
qm9_cn_subset:124563,124563,12460,smiles,CC(C)CC1=CNN=N1,CC(C)Cc1c[nH]nn1,rdkit_canonicalization
qm9_cn_subset:124566,124566,12461,smiles,CC(C)CC1=NC=NN1,CC(C)Cc1ncn[nH]1,rdkit_canonicalization
qm9_cn_subset:124568,124568,12462,smiles,CC(C)CC1=NNC=C1,CC(C)Cc1cc[nH]n1,rdkit_canonicalization
qm9_cn_subset:124569,124569,12463,smiles,CC(C)CC1=NNC=N1,CC(C)Cc1nc[nH]n1,rdkit_canonicalization
qm9_cn_subset:124570,124570,12464,smiles,CC(C)CC1=NNN=C1,CC(C)Cc1cn[nH]n1,rdkit_canonicalization
qm9_cn_subset:124571,124571,12465,smiles,CC(C)CC1=NNN=N1,CC(C)Cc1nn[nH]n1,rdkit_canonicalization
qm9_cn_subset:124576,124576,12466,smiles,CC(C)CN1C=CC=N1,CC(C)Cn1cccn1,rdkit_canonicalization
qm9_cn_subset:124577,124577,12467,smiles,CC(C)CN1C=CN=N1,CC(C)Cn1ccnn1,rdkit_canonicalization
qm9_cn_subset:124578,124578,12468,smiles,CC(C)CN1C=NC=N1,CC(C)Cn1cncn1,rdkit_canonicalization
qm9_cn_subset:124579,124579,12469,smiles,CC(C)CN1C=NN=C1,CC(C)Cn1cnnc1,rdkit_canonicalization
qm9_cn_subset:124580,124580,12470,smiles,CC(C)CN1C=NN=N1,CC(C)Cn1cnnn1,rdkit_canonicalization
qm9_cn_subset:124581,124581,12471,smiles,CC(C)CN1N=CC=N1,CC(C)Cn1nccn1,rdkit_canonicalization
qm9_cn_subset:124582,124582,12472,smiles,CC(C)CN1N=CN=N1,CC(C)Cn1ncnn1,rdkit_canonicalization
qm9_cn_subset:124583,124583,12473,smiles,CC(C)CN1N=NN=N1,CC(C)Cn1nnnn1,rdkit_canonicalization
qm9_cn_subset:124584,124584,12474,smiles,CC(C)N1C=C(C)C=N1,Cc1cnn(C(C)C)c1,rdkit_canonicalization
qm9_cn_subset:124585,124585,12475,smiles,CC(C)N1C=C(C)N=N1,Cc1cn(C(C)C)nn1,rdkit_canonicalization
qm9_cn_subset:124586,124586,12476,smiles,CC(C)N1C=C(N)C=N1,CC(C)n1cc(N)cn1,rdkit_canonicalization
qm9_cn_subset:124587,124587,12477,smiles,CC(C)N1C=C(N)N=N1,CC(C)n1cc(N)nn1,rdkit_canonicalization
qm9_cn_subset:124590,124590,12478,smiles,CC(C)N1C=CC(C)=N1,Cc1ccn(C(C)C)n1,rdkit_canonicalization
qm9_cn_subset:124591,124591,12479,smiles,CC(C)N1C=CC(N)=N1,CC(C)n1ccc(N)n1,rdkit_canonicalization
qm9_cn_subset:124593,124593,12480,smiles,CC(C)N1C=NC(C)=N1,Cc1ncn(C(C)C)n1,rdkit_canonicalization
qm9_cn_subset:124594,124594,12481,smiles,CC(C)N1C=NC(N)=N1,CC(C)n1cnc(N)n1,rdkit_canonicalization
qm9_cn_subset:124599,124599,12482,smiles,CC(C)N1N=CC(C)=N1,Cc1cnn(C(C)C)n1,rdkit_canonicalization
qm9_cn_subset:124600,124600,12483,smiles,CC(C)N1N=CC(N)=N1,CC(C)n1ncc(N)n1,rdkit_canonicalization
qm9_cn_subset:124602,124602,12484,smiles,CC(C)N1N=CC=C1C,Cc1ccnn1C(C)C,rdkit_canonicalization
qm9_cn_subset:124603,124603,12485,smiles,CC(C)N1N=CC=C1N,CC(C)n1nccc1N,rdkit_canonicalization
qm9_cn_subset:124605,124605,12486,smiles,CC(C)N1N=CN=C1C,Cc1ncnn1C(C)C,rdkit_canonicalization
qm9_cn_subset:124606,124606,12487,smiles,CC(C)N1N=CN=C1N,CC(C)n1ncnc1N,rdkit_canonicalization
qm9_cn_subset:124611,124611,12488,smiles,CC(C)N1N=NC(C)=N1,Cc1nnn(C(C)C)n1,rdkit_canonicalization
qm9_cn_subset:124612,124612,12489,smiles,CC(C)N1N=NC(N)=N1,CC(C)n1nnc(N)n1,rdkit_canonicalization
qm9_cn_subset:124614,124614,12490,smiles,CC(C)N1N=NC=C1C,Cc1cnnn1C(C)C,rdkit_canonicalization
qm9_cn_subset:124615,124615,12491,smiles,CC(C)N1N=NC=C1N,CC(C)n1nncc1N,rdkit_canonicalization
qm9_cn_subset:124617,124617,12492,smiles,CC(C)N1N=NNC1=N,CC(C)n1nn[nH]c1=N,rdkit_canonicalization
qm9_cn_subset:124622,124622,12493,smiles,CC(C)N=C1NN=NN1,CC(C)N=c1[nH]nn[nH]1,rdkit_canonicalization
qm9_cn_subset:124625,124625,12494,smiles,CC(C)NC1=CC=NN1,CC(C)Nc1ccn[nH]1,rdkit_canonicalization
qm9_cn_subset:124627,124627,12495,smiles,CC(C)NC1=CN=NN1,CC(C)Nc1cnn[nH]1,rdkit_canonicalization
qm9_cn_subset:124629,124629,12496,smiles,CC(C)NC1=CNN=C1,CC(C)Nc1cn[nH]c1,rdkit_canonicalization
qm9_cn_subset:124630,124630,12497,smiles,CC(C)NC1=CNN=N1,CC(C)Nc1c[nH]nn1,rdkit_canonicalization
qm9_cn_subset:124633,124633,12498,smiles,CC(C)NC1=NC=NN1,CC(C)Nc1ncn[nH]1,rdkit_canonicalization
qm9_cn_subset:124635,124635,12499,smiles,CC(C)NC1=NNC=C1,CC(C)Nc1cc[nH]n1,rdkit_canonicalization
qm9_cn_subset:124636,124636,12500,smiles,CC(C)NC1=NNC=N1,CC(C)Nc1nc[nH]n1,rdkit_canonicalization
qm9_cn_subset:124637,124637,12501,smiles,CC(C)NC1=NNN=C1,CC(C)Nc1cn[nH]n1,rdkit_canonicalization
qm9_cn_subset:124638,124638,12502,smiles,CC(C)NC1=NNN=N1,CC(C)Nc1nn[nH]n1,rdkit_canonicalization
qm9_cn_subset:124710,124710,12503,smiles,CC(N)=[NH+]C1=CC=N[N-]1,CC(N)=[NH+]c1ccn[n-]1,rdkit_canonicalization
qm9_cn_subset:124712,124712,12504,smiles,CC(N)=[NH+]C1=CN=N[N-]1,CC(N)=[NH+]c1cnn[n-]1,rdkit_canonicalization
qm9_cn_subset:124714,124714,12505,smiles,CC(N)=[NH+]C1=NC=N[N-]1,CC(N)=[NH+]c1ncn[n-]1,rdkit_canonicalization
qm9_cn_subset:124716,124716,12506,smiles,CC(N)=NC1=NNC=N1,CC(N)=Nc1nc[nH]n1,rdkit_canonicalization
qm9_cn_subset:124717,124717,12507,smiles,CC(N)=NC1=NNN=C1,CC(N)=Nc1cn[nH]n1,rdkit_canonicalization
qm9_cn_subset:124718,124718,12508,smiles,CC(N)=NC1=NNN=N1,CC(N)=Nc1nn[nH]n1,rdkit_canonicalization
qm9_cn_subset:124841,124841,12509,smiles,CC1(C)CC2=CC=NN12,CC1(C)Cc2ccnn21,rdkit_canonicalization
qm9_cn_subset:124842,124842,12510,smiles,CC1(C)CC2=CN=NN12,CC1(C)Cc2cnnn21,rdkit_canonicalization
qm9_cn_subset:124843,124843,12511,smiles,CC1(C)CC2=NC=NN12,CC1(C)Cc2ncnn21,rdkit_canonicalization
qm9_cn_subset:124844,124844,12512,smiles,CC1(C)CN2N=CC=C12,CC1(C)Cn2nccc21,rdkit_canonicalization
qm9_cn_subset:124845,124845,12513,smiles,CC1(C)CN2N=CN=C12,CC1(C)Cn2ncnc21,rdkit_canonicalization
qm9_cn_subset:124846,124846,12514,smiles,CC1(C)CN2N=NC=C12,CC1(C)Cn2nncc21,rdkit_canonicalization
qm9_cn_subset:124847,124847,12515,smiles,CC1(CC1)C1=CC=NN1,CC1(c2ccn[nH]2)CC1,rdkit_canonicalization
qm9_cn_subset:124849,124849,12516,smiles,CC1(CC1)C1=CN=NN1,CC1(c2cnn[nH]2)CC1,rdkit_canonicalization
qm9_cn_subset:124851,124851,12517,smiles,CC1(CC1)C1=CNN=C1,CC1(c2cn[nH]c2)CC1,rdkit_canonicalization
qm9_cn_subset:124852,124852,12518,smiles,CC1(CC1)C1=CNN=N1,CC1(c2c[nH]nn2)CC1,rdkit_canonicalization
qm9_cn_subset:124855,124855,12519,smiles,CC1(CC1)C1=NC=NN1,CC1(c2ncn[nH]2)CC1,rdkit_canonicalization
qm9_cn_subset:124857,124857,12520,smiles,CC1(CC1)C1=NNC=C1,CC1(c2cc[nH]n2)CC1,rdkit_canonicalization
qm9_cn_subset:124858,124858,12521,smiles,CC1(CC1)C1=NNC=N1,CC1(c2nc[nH]n2)CC1,rdkit_canonicalization
qm9_cn_subset:124859,124859,12522,smiles,CC1(CC1)C1=NNN=C1,CC1(c2cn[nH]n2)CC1,rdkit_canonicalization
qm9_cn_subset:124860,124860,12523,smiles,CC1(CC1)C1=NNN=N1,CC1(c2nn[nH]n2)CC1,rdkit_canonicalization
qm9_cn_subset:124865,124865,12524,smiles,CC1(CC1)N1C=CC=N1,CC1(n2cccn2)CC1,rdkit_canonicalization
qm9_cn_subset:124866,124866,12525,smiles,CC1(CC1)N1C=CN=N1,CC1(n2ccnn2)CC1,rdkit_canonicalization
qm9_cn_subset:124867,124867,12526,smiles,CC1(CC1)N1C=NC=N1,CC1(n2cncn2)CC1,rdkit_canonicalization
qm9_cn_subset:124868,124868,12527,smiles,CC1(CC1)N1C=NN=C1,CC1(n2cnnc2)CC1,rdkit_canonicalization
qm9_cn_subset:124869,124869,12528,smiles,CC1(CC1)N1C=NN=N1,CC1(n2cnnn2)CC1,rdkit_canonicalization
qm9_cn_subset:124870,124870,12529,smiles,CC1(CC1)N1N=CC=N1,CC1(n2nccn2)CC1,rdkit_canonicalization
qm9_cn_subset:124871,124871,12530,smiles,CC1(CC1)N1N=CN=N1,CC1(n2ncnn2)CC1,rdkit_canonicalization
qm9_cn_subset:124872,124872,12531,smiles,CC1(CC1)N1N=NN=N1,CC1(n2nnnn2)CC1,rdkit_canonicalization
qm9_cn_subset:124873,124873,12532,smiles,CC1(CN1)C1=CC=NN1,CC1(c2ccn[nH]2)CN1,rdkit_canonicalization
qm9_cn_subset:124875,124875,12533,smiles,CC1(CN1)C1=CN=NN1,CC1(c2cnn[nH]2)CN1,rdkit_canonicalization
qm9_cn_subset:124877,124877,12534,smiles,CC1(CN1)C1=CNN=C1,CC1(c2cn[nH]c2)CN1,rdkit_canonicalization
qm9_cn_subset:124878,124878,12535,smiles,CC1(CN1)C1=CNN=N1,CC1(c2c[nH]nn2)CN1,rdkit_canonicalization
qm9_cn_subset:124881,124881,12536,smiles,CC1(CN1)C1=NC=NN1,CC1(c2ncn[nH]2)CN1,rdkit_canonicalization
qm9_cn_subset:124883,124883,12537,smiles,CC1(CN1)C1=NNC=C1,CC1(c2cc[nH]n2)CN1,rdkit_canonicalization
qm9_cn_subset:124884,124884,12538,smiles,CC1(CN1)C1=NNC=N1,CC1(c2nc[nH]n2)CN1,rdkit_canonicalization
qm9_cn_subset:124885,124885,12539,smiles,CC1(CN1)C1=NNN=C1,CC1(c2cn[nH]n2)CN1,rdkit_canonicalization
qm9_cn_subset:124908,124908,12540,smiles,CC12CC1C1=CC=NN21,CC12CC1c1ccnn12,rdkit_canonicalization
qm9_cn_subset:124909,124909,12541,smiles,CC12CC1C1=CN=NN21,CC12CC1c1cnnn12,rdkit_canonicalization
qm9_cn_subset:124910,124910,12542,smiles,CC12CC1C1=NC=NN21,CC12CC1c1ncnn12,rdkit_canonicalization
qm9_cn_subset:124911,124911,12543,smiles,CC12CC1N1N=CC=C21,CC12CC1n1nccc12,rdkit_canonicalization
qm9_cn_subset:124912,124912,12544,smiles,CC12CC1N1N=CN=C21,CC12CC1n1ncnc12,rdkit_canonicalization
qm9_cn_subset:124913,124913,12545,smiles,CC12CC1N1N=NC=C21,CC12CC1n1nncc12,rdkit_canonicalization
qm9_cn_subset:124914,124914,12546,smiles,CC1=C(C#C)C(N)=NN1,C#Cc1c(N)n[nH]c1C,rdkit_canonicalization
qm9_cn_subset:124918,124918,12547,smiles,CC1=C(C#N)C(N)=NN1,Cc1[nH]nc(N)c1C#N,rdkit_canonicalization
qm9_cn_subset:124923,124923,12548,smiles,CC1=C(C)C(=N)N=NN1,Cc1[nH]nnc(=N)c1C,rdkit_canonicalization
qm9_cn_subset:124925,124925,12549,smiles,CC1=C(C)C(=N)NN=C1,Cc1cn[nH]c(=N)c1C,rdkit_canonicalization
qm9_cn_subset:124926,124926,12550,smiles,CC1=C(C)C(=N)NN=N1,Cc1nn[nH]c(=N)c1C,rdkit_canonicalization
qm9_cn_subset:124929,124929,12551,smiles,CC1=C(C)C(=NN1)C#C,C#Cc1n[nH]c(C)c1C,rdkit_canonicalization
qm9_cn_subset:124930,124930,12552,smiles,CC1=C(C)C(=NN1)C#N,Cc1[nH]nc(C#N)c1C,rdkit_canonicalization
qm9_cn_subset:124947,124947,12553,smiles,CC1=C(C=NN1)C1CC1,Cc1[nH]ncc1C1CC1,rdkit_canonicalization
qm9_cn_subset:124948,124948,12554,smiles,CC1=C(C=NN1)C1CN1,Cc1[nH]ncc1C1CN1,rdkit_canonicalization
qm9_cn_subset:124950,124950,12555,smiles,CC1=C(C=NN1)N1CC1,Cc1[nH]ncc1N1CC1,rdkit_canonicalization
qm9_cn_subset:124962,124962,12556,smiles,CC1=C(CC#C)C=NN1,C#CCc1cn[nH]c1C,rdkit_canonicalization
qm9_cn_subset:124964,124964,12557,smiles,CC1=C(CC#C)N=NN1,C#CCc1nn[nH]c1C,rdkit_canonicalization
qm9_cn_subset:124966,124966,12558,smiles,CC1=C(CC#C)NN=C1,C#CCc1[nH]ncc1C,rdkit_canonicalization
qm9_cn_subset:124967,124967,12559,smiles,CC1=C(CC#C)NN=N1,C#CCc1[nH]nnc1C,rdkit_canonicalization
qm9_cn_subset:124970,124970,12560,smiles,CC1=C(CC#N)C=NN1,Cc1[nH]ncc1CC#N,rdkit_canonicalization
qm9_cn_subset:124972,124972,12561,smiles,CC1=C(CC#N)N=NN1,Cc1[nH]nnc1CC#N,rdkit_canonicalization
qm9_cn_subset:124974,124974,12562,smiles,CC1=C(CC#N)NN=C1,Cc1cn[nH]c1CC#N,rdkit_canonicalization
qm9_cn_subset:124975,124975,12563,smiles,CC1=C(CC#N)NN=N1,Cc1nn[nH]c1CC#N,rdkit_canonicalization
qm9_cn_subset:125003,125003,12564,smiles,CC1=C(N)C(=N)C=NN1,Cc1[nH]ncc(=N)c1N,rdkit_canonicalization
qm9_cn_subset:125005,125005,12565,smiles,CC1=C(N)C(=N)N=NN1,Cc1[nH]nnc(=N)c1N,rdkit_canonicalization
qm9_cn_subset:125007,125007,12566,smiles,CC1=C(N)C(=N)NN=C1,Cc1cn[nH]c(=N)c1N,rdkit_canonicalization
qm9_cn_subset:125008,125008,12567,smiles,CC1=C(N)C(=N)NN=N1,Cc1nn[nH]c(=N)c1N,rdkit_canonicalization
qm9_cn_subset:125011,125011,12568,smiles,CC1=C(N)C(=NN1)C#C,C#Cc1n[nH]c(C)c1N,rdkit_canonicalization
qm9_cn_subset:125012,125012,12569,smiles,CC1=C(N)C(=NN1)C#N,Cc1[nH]nc(C#N)c1N,rdkit_canonicalization
qm9_cn_subset:125028,125028,12570,smiles,CC1=C(N)C=NNC1=N,Cc1c(N)cn[nH]c1=N,rdkit_canonicalization
qm9_cn_subset:125036,125036,12571,smiles,CC1=C(N)N=NNC1=N,Cc1c(N)nn[nH]c1=N,rdkit_canonicalization
qm9_cn_subset:125040,125040,12572,smiles,CC1=C(N)NN=C1C#C,C#Cc1n[nH]c(N)c1C,rdkit_canonicalization
qm9_cn_subset:125041,125041,12573,smiles,CC1=C(N)NN=C1C#N,Cc1c(C#N)n[nH]c1N,rdkit_canonicalization
qm9_cn_subset:125044,125044,12574,smiles,CC1=C(N)NN=CC1=N,Cc1c(N)[nH]ncc1=N,rdkit_canonicalization
qm9_cn_subset:125046,125046,12575,smiles,CC1=C(N)NN=NC1=N,Cc1c(N)[nH]nnc1=N,rdkit_canonicalization
qm9_cn_subset:125056,125056,12576,smiles,CC1=C(N=CN)N=NN1,Cc1[nH]nnc1N=CN,rdkit_canonicalization
qm9_cn_subset:125057,125057,12577,smiles,CC1=C(N=NN1)C(N)=N,Cc1[nH]nnc1C(=N)N,rdkit_canonicalization
qm9_cn_subset:125058,125058,12578,smiles,CC1=C(N=NN1)C1CC1,Cc1[nH]nnc1C1CC1,rdkit_canonicalization
qm9_cn_subset:125059,125059,12579,smiles,CC1=C(N=NN1)C1CN1,Cc1[nH]nnc1C1CN1,rdkit_canonicalization
qm9_cn_subset:125061,125061,12580,smiles,CC1=C(N=NN1)N1CC1,Cc1[nH]nnc1N1CC1,rdkit_canonicalization
qm9_cn_subset:125069,125069,12581,smiles,CC1=C(NC=N)N=NN1,Cc1[nH]nnc1NC=N,rdkit_canonicalization
qm9_cn_subset:125082,125082,12582,smiles,CC1=C(NN=C1)C1CC1,Cc1cn[nH]c1C1CC1,rdkit_canonicalization
qm9_cn_subset:125083,125083,12583,smiles,CC1=C(NN=C1)C1CN1,Cc1cn[nH]c1C1CN1,rdkit_canonicalization
qm9_cn_subset:125085,125085,12584,smiles,CC1=C(NN=C1)N1CC1,Cc1cn[nH]c1N1CC1,rdkit_canonicalization
qm9_cn_subset:125088,125088,12585,smiles,CC1=C(NN=C1N)C#C,C#Cc1[nH]nc(N)c1C,rdkit_canonicalization
qm9_cn_subset:125089,125089,12586,smiles,CC1=C(NN=C1N)C#N,Cc1c(N)n[nH]c1C#N,rdkit_canonicalization
qm9_cn_subset:125094,125094,12587,smiles,CC1=C([N-]N=N1)C(N)=[NH2+],Cc1nn[n-]c1C(N)=[NH2+],rdkit_canonicalization
qm9_cn_subset:125096,125096,12588,smiles,CC1=C(NN=N1)C1CC1,Cc1nn[nH]c1C1CC1,rdkit_canonicalization
qm9_cn_subset:125097,125097,12589,smiles,CC1=C(NN=N1)C1CN1,Cc1nn[nH]c1C1CN1,rdkit_canonicalization
qm9_cn_subset:125099,125099,12590,smiles,CC1=C(NN=N1)N1CC1,Cc1nn[nH]c1N1CC1,rdkit_canonicalization
qm9_cn_subset:125100,125100,12591,smiles,CC1=C([N-]N=N1)[NH+]=CN,Cc1nn[n-]c1[NH+]=CN,rdkit_canonicalization
qm9_cn_subset:125160,125160,12592,smiles,CC1=C2C3CC3N2N=C1,Cc1cnn2c1C1CC12,rdkit_canonicalization
qm9_cn_subset:125161,125161,12593,smiles,CC1=C2C3CC3N2N=N1,Cc1nnn2c1C1CC12,rdkit_canonicalization
qm9_cn_subset:125162,125162,12594,smiles,CC1=C2C=CCC2=NN1,Cc1[nH]nc2c1C=CC2,rdkit_canonicalization
qm9_cn_subset:125164,125164,12595,smiles,CC1=C2C=CCN2N=C1,Cc1cnn2c1C=CC2,rdkit_canonicalization
qm9_cn_subset:125165,125165,12596,smiles,CC1=C2C=CCN2N=N1,Cc1nnn2c1C=CC2,rdkit_canonicalization
qm9_cn_subset:125166,125166,12597,smiles,CC1=C2CC=CC2=NN1,Cc1[nH]nc2c1CC=C2,rdkit_canonicalization
qm9_cn_subset:125168,125168,12598,smiles,CC1=C2CC=CN2N=C1,Cc1cnn2c1CC=C2,rdkit_canonicalization
qm9_cn_subset:125169,125169,12599,smiles,CC1=C2CC=CN2N=N1,Cc1nnn2c1CC=C2,rdkit_canonicalization
qm9_cn_subset:125170,125170,12600,smiles,CC1=C2CCCC2=NN1,Cc1[nH]nc2c1CCC2,rdkit_canonicalization
qm9_cn_subset:125172,125172,12601,smiles,CC1=C2CCCN2N=C1,Cc1cnn2c1CCC2,rdkit_canonicalization
qm9_cn_subset:125173,125173,12602,smiles,CC1=C2CCCN2N=N1,Cc1nnn2c1CCC2,rdkit_canonicalization
qm9_cn_subset:125174,125174,12603,smiles,CC1=C2CCN2N=C1N,Cc1c(N)nn2c1CC2,rdkit_canonicalization
qm9_cn_subset:125176,125176,12604,smiles,CC1=C2CCNC2=NN1,Cc1[nH]nc2c1CCN2,rdkit_canonicalization
qm9_cn_subset:125183,125183,12605,smiles,CC1=C2N=CNC2=NN1,Cc1[nH]nc2[nH]cnc12,rdkit_canonicalization
qm9_cn_subset:125187,125187,12606,smiles,CC1=C2N=NNC2=CN1,Cc1[nH]cc2[nH]nnc12,rdkit_canonicalization
qm9_cn_subset:125188,125188,12607,smiles,CC1=C2N=NNC2=NN1,Cc1[nH]nc2[nH]nnc12,rdkit_canonicalization
qm9_cn_subset:125193,125193,12608,smiles,CC1=C2NC=NC2=NN1,Cc1[nH]nc2nc[nH]c12,rdkit_canonicalization
qm9_cn_subset:125195,125195,12609,smiles,CC1=C2NCCC2=NN1,Cc1[nH]nc2c1NCC2,rdkit_canonicalization
qm9_cn_subset:125197,125197,12610,smiles,CC1=C2NCCN2N=C1,Cc1cnn2c1NCC2,rdkit_canonicalization
qm9_cn_subset:125198,125198,12611,smiles,CC1=C2NCCN2N=N1,Cc1nnn2c1NCC2,rdkit_canonicalization
qm9_cn_subset:125199,125199,12612,smiles,CC1=C2NN=NC2=CN1,Cc1[nH]cc2nn[nH]c12,rdkit_canonicalization
qm9_cn_subset:125213,125213,12613,smiles,CC1=CC(=N)C(N)=NN1,Cc1cc(=N)c(N)n[nH]1,rdkit_canonicalization
qm9_cn_subset:125216,125216,12614,smiles,CC1=CC(=N)NN=C1C,Cc1cc(=N)[nH]nc1C,rdkit_canonicalization
qm9_cn_subset:125222,125222,12615,smiles,CC1=CC(=NN1)C1CC1,Cc1cc(C2CC2)n[nH]1,rdkit_canonicalization
qm9_cn_subset:125223,125223,12616,smiles,CC1=CC(=NN1)C1CN1,Cc1cc(C2CN2)n[nH]1,rdkit_canonicalization
qm9_cn_subset:125225,125225,12617,smiles,CC1=CC(=NN1)N1CC1,Cc1cc(N2CC2)n[nH]1,rdkit_canonicalization
qm9_cn_subset:125242,125242,12618,smiles,CC1=CC(CC#C)=NN1,C#CCc1cc(C)[nH]n1,rdkit_canonicalization
qm9_cn_subset:125244,125244,12619,smiles,CC1=CC(CC#N)=NN1,Cc1cc(CC#N)n[nH]1,rdkit_canonicalization
qm9_cn_subset:125254,125254,12620,smiles,CC1=CC(NC=N)=NN1,Cc1cc(NC=N)n[nH]1,rdkit_canonicalization
qm9_cn_subset:125267,125267,12621,smiles,CC1=CC2=C(C1)C=NN2,CC1=Cc2[nH]ncc2C1,rdkit_canonicalization
qm9_cn_subset:125269,125269,12622,smiles,CC1=CC2=C(C1)NN=C2,CC1=Cc2cn[nH]c2C1,rdkit_canonicalization
qm9_cn_subset:125271,125271,12623,smiles,CC1=CC2=C(N1)C=NN2,Cc1cc2[nH]ncc2[nH]1,rdkit_canonicalization
qm9_cn_subset:125273,125273,12624,smiles,CC1=CC2=C(N1)N=NN2,Cc1cc2[nH]nnc2[nH]1,rdkit_canonicalization
qm9_cn_subset:125277,125277,12625,smiles,CC1=CC2=C(NN=C2)N1,Cc1cc2cn[nH]c2[nH]1,rdkit_canonicalization
qm9_cn_subset:125279,125279,12626,smiles,CC1=CC2=C(NN=N2)N1,Cc1cc2nn[nH]c2[nH]1,rdkit_canonicalization
qm9_cn_subset:125285,125285,12627,smiles,CC1=CC2=CC=NN2C1,CC1=Cc2ccnn2C1,rdkit_canonicalization
qm9_cn_subset:125286,125286,12628,smiles,CC1=CC2=CN=NN2C1,CC1=Cc2cnnn2C1,rdkit_canonicalization
qm9_cn_subset:125287,125287,12629,smiles,CC1=CC2=CNN=C2C1,CC1=Cc2c[nH]nc2C1,rdkit_canonicalization
qm9_cn_subset:125289,125289,12630,smiles,CC1=CC2=NC=NN2C1,CC1=Cc2ncnn2C1,rdkit_canonicalization
qm9_cn_subset:125290,125290,12631,smiles,CC1=CC2=NNC=C2C1,CC1=Cc2n[nH]cc2C1,rdkit_canonicalization
qm9_cn_subset:125293,125293,12632,smiles,CC1=CC=NN1C1CC1,Cc1ccnn1C1CC1,rdkit_canonicalization
qm9_cn_subset:125294,125294,12633,smiles,CC1=CC=NN1CC#C,C#CCn1nccc1C,rdkit_canonicalization
qm9_cn_subset:125295,125295,12634,smiles,CC1=CC=NN1CC#N,Cc1ccnn1CC#N,rdkit_canonicalization
qm9_cn_subset:125298,125298,12635,smiles,CC1=CCC2=C1C=NN2,CC1=CCc2[nH]ncc21,rdkit_canonicalization
qm9_cn_subset:125300,125300,12636,smiles,CC1=CCC2=C1NN=C2,CC1=CCc2cn[nH]c21,rdkit_canonicalization
qm9_cn_subset:125302,125302,12637,smiles,CC1=CCC2=CC=NN12,CC1=CCc2ccnn21,rdkit_canonicalization
qm9_cn_subset:125303,125303,12638,smiles,CC1=CCC2=CN=NN12,CC1=CCc2cnnn21,rdkit_canonicalization
qm9_cn_subset:125304,125304,12639,smiles,CC1=CCC2=CNN=C12,CC1=CCc2c[nH]nc21,rdkit_canonicalization
qm9_cn_subset:125306,125306,12640,smiles,CC1=CCC2=NC=NN12,CC1=CCc2ncnn21,rdkit_canonicalization
qm9_cn_subset:125307,125307,12641,smiles,CC1=CCC2=NNC=C12,CC1=CCc2n[nH]cc21,rdkit_canonicalization
qm9_cn_subset:125309,125309,12642,smiles,CC1=CCN2N=CC=C12,CC1=CCn2nccc21,rdkit_canonicalization
qm9_cn_subset:125310,125310,12643,smiles,CC1=CCN2N=CN=C12,CC1=CCn2ncnc21,rdkit_canonicalization
qm9_cn_subset:125311,125311,12644,smiles,CC1=CCN2N=NC=C12,CC1=CCn2nncc21,rdkit_canonicalization
qm9_cn_subset:125315,125315,12645,smiles,CC1=CN(CC#C)N=C1,C#CCn1cc(C)cn1,rdkit_canonicalization
qm9_cn_subset:125316,125316,12646,smiles,CC1=CN(CC#C)N=N1,C#CCn1cc(C)nn1,rdkit_canonicalization
qm9_cn_subset:125317,125317,12647,smiles,CC1=CN(CC#N)N=C1,Cc1cnn(CC#N)c1,rdkit_canonicalization
qm9_cn_subset:125318,125318,12648,smiles,CC1=CN(CC#N)N=N1,Cc1cn(CC#N)nn1,rdkit_canonicalization
qm9_cn_subset:125324,125324,12649,smiles,CC1=CN(N=C1)C1CC1,Cc1cnn(C2CC2)c1,rdkit_canonicalization
qm9_cn_subset:125326,125326,12650,smiles,CC1=CN(N=N1)C1CC1,Cc1cn(C2CC2)nn1,rdkit_canonicalization
qm9_cn_subset:125327,125327,12651,smiles,CC1=CN2C=NN=C2N1,Cc1cn2cnnc2[nH]1,rdkit_canonicalization
qm9_cn_subset:125329,125329,12652,smiles,CC1=CN2C=NNC2=N1,Cc1cn2cn[nH]c2n1,rdkit_canonicalization
qm9_cn_subset:125331,125331,12653,smiles,CC1=CN2N=CC=C2C1,CC1=Cn2nccc2C1,rdkit_canonicalization
qm9_cn_subset:125332,125332,12654,smiles,CC1=CN2N=CN=C2C1,CC1=Cn2ncnc2C1,rdkit_canonicalization
qm9_cn_subset:125333,125333,12655,smiles,CC1=CN2N=CN=C2N1,Cc1cn2ncnc2[nH]1,rdkit_canonicalization
qm9_cn_subset:125335,125335,12656,smiles,CC1=CN2N=CNC2=N1,Cc1cn2nc[nH]c2n1,rdkit_canonicalization
qm9_cn_subset:125337,125337,12657,smiles,CC1=CN2N=NC=C2C1,CC1=Cn2nncc2C1,rdkit_canonicalization
qm9_cn_subset:125338,125338,12658,smiles,CC1=CN2N=NN=C2N1,Cc1cn2nnnc2[nH]1,rdkit_canonicalization
qm9_cn_subset:125340,125340,12659,smiles,CC1=CN2N=NNC2=N1,Cc1cn2nn[nH]c2n1,rdkit_canonicalization
qm9_cn_subset:125344,125344,12660,smiles,CC1=CN=C(N=N1)C#C,C#Cc1ncc(C)nn1,rdkit_canonicalization
qm9_cn_subset:125345,125345,12661,smiles,CC1=CN=C(N=N1)C#N,Cc1cnc(C#N)nn1,rdkit_canonicalization
qm9_cn_subset:125346,125346,12662,smiles,CC1=CN=C2NC=NN12,Cc1cnc2[nH]cnn12,rdkit_canonicalization
qm9_cn_subset:125347,125347,12663,smiles,CC1=CN=C2NN=CN12,Cc1cnc2[nH]ncn12,rdkit_canonicalization
qm9_cn_subset:125348,125348,12664,smiles,CC1=CN=C2NN=NN12,Cc1cnc2[nH]nnn12,rdkit_canonicalization
qm9_cn_subset:125353,125353,12665,smiles,CC1=CN=NN1C1CC1,Cc1cnnn1C1CC1,rdkit_canonicalization
qm9_cn_subset:125354,125354,12666,smiles,CC1=CN=NN1CC#C,C#CCn1nncc1C,rdkit_canonicalization
qm9_cn_subset:125355,125355,12667,smiles,CC1=CN=NN1CC#N,Cc1cnnn1CC#N,rdkit_canonicalization
qm9_cn_subset:125358,125358,12668,smiles,CC1=CNC2=C1C=NN2,Cc1c[nH]c2[nH]ncc12,rdkit_canonicalization
qm9_cn_subset:125360,125360,12669,smiles,CC1=CNC2=C1N=NN2,Cc1c[nH]c2[nH]nnc12,rdkit_canonicalization
qm9_cn_subset:125362,125362,12670,smiles,CC1=CNC2=C1NN=C2,Cc1c[nH]c2cn[nH]c12,rdkit_canonicalization
qm9_cn_subset:125363,125363,12671,smiles,CC1=CNC2=C1NN=N2,Cc1c[nH]c2nn[nH]c12,rdkit_canonicalization
qm9_cn_subset:125366,125366,12672,smiles,CC1=CNC2=NC=NN12,Cc1c[nH]c2ncnn12,rdkit_canonicalization
qm9_cn_subset:125367,125367,12673,smiles,CC1=CNC2=NN=CN12,Cc1c[nH]c2nncn12,rdkit_canonicalization
qm9_cn_subset:125368,125368,12674,smiles,CC1=CNC2=NN=NN12,Cc1c[nH]c2nnnn12,rdkit_canonicalization
qm9_cn_subset:125369,125369,12675,smiles,CC1=CNN=C(C)C1=N,Cc1c[nH]nc(C)c1=N,rdkit_canonicalization
qm9_cn_subset:125371,125371,12676,smiles,CC1=CNN=C(N)C1=N,Cc1c[nH]nc(N)c1=N,rdkit_canonicalization
qm9_cn_subset:125375,125375,12677,smiles,CC1=CNN=C1C1CC1,Cc1c[nH]nc1C1CC1,rdkit_canonicalization
qm9_cn_subset:125376,125376,12678,smiles,CC1=CNN=C1C1CN1,Cc1c[nH]nc1C1CN1,rdkit_canonicalization
qm9_cn_subset:125378,125378,12679,smiles,CC1=CNN=C1CC#C,C#CCc1n[nH]cc1C,rdkit_canonicalization
qm9_cn_subset:125379,125379,12680,smiles,CC1=CNN=C1CC#N,Cc1c[nH]nc1CC#N,rdkit_canonicalization
qm9_cn_subset:125382,125382,12681,smiles,CC1=CNN=C1N1CC1,Cc1c[nH]nc1N1CC1,rdkit_canonicalization
qm9_cn_subset:125383,125383,12682,smiles,CC1=CNN=C1NC=N,Cc1c[nH]nc1NC=N,rdkit_canonicalization
qm9_cn_subset:125415,125415,12683,smiles,CC1=NC(=N)C(C)=NN1,Cc1nc(=N)c(C)n[nH]1,rdkit_canonicalization
qm9_cn_subset:125417,125417,12684,smiles,CC1=NC(=N)C(N)=NN1,Cc1nc(=N)c(N)n[nH]1,rdkit_canonicalization
qm9_cn_subset:125419,125419,12685,smiles,CC1=NC(=N)NN=C1N,Cc1nc(=N)[nH]nc1N,rdkit_canonicalization
qm9_cn_subset:125421,125421,12686,smiles,CC1=NC(=NN1)C(N)=N,Cc1nc(C(=N)N)n[nH]1,rdkit_canonicalization
qm9_cn_subset:125422,125422,12687,smiles,CC1=NC(=NN1)C1CC1,Cc1nc(C2CC2)n[nH]1,rdkit_canonicalization
qm9_cn_subset:125423,125423,12688,smiles,CC1=NC(=NN1)C1CN1,Cc1nc(C2CN2)n[nH]1,rdkit_canonicalization
qm9_cn_subset:125425,125425,12689,smiles,CC1=NC(=NN1)N1CC1,Cc1nc(N2CC2)n[nH]1,rdkit_canonicalization
qm9_cn_subset:125436,125436,12690,smiles,CC1=NC(CC#C)=NN1,C#CCc1n[nH]c(C)n1,rdkit_canonicalization
qm9_cn_subset:125444,125444,12691,smiles,CC1=NC(N)=NNC1=N,Cc1nc(N)n[nH]c1=N,rdkit_canonicalization
qm9_cn_subset:125448,125448,12692,smiles,CC1=NC(N=CN)=NN1,Cc1nc(N=CN)n[nH]1,rdkit_canonicalization
qm9_cn_subset:125450,125450,12693,smiles,CC1=NC(NC=N)=NN1,Cc1nc(NC=N)n[nH]1,rdkit_canonicalization
qm9_cn_subset:125463,125463,12694,smiles,CC1=NC2=C(N1)C=NN2,Cc1nc2[nH]ncc2[nH]1,rdkit_canonicalization
qm9_cn_subset:125464,125464,12695,smiles,CC1=NC2=C(N1)N=NN2,Cc1nc2[nH]nnc2[nH]1,rdkit_canonicalization
qm9_cn_subset:125465,125465,12696,smiles,CC1=NC2=C(NN=C2)N1,Cc1nc2cn[nH]c2[nH]1,rdkit_canonicalization
qm9_cn_subset:125466,125466,12697,smiles,CC1=NC2=C(NN=N2)N1,Cc1nc2nn[nH]c2[nH]1,rdkit_canonicalization
qm9_cn_subset:125472,125472,12698,smiles,CC1=NC2=CNN=C2N1,Cc1nc2c[nH]nc2[nH]1,rdkit_canonicalization
qm9_cn_subset:125475,125475,12699,smiles,CC1=NC2=NNC=C2N1,Cc1nc2n[nH]cc2[nH]1,rdkit_canonicalization
qm9_cn_subset:125476,125476,12700,smiles,CC1=NC2=NNN=C2N1,Cc1nc2n[nH]nc2[nH]1,rdkit_canonicalization
qm9_cn_subset:125482,125482,12701,smiles,CC1=NC=C(N=N1)C#C,C#Cc1cnc(C)nn1,rdkit_canonicalization
qm9_cn_subset:125483,125483,12702,smiles,CC1=NC=C(N=N1)C#N,Cc1ncc(C#N)nn1,rdkit_canonicalization
qm9_cn_subset:125485,125485,12703,smiles,CC1=NC=NN1C1CC1,Cc1ncnn1C1CC1,rdkit_canonicalization
qm9_cn_subset:125486,125486,12704,smiles,CC1=NC=NN1CC#C,C#CCn1ncnc1C,rdkit_canonicalization
qm9_cn_subset:125487,125487,12705,smiles,CC1=NC=NN1CC#N,Cc1ncnn1CC#N,rdkit_canonicalization
qm9_cn_subset:125491,125491,12706,smiles,CC1=NN(C=C1)C1CC1,Cc1ccn(C2CC2)n1,rdkit_canonicalization
qm9_cn_subset:125493,125493,12707,smiles,CC1=NN(C=N1)C1CC1,Cc1ncn(C2CC2)n1,rdkit_canonicalization
qm9_cn_subset:125507,125507,12708,smiles,CC1=NN(CC#C)C=C1,C#CCn1ccc(C)n1,rdkit_canonicalization
qm9_cn_subset:125508,125508,12709,smiles,CC1=NN(CC#C)C=N1,C#CCn1cnc(C)n1,rdkit_canonicalization
qm9_cn_subset:125509,125509,12710,smiles,CC1=NN(CC#C)N=C1,C#CCn1ncc(C)n1,rdkit_canonicalization
qm9_cn_subset:125510,125510,12711,smiles,CC1=NN(CC#C)N=N1,C#CCn1nnc(C)n1,rdkit_canonicalization
qm9_cn_subset:125511,125511,12712,smiles,CC1=NN(CC#N)C=C1,Cc1ccn(CC#N)n1,rdkit_canonicalization
qm9_cn_subset:125512,125512,12713,smiles,CC1=NN(CC#N)C=N1,Cc1ncn(CC#N)n1,rdkit_canonicalization
qm9_cn_subset:125513,125513,12714,smiles,CC1=NN(CC#N)N=C1,Cc1cnn(CC#N)n1,rdkit_canonicalization
qm9_cn_subset:125514,125514,12715,smiles,CC1=NN(CC#N)N=N1,Cc1nnn(CC#N)n1,rdkit_canonicalization
qm9_cn_subset:125524,125524,12716,smiles,CC1=NN(N=C1)C1CC1,Cc1cnn(C2CC2)n1,rdkit_canonicalization
qm9_cn_subset:125526,125526,12717,smiles,CC1=NN(N=N1)C1CC1,Cc1nnn(C2CC2)n1,rdkit_canonicalization
qm9_cn_subset:125527,125527,12718,smiles,CC1=NN2C3CC3C2=C1,Cc1cc2n(n1)C1CC21,rdkit_canonicalization
qm9_cn_subset:125528,125528,12719,smiles,CC1=NN2C3CC3C2=N1,Cc1nc2n(n1)C1CC21,rdkit_canonicalization
qm9_cn_subset:125529,125529,12720,smiles,CC1=NN2C=CCC2=C1,Cc1cc2n(n1)C=CC2,rdkit_canonicalization
qm9_cn_subset:125530,125530,12721,smiles,CC1=NN2C=CCC2=N1,Cc1nc2n(n1)C=CC2,rdkit_canonicalization
qm9_cn_subset:125531,125531,12722,smiles,CC1=NN2C=CN=C2N1,Cc1nn2ccnc2[nH]1,rdkit_canonicalization
qm9_cn_subset:125533,125533,12723,smiles,CC1=NN2C=CNC2=N1,Cc1nc2[nH]ccn2n1,rdkit_canonicalization
qm9_cn_subset:125535,125535,12724,smiles,CC1=NN2C=NN=C2N1,Cc1nn2cnnc2[nH]1,rdkit_canonicalization
qm9_cn_subset:125537,125537,12725,smiles,CC1=NN2C=NNC2=N1,Cc1nc2[nH]ncn2n1,rdkit_canonicalization
qm9_cn_subset:125541,125541,12726,smiles,CC1=NN2CC=CC2=C1,Cc1cc2n(n1)CC=C2,rdkit_canonicalization
qm9_cn_subset:125542,125542,12727,smiles,CC1=NN2CC=CC2=N1,Cc1nc2n(n1)CC=C2,rdkit_canonicalization
qm9_cn_subset:125543,125543,12728,smiles,CC1=NN2CCC2=C1C,Cc1nn2c(c1C)CC2,rdkit_canonicalization
qm9_cn_subset:125544,125544,12729,smiles,CC1=NN2CCC2=C1N,Cc1nn2c(c1N)CC2,rdkit_canonicalization
qm9_cn_subset:125546,125546,12730,smiles,CC1=NN2CCCC2=C1,Cc1cc2n(n1)CCC2,rdkit_canonicalization
qm9_cn_subset:125547,125547,12731,smiles,CC1=NN2CCCC2=N1,Cc1nc2n(n1)CCC2,rdkit_canonicalization
qm9_cn_subset:125548,125548,12732,smiles,CC1=NN2CCNC2=C1,Cc1cc2n(n1)CCN2,rdkit_canonicalization
qm9_cn_subset:125549,125549,12733,smiles,CC1=NN2CCNC2=N1,Cc1nc2n(n1)CCN2,rdkit_canonicalization
qm9_cn_subset:125552,125552,12734,smiles,CC1=NN2N=CN=C2N1,Cc1nn2ncnc2[nH]1,rdkit_canonicalization
qm9_cn_subset:125554,125554,12735,smiles,CC1=NN2N=CNC2=N1,Cc1nc2[nH]cnn2n1,rdkit_canonicalization
qm9_cn_subset:125556,125556,12736,smiles,CC1=NN2N=NN=C2N1,Cc1nn2nnnc2[nH]1,rdkit_canonicalization
qm9_cn_subset:125560,125560,12737,smiles,CC1=NN=C2NC=CN12,Cc1nnc2[nH]ccn12,rdkit_canonicalization
qm9_cn_subset:125561,125561,12738,smiles,CC1=NN=C2NC=NN12,Cc1nnc2[nH]cnn12,rdkit_canonicalization
qm9_cn_subset:125562,125562,12739,smiles,CC1=NN=C2NN=CN12,Cc1nnc2[nH]ncn12,rdkit_canonicalization
qm9_cn_subset:125563,125563,12740,smiles,CC1=NN=C2NN=NN12,Cc1nnc2[nH]nnn12,rdkit_canonicalization
qm9_cn_subset:125569,125569,12741,smiles,CC1=NNC(=C1)C1CC1,Cc1cc(C2CC2)[nH]n1,rdkit_canonicalization
qm9_cn_subset:125570,125570,12742,smiles,CC1=NNC(=C1)C1CN1,Cc1cc(C2CN2)[nH]n1,rdkit_canonicalization
qm9_cn_subset:125572,125572,12743,smiles,CC1=NNC(=C1)N1CC1,Cc1cc(N2CC2)[nH]n1,rdkit_canonicalization
qm9_cn_subset:125573,125573,12744,smiles,CC1=NNC(=N)C(=N)N1,Cc1n[nH]c(=N)c(=N)[nH]1,rdkit_canonicalization
qm9_cn_subset:125575,125575,12745,smiles,CC1=CC(C)=NNC1=N,Cc1cc(C)c(=N)[nH]n1,rdkit_canonicalization
qm9_cn_subset:125576,125576,12746,smiles,CC1=NNC(=N)C(C)=N1,Cc1n[nH]c(=N)c(C)n1,rdkit_canonicalization
qm9_cn_subset:125577,125577,12747,smiles,CC1=NNC(=N)C(N)=C1,Cc1cc(N)c(=N)[nH]n1,rdkit_canonicalization
qm9_cn_subset:125578,125578,12748,smiles,CC1=NNC(=N)C(N)=N1,Cc1n[nH]c(=N)c(N)n1,rdkit_canonicalization
qm9_cn_subset:125581,125581,12749,smiles,CC1=NNC(=N)C=C1N,Cc1n[nH]c(=N)cc1N,rdkit_canonicalization
qm9_cn_subset:125583,125583,12750,smiles,CC1=NNC(=N)N=C1C,Cc1n[nH]c(=N)nc1C,rdkit_canonicalization
qm9_cn_subset:125586,125586,12751,smiles,CC1=NNC(=N1)C1CC1,Cc1n[nH]c(C2CC2)n1,rdkit_canonicalization
qm9_cn_subset:125587,125587,12752,smiles,CC1=NNC(=N1)C1CN1,Cc1n[nH]c(C2CN2)n1,rdkit_canonicalization
qm9_cn_subset:125589,125589,12753,smiles,CC1=NNC(=N1)N1CC1,Cc1n[nH]c(N2CC2)n1,rdkit_canonicalization
qm9_cn_subset:125602,125602,12754,smiles,CC1=NNC(C#C)=C1C,C#Cc1[nH]nc(C)c1C,rdkit_canonicalization
qm9_cn_subset:125603,125603,12755,smiles,CC1=NNC(C#C)=C1N,C#Cc1[nH]nc(C)c1N,rdkit_canonicalization
qm9_cn_subset:125604,125604,12756,smiles,CC1=NNC(C#N)=C1C,Cc1n[nH]c(C#N)c1C,rdkit_canonicalization
qm9_cn_subset:125605,125605,12757,smiles,CC1=NNC(C#N)=C1N,Cc1n[nH]c(C#N)c1N,rdkit_canonicalization
qm9_cn_subset:125606,125606,12758,smiles,CC1=NNC(C)=C1C#C,C#Cc1c(C)n[nH]c1C,rdkit_canonicalization
qm9_cn_subset:125607,125607,12759,smiles,CC1=NNC(C)=C1C#N,Cc1n[nH]c(C)c1C#N,rdkit_canonicalization
qm9_cn_subset:125611,125611,12760,smiles,CC1=NNC(CC#C)=C1,C#CCc1cc(C)n[nH]1,rdkit_canonicalization
qm9_cn_subset:125612,125612,12761,smiles,CC1=NNC(CC#C)=N1,C#CCc1nc(C)n[nH]1,rdkit_canonicalization
qm9_cn_subset:125613,125613,12762,smiles,CC1=NNC(CC#N)=C1,Cc1cc(CC#N)[nH]n1,rdkit_canonicalization
qm9_cn_subset:125614,125614,12763,smiles,CC1=NNC(CC#N)=N1,Cc1n[nH]c(CC#N)n1,rdkit_canonicalization
qm9_cn_subset:125623,125623,12764,smiles,CC1=NNC(N)=C1C#C,C#Cc1c(C)n[nH]c1N,rdkit_canonicalization
qm9_cn_subset:125624,125624,12765,smiles,CC1=NNC(N)=C1C#N,Cc1n[nH]c(N)c1C#N,rdkit_canonicalization
qm9_cn_subset:125627,125627,12766,smiles,CC1=NNC(N)=CC1=N,Cc1n[nH]c(N)cc1=N,rdkit_canonicalization
qm9_cn_subset:125629,125629,12767,smiles,CC1=N[N-]C(N)=[NH+]C1=N,Cc1n[n-]c(N)[nH+]c1=N,rdkit_canonicalization
qm9_cn_subset:125630,125630,12768,smiles,CC1=N[N-]C(=N1)[NH+]=CN,Cc1n[n-]c([NH+]=CN)n1,rdkit_canonicalization
qm9_cn_subset:125631,125631,12769,smiles,CC1=NNC(NC=N)=N1,Cc1n[nH]c(NC=N)n1,rdkit_canonicalization
qm9_cn_subset:125639,125639,12770,smiles,CC1=NNC2=C1C=CC2,Cc1n[nH]c2c1C=CC2,rdkit_canonicalization
qm9_cn_subset:125640,125640,12771,smiles,CC1=NNC2=C1C=CN2,Cc1n[nH]c2[nH]ccc12,rdkit_canonicalization
qm9_cn_subset:125642,125642,12772,smiles,CC1=NNC2=C1C=NN2,Cc1n[nH]c2[nH]ncc12,rdkit_canonicalization
qm9_cn_subset:125643,125643,12773,smiles,CC1=NNC2=C1CC=C2,Cc1n[nH]c2c1CC=C2,rdkit_canonicalization
qm9_cn_subset:125644,125644,12774,smiles,CC1=NNC2=C1CCC2,Cc1n[nH]c2c1CCC2,rdkit_canonicalization
qm9_cn_subset:125645,125645,12775,smiles,CC1=NNC2=C1CCN2,Cc1n[nH]c2c1CCN2,rdkit_canonicalization
qm9_cn_subset:125648,125648,12776,smiles,CC1=NNC2=C1N=CN2,Cc1n[nH]c2[nH]cnc12,rdkit_canonicalization
qm9_cn_subset:125649,125649,12777,smiles,CC1=NNC2=C1N=NN2,Cc1n[nH]c2[nH]nnc12,rdkit_canonicalization
qm9_cn_subset:125650,125650,12778,smiles,CC1=NNC2=C1NC=C2,Cc1n[nH]c2cc[nH]c12,rdkit_canonicalization
qm9_cn_subset:125651,125651,12779,smiles,CC1=NNC2=C1NC=N2,Cc1n[nH]c2nc[nH]c12,rdkit_canonicalization
qm9_cn_subset:125652,125652,12780,smiles,CC1=NNC2=C1NCC2,Cc1n[nH]c2c1NCC2,rdkit_canonicalization
qm9_cn_subset:125653,125653,12781,smiles,CC1=NNC2=C1NN=C2,Cc1n[nH]c2cn[nH]c12,rdkit_canonicalization
qm9_cn_subset:125660,125660,12782,smiles,CC1=NNC2=NC=CN12,Cc1n[nH]c2nccn12,rdkit_canonicalization
qm9_cn_subset:125661,125661,12783,smiles,CC1=NNC2=NC=NN12,Cc1n[nH]c2ncnn12,rdkit_canonicalization
qm9_cn_subset:125662,125662,12784,smiles,CC1=NNC2=NN=CN12,Cc1n[nH]c2nncn12,rdkit_canonicalization
qm9_cn_subset:125663,125663,12785,smiles,CC1=NNC2=NN=NN12,Cc1n[nH]c2nnnn12,rdkit_canonicalization
qm9_cn_subset:125664,125664,12786,smiles,CC1=NNC=C(N)C1=N,Cc1n[nH]cc(N)c1=N,rdkit_canonicalization
qm9_cn_subset:125668,125668,12787,smiles,CC1=NNC=C1C1CC1,Cc1n[nH]cc1C1CC1,rdkit_canonicalization
qm9_cn_subset:125669,125669,12788,smiles,CC1=NNC=C1C1CN1,Cc1n[nH]cc1C1CN1,rdkit_canonicalization
qm9_cn_subset:125671,125671,12789,smiles,CC1=NNC=C1CC#C,C#CCc1c[nH]nc1C,rdkit_canonicalization
qm9_cn_subset:125672,125672,12790,smiles,CC1=NNC=C1CC#N,Cc1n[nH]cc1CC#N,rdkit_canonicalization
qm9_cn_subset:125675,125675,12791,smiles,CC1=NNC=C1N1CC1,Cc1n[nH]cc1N1CC1,rdkit_canonicalization
qm9_cn_subset:125676,125676,12792,smiles,CC1=NNC=C1NC=N,Cc1n[nH]cc1NC=N,rdkit_canonicalization
qm9_cn_subset:125680,125680,12793,smiles,CC1=NNN=C(C)C1=N,Cc1n[nH]nc(C)c1=N,rdkit_canonicalization
qm9_cn_subset:125681,125681,12794,smiles,CC1=NNN=C(N)C1=N,Cc1n[nH]nc(N)c1=N,rdkit_canonicalization
qm9_cn_subset:125682,125682,12795,smiles,CC1=NNN=C1C(N)=N,Cc1n[nH]nc1C(=N)N,rdkit_canonicalization
qm9_cn_subset:125684,125684,12796,smiles,CC1=NNN=C1C1CC1,Cc1n[nH]nc1C1CC1,rdkit_canonicalization
qm9_cn_subset:125685,125685,12797,smiles,CC1=NNN=C1C1CN1,Cc1n[nH]nc1C1CN1,rdkit_canonicalization
qm9_cn_subset:125687,125687,12798,smiles,CC1=NNN=C1CC#C,C#CCc1n[nH]nc1C,rdkit_canonicalization
qm9_cn_subset:125690,125690,12799,smiles,CC1=NNN=C1N1CC1,Cc1n[nH]nc1N1CC1,rdkit_canonicalization
qm9_cn_subset:125691,125691,12800,smiles,CC1=NNN=C1N=CN,Cc1n[nH]nc1N=CN,rdkit_canonicalization
qm9_cn_subset:125692,125692,12801,smiles,CC1=NNN=C1NC=N,Cc1n[nH]nc1NC=N,rdkit_canonicalization
qm9_cn_subset:125843,125843,12802,smiles,CC1C(C)C2=CC=NN12,CC1c2ccnn2C1C,rdkit_canonicalization
qm9_cn_subset:125844,125844,12803,smiles,CC1C(C)C2=CN=NN12,CC1c2cnnn2C1C,rdkit_canonicalization
qm9_cn_subset:125845,125845,12804,smiles,CC1C(C)C2=NC=NN12,CC1c2ncnn2C1C,rdkit_canonicalization
qm9_cn_subset:125849,125849,12805,smiles,CC1C2C1C1=CC=NN21,CC1C2c3ccnn3C12,rdkit_canonicalization
qm9_cn_subset:125850,125850,12806,smiles,CC1C2C1C1=CN=NN21,CC1C2c3cnnn3C12,rdkit_canonicalization
qm9_cn_subset:125851,125851,12807,smiles,CC1C2C1C1=NC=NN21,CC1C2c3ncnn3C12,rdkit_canonicalization
qm9_cn_subset:125852,125852,12808,smiles,CC1C=CC2=C1C=NN2,CC1C=Cc2[nH]ncc21,rdkit_canonicalization
qm9_cn_subset:125854,125854,12809,smiles,CC1C=CC2=C1NN=C2,CC1C=Cc2cn[nH]c21,rdkit_canonicalization
qm9_cn_subset:125856,125856,12810,smiles,CC1C=CC2=CC=NN12,CC1C=Cc2ccnn21,rdkit_canonicalization
qm9_cn_subset:125857,125857,12811,smiles,CC1C=CC2=CN=NN12,CC1C=Cc2cnnn21,rdkit_canonicalization
qm9_cn_subset:125858,125858,12812,smiles,CC1C=CC2=CNN=C12,CC1C=Cc2c[nH]nc21,rdkit_canonicalization
qm9_cn_subset:125860,125860,12813,smiles,CC1C=CC2=NC=NN12,CC1C=Cc2ncnn21,rdkit_canonicalization
qm9_cn_subset:125861,125861,12814,smiles,CC1C=CC2=NNC=C12,CC1C=Cc2n[nH]cc21,rdkit_canonicalization
qm9_cn_subset:125863,125863,12815,smiles,CC1C=CN2N=CC=C12,CC1C=Cn2nccc21,rdkit_canonicalization
qm9_cn_subset:125864,125864,12816,smiles,CC1C=CN2N=CN=C12,CC1C=Cn2ncnc21,rdkit_canonicalization
qm9_cn_subset:125865,125865,12817,smiles,CC1C=CN2N=NC=C12,CC1C=Cn2nncc21,rdkit_canonicalization
qm9_cn_subset:125866,125866,12818,smiles,CC1CC1C1=CC=NN1,CC1CC1c1ccn[nH]1,rdkit_canonicalization
qm9_cn_subset:125868,125868,12819,smiles,CC1CC1C1=CN=NN1,CC1CC1c1cnn[nH]1,rdkit_canonicalization
qm9_cn_subset:125870,125870,12820,smiles,CC1CC1C1=CNN=C1,CC1CC1c1cn[nH]c1,rdkit_canonicalization
qm9_cn_subset:125871,125871,12821,smiles,CC1CC1C1=CNN=N1,CC1CC1c1c[nH]nn1,rdkit_canonicalization
qm9_cn_subset:125874,125874,12822,smiles,CC1CC1C1=NC=NN1,CC1CC1c1ncn[nH]1,rdkit_canonicalization
qm9_cn_subset:125876,125876,12823,smiles,CC1CC1C1=NNC=C1,CC1CC1c1cc[nH]n1,rdkit_canonicalization
qm9_cn_subset:125877,125877,12824,smiles,CC1CC1C1=NNC=N1,CC1CC1c1nc[nH]n1,rdkit_canonicalization
qm9_cn_subset:125878,125878,12825,smiles,CC1CC1C1=NNN=C1,CC1CC1c1cn[nH]n1,rdkit_canonicalization
qm9_cn_subset:125879,125879,12826,smiles,CC1CC1C1=NNN=N1,CC1CC1c1nn[nH]n1,rdkit_canonicalization
qm9_cn_subset:125884,125884,12827,smiles,CC1CC1N1C=CC=N1,CC1CC1n1cccn1,rdkit_canonicalization
qm9_cn_subset:125885,125885,12828,smiles,CC1CC1N1C=CN=N1,CC1CC1n1ccnn1,rdkit_canonicalization
qm9_cn_subset:125886,125886,12829,smiles,CC1CC1N1C=NC=N1,CC1CC1n1cncn1,rdkit_canonicalization
qm9_cn_subset:125887,125887,12830,smiles,CC1CC1N1C=NN=C1,CC1CC1n1cnnc1,rdkit_canonicalization
qm9_cn_subset:125888,125888,12831,smiles,CC1CC1N1C=NN=N1,CC1CC1n1cnnn1,rdkit_canonicalization
qm9_cn_subset:125889,125889,12832,smiles,CC1CC1N1N=CC=N1,CC1CC1n1nccn1,rdkit_canonicalization
qm9_cn_subset:125890,125890,12833,smiles,CC1CC1N1N=CN=N1,CC1CC1n1ncnn1,rdkit_canonicalization
qm9_cn_subset:125891,125891,12834,smiles,CC1CC1N1N=NN=N1,CC1CC1n1nnnn1,rdkit_canonicalization
qm9_cn_subset:125892,125892,12835,smiles,CC1CC2=C(C)C=NN12,Cc1cnn2c1CC2C,rdkit_canonicalization
qm9_cn_subset:125893,125893,12836,smiles,CC1CC2=C(C)N=NN12,Cc1nnn2c1CC2C,rdkit_canonicalization
qm9_cn_subset:125894,125894,12837,smiles,CC1CC2=C(C1)C=NN2,CC1Cc2cn[nH]c2C1,rdkit_canonicalization
qm9_cn_subset:125896,125896,12838,smiles,CC1CC2=C(C1)N=NN2,CC1Cc2nn[nH]c2C1,rdkit_canonicalization
qm9_cn_subset:125898,125898,12839,smiles,CC1CC2=C(N)C=NN12,CC1Cc2c(N)cnn21,rdkit_canonicalization
qm9_cn_subset:125899,125899,12840,smiles,CC1CC2=C(N)N=NN12,CC1Cc2c(N)nnn21,rdkit_canonicalization
qm9_cn_subset:125900,125900,12841,smiles,CC1CC2=C(N1)C=NN2,CC1Cc2[nH]ncc2N1,rdkit_canonicalization
qm9_cn_subset:125902,125902,12842,smiles,CC1CC2=C(N1)N=NN2,CC1Cc2[nH]nnc2N1,rdkit_canonicalization
qm9_cn_subset:125906,125906,12843,smiles,CC1CC2=C(NN=C2)N1,CC1Cc2cn[nH]c2N1,rdkit_canonicalization
qm9_cn_subset:125908,125908,12844,smiles,CC1CC2=C(NN=N2)N1,CC1Cc2nn[nH]c2N1,rdkit_canonicalization
qm9_cn_subset:125918,125918,12845,smiles,CC1CC2=CC(C)=NN12,Cc1cc2n(n1)C(C)C2,rdkit_canonicalization
qm9_cn_subset:125919,125919,12846,smiles,CC1CC2=CC(N)=NN12,CC1Cc2cc(N)nn21,rdkit_canonicalization
qm9_cn_subset:125921,125921,12847,smiles,CC1CC2=CNN=C2C1,CC1Cc2c[nH]nc2C1,rdkit_canonicalization
qm9_cn_subset:125922,125922,12848,smiles,CC1CC2=CNN=C2N1,CC1Cc2c[nH]nc2N1,rdkit_canonicalization
qm9_cn_subset:125927,125927,12849,smiles,CC1CC2=NC(C)=NN12,Cc1nc2n(n1)C(C)C2,rdkit_canonicalization
qm9_cn_subset:125928,125928,12850,smiles,CC1CC2=NC(N)=NN12,CC1Cc2nc(N)nn21,rdkit_canonicalization
qm9_cn_subset:125931,125931,12851,smiles,CC1CC2=NNC=C2N1,CC1Cc2n[nH]cc2N1,rdkit_canonicalization
qm9_cn_subset:125933,125933,12852,smiles,CC1CC2=NNN=C2C1,CC1Cc2n[nH]nc2C1,rdkit_canonicalization
qm9_cn_subset:125934,125934,12853,smiles,CC1CC2=NNN=C2N1,CC1Cc2n[nH]nc2N1,rdkit_canonicalization
qm9_cn_subset:125943,125943,12854,smiles,CC1CCC2=C1C=NN2,CC1CCc2[nH]ncc21,rdkit_canonicalization
qm9_cn_subset:125945,125945,12855,smiles,CC1CCC2=C1N=NN2,CC1CCc2[nH]nnc21,rdkit_canonicalization
qm9_cn_subset:125947,125947,12856,smiles,CC1CCC2=C1NN=C2,CC1CCc2cn[nH]c21,rdkit_canonicalization
qm9_cn_subset:125948,125948,12857,smiles,CC1CCC2=C1NN=N2,CC1CCc2nn[nH]c21,rdkit_canonicalization
qm9_cn_subset:125951,125951,12858,smiles,CC1CCC2=CC=NN12,CC1CCc2ccnn21,rdkit_canonicalization
qm9_cn_subset:125952,125952,12859,smiles,CC1CCC2=CN=NN12,CC1CCc2cnnn21,rdkit_canonicalization
qm9_cn_subset:125953,125953,12860,smiles,CC1CCC2=CNN=C12,CC1CCc2c[nH]nc21,rdkit_canonicalization
qm9_cn_subset:125955,125955,12861,smiles,CC1CCC2=NC=NN12,CC1CCc2ncnn21,rdkit_canonicalization
qm9_cn_subset:125956,125956,12862,smiles,CC1CCC2=NNC=C12,CC1CCc2n[nH]cc21,rdkit_canonicalization
qm9_cn_subset:125957,125957,12863,smiles,CC1CCC2=NNN=C12,CC1CCc2n[nH]nc21,rdkit_canonicalization
qm9_cn_subset:125960,125960,12864,smiles,CC1CCN2N=CC=C12,CC1CCn2nccc21,rdkit_canonicalization
qm9_cn_subset:125961,125961,12865,smiles,CC1CCN2N=CN=C12,CC1CCn2ncnc21,rdkit_canonicalization
qm9_cn_subset:125962,125962,12866,smiles,CC1CCN2N=NC=C12,CC1CCn2nncc21,rdkit_canonicalization
qm9_cn_subset:125963,125963,12867,smiles,CC1CN1C1=CC=NN1,CC1CN1c1ccn[nH]1,rdkit_canonicalization
qm9_cn_subset:125965,125965,12868,smiles,CC1CN1C1=CN=NN1,CC1CN1c1cnn[nH]1,rdkit_canonicalization
qm9_cn_subset:125967,125967,12869,smiles,CC1CN1C1=CNN=C1,CC1CN1c1cn[nH]c1,rdkit_canonicalization
qm9_cn_subset:125968,125968,12870,smiles,CC1CN1C1=CNN=N1,CC1CN1c1c[nH]nn1,rdkit_canonicalization
qm9_cn_subset:125971,125971,12871,smiles,CC1CN1C1=NC=NN1,CC1CN1c1ncn[nH]1,rdkit_canonicalization
qm9_cn_subset:125973,125973,12872,smiles,CC1CN1C1=NNC=C1,CC1CN1c1cc[nH]n1,rdkit_canonicalization
qm9_cn_subset:125974,125974,12873,smiles,CC1CN1C1=NNC=N1,CC1CN1c1nc[nH]n1,rdkit_canonicalization
qm9_cn_subset:125975,125975,12874,smiles,CC1CN1C1=NNN=C1,CC1CN1c1cn[nH]n1,rdkit_canonicalization
qm9_cn_subset:125976,125976,12875,smiles,CC1CN1C1=NNN=N1,CC1CN1c1nn[nH]n1,rdkit_canonicalization
qm9_cn_subset:125984,125984,12876,smiles,CC1CN2N=C(C)C=C12,Cc1cc2n(n1)CC2C,rdkit_canonicalization
qm9_cn_subset:125985,125985,12877,smiles,CC1CN2N=C(C)N=C12,Cc1nc2n(n1)CC2C,rdkit_canonicalization
qm9_cn_subset:125986,125986,12878,smiles,CC1CN2N=C(N)C=C12,CC1Cn2nc(N)cc21,rdkit_canonicalization
qm9_cn_subset:125987,125987,12879,smiles,CC1CN2N=C(N)N=C12,CC1Cn2nc(N)nc21,rdkit_canonicalization
qm9_cn_subset:125990,125990,12880,smiles,CC1CN2N=CC(C)=C12,Cc1cnn2c1C(C)C2,rdkit_canonicalization
qm9_cn_subset:125991,125991,12881,smiles,CC1CN2N=CC(N)=C12,CC1Cn2ncc(N)c21,rdkit_canonicalization
qm9_cn_subset:125993,125993,12882,smiles,CC1CN2N=CC=C2C1,CC1Cc2ccnn2C1,rdkit_canonicalization
qm9_cn_subset:125994,125994,12883,smiles,CC1CN2N=CC=C2N1,CC1Cn2nccc2N1,rdkit_canonicalization
qm9_cn_subset:125996,125996,12884,smiles,CC1CN2N=CN=C2C1,CC1Cc2ncnn2C1,rdkit_canonicalization
qm9_cn_subset:125997,125997,12885,smiles,CC1CN2N=CN=C2N1,CC1Cn2ncnc2N1,rdkit_canonicalization
qm9_cn_subset:125999,125999,12886,smiles,CC1CN2N=NC(C)=C12,Cc1nnn2c1C(C)C2,rdkit_canonicalization
qm9_cn_subset:126000,126000,12887,smiles,CC1CN2N=NC(N)=C12,CC1Cn2nnc(N)c21,rdkit_canonicalization
qm9_cn_subset:126002,126002,12888,smiles,CC1CN2N=NC=C2C1,CC1Cc2cnnn2C1,rdkit_canonicalization
qm9_cn_subset:126003,126003,12889,smiles,CC1CN2N=NC=C2N1,CC1Cn2nncc2N1,rdkit_canonicalization
qm9_cn_subset:126005,126005,12890,smiles,CC1CNC2=C1C=NN2,CC1CNc2[nH]ncc21,rdkit_canonicalization
qm9_cn_subset:126007,126007,12891,smiles,CC1CNC2=C1N=NN2,CC1CNc2[nH]nnc21,rdkit_canonicalization
qm9_cn_subset:126009,126009,12892,smiles,CC1CNC2=C1NN=C2,CC1CNc2cn[nH]c21,rdkit_canonicalization
qm9_cn_subset:126010,126010,12893,smiles,CC1CNC2=C1NN=N2,CC1CNc2nn[nH]c21,rdkit_canonicalization
qm9_cn_subset:126013,126013,12894,smiles,CC1CNC2=CC=NN12,CC1CNc2ccnn21,rdkit_canonicalization
qm9_cn_subset:126014,126014,12895,smiles,CC1CNC2=CN=NN12,CC1CNc2cnnn21,rdkit_canonicalization
qm9_cn_subset:126015,126015,12896,smiles,CC1CNC2=CNN=C12,CC1CNc2c[nH]nc21,rdkit_canonicalization
qm9_cn_subset:126017,126017,12897,smiles,CC1CNC2=NC=NN12,CC1CNc2ncnn21,rdkit_canonicalization
qm9_cn_subset:126018,126018,12898,smiles,CC1CNC2=NNC=C12,CC1CNc2n[nH]cc21,rdkit_canonicalization
qm9_cn_subset:126019,126019,12899,smiles,CC1CNC2=NNN=C12,CC1CNc2n[nH]nc21,rdkit_canonicalization
qm9_cn_subset:126039,126039,12900,smiles,CC1NC1C1=CC=NN1,CC1NC1c1ccn[nH]1,rdkit_canonicalization
qm9_cn_subset:126041,126041,12901,smiles,CC1NC1C1=CN=NN1,CC1NC1c1cnn[nH]1,rdkit_canonicalization
qm9_cn_subset:126043,126043,12902,smiles,CC1NC1C1=CNN=C1,CC1NC1c1cn[nH]c1,rdkit_canonicalization
qm9_cn_subset:126044,126044,12903,smiles,CC1NC1C1=CNN=N1,CC1NC1c1c[nH]nn1,rdkit_canonicalization
qm9_cn_subset:126047,126047,12904,smiles,CC1NC1C1=NC=NN1,CC1NC1c1ncn[nH]1,rdkit_canonicalization
qm9_cn_subset:126049,126049,12905,smiles,CC1NC1C1=NNC=C1,CC1NC1c1cc[nH]n1,rdkit_canonicalization
qm9_cn_subset:126050,126050,12906,smiles,CC1NC1C1=NNC=N1,CC1NC1c1nc[nH]n1,rdkit_canonicalization
qm9_cn_subset:126051,126051,12907,smiles,CC1NC1C1=NNN=C1,CC1NC1c1cn[nH]n1,rdkit_canonicalization
qm9_cn_subset:126056,126056,12908,smiles,CC1NCC2=C1N=NN2,CC1NCc2[nH]nnc21,rdkit_canonicalization
qm9_cn_subset:126058,126058,12909,smiles,CC1NCC2=C1NN=N2,CC1NCc2nn[nH]c21,rdkit_canonicalization
qm9_cn_subset:126061,126061,12910,smiles,CC1NCC2=NNN=C12,CC1NCc2n[nH]nc21,rdkit_canonicalization
qm9_cn_subset:126100,126100,12911,smiles,CCC#CC1=CC=NN1,CCC#Cc1ccn[nH]1,rdkit_canonicalization
qm9_cn_subset:126102,126102,12912,smiles,CCC#CC1=CN=NN1,CCC#Cc1cnn[nH]1,rdkit_canonicalization
qm9_cn_subset:126104,126104,12913,smiles,CCC#CC1=CNN=C1,CCC#Cc1cn[nH]c1,rdkit_canonicalization
qm9_cn_subset:126105,126105,12914,smiles,CCC#CC1=CNN=N1,CCC#Cc1c[nH]nn1,rdkit_canonicalization
qm9_cn_subset:126109,126109,12915,smiles,CCC#CC1=NNC=C1,CCC#Cc1cc[nH]n1,rdkit_canonicalization
qm9_cn_subset:126110,126110,12916,smiles,CCC#CC1=NNC=N1,CCC#Cc1nc[nH]n1,rdkit_canonicalization
qm9_cn_subset:126111,126111,12917,smiles,CCC#CC1=NNN=C1,CCC#Cc1cn[nH]n1,rdkit_canonicalization
qm9_cn_subset:126112,126112,12918,smiles,CCC#CC1=NNN=N1,CCC#Cc1nn[nH]n1,rdkit_canonicalization
qm9_cn_subset:126139,126139,12919,smiles,CCC(C)C1=CC=NN1,CCC(C)c1ccn[nH]1,rdkit_canonicalization
qm9_cn_subset:126141,126141,12920,smiles,CCC(C)C1=CN=NN1,CCC(C)c1cnn[nH]1,rdkit_canonicalization
qm9_cn_subset:126143,126143,12921,smiles,CCC(C)C1=CNN=C1,CCC(C)c1cn[nH]c1,rdkit_canonicalization
qm9_cn_subset:126144,126144,12922,smiles,CCC(C)C1=CNN=N1,CCC(C)c1c[nH]nn1,rdkit_canonicalization
qm9_cn_subset:126147,126147,12923,smiles,CCC(C)C1=NC=NN1,CCC(C)c1ncn[nH]1,rdkit_canonicalization
qm9_cn_subset:126149,126149,12924,smiles,CCC(C)C1=NNC=C1,CCC(C)c1cc[nH]n1,rdkit_canonicalization
qm9_cn_subset:126150,126150,12925,smiles,CCC(C)C1=NNC=N1,CCC(C)c1nc[nH]n1,rdkit_canonicalization
qm9_cn_subset:126151,126151,12926,smiles,CCC(C)C1=NNN=C1,CCC(C)c1cn[nH]n1,rdkit_canonicalization
qm9_cn_subset:126152,126152,12927,smiles,CCC(C)C1=NNN=N1,CCC(C)c1nn[nH]n1,rdkit_canonicalization
qm9_cn_subset:126157,126157,12928,smiles,CCC(C)N1C=CC=N1,CCC(C)n1cccn1,rdkit_canonicalization
qm9_cn_subset:126158,126158,12929,smiles,CCC(C)N1C=CN=N1,CCC(C)n1ccnn1,rdkit_canonicalization
qm9_cn_subset:126159,126159,12930,smiles,CCC(C)N1C=NC=N1,CCC(C)n1cncn1,rdkit_canonicalization
qm9_cn_subset:126160,126160,12931,smiles,CCC(C)N1C=NN=C1,CCC(C)n1cnnc1,rdkit_canonicalization
qm9_cn_subset:126161,126161,12932,smiles,CCC(C)N1C=NN=N1,CCC(C)n1cnnn1,rdkit_canonicalization
qm9_cn_subset:126162,126162,12933,smiles,CCC(C)N1N=CC=N1,CCC(C)n1nccn1,rdkit_canonicalization
qm9_cn_subset:126163,126163,12934,smiles,CCC(C)N1N=CN=N1,CCC(C)n1ncnn1,rdkit_canonicalization
qm9_cn_subset:126164,126164,12935,smiles,CCC(C)N1N=NN=N1,CCC(C)n1nnnn1,rdkit_canonicalization
qm9_cn_subset:126165,126165,12936,smiles,CCC([NH3+])C1=CN=N[N-]1,CCC([NH3+])c1cnn[n-]1,rdkit_canonicalization
qm9_cn_subset:126166,126166,12937,smiles,CCC([NH3+])C1=NC=N[N-]1,CCC([NH3+])c1ncn[n-]1,rdkit_canonicalization
qm9_cn_subset:126167,126167,12938,smiles,CCC([NH3+])C1=N[N-]N=N1,CCC([NH3+])c1nn[n-]n1,rdkit_canonicalization
qm9_cn_subset:126184,126184,12939,smiles,CCC1=C(C)C(C)=NN1,CCc1[nH]nc(C)c1C,rdkit_canonicalization
qm9_cn_subset:126186,126186,12940,smiles,CCC1=C(C)C(N)=NN1,CCc1[nH]nc(N)c1C,rdkit_canonicalization
qm9_cn_subset:126190,126190,12941,smiles,CCC1=C(C)C=NN1C,CCc1c(C)cnn1C,rdkit_canonicalization
qm9_cn_subset:126191,126191,12942,smiles,CCC1=C(C)N(C)N=C1,CCc1cnn(C)c1C,rdkit_canonicalization
qm9_cn_subset:126192,126192,12943,smiles,CCC1=C(C)N(C)N=N1,CCc1nnn(C)c1C,rdkit_canonicalization
qm9_cn_subset:126193,126193,12944,smiles,CCC1=C(C)N=NN1C,CCc1c(C)nnn1C,rdkit_canonicalization
qm9_cn_subset:126194,126194,12945,smiles,CCC1=C(C)NN=C1C,CCc1c(C)n[nH]c1C,rdkit_canonicalization
qm9_cn_subset:126195,126195,12946,smiles,CCC1=C(C)NN=C1N,CCc1c(N)n[nH]c1C,rdkit_canonicalization
qm9_cn_subset:126200,126200,12947,smiles,CCC1=C(C=NN1)C#C,C#Cc1cn[nH]c1CC,rdkit_canonicalization
qm9_cn_subset:126201,126201,12948,smiles,CCC1=C(C=NN1)C#N,CCc1[nH]ncc1C#N,rdkit_canonicalization
qm9_cn_subset:126208,126208,12949,smiles,CCC1=C(CC)C=NN1,CCc1cn[nH]c1CC,rdkit_canonicalization
qm9_cn_subset:126210,126210,12950,smiles,CCC1=C(CC)N=NN1,CCc1nn[nH]c1CC,rdkit_canonicalization
qm9_cn_subset:126220,126220,12951,smiles,CCC1=C(N)C(C)=NN1,CCc1[nH]nc(C)c1N,rdkit_canonicalization
qm9_cn_subset:126222,126222,12952,smiles,CCC1=C(N)C(N)=NN1,CCc1[nH]nc(N)c1N,rdkit_canonicalization
qm9_cn_subset:126226,126226,12953,smiles,CCC1=C(N)C=NN1C,CCc1c(N)cnn1C,rdkit_canonicalization
qm9_cn_subset:126227,126227,12954,smiles,CCC1=C(N)N(C)N=C1,CCc1cnn(C)c1N,rdkit_canonicalization
qm9_cn_subset:126228,126228,12955,smiles,CCC1=C(N)N(C)N=N1,CCc1nnn(C)c1N,rdkit_canonicalization
qm9_cn_subset:126229,126229,12956,smiles,CCC1=C(N)N=NN1C,CCc1c(N)nnn1C,rdkit_canonicalization
qm9_cn_subset:126230,126230,12957,smiles,CCC1=C(N)NN=C1C,CCc1c(C)n[nH]c1N,rdkit_canonicalization
qm9_cn_subset:126231,126231,12958,smiles,CCC1=C(N)NN=C1N,CCc1c(N)n[nH]c1N,rdkit_canonicalization
qm9_cn_subset:126236,126236,12959,smiles,CCC1=C(N=NN1)C#C,C#Cc1nn[nH]c1CC,rdkit_canonicalization
qm9_cn_subset:126237,126237,12960,smiles,CCC1=C(N=NN1)C#N,CCc1[nH]nnc1C#N,rdkit_canonicalization
qm9_cn_subset:126240,126240,12961,smiles,CCC1=C(NC)C=NN1,CCc1[nH]ncc1NC,rdkit_canonicalization
qm9_cn_subset:126242,126242,12962,smiles,CCC1=C(NC)N=NN1,CCc1[nH]nnc1NC,rdkit_canonicalization
qm9_cn_subset:126244,126244,12963,smiles,CCC1=C(NC)NN=C1,CCc1cn[nH]c1NC,rdkit_canonicalization
qm9_cn_subset:126245,126245,12964,smiles,CCC1=C(NC)NN=N1,CCc1nn[nH]c1NC,rdkit_canonicalization
qm9_cn_subset:126248,126248,12965,smiles,CCC1=C(NN=C1)C#C,C#Cc1[nH]ncc1CC,rdkit_canonicalization
qm9_cn_subset:126249,126249,12966,smiles,CCC1=C(NN=C1)C#N,CCc1cn[nH]c1C#N,rdkit_canonicalization
qm9_cn_subset:126252,126252,12967,smiles,CCC1=C(NN=N1)C#C,C#Cc1[nH]nnc1CC,rdkit_canonicalization
qm9_cn_subset:126253,126253,12968,smiles,CCC1=C(NN=N1)C#N,CCc1nn[nH]c1C#N,rdkit_canonicalization
qm9_cn_subset:126277,126277,12969,smiles,CCC1=C2CCN2N=C1,CCc1cnn2c1CC2,rdkit_canonicalization
qm9_cn_subset:126278,126278,12970,smiles,CCC1=C2CCN2N=N1,CCc1nnn2c1CC2,rdkit_canonicalization
qm9_cn_subset:126280,126280,12971,smiles,CCC1=CC(=N)N=NN1,CCc1cc(=N)nn[nH]1,rdkit_canonicalization
qm9_cn_subset:126282,126282,12972,smiles,CCC1=CC(=N)NN=C1,CCc1cn[nH]c(=N)c1,rdkit_canonicalization
qm9_cn_subset:126283,126283,12973,smiles,CCC1=CC(=N)NN=N1,CCc1cc(=N)[nH]nn1,rdkit_canonicalization
qm9_cn_subset:126286,126286,12974,smiles,CCC1=CC(=NN1)C#C,C#Cc1cc(CC)[nH]n1,rdkit_canonicalization
qm9_cn_subset:126287,126287,12975,smiles,CCC1=CC(=NN1)C#N,CCc1cc(C#N)n[nH]1,rdkit_canonicalization
qm9_cn_subset:126297,126297,12976,smiles,CCC1=CC(C)=NN1C,CCc1cc(C)nn1C,rdkit_canonicalization
qm9_cn_subset:126300,126300,12977,smiles,CCC1=CC(CC)=NN1,CCc1cc(CC)[nH]n1,rdkit_canonicalization
qm9_cn_subset:126304,126304,12978,smiles,CCC1=CC(N)=NN1C,CCc1cc(N)nn1C,rdkit_canonicalization
qm9_cn_subset:126305,126305,12979,smiles,CCC1=CC(NC)=NN1,CCc1cc(NC)n[nH]1,rdkit_canonicalization
qm9_cn_subset:126311,126311,12980,smiles,CCC1=CC=NNC1=N,CCc1ccn[nH]c1=N,rdkit_canonicalization
qm9_cn_subset:126315,126315,12981,smiles,CCC1=CN(C)N=C1C,CCc1cn(C)nc1C,rdkit_canonicalization
qm9_cn_subset:126316,126316,12982,smiles,CCC1=CN(C)N=C1N,CCc1cn(C)nc1N,rdkit_canonicalization
qm9_cn_subset:126320,126320,12983,smiles,CCC1=CN=C(C)N=N1,CCc1cnc(C)nn1,rdkit_canonicalization
qm9_cn_subset:126321,126321,12984,smiles,CCC1=CN=C(N)N=N1,CCc1cnc(N)nn1,rdkit_canonicalization
qm9_cn_subset:126324,126324,12985,smiles,CCC1=CN=NNC1=N,CCc1cnn[nH]c1=N,rdkit_canonicalization
qm9_cn_subset:126328,126328,12986,smiles,CCC1=CNN=C1C#C,C#Cc1n[nH]cc1CC,rdkit_canonicalization
qm9_cn_subset:126329,126329,12987,smiles,CCC1=CNN=C1C#N,CCc1c[nH]nc1C#N,rdkit_canonicalization
qm9_cn_subset:126331,126331,12988,smiles,CCC1=CNN=C1CC,CCc1c[nH]nc1CC,rdkit_canonicalization
qm9_cn_subset:126333,126333,12989,smiles,CCC1=CNN=C1NC,CCc1c[nH]nc1NC,rdkit_canonicalization
qm9_cn_subset:126336,126336,12990,smiles,CCC1=CNN=NC1=N,CCc1c[nH]nnc1=N,rdkit_canonicalization
qm9_cn_subset:126348,126348,12991,smiles,CCC1=NC(=N)C=NN1,CCc1nc(=N)cn[nH]1,rdkit_canonicalization
qm9_cn_subset:126350,126350,12992,smiles,CCC1=NC(=N)N=NN1,CCc1nc(=N)nn[nH]1,rdkit_canonicalization
qm9_cn_subset:126352,126352,12993,smiles,CCC1=NC(=N)NN=C1,CCc1cn[nH]c(=N)n1,rdkit_canonicalization
qm9_cn_subset:126353,126353,12994,smiles,CCC1=NC(=N)NN=N1,CCc1nn[nH]c(=N)n1,rdkit_canonicalization
qm9_cn_subset:126356,126356,12995,smiles,CCC1=NC(=NN1)C#C,C#Cc1n[nH]c(CC)n1,rdkit_canonicalization
qm9_cn_subset:126365,126365,12996,smiles,CCC1=NC(C)=NN1C,CCc1nc(C)nn1C,rdkit_canonicalization
qm9_cn_subset:126367,126367,12997,smiles,CCC1=NC(CC)=NN1,CCc1n[nH]c(CC)n1,rdkit_canonicalization
qm9_cn_subset:126371,126371,12998,smiles,CCC1=NC(N)=NN1C,CCc1nc(N)nn1C,rdkit_canonicalization
qm9_cn_subset:126372,126372,12999,smiles,CCC1=NC(NC)=NN1,CCc1nc(NC)n[nH]1,rdkit_canonicalization
qm9_cn_subset:126377,126377,13000,smiles,CCC1=NC=C(C)N=N1,CCc1ncc(C)nn1,rdkit_canonicalization
qm9_cn_subset:126378,126378,13001,smiles,CCC1=NC=C(N)N=N1,CCc1ncc(N)nn1,rdkit_canonicalization
qm9_cn_subset:126381,126381,13002,smiles,CCC1=NC=NNC1=N,CCc1ncn[nH]c1=N,rdkit_canonicalization
qm9_cn_subset:126388,126388,13003,smiles,CCC1=NN(C)C(C)=C1,CCc1cc(C)n(C)n1,rdkit_canonicalization
qm9_cn_subset:126389,126389,13004,smiles,CCC1=NN(C)C(C)=N1,CCc1nc(C)n(C)n1,rdkit_canonicalization
qm9_cn_subset:126390,126390,13005,smiles,CCC1=NN(C)C(N)=C1,CCc1cc(N)n(C)n1,rdkit_canonicalization
qm9_cn_subset:126391,126391,13006,smiles,CCC1=NN(C)C(N)=N1,CCc1nc(N)n(C)n1,rdkit_canonicalization
qm9_cn_subset:126394,126394,13007,smiles,CCC1=NN(C)C=C1C,CCc1nn(C)cc1C,rdkit_canonicalization
qm9_cn_subset:126395,126395,13008,smiles,CCC1=NN(C)C=C1N,CCc1nn(C)cc1N,rdkit_canonicalization
qm9_cn_subset:126397,126397,13009,smiles,CCC1=NN(C)N=C1C,CCc1nn(C)nc1C,rdkit_canonicalization
qm9_cn_subset:126398,126398,13010,smiles,CCC1=NN(C)N=C1N,CCc1nn(C)nc1N,rdkit_canonicalization
qm9_cn_subset:126404,126404,13011,smiles,CCC1=NN2CCC2=C1,CCc1cc2n(n1)CC2,rdkit_canonicalization
qm9_cn_subset:126405,126405,13012,smiles,CCC1=NN2CCC2=N1,CCc1nc2n(n1)CC2,rdkit_canonicalization
qm9_cn_subset:126406,126406,13013,smiles,CCC1=NN=C(CC)N1,CCc1nnc(CC)[nH]1,rdkit_canonicalization
qm9_cn_subset:126408,126408,13014,smiles,CCC1=NNC(=C1)C#C,C#Cc1cc(CC)n[nH]1,rdkit_canonicalization
qm9_cn_subset:126409,126409,13015,smiles,CCC1=NNC(=C1)C#N,CCc1cc(C#N)[nH]n1,rdkit_canonicalization
qm9_cn_subset:126410,126410,13016,smiles,CCC1=NNC(=N)C=C1,CCc1ccc(=N)[nH]n1,rdkit_canonicalization
qm9_cn_subset:126411,126411,13017,smiles,CCC1=NNC(=N)C=N1,CCc1ncc(=N)[nH]n1,rdkit_canonicalization
qm9_cn_subset:126412,126412,13018,smiles,CCC1=NNC(=N)N=C1,CCc1cnc(=N)[nH]n1,rdkit_canonicalization
qm9_cn_subset:126417,126417,13019,smiles,CCC1=NNC(C)=C1C,CCc1n[nH]c(C)c1C,rdkit_canonicalization
qm9_cn_subset:126418,126418,13020,smiles,CCC1=NNC(C)=C1N,CCc1n[nH]c(C)c1N,rdkit_canonicalization
qm9_cn_subset:126423,126423,13021,smiles,CCC1=NNC(N)=C1C,CCc1n[nH]c(N)c1C,rdkit_canonicalization
qm9_cn_subset:126424,126424,13022,smiles,CCC1=NNC(N)=C1N,CCc1n[nH]c(N)c1N,rdkit_canonicalization
qm9_cn_subset:126426,126426,13023,smiles,CCC1=NNC(NC)=C1,CCc1cc(NC)[nH]n1,rdkit_canonicalization
qm9_cn_subset:126427,126427,13024,smiles,CCC1=NNC(NC)=N1,CCc1n[nH]c(NC)n1,rdkit_canonicalization
qm9_cn_subset:126432,126432,13025,smiles,CCC1=NNC=C1C#C,C#Cc1c[nH]nc1CC,rdkit_canonicalization
qm9_cn_subset:126433,126433,13026,smiles,CCC1=NNC=C1C#N,CCc1n[nH]cc1C#N,rdkit_canonicalization
qm9_cn_subset:126436,126436,13027,smiles,CCC1=NNC=C1NC,CCc1n[nH]cc1NC,rdkit_canonicalization
qm9_cn_subset:126439,126439,13028,smiles,CCC1=NNC=NC1=N,CCc1n[nH]cnc1=N,rdkit_canonicalization
qm9_cn_subset:126440,126440,13029,smiles,CCC1=NNN=C1C#C,C#Cc1n[nH]nc1CC,rdkit_canonicalization
qm9_cn_subset:126441,126441,13030,smiles,CCC1=NNN=C1C#N,CCc1n[nH]nc1C#N,rdkit_canonicalization
qm9_cn_subset:126443,126443,13031,smiles,CCC1=NNN=C1CC,CCc1n[nH]nc1CC,rdkit_canonicalization
qm9_cn_subset:126445,126445,13032,smiles,CCC1=NNN=C1NC,CCc1n[nH]nc1NC,rdkit_canonicalization
qm9_cn_subset:126447,126447,13033,smiles,CCC1=NNN=CC1=N,CCc1n[nH]ncc1=N,rdkit_canonicalization
qm9_cn_subset:126448,126448,13034,smiles,CCC1=NNN=NC1=N,CCc1n[nH]nnc1=N,rdkit_canonicalization
qm9_cn_subset:126496,126496,13035,smiles,CCC1CC2=CC=NN12,CCC1Cc2ccnn21,rdkit_canonicalization
qm9_cn_subset:126497,126497,13036,smiles,CCC1CC2=CN=NN12,CCC1Cc2cnnn21,rdkit_canonicalization
qm9_cn_subset:126498,126498,13037,smiles,CCC1CC2=NC=NN12,CCC1Cc2ncnn21,rdkit_canonicalization
qm9_cn_subset:126499,126499,13038,smiles,CCC1CN2N=CC=C12,CCC1Cn2nccc21,rdkit_canonicalization
qm9_cn_subset:126500,126500,13039,smiles,CCC1CN2N=CN=C12,CCC1Cn2ncnc21,rdkit_canonicalization
qm9_cn_subset:126501,126501,13040,smiles,CCC1CN2N=NC=C12,CCC1Cn2nncc21,rdkit_canonicalization
qm9_cn_subset:126502,126502,13041,smiles,CCCC1=C(C)C=NN1,CCCc1[nH]ncc1C,rdkit_canonicalization
qm9_cn_subset:126504,126504,13042,smiles,CCCC1=C(C)N=NN1,CCCc1[nH]nnc1C,rdkit_canonicalization
qm9_cn_subset:126506,126506,13043,smiles,CCCC1=C(C)NN=C1,CCCc1cn[nH]c1C,rdkit_canonicalization
qm9_cn_subset:126507,126507,13044,smiles,CCCC1=C(C)NN=N1,CCCc1nn[nH]c1C,rdkit_canonicalization
qm9_cn_subset:126510,126510,13045,smiles,CCCC1=C(N)C=NN1,CCCc1[nH]ncc1N,rdkit_canonicalization
qm9_cn_subset:126512,126512,13046,smiles,CCCC1=C(N)N=NN1,CCCc1[nH]nnc1N,rdkit_canonicalization
qm9_cn_subset:126514,126514,13047,smiles,CCCC1=C(N)NN=C1,CCCc1cn[nH]c1N,rdkit_canonicalization
qm9_cn_subset:126515,126515,13048,smiles,CCCC1=C(N)NN=N1,CCCc1nn[nH]c1N,rdkit_canonicalization
qm9_cn_subset:126522,126522,13049,smiles,CCCC1=CC(C)=NN1,CCCc1cc(C)n[nH]1,rdkit_canonicalization
qm9_cn_subset:126524,126524,13050,smiles,CCCC1=CC(N)=NN1,CCCc1cc(N)n[nH]1,rdkit_canonicalization
qm9_cn_subset:126528,126528,13051,smiles,CCCC1=CC=NN1C,CCCc1ccnn1C,rdkit_canonicalization
qm9_cn_subset:126529,126529,13052,smiles,CCCC1=CN(C)N=C1,CCCc1cnn(C)c1,rdkit_canonicalization
qm9_cn_subset:126530,126530,13053,smiles,CCCC1=CN(C)N=N1,CCCc1cn(C)nn1,rdkit_canonicalization
qm9_cn_subset:126531,126531,13054,smiles,CCCC1=CN=CN=N1,CCCc1cncnn1,rdkit_canonicalization
qm9_cn_subset:126532,126532,13055,smiles,CCCC1=CN=NC=N1,CCCc1cnncn1,rdkit_canonicalization
qm9_cn_subset:126533,126533,13056,smiles,CCCC1=CN=NN1C,CCCc1cnnn1C,rdkit_canonicalization
qm9_cn_subset:126534,126534,13057,smiles,CCCC1=CN=NN=N1,CCCc1cnnnn1,rdkit_canonicalization
qm9_cn_subset:126535,126535,13058,smiles,CCCC1=CNN=C1C,CCCc1c[nH]nc1C,rdkit_canonicalization
qm9_cn_subset:126536,126536,13059,smiles,CCCC1=CNN=C1N,CCCc1c[nH]nc1N,rdkit_canonicalization
qm9_cn_subset:126541,126541,13060,smiles,CCCC1=NC(C)=NN1,CCCc1nc(C)n[nH]1,rdkit_canonicalization
qm9_cn_subset:126543,126543,13061,smiles,CCCC1=NC(N)=NN1,CCCc1nc(N)n[nH]1,rdkit_canonicalization
qm9_cn_subset:126547,126547,13062,smiles,CCCC1=NC=CN=N1,CCCc1nccnn1,rdkit_canonicalization
qm9_cn_subset:126548,126548,13063,smiles,CCCC1=NC=NN1C,CCCc1ncnn1C,rdkit_canonicalization
qm9_cn_subset:126549,126549,13064,smiles,CCCC1=NC=NN=N1,CCCc1ncnnn1,rdkit_canonicalization
qm9_cn_subset:126550,126550,13065,smiles,CCCC1=NN(C)C=C1,CCCc1ccn(C)n1,rdkit_canonicalization
qm9_cn_subset:126551,126551,13066,smiles,CCCC1=NN(C)C=N1,CCCc1ncn(C)n1,rdkit_canonicalization
qm9_cn_subset:126552,126552,13067,smiles,CCCC1=NN(C)N=C1,CCCc1cnn(C)n1,rdkit_canonicalization
qm9_cn_subset:126553,126553,13068,smiles,CCCC1=NN(C)N=N1,CCCc1nnn(C)n1,rdkit_canonicalization
qm9_cn_subset:126556,126556,13069,smiles,CCCC1=NNC(C)=C1,CCCc1cc(C)[nH]n1,rdkit_canonicalization
qm9_cn_subset:126557,126557,13070,smiles,CCCC1=NNC(C)=N1,CCCc1n[nH]c(C)n1,rdkit_canonicalization
qm9_cn_subset:126558,126558,13071,smiles,CCCC1=NNC(N)=C1,CCCc1cc(N)[nH]n1,rdkit_canonicalization
qm9_cn_subset:126559,126559,13072,smiles,CCCC1=NNC(N)=N1,CCCc1n[nH]c(N)n1,rdkit_canonicalization
qm9_cn_subset:126561,126561,13073,smiles,CCCC1=NNC=C1C,CCCc1n[nH]cc1C,rdkit_canonicalization
qm9_cn_subset:126562,126562,13074,smiles,CCCC1=NNC=C1N,CCCc1n[nH]cc1N,rdkit_canonicalization
qm9_cn_subset:126564,126564,13075,smiles,CCCC1=NNN=C1C,CCCc1n[nH]nc1C,rdkit_canonicalization
qm9_cn_subset:126565,126565,13076,smiles,CCCC1=NNN=C1N,CCCc1n[nH]nc1N,rdkit_canonicalization
qm9_cn_subset:126578,126578,13077,smiles,CCCCC1=CC=NN1,CCCCc1ccn[nH]1,rdkit_canonicalization
qm9_cn_subset:126580,126580,13078,smiles,CCCCC1=CN=NN1,CCCCc1cnn[nH]1,rdkit_canonicalization
qm9_cn_subset:126582,126582,13079,smiles,CCCCC1=CNN=C1,CCCCc1cn[nH]c1,rdkit_canonicalization
qm9_cn_subset:126583,126583,13080,smiles,CCCCC1=CNN=N1,CCCCc1c[nH]nn1,rdkit_canonicalization
qm9_cn_subset:126586,126586,13081,smiles,CCCCC1=NC=NN1,CCCCc1ncn[nH]1,rdkit_canonicalization
qm9_cn_subset:126588,126588,13082,smiles,CCCCC1=NNC=C1,CCCCc1cc[nH]n1,rdkit_canonicalization
qm9_cn_subset:126589,126589,13083,smiles,CCCCC1=NNC=N1,CCCCc1nc[nH]n1,rdkit_canonicalization
qm9_cn_subset:126590,126590,13084,smiles,CCCCC1=NNN=C1,CCCCc1cn[nH]n1,rdkit_canonicalization
qm9_cn_subset:126591,126591,13085,smiles,CCCCC1=NNN=N1,CCCCc1nn[nH]n1,rdkit_canonicalization
qm9_cn_subset:126596,126596,13086,smiles,CCCCN1C=CC=N1,CCCCn1cccn1,rdkit_canonicalization
qm9_cn_subset:126597,126597,13087,smiles,CCCCN1C=CN=N1,CCCCn1ccnn1,rdkit_canonicalization
qm9_cn_subset:126598,126598,13088,smiles,CCCCN1C=NC=N1,CCCCn1cncn1,rdkit_canonicalization
qm9_cn_subset:126599,126599,13089,smiles,CCCCN1C=NN=C1,CCCCn1cnnc1,rdkit_canonicalization
qm9_cn_subset:126600,126600,13090,smiles,CCCCN1C=NN=N1,CCCCn1cnnn1,rdkit_canonicalization
qm9_cn_subset:126601,126601,13091,smiles,CCCCN1N=CC=N1,CCCCn1nccn1,rdkit_canonicalization
qm9_cn_subset:126602,126602,13092,smiles,CCCCN1N=CN=N1,CCCCn1ncnn1,rdkit_canonicalization
qm9_cn_subset:126603,126603,13093,smiles,CCCCN1N=NN=N1,CCCCn1nnnn1,rdkit_canonicalization
qm9_cn_subset:126604,126604,13094,smiles,CCCN1C=C(C)C=N1,CCCn1cc(C)cn1,rdkit_canonicalization
qm9_cn_subset:126605,126605,13095,smiles,CCCN1C=C(C)N=N1,CCCn1cc(C)nn1,rdkit_canonicalization
qm9_cn_subset:126606,126606,13096,smiles,CCCN1C=C(N)C=N1,CCCn1cc(N)cn1,rdkit_canonicalization
qm9_cn_subset:126607,126607,13097,smiles,CCCN1C=C(N)N=N1,CCCn1cc(N)nn1,rdkit_canonicalization
qm9_cn_subset:126610,126610,13098,smiles,CCCN1C=CC(C)=N1,CCCn1ccc(C)n1,rdkit_canonicalization
qm9_cn_subset:126611,126611,13099,smiles,CCCN1C=CC(N)=N1,CCCn1ccc(N)n1,rdkit_canonicalization
qm9_cn_subset:126613,126613,13100,smiles,CCCN1C=NC(C)=N1,CCCn1cnc(C)n1,rdkit_canonicalization
qm9_cn_subset:126614,126614,13101,smiles,CCCN1C=NC(N)=N1,CCCn1cnc(N)n1,rdkit_canonicalization
qm9_cn_subset:126619,126619,13102,smiles,CCCN1N=CC(C)=N1,CCCn1ncc(C)n1,rdkit_canonicalization
qm9_cn_subset:126620,126620,13103,smiles,CCCN1N=CC(N)=N1,CCCn1ncc(N)n1,rdkit_canonicalization
qm9_cn_subset:126622,126622,13104,smiles,CCCN1N=CC=C1C,CCCn1nccc1C,rdkit_canonicalization
qm9_cn_subset:126623,126623,13105,smiles,CCCN1N=CC=C1N,CCCn1nccc1N,rdkit_canonicalization
qm9_cn_subset:126625,126625,13106,smiles,CCCN1N=CN=C1C,CCCn1ncnc1C,rdkit_canonicalization
qm9_cn_subset:126626,126626,13107,smiles,CCCN1N=CN=C1N,CCCn1ncnc1N,rdkit_canonicalization
qm9_cn_subset:126631,126631,13108,smiles,CCCN1N=NC(C)=N1,CCCn1nnc(C)n1,rdkit_canonicalization
qm9_cn_subset:126632,126632,13109,smiles,CCCN1N=NC(N)=N1,CCCn1nnc(N)n1,rdkit_canonicalization
qm9_cn_subset:126634,126634,13110,smiles,CCCN1N=NC=C1C,CCCn1nncc1C,rdkit_canonicalization
qm9_cn_subset:126635,126635,13111,smiles,CCCN1N=NC=C1N,CCCn1nncc1N,rdkit_canonicalization
qm9_cn_subset:126637,126637,13112,smiles,CCCN1N=NNC1=N,CCCn1nn[nH]c1=N,rdkit_canonicalization
qm9_cn_subset:126642,126642,13113,smiles,CCCN=C1NN=NN1,CCCN=c1[nH]nn[nH]1,rdkit_canonicalization
qm9_cn_subset:126645,126645,13114,smiles,CCCNC1=CC=NN1,CCCNc1ccn[nH]1,rdkit_canonicalization
qm9_cn_subset:126647,126647,13115,smiles,CCCNC1=CN=NN1,CCCNc1cnn[nH]1,rdkit_canonicalization
qm9_cn_subset:126649,126649,13116,smiles,CCCNC1=CNN=C1,CCCNc1cn[nH]c1,rdkit_canonicalization
qm9_cn_subset:126650,126650,13117,smiles,CCCNC1=CNN=N1,CCCNc1c[nH]nn1,rdkit_canonicalization
qm9_cn_subset:126653,126653,13118,smiles,CCCNC1=NC=NN1,CCCNc1ncn[nH]1,rdkit_canonicalization
qm9_cn_subset:126655,126655,13119,smiles,CCCNC1=NNC=C1,CCCNc1cc[nH]n1,rdkit_canonicalization
qm9_cn_subset:126656,126656,13120,smiles,CCCNC1=NNC=N1,CCCNc1nc[nH]n1,rdkit_canonicalization
qm9_cn_subset:126657,126657,13121,smiles,CCCNC1=NNN=C1,CCCNc1cn[nH]n1,rdkit_canonicalization
qm9_cn_subset:126658,126658,13122,smiles,CCCNC1=NNN=N1,CCCNc1nn[nH]n1,rdkit_canonicalization
qm9_cn_subset:126679,126679,13123,smiles,CCN(C)C1=CC=NN1,CCN(C)c1ccn[nH]1,rdkit_canonicalization
qm9_cn_subset:126681,126681,13124,smiles,CCN(C)C1=CN=NN1,CCN(C)c1cnn[nH]1,rdkit_canonicalization
qm9_cn_subset:126683,126683,13125,smiles,CCN(C)C1=CNN=C1,CCN(C)c1cn[nH]c1,rdkit_canonicalization
qm9_cn_subset:126684,126684,13126,smiles,CCN(C)C1=CNN=N1,CCN(C)c1c[nH]nn1,rdkit_canonicalization
qm9_cn_subset:126687,126687,13127,smiles,CCN(C)C1=NC=NN1,CCN(C)c1ncn[nH]1,rdkit_canonicalization
qm9_cn_subset:126689,126689,13128,smiles,CCN(C)C1=NNC=C1,CCN(C)c1cc[nH]n1,rdkit_canonicalization
qm9_cn_subset:126690,126690,13129,smiles,CCN(C)C1=NNC=N1,CCN(C)c1nc[nH]n1,rdkit_canonicalization
qm9_cn_subset:126691,126691,13130,smiles,CCN(C)C1=NNN=C1,CCN(C)c1cn[nH]n1,rdkit_canonicalization
qm9_cn_subset:126692,126692,13131,smiles,CCN(C)C1=NNN=N1,CCN(C)c1nn[nH]n1,rdkit_canonicalization
qm9_cn_subset:126706,126706,13132,smiles,CCN1C(C)=NN=C1C,CCn1c(C)nnc1C,rdkit_canonicalization
qm9_cn_subset:126707,126707,13133,smiles,CCN1C(N)=NN=C1N,CCn1c(N)nnc1N,rdkit_canonicalization
qm9_cn_subset:126709,126709,13134,smiles,CCN1C=C(C)C(C)=N1,CCn1cc(C)c(C)n1,rdkit_canonicalization
qm9_cn_subset:126710,126710,13135,smiles,CCN1C=C(C)C(N)=N1,CCn1cc(C)c(N)n1,rdkit_canonicalization
qm9_cn_subset:126712,126712,13136,smiles,CCN1C=C(C=N1)C#C,C#Cc1cnn(CC)c1,rdkit_canonicalization
qm9_cn_subset:126713,126713,13137,smiles,CCN1C=C(C=N1)C#N,CCn1cc(C#N)cn1,rdkit_canonicalization
qm9_cn_subset:126716,126716,13138,smiles,CCN1C=C(CC)C=N1,CCc1cnn(CC)c1,rdkit_canonicalization
qm9_cn_subset:126717,126717,13139,smiles,CCN1C=C(CC)N=N1,CCc1cn(CC)nn1,rdkit_canonicalization
qm9_cn_subset:126720,126720,13140,smiles,CCN1C=C(N)C(C)=N1,CCn1cc(N)c(C)n1,rdkit_canonicalization
qm9_cn_subset:126721,126721,13141,smiles,CCN1C=C(N)C(N)=N1,CCn1cc(N)c(N)n1,rdkit_canonicalization
qm9_cn_subset:126723,126723,13142,smiles,CCN1C=C(N=N1)C#C,C#Cc1cn(CC)nn1,rdkit_canonicalization
qm9_cn_subset:126724,126724,13143,smiles,CCN1C=C(N=N1)C#N,CCn1cc(C#N)nn1,rdkit_canonicalization
qm9_cn_subset:126725,126725,13144,smiles,CCN1C=C(NC)C=N1,CCn1cc(NC)cn1,rdkit_canonicalization
qm9_cn_subset:126726,126726,13145,smiles,CCN1C=C(NC)N=N1,CCn1cc(NC)nn1,rdkit_canonicalization
qm9_cn_subset:126730,126730,13146,smiles,CCN1C=CC(=N)N=N1,CCn1ccc(=N)nn1,rdkit_canonicalization
qm9_cn_subset:126731,126731,13147,smiles,CCN1C=CC(=N1)C#C,C#Cc1ccn(CC)n1,rdkit_canonicalization
qm9_cn_subset:126732,126732,13148,smiles,CCN1C=CC(=N1)C#N,CCn1ccc(C#N)n1,rdkit_canonicalization
qm9_cn_subset:126736,126736,13149,smiles,CCN1C=CC(CC)=N1,CCc1ccn(CC)n1,rdkit_canonicalization
qm9_cn_subset:126738,126738,13150,smiles,CCN1C=CC(NC)=N1,CCn1ccc(NC)n1,rdkit_canonicalization
qm9_cn_subset:126740,126740,13151,smiles,CCN1C=NC(=N)C=N1,CCn1cnc(=N)cn1,rdkit_canonicalization
qm9_cn_subset:126741,126741,13152,smiles,CCN1C=NC(=N)N=N1,CCn1cnc(=N)nn1,rdkit_canonicalization
qm9_cn_subset:126742,126742,13153,smiles,CCN1C=NC(=N1)C#C,C#Cc1ncn(CC)n1,rdkit_canonicalization
qm9_cn_subset:126743,126743,13154,smiles,CCN1C=NC(=N1)C#N,CCn1cnc(C#N)n1,rdkit_canonicalization
qm9_cn_subset:126747,126747,13155,smiles,CCN1C=NC(CC)=N1,CCc1ncn(CC)n1,rdkit_canonicalization
qm9_cn_subset:126749,126749,13156,smiles,CCN1C=NC(NC)=N1,CCn1cnc(NC)n1,rdkit_canonicalization
qm9_cn_subset:126753,126753,13157,smiles,CCN1N=C(C)C(C)=N1,CCn1nc(C)c(C)n1,rdkit_canonicalization
qm9_cn_subset:126754,126754,13158,smiles,CCN1N=C(C)C(N)=N1,CCn1nc(C)c(N)n1,rdkit_canonicalization
qm9_cn_subset:126756,126756,13159,smiles,CCN1N=C(C)C=C1C,CCn1nc(C)cc1C,rdkit_canonicalization
qm9_cn_subset:126757,126757,13160,smiles,CCN1N=C(C)C=C1N,CCn1nc(C)cc1N,rdkit_canonicalization
qm9_cn_subset:126759,126759,13161,smiles,CCN1N=C(C)N=C1C,CCn1nc(C)nc1C,rdkit_canonicalization
qm9_cn_subset:126760,126760,13162,smiles,CCN1N=C(C)N=C1N,CCn1nc(C)nc1N,rdkit_canonicalization
qm9_cn_subset:126765,126765,13163,smiles,CCN1N=C(N)C(N)=N1,CCn1nc(N)c(N)n1,rdkit_canonicalization
qm9_cn_subset:126767,126767,13164,smiles,CCN1N=C(N)C=C1C,CCn1nc(N)cc1C,rdkit_canonicalization
qm9_cn_subset:126768,126768,13165,smiles,CCN1N=C(N)C=C1N,CCn1nc(N)cc1N,rdkit_canonicalization
qm9_cn_subset:126770,126770,13166,smiles,CCN1N=C(N)N=C1C,CCn1nc(N)nc1C,rdkit_canonicalization
qm9_cn_subset:126771,126771,13167,smiles,CCN1N=C(N)N=C1N,CCn1nc(N)nc1N,rdkit_canonicalization
qm9_cn_subset:126787,126787,13168,smiles,CCN1N=CC(=N)C=N1,CCn1ncc(=N)cn1,rdkit_canonicalization
qm9_cn_subset:126788,126788,13169,smiles,CCN1N=CC(=N)N=N1,CCn1ncc(=N)nn1,rdkit_canonicalization
qm9_cn_subset:126789,126789,13170,smiles,CCN1N=CC(=N1)C#C,C#Cc1cnn(CC)n1,rdkit_canonicalization
qm9_cn_subset:126790,126790,13171,smiles,CCN1N=CC(=N1)C#N,CCn1ncc(C#N)n1,rdkit_canonicalization
qm9_cn_subset:126793,126793,13172,smiles,CCN1N=CC(C)=C1C,CCn1ncc(C)c1C,rdkit_canonicalization
qm9_cn_subset:126794,126794,13173,smiles,CCN1N=CC(C)=C1N,CCn1ncc(C)c1N,rdkit_canonicalization
qm9_cn_subset:126797,126797,13174,smiles,CCN1N=CC(CC)=N1,CCc1cnn(CC)n1,rdkit_canonicalization
qm9_cn_subset:126799,126799,13175,smiles,CCN1N=CC(N)=C1C,CCn1ncc(N)c1C,rdkit_canonicalization
qm9_cn_subset:126800,126800,13176,smiles,CCN1N=CC(N)=C1N,CCn1ncc(N)c1N,rdkit_canonicalization
qm9_cn_subset:126802,126802,13177,smiles,CCN1N=CC(NC)=N1,CCn1ncc(NC)n1,rdkit_canonicalization
qm9_cn_subset:126807,126807,13178,smiles,CCN1N=CC=C1C#C,C#Cc1ccnn1CC,rdkit_canonicalization
qm9_cn_subset:126808,126808,13179,smiles,CCN1N=CC=C1C#N,CCn1nccc1C#N,rdkit_canonicalization
qm9_cn_subset:126810,126810,13180,smiles,CCN1N=CC=C1CC,CCc1ccnn1CC,rdkit_canonicalization
qm9_cn_subset:126812,126812,13181,smiles,CCN1N=CC=C1NC,CCn1nccc1NC,rdkit_canonicalization
qm9_cn_subset:126814,126814,13182,smiles,CCN1N=CC=CC1=N,CCn1ncccc1=N,rdkit_canonicalization
qm9_cn_subset:126816,126816,13183,smiles,CCN1N=CC=NC1=N,CCn1nccnc1=N,rdkit_canonicalization
qm9_cn_subset:126819,126819,13184,smiles,CCN1N=CN=C1C#C,C#Cc1ncnn1CC,rdkit_canonicalization
qm9_cn_subset:126820,126820,13185,smiles,CCN1N=CN=C1C#N,CCn1ncnc1C#N,rdkit_canonicalization
qm9_cn_subset:126822,126822,13186,smiles,CCN1N=CN=C1CC,CCc1ncnn1CC,rdkit_canonicalization
qm9_cn_subset:126824,126824,13187,smiles,CCN1N=CN=C1NC,CCn1ncnc1NC,rdkit_canonicalization
qm9_cn_subset:126826,126826,13188,smiles,CCN1N=CN=CC1=N,CCn1ncncc1=N,rdkit_canonicalization
qm9_cn_subset:126829,126829,13189,smiles,CCN1N=NC(=N)N=N1,CCn1nnc(=N)nn1,rdkit_canonicalization
qm9_cn_subset:126830,126830,13190,smiles,CCN1N=NC(=N1)C#C,C#Cc1nnn(CC)n1,rdkit_canonicalization
qm9_cn_subset:126831,126831,13191,smiles,CCN1N=NC(=N1)C#N,CCn1nnc(C#N)n1,rdkit_canonicalization
qm9_cn_subset:126833,126833,13192,smiles,CCN1N=NC(C)=C1C,CCn1nnc(C)c1C,rdkit_canonicalization
qm9_cn_subset:126834,126834,13193,smiles,CCN1N=NC(C)=C1N,CCn1nnc(C)c1N,rdkit_canonicalization
qm9_cn_subset:126837,126837,13194,smiles,CCN1N=NC(CC)=N1,CCc1nnn(CC)n1,rdkit_canonicalization
qm9_cn_subset:126839,126839,13195,smiles,CCN1N=NC(N)=C1C,CCn1nnc(N)c1C,rdkit_canonicalization
qm9_cn_subset:126840,126840,13196,smiles,CCN1N=NC(N)=C1N,CCn1nnc(N)c1N,rdkit_canonicalization
qm9_cn_subset:126842,126842,13197,smiles,CCN1N=NC(NC)=N1,CCn1nnc(NC)n1,rdkit_canonicalization
qm9_cn_subset:126847,126847,13198,smiles,CCN1N=NC=C1C#C,C#Cc1cnnn1CC,rdkit_canonicalization
qm9_cn_subset:126848,126848,13199,smiles,CCN1N=NC=C1C#N,CCn1nncc1C#N,rdkit_canonicalization
qm9_cn_subset:126850,126850,13200,smiles,CCN1N=NC=C1CC,CCc1cnnn1CC,rdkit_canonicalization
qm9_cn_subset:126852,126852,13201,smiles,CCN1N=NC=C1NC,CCn1nncc1NC,rdkit_canonicalization
qm9_cn_subset:126854,126854,13202,smiles,CCN1N=NC=CC1=N,CCn1nnccc1=N,rdkit_canonicalization
qm9_cn_subset:126856,126856,13203,smiles,CCN1N=NC=NC1=N,CCn1nncnc1=N,rdkit_canonicalization
qm9_cn_subset:126858,126858,13204,smiles,CCN1N=NN(C)C1=N,CCn1nnn(C)c1=N,rdkit_canonicalization
qm9_cn_subset:126860,126860,13205,smiles,CCN1N=NNC1=NC,CCn1nn[nH]c1=NC,rdkit_canonicalization
qm9_cn_subset:126862,126862,13206,smiles,CCN=C1C=CNN=C1,CCN=c1cc[nH]nc1,rdkit_canonicalization
qm9_cn_subset:126863,126863,13207,smiles,CCN=C1C=CNN=N1,CCN=c1cc[nH]nn1,rdkit_canonicalization
qm9_cn_subset:126866,126866,13208,smiles,CCN=C1C=NNC=N1,CCN=c1cn[nH]cn1,rdkit_canonicalization
qm9_cn_subset:126867,126867,13209,smiles,CCN=C1C=NNN=C1,CCN=c1cn[nH]nc1,rdkit_canonicalization
qm9_cn_subset:126868,126868,13210,smiles,CCN=C1C=NNN=N1,CCN=c1cn[nH]nn1,rdkit_canonicalization
qm9_cn_subset:126872,126872,13211,smiles,CCN=C1N=CNN=N1,CCN=c1nc[nH]nn1,rdkit_canonicalization
qm9_cn_subset:126874,126874,13212,smiles,CCN=C1N=NNN=N1,CCN=c1nn[nH]nn1,rdkit_canonicalization
qm9_cn_subset:126879,126879,13213,smiles,CCN=C1NN=CC=C1,CCN=c1cccn[nH]1,rdkit_canonicalization
qm9_cn_subset:126880,126880,13214,smiles,CCN=C1NN=CC=N1,CCN=c1nccn[nH]1,rdkit_canonicalization
qm9_cn_subset:126881,126881,13215,smiles,CCN=C1NN=CN=C1,CCN=c1cncn[nH]1,rdkit_canonicalization
qm9_cn_subset:126882,126882,13216,smiles,CCN=C1NN=NC=C1,CCN=c1ccnn[nH]1,rdkit_canonicalization
qm9_cn_subset:126883,126883,13217,smiles,CCN=C1NN=NC=N1,CCN=c1ncnn[nH]1,rdkit_canonicalization
qm9_cn_subset:126884,126884,13218,smiles,CCN=C1NN=NN1C,CCN=c1[nH]nnn1C,rdkit_canonicalization
qm9_cn_subset:126896,126896,13219,smiles,CCNC1=C(C)C=NN1,CCNc1[nH]ncc1C,rdkit_canonicalization
qm9_cn_subset:126898,126898,13220,smiles,CCNC1=C(C)N=NN1,CCNc1[nH]nnc1C,rdkit_canonicalization
qm9_cn_subset:126900,126900,13221,smiles,CCNC1=C(C)NN=C1,CCNc1cn[nH]c1C,rdkit_canonicalization
qm9_cn_subset:126901,126901,13222,smiles,CCNC1=C(C)NN=N1,CCNc1nn[nH]c1C,rdkit_canonicalization
qm9_cn_subset:126904,126904,13223,smiles,CCNC1=C(N)C=NN1,CCNc1[nH]ncc1N,rdkit_canonicalization
qm9_cn_subset:126906,126906,13224,smiles,CCNC1=C(N)N=NN1,CCNc1[nH]nnc1N,rdkit_canonicalization
qm9_cn_subset:126908,126908,13225,smiles,CCNC1=C(N)NN=C1,CCNc1cn[nH]c1N,rdkit_canonicalization
qm9_cn_subset:126909,126909,13226,smiles,CCNC1=C(N)NN=N1,CCNc1nn[nH]c1N,rdkit_canonicalization
qm9_cn_subset:126917,126917,13227,smiles,CCNC1=CC(C)=NN1,CCNc1cc(C)n[nH]1,rdkit_canonicalization
qm9_cn_subset:126919,126919,13228,smiles,CCNC1=CC(N)=NN1,CCNc1cc(N)n[nH]1,rdkit_canonicalization
qm9_cn_subset:126923,126923,13229,smiles,CCNC1=CC=NN1C,CCNc1ccnn1C,rdkit_canonicalization
qm9_cn_subset:126924,126924,13230,smiles,CCNC1=CN(C)N=C1,CCNc1cnn(C)c1,rdkit_canonicalization
qm9_cn_subset:126925,126925,13231,smiles,CCNC1=CN(C)N=N1,CCNc1cn(C)nn1,rdkit_canonicalization
qm9_cn_subset:126926,126926,13232,smiles,CCNC1=CN=CN=N1,CCNc1cncnn1,rdkit_canonicalization
qm9_cn_subset:126927,126927,13233,smiles,CCNC1=CN=NC=N1,CCNc1cnncn1,rdkit_canonicalization
qm9_cn_subset:126928,126928,13234,smiles,CCNC1=CN=NN1C,CCNc1cnnn1C,rdkit_canonicalization
qm9_cn_subset:126929,126929,13235,smiles,CCNC1=CN=NN=N1,CCNc1cnnnn1,rdkit_canonicalization
qm9_cn_subset:126930,126930,13236,smiles,CCNC1=CNN=C1C,CCNc1c[nH]nc1C,rdkit_canonicalization
qm9_cn_subset:126931,126931,13237,smiles,CCNC1=CNN=C1N,CCNc1c[nH]nc1N,rdkit_canonicalization
qm9_cn_subset:126936,126936,13238,smiles,CCNC1=NC(C)=NN1,CCNc1nc(C)n[nH]1,rdkit_canonicalization
qm9_cn_subset:126938,126938,13239,smiles,CCNC1=NC(N)=NN1,CCNc1nc(N)n[nH]1,rdkit_canonicalization
qm9_cn_subset:126942,126942,13240,smiles,CCNC1=NC=CN=N1,CCNc1nccnn1,rdkit_canonicalization
qm9_cn_subset:126943,126943,13241,smiles,CCNC1=NC=NN1C,CCNc1ncnn1C,rdkit_canonicalization
qm9_cn_subset:126944,126944,13242,smiles,CCNC1=NC=NN=N1,CCNc1ncnnn1,rdkit_canonicalization
qm9_cn_subset:126945,126945,13243,smiles,CCNC1=NN(C)C=C1,CCNc1ccn(C)n1,rdkit_canonicalization
qm9_cn_subset:126946,126946,13244,smiles,CCNC1=NN(C)C=N1,CCNc1ncn(C)n1,rdkit_canonicalization
qm9_cn_subset:126947,126947,13245,smiles,CCNC1=NN(C)N=C1,CCNc1cnn(C)n1,rdkit_canonicalization
qm9_cn_subset:126948,126948,13246,smiles,CCNC1=NN(C)N=N1,CCNc1nnn(C)n1,rdkit_canonicalization
qm9_cn_subset:126951,126951,13247,smiles,CCNC1=NNC(C)=C1,CCNc1cc(C)[nH]n1,rdkit_canonicalization
qm9_cn_subset:126952,126952,13248,smiles,CCNC1=NNC(C)=N1,CCNc1n[nH]c(C)n1,rdkit_canonicalization
qm9_cn_subset:126953,126953,13249,smiles,CCNC1=NNC(N)=C1,CCNc1cc(N)[nH]n1,rdkit_canonicalization
qm9_cn_subset:126954,126954,13250,smiles,CCNC1=NNC(N)=N1,CCNc1n[nH]c(N)n1,rdkit_canonicalization
qm9_cn_subset:126957,126957,13251,smiles,CCNC1=NNC=C1C,CCNc1n[nH]cc1C,rdkit_canonicalization
qm9_cn_subset:126958,126958,13252,smiles,CCNC1=NNC=C1N,CCNc1n[nH]cc1N,rdkit_canonicalization
qm9_cn_subset:126959,126959,13253,smiles,CCNC1=NNN=C1C,CCNc1n[nH]nc1C,rdkit_canonicalization
qm9_cn_subset:126960,126960,13254,smiles,CCNC1=NNN=C1N,CCNc1n[nH]nc1N,rdkit_canonicalization
qm9_cn_subset:126975,126975,13255,smiles,CCNCC1=NNC=N1,CCNCc1nc[nH]n1,rdkit_canonicalization
qm9_cn_subset:127068,127068,13256,smiles,CN(C)C1=C(C)C=NN1,Cc1cn[nH]c1N(C)C,rdkit_canonicalization
qm9_cn_subset:127070,127070,13257,smiles,CN(C)C1=C(C)N=NN1,Cc1nn[nH]c1N(C)C,rdkit_canonicalization
qm9_cn_subset:127072,127072,13258,smiles,CN(C)C1=C(C)NN=C1,Cc1[nH]ncc1N(C)C,rdkit_canonicalization
qm9_cn_subset:127073,127073,13259,smiles,CN(C)C1=C(C)NN=N1,Cc1[nH]nnc1N(C)C,rdkit_canonicalization
qm9_cn_subset:127076,127076,13260,smiles,CN(C)C1=C(N)C=NN1,CN(C)c1[nH]ncc1N,rdkit_canonicalization
qm9_cn_subset:127078,127078,13261,smiles,CN(C)C1=C(N)N=NN1,CN(C)c1[nH]nnc1N,rdkit_canonicalization
qm9_cn_subset:127080,127080,13262,smiles,CN(C)C1=C(N)NN=C1,CN(C)c1cn[nH]c1N,rdkit_canonicalization
qm9_cn_subset:127081,127081,13263,smiles,CN(C)C1=C(N)NN=N1,CN(C)c1nn[nH]c1N,rdkit_canonicalization
qm9_cn_subset:127089,127089,13264,smiles,CN(C)C1=CC(C)=NN1,Cc1cc(N(C)C)[nH]n1,rdkit_canonicalization
qm9_cn_subset:127091,127091,13265,smiles,CN(C)C1=CC(N)=NN1,CN(C)c1cc(N)n[nH]1,rdkit_canonicalization
qm9_cn_subset:127095,127095,13266,smiles,CN(C)C1=CC=NN1C,CN(C)c1ccnn1C,rdkit_canonicalization
qm9_cn_subset:127096,127096,13267,smiles,CN(C)C1=CN(C)N=C1,CN(C)c1cnn(C)c1,rdkit_canonicalization
qm9_cn_subset:127097,127097,13268,smiles,CN(C)C1=CN(C)N=N1,CN(C)c1cn(C)nn1,rdkit_canonicalization
qm9_cn_subset:127098,127098,13269,smiles,CN(C)C1=CN=CN=N1,CN(C)c1cncnn1,rdkit_canonicalization
qm9_cn_subset:127099,127099,13270,smiles,CN(C)C1=CN=NC=N1,CN(C)c1cnncn1,rdkit_canonicalization
qm9_cn_subset:127100,127100,13271,smiles,CN(C)C1=CN=NN1C,CN(C)c1cnnn1C,rdkit_canonicalization
qm9_cn_subset:127101,127101,13272,smiles,CN(C)C1=CN=NN=N1,CN(C)c1cnnnn1,rdkit_canonicalization
qm9_cn_subset:127102,127102,13273,smiles,CN(C)C1=CNN=C1C,Cc1n[nH]cc1N(C)C,rdkit_canonicalization
qm9_cn_subset:127103,127103,13274,smiles,CN(C)C1=CNN=C1N,CN(C)c1c[nH]nc1N,rdkit_canonicalization
qm9_cn_subset:127108,127108,13275,smiles,CN(C)C1=NC(C)=NN1,Cc1n[nH]c(N(C)C)n1,rdkit_canonicalization
qm9_cn_subset:127110,127110,13276,smiles,CN(C)C1=NC(N)=NN1,CN(C)c1nc(N)n[nH]1,rdkit_canonicalization
qm9_cn_subset:127114,127114,13277,smiles,CN(C)C1=NC=CN=N1,CN(C)c1nccnn1,rdkit_canonicalization
qm9_cn_subset:127115,127115,13278,smiles,CN(C)C1=NC=NN1C,CN(C)c1ncnn1C,rdkit_canonicalization
qm9_cn_subset:127116,127116,13279,smiles,CN(C)C1=NC=NN=N1,CN(C)c1ncnnn1,rdkit_canonicalization
qm9_cn_subset:127117,127117,13280,smiles,CN(C)C1=NN(C)C=C1,CN(C)c1ccn(C)n1,rdkit_canonicalization
qm9_cn_subset:127118,127118,13281,smiles,CN(C)C1=NN(C)C=N1,CN(C)c1ncn(C)n1,rdkit_canonicalization
qm9_cn_subset:127119,127119,13282,smiles,CN(C)C1=NN(C)N=C1,CN(C)c1cnn(C)n1,rdkit_canonicalization
qm9_cn_subset:127120,127120,13283,smiles,CN(C)C1=NN(C)N=N1,CN(C)c1nnn(C)n1,rdkit_canonicalization
qm9_cn_subset:127123,127123,13284,smiles,CN(C)C1=NNC(C)=C1,Cc1cc(N(C)C)n[nH]1,rdkit_canonicalization
qm9_cn_subset:127124,127124,13285,smiles,CN(C)C1=NNC(C)=N1,Cc1nc(N(C)C)n[nH]1,rdkit_canonicalization
qm9_cn_subset:127125,127125,13286,smiles,CN(C)C1=NNC(N)=C1,CN(C)c1cc(N)[nH]n1,rdkit_canonicalization
qm9_cn_subset:127126,127126,13287,smiles,CN(C)C1=NNC(N)=N1,CN(C)c1n[nH]c(N)n1,rdkit_canonicalization
qm9_cn_subset:127129,127129,13288,smiles,CN(C)C1=NNC=C1C,Cc1c[nH]nc1N(C)C,rdkit_canonicalization
qm9_cn_subset:127130,127130,13289,smiles,CN(C)C1=NNC=C1N,CN(C)c1n[nH]cc1N,rdkit_canonicalization
qm9_cn_subset:127131,127131,13290,smiles,CN(C)C1=NNN=C1C,Cc1n[nH]nc1N(C)C,rdkit_canonicalization
qm9_cn_subset:127132,127132,13291,smiles,CN(C)C1=NNN=C1N,CN(C)c1n[nH]nc1N,rdkit_canonicalization
qm9_cn_subset:127146,127146,13292,smiles,CN(C)CC1=CN=NN1,CN(C)Cc1cnn[nH]1,rdkit_canonicalization
qm9_cn_subset:127148,127148,13293,smiles,CN(C)CC1=CNN=N1,CN(C)Cc1c[nH]nn1,rdkit_canonicalization
qm9_cn_subset:127150,127150,13294,smiles,CN(C)CC1=NC=NN1,CN(C)Cc1ncn[nH]1,rdkit_canonicalization
qm9_cn_subset:127152,127152,13295,smiles,CN(C)CC1=NNC=C1,CN(C)Cc1cc[nH]n1,rdkit_canonicalization
qm9_cn_subset:127153,127153,13296,smiles,CN(C)CC1=NNC=N1,CN(C)Cc1nc[nH]n1,rdkit_canonicalization
qm9_cn_subset:127154,127154,13297,smiles,CN(C)CC1=NNN=C1,CN(C)Cc1cn[nH]n1,rdkit_canonicalization
qm9_cn_subset:127161,127161,13298,smiles,CN(C=N)C1=CNN=N1,CN(C=N)c1c[nH]nn1,rdkit_canonicalization
qm9_cn_subset:127164,127164,13299,smiles,CN(C=N)C1=NC=NN1,CN(C=N)c1ncn[nH]1,rdkit_canonicalization
qm9_cn_subset:127166,127166,13300,smiles,CN(C=N)C1=NNC=C1,CN(C=N)c1cc[nH]n1,rdkit_canonicalization
qm9_cn_subset:127167,127167,13301,smiles,CN(C=N)C1=NNC=N1,CN(C=N)c1nc[nH]n1,rdkit_canonicalization
qm9_cn_subset:127168,127168,13302,smiles,CN(C=N)C1=NNN=C1,CN(C=N)c1cn[nH]n1,rdkit_canonicalization
qm9_cn_subset:127169,127169,13303,smiles,CN(C=N)C1=NNN=N1,CN(C=N)c1nn[nH]n1,rdkit_canonicalization
qm9_cn_subset:127193,127193,13304,smiles,CN1C(=N)NN=C1C#N,Cn1c(C#N)n[nH]c1=N,rdkit_canonicalization
qm9_cn_subset:127196,127196,13305,smiles,CN1C(=N)NN=NC1=N,Cn1c(=N)nn[nH]c1=N,rdkit_canonicalization
qm9_cn_subset:127218,127218,13306,smiles,CN1C=C(C#C)C(C)=N1,C#Cc1cn(C)nc1C,rdkit_canonicalization
qm9_cn_subset:127219,127219,13307,smiles,CN1C=C(C#C)C(N)=N1,C#Cc1cn(C)nc1N,rdkit_canonicalization
qm9_cn_subset:127221,127221,13308,smiles,CN1C=C(C#N)C(C)=N1,Cc1nn(C)cc1C#N,rdkit_canonicalization
qm9_cn_subset:127222,127222,13309,smiles,CN1C=C(C#N)C(N)=N1,Cn1cc(C#N)c(N)n1,rdkit_canonicalization
qm9_cn_subset:127224,127224,13310,smiles,CN1C=C(C)C(=N)N=N1,Cc1cn(C)nnc1=N,rdkit_canonicalization
qm9_cn_subset:127225,127225,13311,smiles,CN1C=C(C)C(=N1)C#C,C#Cc1nn(C)cc1C,rdkit_canonicalization
qm9_cn_subset:127226,127226,13312,smiles,CN1C=C(C)C(=N1)C#N,Cc1cn(C)nc1C#N,rdkit_canonicalization
qm9_cn_subset:127233,127233,13313,smiles,CN1C=C(C=N1)C1CC1,Cn1cc(C2CC2)cn1,rdkit_canonicalization
qm9_cn_subset:127234,127234,13314,smiles,CN1C=C(C=N1)C1CN1,Cn1cc(C2CN2)cn1,rdkit_canonicalization
qm9_cn_subset:127236,127236,13315,smiles,CN1C=C(C=N1)N1CC1,Cn1cc(N2CC2)cn1,rdkit_canonicalization
qm9_cn_subset:127240,127240,13316,smiles,CN1C=C(CC#C)C=N1,C#CCc1cnn(C)c1,rdkit_canonicalization
qm9_cn_subset:127241,127241,13317,smiles,CN1C=C(CC#C)N=N1,C#CCc1cn(C)nn1,rdkit_canonicalization
qm9_cn_subset:127242,127242,13318,smiles,CN1C=C(CC#N)C=N1,Cn1cc(CC#N)cn1,rdkit_canonicalization
qm9_cn_subset:127243,127243,13319,smiles,CN1C=C(CC#N)N=N1,Cn1cc(CC#N)nn1,rdkit_canonicalization
qm9_cn_subset:127251,127251,13320,smiles,CN1C=C(N)C(=N)C=N1,Cn1cc(N)c(=N)cn1,rdkit_canonicalization
qm9_cn_subset:127252,127252,13321,smiles,CN1C=C(N)C(=N)N=N1,Cn1cc(N)c(=N)nn1,rdkit_canonicalization
qm9_cn_subset:127253,127253,13322,smiles,CN1C=C(N)C(=N1)C#C,C#Cc1nn(C)cc1N,rdkit_canonicalization
qm9_cn_subset:127254,127254,13323,smiles,CN1C=C(N)C(=N1)C#N,Cn1cc(N)c(C#N)n1,rdkit_canonicalization
qm9_cn_subset:127259,127259,13324,smiles,CN1C=C(N=CN)N=N1,Cn1cc(N=CN)nn1,rdkit_canonicalization
qm9_cn_subset:127261,127261,13325,smiles,CN1C=C(N=N1)C(N)=N,Cn1cc(C(=N)N)nn1,rdkit_canonicalization
qm9_cn_subset:127263,127263,13326,smiles,CN1C=C(N=N1)C1CC1,Cn1cc(C2CC2)nn1,rdkit_canonicalization
qm9_cn_subset:127264,127264,13327,smiles,CN1C=C(N=N1)C1CN1,Cn1cc(C2CN2)nn1,rdkit_canonicalization
qm9_cn_subset:127266,127266,13328,smiles,CN1C=C(N=N1)N1CC1,Cn1cc(N2CC2)nn1,rdkit_canonicalization
qm9_cn_subset:127267,127267,13329,smiles,CN1C=C(NC=N)C=N1,Cn1cc(NC=N)cn1,rdkit_canonicalization
qm9_cn_subset:127268,127268,13330,smiles,CN1C=C(NC=N)N=N1,Cn1cc(NC=N)nn1,rdkit_canonicalization
qm9_cn_subset:127280,127280,13331,smiles,CN1C=C2C=CCC2=N1,Cn1cc2c(n1)CC=C2,rdkit_canonicalization
qm9_cn_subset:127281,127281,13332,smiles,CN1C=C2CC=CC2=N1,Cn1cc2c(n1)C=CC2,rdkit_canonicalization
qm9_cn_subset:127282,127282,13333,smiles,CN1C=C2CCCC2=N1,Cn1cc2c(n1)CCC2,rdkit_canonicalization
qm9_cn_subset:127283,127283,13334,smiles,CN1C=C2CCNC2=N1,Cn1cc2c(n1)NCC2,rdkit_canonicalization
qm9_cn_subset:127286,127286,13335,smiles,CN1C=C2N=CNC2=N1,Cn1cc2nc[nH]c2n1,rdkit_canonicalization
qm9_cn_subset:127288,127288,13336,smiles,CN1C=C2N=NNC2=N1,Cn1cc2nn[nH]c2n1,rdkit_canonicalization
qm9_cn_subset:127290,127290,13337,smiles,CN1C=C2NC=NC2=N1,Cn1cc2[nH]cnc2n1,rdkit_canonicalization
qm9_cn_subset:127291,127291,13338,smiles,CN1C=C2NCCC2=N1,Cn1cc2c(n1)CCN2,rdkit_canonicalization
qm9_cn_subset:127292,127292,13339,smiles,CN1C=C2NN=NC2=C1,Cn1cc2nn[nH]c2c1,rdkit_canonicalization
qm9_cn_subset:127298,127298,13340,smiles,CN1C=CC(=N)C(N)=N1,Cn1ccc(=N)c(N)n1,rdkit_canonicalization
qm9_cn_subset:127302,127302,13341,smiles,CN1C=CC(=N1)C1CC1,Cn1ccc(C2CC2)n1,rdkit_canonicalization
qm9_cn_subset:127303,127303,13342,smiles,CN1C=CC(=N1)C1CN1,Cn1ccc(C2CN2)n1,rdkit_canonicalization
qm9_cn_subset:127305,127305,13343,smiles,CN1C=CC(=N1)N1CC1,Cn1ccc(N2CC2)n1,rdkit_canonicalization
qm9_cn_subset:127309,127309,13344,smiles,CN1C=CC(CC#C)=N1,C#CCc1ccn(C)n1,rdkit_canonicalization
qm9_cn_subset:127310,127310,13345,smiles,CN1C=CC(CC#N)=N1,Cn1ccc(CC#N)n1,rdkit_canonicalization
qm9_cn_subset:127313,127313,13346,smiles,CN1C=CC(NC=N)=N1,Cn1ccc(NC=N)n1,rdkit_canonicalization
qm9_cn_subset:127317,127317,13347,smiles,CN1C=CC2=C1C=NN2,Cn1ccc2[nH]ncc21,rdkit_canonicalization
qm9_cn_subset:127319,127319,13348,smiles,CN1C=CC2=C1N=NN2,Cn1ccc2[nH]nnc21,rdkit_canonicalization
qm9_cn_subset:127321,127321,13349,smiles,CN1C=CC2=C1NN=C2,Cn1ccc2cn[nH]c21,rdkit_canonicalization
qm9_cn_subset:127322,127322,13350,smiles,CN1C=CC2=C1NN=N2,Cn1ccc2nn[nH]c21,rdkit_canonicalization
qm9_cn_subset:127325,127325,13351,smiles,CN1C=CN2C=NN=C12,Cn1ccn2cnnc12,rdkit_canonicalization
qm9_cn_subset:127326,127326,13352,smiles,CN1C=CN2N=CN=C12,Cn1ccn2ncnc12,rdkit_canonicalization
qm9_cn_subset:127327,127327,13353,smiles,CN1C=CN2N=NN=C12,Cn1ccn2nnnc12,rdkit_canonicalization
qm9_cn_subset:127328,127328,13354,smiles,CN1C=NC(=N)C(C)=N1,Cc1nn(C)cnc1=N,rdkit_canonicalization
qm9_cn_subset:127329,127329,13355,smiles,CN1C=NC(=N)C(N)=N1,Cn1cnc(=N)c(N)n1,rdkit_canonicalization
qm9_cn_subset:127331,127331,13356,smiles,CN1C=NC(=N1)C(N)=N,Cn1cnc(C(=N)N)n1,rdkit_canonicalization
qm9_cn_subset:127333,127333,13357,smiles,CN1C=NC(=N1)C1CC1,Cn1cnc(C2CC2)n1,rdkit_canonicalization
qm9_cn_subset:127334,127334,13358,smiles,CN1C=NC(=N1)C1CN1,Cn1cnc(C2CN2)n1,rdkit_canonicalization
qm9_cn_subset:127336,127336,13359,smiles,CN1C=NC(=N1)N1CC1,Cn1cnc(N2CC2)n1,rdkit_canonicalization
qm9_cn_subset:127340,127340,13360,smiles,CN1C=NC(CC#C)=N1,C#CCc1ncn(C)n1,rdkit_canonicalization
qm9_cn_subset:127341,127341,13361,smiles,CN1C=NC(CC#N)=N1,Cn1cnc(CC#N)n1,rdkit_canonicalization
qm9_cn_subset:127344,127344,13362,smiles,CN1C=NC(N=CN)=N1,Cn1cnc(N=CN)n1,rdkit_canonicalization
qm9_cn_subset:127345,127345,13363,smiles,CN1C=NC(NC=N)=N1,Cn1cnc(NC=N)n1,rdkit_canonicalization
qm9_cn_subset:127349,127349,13364,smiles,CN1C=NC2=C1C=NN2,Cn1cnc2[nH]ncc21,rdkit_canonicalization
qm9_cn_subset:127351,127351,13365,smiles,CN1C=NC2=C1N=NN2,Cn1cnc2[nH]nnc21,rdkit_canonicalization
qm9_cn_subset:127353,127353,13366,smiles,CN1C=NC2=C1NN=C2,Cn1cnc2cn[nH]c21,rdkit_canonicalization
qm9_cn_subset:127354,127354,13367,smiles,CN1C=NC2=C1NN=N2,Cn1cnc2nn[nH]c21,rdkit_canonicalization
qm9_cn_subset:127357,127357,13368,smiles,CN1C=NC2=CNN=C12,Cn1cnc2c[nH]nc21,rdkit_canonicalization
qm9_cn_subset:127359,127359,13369,smiles,CN1C=NC2=NNC=C12,Cn1cnc2n[nH]cc21,rdkit_canonicalization
qm9_cn_subset:127364,127364,13370,smiles,CN1C=NN2C=CN=C12,Cn1cnn2ccnc12,rdkit_canonicalization
qm9_cn_subset:127365,127365,13371,smiles,CN1C=NN2C=NN=C12,Cn1cnn2cnnc12,rdkit_canonicalization
qm9_cn_subset:127366,127366,13372,smiles,CN1C=NN2N=CN=C12,Cn1cnn2ncnc12,rdkit_canonicalization
qm9_cn_subset:127367,127367,13373,smiles,CN1C=NN2N=NN=C12,Cn1cnn2nnnc12,rdkit_canonicalization
qm9_cn_subset:127368,127368,13374,smiles,CN1C=NNC(=N)C1=N,Cn1cn[nH]c(=N)c1=N,rdkit_canonicalization
qm9_cn_subset:127375,127375,13375,smiles,CN1CC1C1=CC=NN1,CN1CC1c1ccn[nH]1,rdkit_canonicalization
qm9_cn_subset:127377,127377,13376,smiles,CN1CC1C1=CN=NN1,CN1CC1c1cnn[nH]1,rdkit_canonicalization
qm9_cn_subset:127379,127379,13377,smiles,CN1CC1C1=CNN=C1,CN1CC1c1cn[nH]c1,rdkit_canonicalization
qm9_cn_subset:127380,127380,13378,smiles,CN1CC1C1=CNN=N1,CN1CC1c1c[nH]nn1,rdkit_canonicalization
qm9_cn_subset:127383,127383,13379,smiles,CN1CC1C1=NC=NN1,CN1CC1c1ncn[nH]1,rdkit_canonicalization
qm9_cn_subset:127385,127385,13380,smiles,CN1CC1C1=NNC=C1,CN1CC1c1cc[nH]n1,rdkit_canonicalization
qm9_cn_subset:127386,127386,13381,smiles,CN1CC1C1=NNC=N1,CN1CC1c1nc[nH]n1,rdkit_canonicalization
qm9_cn_subset:127387,127387,13382,smiles,CN1CC1C1=NNN=C1,CN1CC1c1cn[nH]n1,rdkit_canonicalization
qm9_cn_subset:127392,127392,13383,smiles,CN1CC2=C(C1)C=NN2,CN1Cc2cn[nH]c2C1,rdkit_canonicalization
qm9_cn_subset:127394,127394,13384,smiles,CN1CC2=C(C1)N=NN2,CN1Cc2nn[nH]c2C1,rdkit_canonicalization
qm9_cn_subset:127396,127396,13385,smiles,CN1CC2=CNN=C2C1,CN1Cc2c[nH]nc2C1,rdkit_canonicalization
qm9_cn_subset:127398,127398,13386,smiles,CN1CC2=NNN=C2C1,CN1Cc2n[nH]nc2C1,rdkit_canonicalization
qm9_cn_subset:127400,127400,13387,smiles,CN1CCC2=C1C=NN2,CN1CCc2[nH]ncc21,rdkit_canonicalization
qm9_cn_subset:127402,127402,13388,smiles,CN1CCC2=C1N=NN2,CN1CCc2[nH]nnc21,rdkit_canonicalization
qm9_cn_subset:127404,127404,13389,smiles,CN1CCC2=C1NN=C2,CN1CCc2cn[nH]c21,rdkit_canonicalization
qm9_cn_subset:127405,127405,13390,smiles,CN1CCC2=C1NN=N2,CN1CCc2nn[nH]c21,rdkit_canonicalization
qm9_cn_subset:127408,127408,13391,smiles,CN1CCC2=CNN=C12,CN1CCc2c[nH]nc21,rdkit_canonicalization
qm9_cn_subset:127410,127410,13392,smiles,CN1CCC2=NNC=C12,CN1CCc2n[nH]cc21,rdkit_canonicalization
qm9_cn_subset:127411,127411,13393,smiles,CN1CCC2=NNN=C12,CN1CCc2n[nH]nc21,rdkit_canonicalization
qm9_cn_subset:127414,127414,13394,smiles,CN1CCN2N=CC=C12,CN1CCn2nccc21,rdkit_canonicalization
qm9_cn_subset:127415,127415,13395,smiles,CN1CCN2N=CN=C12,CN1CCn2ncnc21,rdkit_canonicalization
qm9_cn_subset:127416,127416,13396,smiles,CN1CCN2N=NC=C12,CN1CCn2nncc21,rdkit_canonicalization
qm9_cn_subset:127417,127417,13397,smiles,CN1N=C(C)C(=N1)C#C,C#Cc1nn(C)nc1C,rdkit_canonicalization
qm9_cn_subset:127418,127418,13398,smiles,CN1N=C(C)C(=N1)C#N,Cc1nn(C)nc1C#N,rdkit_canonicalization
qm9_cn_subset:127419,127419,13399,smiles,CN1N=C(C)C(C)=C1C,Cc1nn(C)c(C)c1C,rdkit_canonicalization
qm9_cn_subset:127420,127420,13400,smiles,CN1N=C(C)C(C)=C1N,Cc1nn(C)c(N)c1C,rdkit_canonicalization
qm9_cn_subset:127424,127424,13401,smiles,CN1N=C(C)C(N)=C1C,Cc1nn(C)c(C)c1N,rdkit_canonicalization
qm9_cn_subset:127425,127425,13402,smiles,CN1N=C(C)C(N)=C1N,Cc1nn(C)c(N)c1N,rdkit_canonicalization
qm9_cn_subset:127430,127430,13403,smiles,CN1N=C(C)C=C1C#C,C#Cc1cc(C)nn1C,rdkit_canonicalization
qm9_cn_subset:127431,127431,13404,smiles,CN1N=C(C)C=C1C#N,Cc1cc(C#N)n(C)n1,rdkit_canonicalization
qm9_cn_subset:127434,127434,13405,smiles,CN1N=C(C)C=CC1=N,Cc1ccc(=N)n(C)n1,rdkit_canonicalization
qm9_cn_subset:127436,127436,13406,smiles,CN1N=C(C)C=NC1=N,Cc1cnc(=N)n(C)n1,rdkit_canonicalization
qm9_cn_subset:127439,127439,13407,smiles,CN1N=C(C)N=C1C#C,C#Cc1nc(C)nn1C,rdkit_canonicalization
qm9_cn_subset:127440,127440,13408,smiles,CN1N=C(C)N=C1C#N,Cc1nc(C#N)n(C)n1,rdkit_canonicalization
qm9_cn_subset:127443,127443,13409,smiles,CN1N=C(C)N=CC1=N,Cc1ncc(=N)n(C)n1,rdkit_canonicalization
qm9_cn_subset:127445,127445,13410,smiles,CN1N=C(C=C1C)C#C,C#Cc1cc(C)n(C)n1,rdkit_canonicalization
qm9_cn_subset:127446,127446,13411,smiles,CN1N=C(C=C1C)C#N,Cc1cc(C#N)nn1C,rdkit_canonicalization
qm9_cn_subset:127447,127447,13412,smiles,CN1N=C(C=C1N)C#C,C#Cc1cc(N)n(C)n1,rdkit_canonicalization
qm9_cn_subset:127448,127448,13413,smiles,CN1N=C(C=C1N)C#N,Cn1nc(C#N)cc1N,rdkit_canonicalization
qm9_cn_subset:127468,127468,13414,smiles,CN1N=C(N)C(=N1)C#C,C#Cc1nn(C)nc1N,rdkit_canonicalization
qm9_cn_subset:127469,127469,13415,smiles,CN1N=C(N)C(=N1)C#N,Cn1nc(N)c(C#N)n1,rdkit_canonicalization
qm9_cn_subset:127470,127470,13416,smiles,CN1N=C(N)C(C)=C1C,Cc1c(N)nn(C)c1C,rdkit_canonicalization
qm9_cn_subset:127471,127471,13417,smiles,CN1N=C(N)C(C)=C1N,Cc1c(N)nn(C)c1N,rdkit_canonicalization
qm9_cn_subset:127475,127475,13418,smiles,CN1N=C(N)C(N)=C1C,Cc1c(N)c(N)nn1C,rdkit_canonicalization
qm9_cn_subset:127476,127476,13419,smiles,CN1N=C(N)C(N)=C1N,Cn1nc(N)c(N)c1N,rdkit_canonicalization
qm9_cn_subset:127480,127480,13420,smiles,CN1N=C(N)C=C1C#C,C#Cc1cc(N)nn1C,rdkit_canonicalization
qm9_cn_subset:127481,127481,13421,smiles,CN1N=C(N)C=C1C#N,Cn1nc(N)cc1C#N,rdkit_canonicalization
qm9_cn_subset:127485,127485,13422,smiles,CN1N=C(N)C=NC1=N,Cn1nc(N)cnc1=N,rdkit_canonicalization
qm9_cn_subset:127488,127488,13423,smiles,CN1N=C(N)N=C1C#C,C#Cc1nc(N)nn1C,rdkit_canonicalization
qm9_cn_subset:127489,127489,13424,smiles,CN1N=C(N)N=C1C#N,Cn1nc(N)nc1C#N,rdkit_canonicalization
qm9_cn_subset:127492,127492,13425,smiles,CN1N=C(N)N=CC1=N,Cn1nc(N)ncc1=N,rdkit_canonicalization
qm9_cn_subset:127494,127494,13426,smiles,CN1N=C(N=C1C)C#C,C#Cc1nc(C)n(C)n1,rdkit_canonicalization
qm9_cn_subset:127495,127495,13427,smiles,CN1N=C(N=C1C)C#N,Cc1nc(C#N)nn1C,rdkit_canonicalization
qm9_cn_subset:127496,127496,13428,smiles,CN1N=C(N=C1N)C#C,C#Cc1nc(N)n(C)n1,rdkit_canonicalization
qm9_cn_subset:127497,127497,13429,smiles,CN1N=C(N=C1N)C#N,Cn1nc(C#N)nc1N,rdkit_canonicalization
qm9_cn_subset:127534,127534,13430,smiles,CN1N=C2CCCC2=N1,Cn1nc2c(n1)CCC2,rdkit_canonicalization
qm9_cn_subset:127536,127536,13431,smiles,CN1N=C2CCNC2=N1,Cn1nc2c(n1)NCC2,rdkit_canonicalization
qm9_cn_subset:127538,127538,13432,smiles,CN1N=C2CNCC2=N1,Cn1nc2c(n1)CNC2,rdkit_canonicalization
qm9_cn_subset:127540,127540,13433,smiles,CN1N=C2NC=NC2=N1,Cn1nc2nc[nH]c2n1,rdkit_canonicalization
qm9_cn_subset:127544,127544,13434,smiles,CN1N=CC(=N)C(C)=N1,Cc1nn(C)ncc1=N,rdkit_canonicalization
qm9_cn_subset:127545,127545,13435,smiles,CN1N=CC(=N)C(N)=N1,Cn1ncc(=N)c(N)n1,rdkit_canonicalization
qm9_cn_subset:127546,127546,13436,smiles,CN1N=CC(=N)C=C1N,Cn1ncc(=N)cc1N,rdkit_canonicalization
qm9_cn_subset:127548,127548,13437,smiles,CN1N=CC(=N)N=C1C,Cc1nc(=N)cnn1C,rdkit_canonicalization
qm9_cn_subset:127553,127553,13438,smiles,CN1N=CC(=N1)C(N)=N,Cn1ncc(C(=N)N)n1,rdkit_canonicalization
qm9_cn_subset:127555,127555,13439,smiles,CN1N=CC(=N1)C1CC1,Cn1ncc(C2CC2)n1,rdkit_canonicalization
qm9_cn_subset:127556,127556,13440,smiles,CN1N=CC(=N1)C1CN1,Cn1ncc(C2CN2)n1,rdkit_canonicalization
qm9_cn_subset:127558,127558,13441,smiles,CN1N=CC(=N1)N1CC1,Cn1ncc(N2CC2)n1,rdkit_canonicalization
qm9_cn_subset:127571,127571,13442,smiles,CN1N=CC(C#C)=C1C,C#Cc1cnn(C)c1C,rdkit_canonicalization
qm9_cn_subset:127572,127572,13443,smiles,CN1N=CC(C#C)=C1N,C#Cc1cnn(C)c1N,rdkit_canonicalization
qm9_cn_subset:127574,127574,13444,smiles,CN1N=CC(C#N)=C1C,Cc1c(C#N)cnn1C,rdkit_canonicalization
qm9_cn_subset:127575,127575,13445,smiles,CN1N=CC(C#N)=C1N,Cn1ncc(C#N)c1N,rdkit_canonicalization
qm9_cn_subset:127577,127577,13446,smiles,CN1N=CC(C)=C1C#C,C#Cc1c(C)cnn1C,rdkit_canonicalization
qm9_cn_subset:127578,127578,13447,smiles,CN1N=CC(C)=C1C#N,Cc1cnn(C)c1C#N,rdkit_canonicalization
qm9_cn_subset:127581,127581,13448,smiles,CN1N=CC(C)=CC1=N,Cc1cnn(C)c(=N)c1,rdkit_canonicalization
qm9_cn_subset:127583,127583,13449,smiles,CN1N=CC(C)=NC1=N,Cc1cnn(C)c(=N)n1,rdkit_canonicalization
qm9_cn_subset:127588,127588,13450,smiles,CN1N=CC(CC#C)=N1,C#CCc1cnn(C)n1,rdkit_canonicalization
qm9_cn_subset:127589,127589,13451,smiles,CN1N=CC(CC#N)=N1,Cn1ncc(CC#N)n1,rdkit_canonicalization
qm9_cn_subset:127595,127595,13452,smiles,CN1N=CC(N)=C1C#C,C#Cc1c(N)cnn1C,rdkit_canonicalization
qm9_cn_subset:127596,127596,13453,smiles,CN1N=CC(N)=C1C#N,Cn1ncc(N)c1C#N,rdkit_canonicalization
qm9_cn_subset:127599,127599,13454,smiles,CN1N=CC(N)=CC1=N,Cn1ncc(N)cc1=N,rdkit_canonicalization
qm9_cn_subset:127601,127601,13455,smiles,CN1N=CC(N)=NC1=N,Cn1ncc(N)nc1=N,rdkit_canonicalization
qm9_cn_subset:127603,127603,13456,smiles,CN1N=CC(N=CN)=N1,Cn1ncc(N=CN)n1,rdkit_canonicalization
qm9_cn_subset:127604,127604,13457,smiles,CN1N=CC(NC=N)=N1,Cn1ncc(NC=N)n1,rdkit_canonicalization
qm9_cn_subset:127611,127611,13458,smiles,CN1N=CC2=C1C=CC2,Cn1ncc2c1C=CC2,rdkit_canonicalization
qm9_cn_subset:127612,127612,13459,smiles,CN1N=CC2=C1C=CN2,Cn1ncc2[nH]ccc21,rdkit_canonicalization
qm9_cn_subset:127614,127614,13460,smiles,CN1N=CC2=C1C=NN2,Cn1ncc2[nH]ncc21,rdkit_canonicalization
qm9_cn_subset:127616,127616,13461,smiles,CN1N=CC2=C1CC=C2,Cn1ncc2c1CC=C2,rdkit_canonicalization
qm9_cn_subset:127617,127617,13462,smiles,CN1N=CC2=C1CCC2,Cn1ncc2c1CCC2,rdkit_canonicalization
qm9_cn_subset:127618,127618,13463,smiles,CN1N=CC2=C1CCN2,Cn1ncc2c1CCN2,rdkit_canonicalization
qm9_cn_subset:127621,127621,13464,smiles,CN1N=CC2=C1N=CN2,Cn1ncc2[nH]cnc21,rdkit_canonicalization
qm9_cn_subset:127624,127624,13465,smiles,CN1N=CC2=C1NC=C2,Cn1ncc2cc[nH]c21,rdkit_canonicalization
qm9_cn_subset:127625,127625,13466,smiles,CN1N=CC2=C1NC=N2,Cn1ncc2nc[nH]c21,rdkit_canonicalization
qm9_cn_subset:127626,127626,13467,smiles,CN1N=CC2=C1NCC2,Cn1ncc2c1NCC2,rdkit_canonicalization
qm9_cn_subset:127627,127627,13468,smiles,CN1N=CC2=C1NN=C2,Cn1ncc2cn[nH]c21,rdkit_canonicalization
qm9_cn_subset:127628,127628,13469,smiles,CN1N=CC2=C1NN=N2,Cn1ncc2nn[nH]c21,rdkit_canonicalization
qm9_cn_subset:127635,127635,13470,smiles,CN1N=CC=C(C)C1=N,Cc1ccnn(C)c1=N,rdkit_canonicalization
qm9_cn_subset:127637,127637,13471,smiles,CN1N=CC=C(N)C1=N,Cn1nccc(N)c1=N,rdkit_canonicalization
qm9_cn_subset:127642,127642,13472,smiles,CN1N=CC=C1C1CC1,Cn1nccc1C1CC1,rdkit_canonicalization
qm9_cn_subset:127643,127643,13473,smiles,CN1N=CC=C1C1CN1,Cn1nccc1C1CN1,rdkit_canonicalization
qm9_cn_subset:127645,127645,13474,smiles,CN1N=CC=C1CC#C,C#CCc1ccnn1C,rdkit_canonicalization
qm9_cn_subset:127646,127646,13475,smiles,CN1N=CC=C1CC#N,Cn1nccc1CC#N,rdkit_canonicalization
qm9_cn_subset:127649,127649,13476,smiles,CN1N=CC=C1N1CC1,Cn1nccc1N1CC1,rdkit_canonicalization
qm9_cn_subset:127655,127655,13477,smiles,CN1N=CN2C=CN=C12,Cn1ncn2ccnc12,rdkit_canonicalization
qm9_cn_subset:127656,127656,13478,smiles,CN1N=CN2C=NN=C12,Cn1ncn2cnnc12,rdkit_canonicalization
qm9_cn_subset:127657,127657,13479,smiles,CN1N=CN2N=CN=C12,Cn1ncn2ncnc12,rdkit_canonicalization
qm9_cn_subset:127658,127658,13480,smiles,CN1N=CN2N=NN=C12,Cn1ncn2nnnc12,rdkit_canonicalization
qm9_cn_subset:127659,127659,13481,smiles,CN1N=CN=C(C)C1=N,Cc1ncnn(C)c1=N,rdkit_canonicalization
qm9_cn_subset:127661,127661,13482,smiles,CN1N=CN=C(N)C1=N,Cn1ncnc(N)c1=N,rdkit_canonicalization
qm9_cn_subset:127666,127666,13483,smiles,CN1N=CN=C1C1CC1,Cn1ncnc1C1CC1,rdkit_canonicalization
qm9_cn_subset:127667,127667,13484,smiles,CN1N=CN=C1C1CN1,Cn1ncnc1C1CN1,rdkit_canonicalization
qm9_cn_subset:127669,127669,13485,smiles,CN1N=CN=C1CC#C,C#CCc1ncnn1C,rdkit_canonicalization
qm9_cn_subset:127670,127670,13486,smiles,CN1N=CN=C1CC#N,Cn1ncnc1CC#N,rdkit_canonicalization
qm9_cn_subset:127673,127673,13487,smiles,CN1N=CN=C1N1CC1,Cn1ncnc1N1CC1,rdkit_canonicalization
qm9_cn_subset:127674,127674,13488,smiles,CN1N=CN=C1NC=N,Cn1ncnc1NC=N,rdkit_canonicalization
qm9_cn_subset:127678,127678,13489,smiles,CN1N=CNC(=N)C1=N,Cn1nc[nH]c(=N)c1=N,rdkit_canonicalization
qm9_cn_subset:127686,127686,13490,smiles,CN1N=NC(=N)C(C)=N1,Cc1nn(C)nnc1=N,rdkit_canonicalization
qm9_cn_subset:127687,127687,13491,smiles,CN1N=NC(=N)C(N)=N1,Cn1nnc(=N)c(N)n1,rdkit_canonicalization
qm9_cn_subset:127688,127688,13492,smiles,CN1N=NC(=N)C=C1C,Cc1cc(=N)nnn1C,rdkit_canonicalization
qm9_cn_subset:127689,127689,13493,smiles,CN1N=NC(=N)C=C1N,Cn1nnc(=N)cc1N,rdkit_canonicalization
qm9_cn_subset:127691,127691,13494,smiles,CN1N=NC(=N)N=C1C,Cc1nc(=N)nnn1C,rdkit_canonicalization
qm9_cn_subset:127692,127692,13495,smiles,CN1N=NC(=N)N=C1N,Cn1nnc(=N)nc1N,rdkit_canonicalization
qm9_cn_subset:127694,127694,13496,smiles,CN1N=NC(=N)NC1=N,Cn1nnc(=N)[nH]c1=N,rdkit_canonicalization
qm9_cn_subset:127698,127698,13497,smiles,CN1N=NC(=N1)C(N)=N,Cn1nnc(C(=N)N)n1,rdkit_canonicalization
qm9_cn_subset:127700,127700,13498,smiles,CN1N=NC(=N1)C1CC1,Cn1nnc(C2CC2)n1,rdkit_canonicalization
qm9_cn_subset:127701,127701,13499,smiles,CN1N=NC(=N1)C1CN1,Cn1nnc(C2CN2)n1,rdkit_canonicalization
qm9_cn_subset:127703,127703,13500,smiles,CN1N=NC(=N1)N1CC1,Cn1nnc(N2CC2)n1,rdkit_canonicalization
qm9_cn_subset:127714,127714,13501,smiles,CN1N=NC(C#C)=C1C,C#Cc1nnn(C)c1C,rdkit_canonicalization
qm9_cn_subset:127715,127715,13502,smiles,CN1N=NC(C#C)=C1N,C#Cc1nnn(C)c1N,rdkit_canonicalization
qm9_cn_subset:127717,127717,13503,smiles,CN1N=NC(C#N)=C1C,Cc1c(C#N)nnn1C,rdkit_canonicalization
qm9_cn_subset:127718,127718,13504,smiles,CN1N=NC(C#N)=C1N,Cn1nnc(C#N)c1N,rdkit_canonicalization
qm9_cn_subset:127719,127719,13505,smiles,CN1N=NC(C)=C1C#C,C#Cc1c(C)nnn1C,rdkit_canonicalization
qm9_cn_subset:127720,127720,13506,smiles,CN1N=NC(C)=C1C#N,Cc1nnn(C)c1C#N,rdkit_canonicalization
qm9_cn_subset:127723,127723,13507,smiles,CN1N=NC(C)=CC1=N,Cc1cc(=N)n(C)nn1,rdkit_canonicalization
qm9_cn_subset:127725,127725,13508,smiles,CN1N=NC(C)=NC1=N,Cc1nnn(C)c(=N)n1,rdkit_canonicalization
qm9_cn_subset:127729,127729,13509,smiles,CN1N=NC(CC#C)=N1,C#CCc1nnn(C)n1,rdkit_canonicalization
qm9_cn_subset:127730,127730,13510,smiles,CN1N=NC(CC#N)=N1,Cn1nnc(CC#N)n1,rdkit_canonicalization
qm9_cn_subset:127737,127737,13511,smiles,CN1N=NC(N)=C1C#C,C#Cc1c(N)nnn1C,rdkit_canonicalization
qm9_cn_subset:127738,127738,13512,smiles,CN1N=NC(N)=C1C#N,Cn1nnc(N)c1C#N,rdkit_canonicalization
qm9_cn_subset:127741,127741,13513,smiles,CN1N=NC(N)=CC1=N,Cn1nnc(N)cc1=N,rdkit_canonicalization
qm9_cn_subset:127743,127743,13514,smiles,CN1N=NC(N)=NC1=N,Cn1nnc(N)nc1=N,rdkit_canonicalization
qm9_cn_subset:127745,127745,13515,smiles,CN1N=NC(N=CN)=N1,Cn1nnc(N=CN)n1,rdkit_canonicalization
qm9_cn_subset:127746,127746,13516,smiles,CN1N=NC(NC=N)=N1,Cn1nnc(NC=N)n1,rdkit_canonicalization
qm9_cn_subset:127756,127756,13517,smiles,CN1N=NC2=C1C=CN2,Cn1nnc2[nH]ccc21,rdkit_canonicalization
qm9_cn_subset:127758,127758,13518,smiles,CN1N=NC2=C1C=NN2,Cn1nnc2[nH]ncc21,rdkit_canonicalization
qm9_cn_subset:127760,127760,13519,smiles,CN1N=NC2=C1CCC2,Cn1nnc2c1CCC2,rdkit_canonicalization
qm9_cn_subset:127761,127761,13520,smiles,CN1N=NC2=C1CCN2,Cn1nnc2c1CCN2,rdkit_canonicalization
qm9_cn_subset:127763,127763,13521,smiles,CN1N=NC2=C1CNC2,Cn1nnc2c1CNC2,rdkit_canonicalization
qm9_cn_subset:127765,127765,13522,smiles,CN1N=NC2=C1N=CN2,Cn1nnc2[nH]cnc21,rdkit_canonicalization
qm9_cn_subset:127768,127768,13523,smiles,CN1N=NC2=C1NC=C2,Cn1nnc2cc[nH]c21,rdkit_canonicalization
qm9_cn_subset:127769,127769,13524,smiles,CN1N=NC2=C1NC=N2,Cn1nnc2nc[nH]c21,rdkit_canonicalization
qm9_cn_subset:127770,127770,13525,smiles,CN1N=NC2=C1NCC2,Cn1nnc2c1NCC2,rdkit_canonicalization
qm9_cn_subset:127771,127771,13526,smiles,CN1N=NC2=C1NN=C2,Cn1nnc2cn[nH]c21,rdkit_canonicalization
qm9_cn_subset:127772,127772,13527,smiles,CN1N=NC2=C1NN=N2,Cn1nnc2nn[nH]c21,rdkit_canonicalization
qm9_cn_subset:127779,127779,13528,smiles,CN1N=NC2=CNC=C12,Cn1nnc2c[nH]cc21,rdkit_canonicalization
qm9_cn_subset:127780,127780,13529,smiles,CN1N=NC2=CNN=C12,Cn1nnc2c[nH]nc21,rdkit_canonicalization
qm9_cn_subset:127783,127783,13530,smiles,CN1N=NC2=NNC=C12,Cn1nnc2n[nH]cc21,rdkit_canonicalization
qm9_cn_subset:127784,127784,13531,smiles,CN1N=NC2=NNN=C12,Cn1nnc2n[nH]nc21,rdkit_canonicalization
qm9_cn_subset:127787,127787,13532,smiles,CN1N=NC=C(C)C1=N,Cc1cnnn(C)c1=N,rdkit_canonicalization
qm9_cn_subset:127789,127789,13533,smiles,CN1N=NC=C(N)C1=N,Cn1nncc(N)c1=N,rdkit_canonicalization
qm9_cn_subset:127793,127793,13534,smiles,CN1N=NC=C1C1CC1,Cn1nncc1C1CC1,rdkit_canonicalization
qm9_cn_subset:127794,127794,13535,smiles,CN1N=NC=C1C1CN1,Cn1nncc1C1CN1,rdkit_canonicalization
qm9_cn_subset:127796,127796,13536,smiles,CN1N=NC=C1CC#C,C#CCc1cnnn1C,rdkit_canonicalization
qm9_cn_subset:127797,127797,13537,smiles,CN1N=NC=C1CC#N,Cn1nncc1CC#N,rdkit_canonicalization
qm9_cn_subset:127800,127800,13538,smiles,CN1N=NC=C1N1CC1,Cn1nncc1N1CC1,rdkit_canonicalization
qm9_cn_subset:127801,127801,13539,smiles,CN1N=NC=C1NC=N,Cn1nncc1NC=N,rdkit_canonicalization
qm9_cn_subset:127807,127807,13540,smiles,CN1N=NN2C=CN=C12,Cn1nnn2ccnc12,rdkit_canonicalization
qm9_cn_subset:127808,127808,13541,smiles,CN1N=NN2C=NN=C12,Cn1nnn2cnnc12,rdkit_canonicalization
qm9_cn_subset:127809,127809,13542,smiles,CN1N=NN2N=CN=C12,Cn1nnn2ncnc12,rdkit_canonicalization
qm9_cn_subset:127810,127810,13543,smiles,CN1N=NN2N=NN=C12,Cn1nnn2nnnc12,rdkit_canonicalization
qm9_cn_subset:127811,127811,13544,smiles,CN1N=NNC(=N)C1=N,Cn1nn[nH]c(=N)c1=N,rdkit_canonicalization
qm9_cn_subset:127820,127820,13545,smiles,C[NH+]=C(N)C1=CN=N[N-]1,C[NH+]=C(N)c1cnn[n-]1,rdkit_canonicalization
qm9_cn_subset:127822,127822,13546,smiles,CN=C(N)C1=CNN=N1,CN=C(N)c1c[nH]nn1,rdkit_canonicalization
qm9_cn_subset:127825,127825,13547,smiles,C[NH+]=C(N)C1=NC=N[N-]1,C[NH+]=C(N)c1ncn[n-]1,rdkit_canonicalization
qm9_cn_subset:127827,127827,13548,smiles,CN=C(N)C1=NNC=C1,CN=C(N)c1cc[nH]n1,rdkit_canonicalization
qm9_cn_subset:127828,127828,13549,smiles,CN=C(N)C1=NNC=N1,CN=C(N)c1nc[nH]n1,rdkit_canonicalization
qm9_cn_subset:127829,127829,13550,smiles,CN=C(N)C1=NNN=C1,CN=C(N)c1cn[nH]n1,rdkit_canonicalization
qm9_cn_subset:127830,127830,13551,smiles,CN=C(N)C1=NNN=N1,CN=C(N)c1nn[nH]n1,rdkit_canonicalization
qm9_cn_subset:127835,127835,13552,smiles,CN=C(N)N1N=NN=N1,CN=C(N)n1nnnn1,rdkit_canonicalization
qm9_cn_subset:127836,127836,13553,smiles,CN=C1C=C(C)NN=N1,CN=c1cc(C)[nH]nn1,rdkit_canonicalization
qm9_cn_subset:127838,127838,13554,smiles,CN=C1C=C(N)NN=N1,CN=c1cc(N)[nH]nn1,rdkit_canonicalization
qm9_cn_subset:127841,127841,13555,smiles,CN=C1C=CC=NN1C,CN=c1cccnn1C,rdkit_canonicalization
qm9_cn_subset:127842,127842,13556,smiles,CN=C1C=CN(C)N=C1,CN=c1ccn(C)nc1,rdkit_canonicalization
qm9_cn_subset:127843,127843,13557,smiles,CN=C1C=CN(C)N=N1,CN=c1ccn(C)nn1,rdkit_canonicalization
qm9_cn_subset:127844,127844,13558,smiles,CN=C1C=CN=NC=C1,CN=c1ccnncc1,rdkit_canonicalization
qm9_cn_subset:127845,127845,13559,smiles,CN=C1C=CN=NN1C,CN=c1ccnnn1C,rdkit_canonicalization
qm9_cn_subset:127846,127846,13560,smiles,CN=C1C=CNN=C1C,CN=c1cc[nH]nc1C,rdkit_canonicalization
qm9_cn_subset:127847,127847,13561,smiles,CN=C1C=CNN=C1N,CN=c1cc[nH]nc1N,rdkit_canonicalization
qm9_cn_subset:127851,127851,13562,smiles,CN=C1C=NC=NN1C,CN=c1cncnn1C,rdkit_canonicalization
qm9_cn_subset:127852,127852,13563,smiles,CN=C1C=NN(C)C=N1,CN=c1cnn(C)cn1,rdkit_canonicalization
qm9_cn_subset:127853,127853,13564,smiles,CN=C1C=NN(C)N=C1,CN=c1cnn(C)nc1,rdkit_canonicalization
qm9_cn_subset:127854,127854,13565,smiles,CN=C1C=NN(C)N=N1,CN=c1cnn(C)nn1,rdkit_canonicalization
qm9_cn_subset:127855,127855,13566,smiles,CN=C1C=NNC(C)=C1,CN=c1cn[nH]c(C)c1,rdkit_canonicalization
qm9_cn_subset:127856,127856,13567,smiles,CN=C1C=NNC(C)=N1,CN=c1cn[nH]c(C)n1,rdkit_canonicalization
qm9_cn_subset:127857,127857,13568,smiles,CN=C1C=NNC(N)=C1,CN=c1cn[nH]c(N)c1,rdkit_canonicalization
qm9_cn_subset:127858,127858,13569,smiles,CN=C1C=N[N-]C(N)=[NH+]1,CN=c1cn[n-]c(N)[nH+]1,rdkit_canonicalization
qm9_cn_subset:127861,127861,13570,smiles,CN=C1C=NNC=C1C,CN=c1cn[nH]cc1C,rdkit_canonicalization
qm9_cn_subset:127862,127862,13571,smiles,CN=C1C=NNC=C1N,CN=c1cn[nH]cc1N,rdkit_canonicalization
qm9_cn_subset:127864,127864,13572,smiles,CN=C1C=NNN=C1C,CN=c1cn[nH]nc1C,rdkit_canonicalization
qm9_cn_subset:127865,127865,13573,smiles,CN=C1C=NNN=C1N,CN=c1cn[nH]nc1N,rdkit_canonicalization
qm9_cn_subset:127876,127876,13574,smiles,CN=C1N(C)N=NN1C,CN=c1n(C)nnn1C,rdkit_canonicalization
qm9_cn_subset:127877,127877,13575,smiles,CN=C1N=CC=NN1C,CN=c1nccnn1C,rdkit_canonicalization
qm9_cn_subset:127878,127878,13576,smiles,CN=C1N=CN(C)N=N1,CN=c1ncn(C)nn1,rdkit_canonicalization
qm9_cn_subset:127879,127879,13577,smiles,CN=C1N=CN=NC=N1,CN=c1ncnncn1,rdkit_canonicalization
qm9_cn_subset:127880,127880,13578,smiles,CN=C1N=CN=NN1C,CN=c1ncnnn1C,rdkit_canonicalization
qm9_cn_subset:127881,127881,13579,smiles,CN=C1N=CNN=C1C,CN=c1nc[nH]nc1C,rdkit_canonicalization
qm9_cn_subset:127882,127882,13580,smiles,CN=C1N=CNN=C1N,CN=c1nc[nH]nc1N,rdkit_canonicalization
qm9_cn_subset:127885,127885,13581,smiles,CN=C1N=NN(C)N=N1,CN=c1nnn(C)nn1,rdkit_canonicalization
qm9_cn_subset:127886,127886,13582,smiles,CN=C1N=NNC(C)=N1,CN=c1nn[nH]c(C)n1,rdkit_canonicalization
qm9_cn_subset:127887,127887,13583,smiles,CN=C1N=NNC(N)=N1,CN=c1nn[nH]c(N)n1,rdkit_canonicalization
qm9_cn_subset:127889,127889,13584,smiles,CN=C1N=NNC=C1C,CN=c1nn[nH]cc1C,rdkit_canonicalization
qm9_cn_subset:127890,127890,13585,smiles,CN=C1N=NNC=C1N,CN=c1nn[nH]cc1N,rdkit_canonicalization
qm9_cn_subset:127891,127891,13586,smiles,CN=C1N=NNN=C1C,CN=c1nn[nH]nc1C,rdkit_canonicalization
qm9_cn_subset:127892,127892,13587,smiles,CN=C1N=NNN=C1N,CN=c1nn[nH]nc1N,rdkit_canonicalization
qm9_cn_subset:127902,127902,13588,smiles,CN=C1NC(=N)NN=N1,CN=c1nn[nH]c(=N)[nH]1,rdkit_canonicalization
qm9_cn_subset:127918,127918,13589,smiles,CN=C1NC=NNC1=N,CN=c1[nH]cn[nH]c1=N,rdkit_canonicalization
qm9_cn_subset:127922,127922,13590,smiles,CN=C1NN=C(C)C=C1,CN=c1ccc(C)n[nH]1,rdkit_canonicalization
qm9_cn_subset:127923,127923,13591,smiles,CN=C1NN=C(C)C=N1,CN=c1ncc(C)n[nH]1,rdkit_canonicalization
qm9_cn_subset:127924,127924,13592,smiles,CN=C1NN=C(C)N=C1,CN=c1cnc(C)n[nH]1,rdkit_canonicalization
qm9_cn_subset:127926,127926,13593,smiles,CN=C1NN=C(N)C=N1,CN=c1ncc(N)n[nH]1,rdkit_canonicalization
qm9_cn_subset:127927,127927,13594,smiles,CN=C1NN=C(N)N=C1,CN=c1cnc(N)n[nH]1,rdkit_canonicalization
qm9_cn_subset:127928,127928,13595,smiles,CN=C1NN=C(N1)C#C,C#Cc1n[nH]c(=NC)[nH]1,rdkit_canonicalization
qm9_cn_subset:127929,127929,13596,smiles,CN=C1NN=C(N1)C#N,CN=c1[nH]nc(C#N)[nH]1,rdkit_canonicalization
qm9_cn_subset:127935,127935,13597,smiles,CN=C1NN=CC(C)=C1,CN=c1cc(C)cn[nH]1,rdkit_canonicalization
qm9_cn_subset:127936,127936,13598,smiles,CN=C1NN=CC(C)=N1,CN=c1nc(C)cn[nH]1,rdkit_canonicalization
qm9_cn_subset:127937,127937,13599,smiles,CN=C1NN=CC(N)=C1,CN=c1cc(N)cn[nH]1,rdkit_canonicalization
qm9_cn_subset:127938,127938,13600,smiles,CN=C1NN=CC(N)=N1,CN=c1nc(N)cn[nH]1,rdkit_canonicalization
qm9_cn_subset:127940,127940,13601,smiles,CN=C1NN=CC=C1C,CN=c1[nH]nccc1C,rdkit_canonicalization
qm9_cn_subset:127941,127941,13602,smiles,CN=C1NN=CC=C1N,CN=c1[nH]nccc1N,rdkit_canonicalization
qm9_cn_subset:127944,127944,13603,smiles,CN=C1NN=CN=C1C,CN=c1[nH]ncnc1C,rdkit_canonicalization
qm9_cn_subset:127945,127945,13604,smiles,CN=C1NN=CN=C1N,CN=c1[nH]ncnc1N,rdkit_canonicalization
qm9_cn_subset:127947,127947,13605,smiles,CN=C1NN=CNC1=N,CN=c1[nH]nc[nH]c1=N,rdkit_canonicalization
qm9_cn_subset:127949,127949,13606,smiles,CN=C1NN=NC(=N)N1,CN=c1[nH]nnc(=N)[nH]1,rdkit_canonicalization
qm9_cn_subset:127952,127952,13607,smiles,CN=C1NN=NC(C)=C1,CN=c1cc(C)nn[nH]1,rdkit_canonicalization
qm9_cn_subset:127953,127953,13608,smiles,CN=C1NN=NC(C)=N1,CN=c1nc(C)nn[nH]1,rdkit_canonicalization
qm9_cn_subset:127954,127954,13609,smiles,CN=C1NN=NC(N)=C1,CN=c1cc(N)nn[nH]1,rdkit_canonicalization
qm9_cn_subset:127955,127955,13610,smiles,CN=C1NN=NC(N)=N1,CN=c1nc(N)nn[nH]1,rdkit_canonicalization
qm9_cn_subset:127957,127957,13611,smiles,CN=C1NN=NC=C1C,CN=c1[nH]nncc1C,rdkit_canonicalization
qm9_cn_subset:127958,127958,13612,smiles,CN=C1NN=NC=C1N,CN=c1[nH]nncc1N,rdkit_canonicalization
qm9_cn_subset:127960,127960,13613,smiles,CN=C1NN=NNC1=N,CN=c1[nH]nn[nH]c1=N,rdkit_canonicalization
qm9_cn_subset:128019,128019,13614,smiles,CN=CNC1=CN=NN1,CN=CNc1cnn[nH]1,rdkit_canonicalization
qm9_cn_subset:128021,128021,13615,smiles,CN=CNC1=CNN=C1,CN=CNc1cn[nH]c1,rdkit_canonicalization
qm9_cn_subset:128022,128022,13616,smiles,CN=CNC1=CNN=N1,CN=CNc1c[nH]nn1,rdkit_canonicalization
qm9_cn_subset:128025,128025,13617,smiles,CN=CNC1=NC=NN1,CN=CNc1ncn[nH]1,rdkit_canonicalization
qm9_cn_subset:128027,128027,13618,smiles,CN=CNC1=NNC=C1,CN=CNc1cc[nH]n1,rdkit_canonicalization
qm9_cn_subset:128028,128028,13619,smiles,CN=CNC1=NNC=N1,CN=CNc1nc[nH]n1,rdkit_canonicalization
qm9_cn_subset:128029,128029,13620,smiles,CN=CNC1=NNN=C1,CN=CNc1cn[nH]n1,rdkit_canonicalization
qm9_cn_subset:128030,128030,13621,smiles,CN=CNC1=NNN=N1,CN=CNc1nn[nH]n1,rdkit_canonicalization
qm9_cn_subset:128052,128052,13622,smiles,CNC(=[NH2+])C1=CN=N[N-]1,CNC(=[NH2+])c1cnn[n-]1,rdkit_canonicalization
qm9_cn_subset:128054,128054,13623,smiles,CNC(=N)C1=CNN=N1,CNC(=N)c1c[nH]nn1,rdkit_canonicalization
qm9_cn_subset:128056,128056,13624,smiles,CNC(=[NH2+])C1=NC=N[N-]1,CNC(=[NH2+])c1ncn[n-]1,rdkit_canonicalization
qm9_cn_subset:128058,128058,13625,smiles,CNC(=N)C1=NNC=N1,CNC(=N)c1nc[nH]n1,rdkit_canonicalization
qm9_cn_subset:128059,128059,13626,smiles,CNC(=N)C1=NNN=C1,CNC(=N)c1cn[nH]n1,rdkit_canonicalization
qm9_cn_subset:128060,128060,13627,smiles,CNC(=N)C1=NNN=N1,CNC(=N)c1nn[nH]n1,rdkit_canonicalization
qm9_cn_subset:128065,128065,13628,smiles,CNC(=N)N1N=NN=N1,CNC(=N)n1nnnn1,rdkit_canonicalization
qm9_cn_subset:128088,128088,13629,smiles,CNC(C)C1=NNC=N1,CNC(C)c1nc[nH]n1,rdkit_canonicalization
qm9_cn_subset:128091,128091,13630,smiles,CNC1=C(C)C(C)=NN1,CNc1[nH]nc(C)c1C,rdkit_canonicalization
qm9_cn_subset:128093,128093,13631,smiles,CNC1=C(C)C(N)=NN1,CNc1[nH]nc(N)c1C,rdkit_canonicalization
qm9_cn_subset:128097,128097,13632,smiles,CNC1=C(C)C=NN1C,CNc1c(C)cnn1C,rdkit_canonicalization
qm9_cn_subset:128098,128098,13633,smiles,CNC1=C(C)N(C)N=C1,CNc1cnn(C)c1C,rdkit_canonicalization
qm9_cn_subset:128099,128099,13634,smiles,CNC1=C(C)N(C)N=N1,CNc1nnn(C)c1C,rdkit_canonicalization
qm9_cn_subset:128100,128100,13635,smiles,CNC1=C(C)N=NN1C,CNc1c(C)nnn1C,rdkit_canonicalization
qm9_cn_subset:128101,128101,13636,smiles,CNC1=C(C)NN=C1C,CNc1c(C)n[nH]c1C,rdkit_canonicalization
qm9_cn_subset:128102,128102,13637,smiles,CNC1=C(C)NN=C1N,CNc1c(N)n[nH]c1C,rdkit_canonicalization
qm9_cn_subset:128107,128107,13638,smiles,CNC1=C(C=NN1)C#C,C#Cc1cn[nH]c1NC,rdkit_canonicalization
qm9_cn_subset:128108,128108,13639,smiles,CNC1=C(C=NN1)C#N,CNc1[nH]ncc1C#N,rdkit_canonicalization
qm9_cn_subset:128124,128124,13640,smiles,CNC1=C(N)C(C)=NN1,CNc1[nH]nc(C)c1N,rdkit_canonicalization
qm9_cn_subset:128126,128126,13641,smiles,CNC1=C(N)C(N)=NN1,CNc1[nH]nc(N)c1N,rdkit_canonicalization
qm9_cn_subset:128130,128130,13642,smiles,CNC1=C(N)C=NN1C,CNc1c(N)cnn1C,rdkit_canonicalization
qm9_cn_subset:128131,128131,13643,smiles,CNC1=C(N)N(C)N=C1,CNc1cnn(C)c1N,rdkit_canonicalization
qm9_cn_subset:128132,128132,13644,smiles,CNC1=C(N)N(C)N=N1,CNc1nnn(C)c1N,rdkit_canonicalization
qm9_cn_subset:128133,128133,13645,smiles,CNC1=C(N)N=NN1C,CNc1c(N)nnn1C,rdkit_canonicalization
qm9_cn_subset:128134,128134,13646,smiles,CNC1=C(N)NN=C1C,CNc1c(C)n[nH]c1N,rdkit_canonicalization
qm9_cn_subset:128135,128135,13647,smiles,CNC1=C(N)NN=C1N,CNc1c(N)n[nH]c1N,rdkit_canonicalization
qm9_cn_subset:128140,128140,13648,smiles,CNC1=C(N=NN1)C#C,C#Cc1nn[nH]c1NC,rdkit_canonicalization
qm9_cn_subset:128141,128141,13649,smiles,CNC1=C(N=NN1)C#N,CNc1[nH]nnc1C#N,rdkit_canonicalization
qm9_cn_subset:128144,128144,13650,smiles,CNC1=C(NC)C=NN1,CNc1cn[nH]c1NC,rdkit_canonicalization
qm9_cn_subset:128146,128146,13651,smiles,CNC1=C(NC)N=NN1,CNc1nn[nH]c1NC,rdkit_canonicalization
qm9_cn_subset:128148,128148,13652,smiles,CNC1=C(NN=C1)C#C,C#Cc1[nH]ncc1NC,rdkit_canonicalization
qm9_cn_subset:128149,128149,13653,smiles,CNC1=C(NN=C1)C#N,CNc1cn[nH]c1C#N,rdkit_canonicalization
qm9_cn_subset:128152,128152,13654,smiles,CNC1=C(NN=N1)C#C,C#Cc1[nH]nnc1NC,rdkit_canonicalization
qm9_cn_subset:128153,128153,13655,smiles,CNC1=C(NN=N1)C#N,CNc1nn[nH]c1C#N,rdkit_canonicalization
qm9_cn_subset:128178,128178,13656,smiles,CNC1=C2CCN2N=C1,CNc1cnn2c1CC2,rdkit_canonicalization
qm9_cn_subset:128179,128179,13657,smiles,CNC1=C2CCN2N=N1,CNc1nnn2c1CC2,rdkit_canonicalization
qm9_cn_subset:128180,128180,13658,smiles,CNC1=CC(=N)C=NN1,CNc1cc(=N)cn[nH]1,rdkit_canonicalization
qm9_cn_subset:128182,128182,13659,smiles,CNC1=CC(=N)N=NN1,CNc1cc(=N)nn[nH]1,rdkit_canonicalization
qm9_cn_subset:128184,128184,13660,smiles,CNC1=CC(=N)NN=C1,CNc1cn[nH]c(=N)c1,rdkit_canonicalization
qm9_cn_subset:128185,128185,13661,smiles,CNC1=CC(=N)NN=N1,CNc1cc(=N)[nH]nn1,rdkit_canonicalization
qm9_cn_subset:128188,128188,13662,smiles,CNC1=CC(=NN1)C#C,C#Cc1cc(NC)[nH]n1,rdkit_canonicalization
qm9_cn_subset:128189,128189,13663,smiles,CNC1=CC(=NN1)C#N,CNc1cc(C#N)n[nH]1,rdkit_canonicalization
qm9_cn_subset:128200,128200,13664,smiles,CNC1=CC(C)=NN1C,CNc1cc(C)nn1C,rdkit_canonicalization
qm9_cn_subset:128205,128205,13665,smiles,CNC1=CC(N)=NN1C,CNc1cc(N)nn1C,rdkit_canonicalization
qm9_cn_subset:128206,128206,13666,smiles,CNC1=CC(NC)=NN1,CNc1cc(NC)[nH]n1,rdkit_canonicalization
qm9_cn_subset:128212,128212,13667,smiles,CNC1=CC=NNC1=N,CNc1ccn[nH]c1=N,rdkit_canonicalization
qm9_cn_subset:128216,128216,13668,smiles,CNC1=CN(C)N=C1C,CNc1cn(C)nc1C,rdkit_canonicalization
qm9_cn_subset:128217,128217,13669,smiles,CNC1=CN(C)N=C1N,CNc1cn(C)nc1N,rdkit_canonicalization
qm9_cn_subset:128221,128221,13670,smiles,CNC1=CN=C(C)N=N1,CNc1cnc(C)nn1,rdkit_canonicalization
qm9_cn_subset:128222,128222,13671,smiles,CNC1=CN=C(N)N=N1,CNc1cnc(N)nn1,rdkit_canonicalization
qm9_cn_subset:128225,128225,13672,smiles,CNC1=CN=NNC1=N,CNc1cnn[nH]c1=N,rdkit_canonicalization
qm9_cn_subset:128229,128229,13673,smiles,CNC1=CNN=C1C#C,C#Cc1n[nH]cc1NC,rdkit_canonicalization
qm9_cn_subset:128230,128230,13674,smiles,CNC1=CNN=C1C#N,CNc1c[nH]nc1C#N,rdkit_canonicalization
qm9_cn_subset:128233,128233,13675,smiles,CNC1=CNN=C1NC,CNc1c[nH]nc1NC,rdkit_canonicalization
qm9_cn_subset:128235,128235,13676,smiles,CNC1=CNN=CC1=N,CNc1c[nH]ncc1=N,rdkit_canonicalization
qm9_cn_subset:128237,128237,13677,smiles,CNC1=CNN=NC1=N,CNc1c[nH]nnc1=N,rdkit_canonicalization
qm9_cn_subset:128249,128249,13678,smiles,CNC1=[NH+]C(=N)C=N[N-]1,CNc1[n-]ncc(=N)[nH+]1,rdkit_canonicalization
qm9_cn_subset:128251,128251,13679,smiles,CNC1=NC(=N)N=NN1,CNc1nc(=N)nn[nH]1,rdkit_canonicalization
qm9_cn_subset:128253,128253,13680,smiles,CNC1=NC(=N)NN=N1,CNc1nn[nH]c(=N)n1,rdkit_canonicalization
qm9_cn_subset:128256,128256,13681,smiles,CNC1=NC(=NN1)C#C,C#Cc1n[nH]c(NC)n1,rdkit_canonicalization
qm9_cn_subset:128265,128265,13682,smiles,CNC1=NC(C)=NN1C,CNc1nc(C)nn1C,rdkit_canonicalization
qm9_cn_subset:128269,128269,13683,smiles,CNC1=NC(N)=NN1C,CNc1nc(N)nn1C,rdkit_canonicalization
qm9_cn_subset:128270,128270,13684,smiles,CNC1=NC(NC)=NN1,CNc1n[nH]c(NC)n1,rdkit_canonicalization
qm9_cn_subset:128275,128275,13685,smiles,CNC1=NC=C(C)N=N1,CNc1ncc(C)nn1,rdkit_canonicalization
qm9_cn_subset:128276,128276,13686,smiles,CNC1=NC=C(N)N=N1,CNc1ncc(N)nn1,rdkit_canonicalization
qm9_cn_subset:128279,128279,13687,smiles,CNC1=NC=NNC1=N,CNc1ncn[nH]c1=N,rdkit_canonicalization
qm9_cn_subset:128286,128286,13688,smiles,CNC1=NN(C)C(C)=C1,CNc1cc(C)n(C)n1,rdkit_canonicalization
qm9_cn_subset:128287,128287,13689,smiles,CNC1=NN(C)C(C)=N1,CNc1nc(C)n(C)n1,rdkit_canonicalization
qm9_cn_subset:128288,128288,13690,smiles,CNC1=NN(C)C(N)=C1,CNc1cc(N)n(C)n1,rdkit_canonicalization
qm9_cn_subset:128289,128289,13691,smiles,CNC1=NN(C)C(N)=N1,CNc1nc(N)n(C)n1,rdkit_canonicalization
qm9_cn_subset:128292,128292,13692,smiles,CNC1=NN(C)C=C1C,CNc1nn(C)cc1C,rdkit_canonicalization
qm9_cn_subset:128293,128293,13693,smiles,CNC1=NN(C)C=C1N,CNc1nn(C)cc1N,rdkit_canonicalization
qm9_cn_subset:128294,128294,13694,smiles,CNC1=NN(C)N=C1C,CNc1nn(C)nc1C,rdkit_canonicalization
qm9_cn_subset:128295,128295,13695,smiles,CNC1=NN(C)N=C1N,CNc1nn(C)nc1N,rdkit_canonicalization
qm9_cn_subset:128301,128301,13696,smiles,CNC1=NN2CCC2=C1,CNc1cc2n(n1)CC2,rdkit_canonicalization
qm9_cn_subset:128302,128302,13697,smiles,CNC1=NN2CCC2=N1,CNc1nc2n(n1)CC2,rdkit_canonicalization
qm9_cn_subset:128303,128303,13698,smiles,CNC1=NN=C(NC)N1,CNc1nnc(NC)[nH]1,rdkit_canonicalization
qm9_cn_subset:128305,128305,13699,smiles,CNC1=NNC(=C1)C#C,C#Cc1cc(NC)n[nH]1,rdkit_canonicalization
qm9_cn_subset:128306,128306,13700,smiles,CNC1=NNC(=C1)C#N,CNc1cc(C#N)[nH]n1,rdkit_canonicalization
qm9_cn_subset:128307,128307,13701,smiles,CNC1=NNC(=N)C=N1,CNc1ncc(=N)[nH]n1,rdkit_canonicalization
qm9_cn_subset:128308,128308,13702,smiles,CNC1=NNC(=N)N=C1,CNc1cnc(=N)[nH]n1,rdkit_canonicalization
qm9_cn_subset:128309,128309,13703,smiles,CNC1=NNC(=N1)C#C,C#Cc1nc(NC)n[nH]1,rdkit_canonicalization
qm9_cn_subset:128310,128310,13704,smiles,CNC1=NNC(=N1)C#N,CNc1n[nH]c(C#N)n1,rdkit_canonicalization
qm9_cn_subset:128315,128315,13705,smiles,CNC1=NNC(C)=C1C,CNc1n[nH]c(C)c1C,rdkit_canonicalization
qm9_cn_subset:128316,128316,13706,smiles,CNC1=NNC(C)=C1N,CNc1n[nH]c(C)c1N,rdkit_canonicalization
qm9_cn_subset:128322,128322,13707,smiles,CNC1=NNC(N)=C1C,CNc1n[nH]c(N)c1C,rdkit_canonicalization
qm9_cn_subset:128323,128323,13708,smiles,CNC1=NNC(N)=C1N,CNc1n[nH]c(N)c1N,rdkit_canonicalization
qm9_cn_subset:128329,128329,13709,smiles,CNC1=NNC=C1C#C,C#Cc1c[nH]nc1NC,rdkit_canonicalization
qm9_cn_subset:128330,128330,13710,smiles,CNC1=NNC=C1C#N,CNc1n[nH]cc1C#N,rdkit_canonicalization
qm9_cn_subset:128334,128334,13711,smiles,CNC1=NNC=CC1=N,CNc1n[nH]ccc1=N,rdkit_canonicalization
qm9_cn_subset:128336,128336,13712,smiles,CNC1=NNC=NC1=N,CNc1n[nH]cnc1=N,rdkit_canonicalization
qm9_cn_subset:128337,128337,13713,smiles,CNC1=NNN=C1C#C,C#Cc1n[nH]nc1NC,rdkit_canonicalization
qm9_cn_subset:128338,128338,13714,smiles,CNC1=NNN=C1C#N,CNc1n[nH]nc1C#N,rdkit_canonicalization
qm9_cn_subset:128341,128341,13715,smiles,CNC1=NNN=C1NC,CNc1n[nH]nc1NC,rdkit_canonicalization
qm9_cn_subset:128343,128343,13716,smiles,CNC1=NNN=CC1=N,CNc1n[nH]ncc1=N,rdkit_canonicalization
qm9_cn_subset:128344,128344,13717,smiles,CNC1=NNN=NC1=N,CNc1n[nH]nnc1=N,rdkit_canonicalization
qm9_cn_subset:128390,128390,13718,smiles,CNC1CN2N=CN=C12,CNC1Cn2ncnc21,rdkit_canonicalization
qm9_cn_subset:128391,128391,13719,smiles,CNC1CN2N=NC=C12,CNC1Cn2nncc21,rdkit_canonicalization
qm9_cn_subset:128392,128392,13720,smiles,CNC=[NH+]C1=CC=N[N-]1,CNC=[NH+]c1ccn[n-]1,rdkit_canonicalization
qm9_cn_subset:128394,128394,13721,smiles,CNC=[NH+]C1=CN=N[N-]1,CNC=[NH+]c1cnn[n-]1,rdkit_canonicalization
qm9_cn_subset:128396,128396,13722,smiles,CNC=NC1=CNN=N1,CNC=Nc1c[nH]nn1,rdkit_canonicalization
qm9_cn_subset:128397,128397,13723,smiles,CNC=[NH+]C1=NC=N[N-]1,CNC=[NH+]c1ncn[n-]1,rdkit_canonicalization
qm9_cn_subset:128399,128399,13724,smiles,CNC=NC1=NNC=N1,CNC=Nc1nc[nH]n1,rdkit_canonicalization
qm9_cn_subset:128400,128400,13725,smiles,CNC=NC1=NNN=C1,CNC=Nc1cn[nH]n1,rdkit_canonicalization
qm9_cn_subset:128401,128401,13726,smiles,CNC=NC1=NNN=N1,CNC=Nc1nn[nH]n1,rdkit_canonicalization
qm9_cn_subset:128414,128414,13727,smiles,CNCC1=NC=CN=N1,CNCc1nccnn1,rdkit_canonicalization
qm9_cn_subset:128415,128415,13728,smiles,CNCC1=NC=NN=N1,CNCc1ncnnn1,rdkit_canonicalization
qm9_cn_subset:128416,128416,13729,smiles,CNCC1=NN(C)C=N1,CNCc1ncn(C)n1,rdkit_canonicalization
qm9_cn_subset:128417,128417,13730,smiles,CNCC1=NN(C)N=N1,CNCc1nnn(C)n1,rdkit_canonicalization
qm9_cn_subset:128419,128419,13731,smiles,CNCC1=NNC(C)=N1,CNCc1n[nH]c(C)n1,rdkit_canonicalization
qm9_cn_subset:128420,128420,13732,smiles,CNCC1=NNC(N)=N1,CNCc1n[nH]c(N)n1,rdkit_canonicalization
qm9_cn_subset:128859,128859,13733,smiles,N#CC#CC1=CC=NN1,N#CC#Cc1ccn[nH]1,rdkit_canonicalization
qm9_cn_subset:128862,128862,13734,smiles,N#CC#CC1=CNN=C1,N#CC#Cc1cn[nH]c1,rdkit_canonicalization
qm9_cn_subset:128863,128863,13735,smiles,N#CC#CC1=CNN=N1,N#CC#Cc1c[nH]nn1,rdkit_canonicalization
qm9_cn_subset:128867,128867,13736,smiles,N#CC#CC1=NNC=C1,N#CC#Cc1cc[nH]n1,rdkit_canonicalization
qm9_cn_subset:128868,128868,13737,smiles,N#CC#CC1=NNC=N1,N#CC#Cc1nc[nH]n1,rdkit_canonicalization
qm9_cn_subset:128869,128869,13738,smiles,N#CC#CC1=NNN=C1,N#CC#Cc1cn[nH]n1,rdkit_canonicalization
qm9_cn_subset:128870,128870,13739,smiles,N#CC#CC1=NNN=N1,N#CC#Cc1nn[nH]n1,rdkit_canonicalization
qm9_cn_subset:128875,128875,13740,smiles,N#CC1=C(C=NN1)C#N,N#Cc1cn[nH]c1C#N,rdkit_canonicalization
qm9_cn_subset:128878,128878,13741,smiles,N#CC1=C2CCN2N=C1,N#Cc1cnn2c1CC2,rdkit_canonicalization
qm9_cn_subset:128879,128879,13742,smiles,N#CC1=C2CCN2N=N1,N#Cc1nnn2c1CC2,rdkit_canonicalization
qm9_cn_subset:128880,128880,13743,smiles,N#CC1=CC(=NN1)C#N,N#Cc1cc(C#N)[nH]n1,rdkit_canonicalization
qm9_cn_subset:128882,128882,13744,smiles,N#CC1=CNN=C1C#N,N#Cc1c[nH]nc1C#N,rdkit_canonicalization
qm9_cn_subset:128885,128885,13745,smiles,N#CC1=NN2CCC2=C1,N#Cc1cc2n(n1)CC2,rdkit_canonicalization
qm9_cn_subset:128886,128886,13746,smiles,N#CC1=NN2CCC2=N1,N#Cc1nc2n(n1)CC2,rdkit_canonicalization
qm9_cn_subset:128888,128888,13747,smiles,N#CC1=NNN=C1C#N,N#Cc1n[nH]nc1C#N,rdkit_canonicalization
qm9_cn_subset:128890,128890,13748,smiles,N#CC1CC2=CC=NN12,N#CC1Cc2ccnn21,rdkit_canonicalization
qm9_cn_subset:128891,128891,13749,smiles,N#CC1CC2=CN=NN12,N#CC1Cc2cnnn21,rdkit_canonicalization
qm9_cn_subset:128892,128892,13750,smiles,N#CC1CC2=NC=NN12,N#CC1Cc2ncnn21,rdkit_canonicalization
qm9_cn_subset:128893,128893,13751,smiles,N#CC1CN2N=CC=C12,N#CC1Cn2nccc21,rdkit_canonicalization
qm9_cn_subset:128894,128894,13752,smiles,N#CC1CN2N=CN=C12,N#CC1Cn2ncnc21,rdkit_canonicalization
qm9_cn_subset:128895,128895,13753,smiles,N#CC1CN2N=NC=C12,N#CC1Cn2nncc21,rdkit_canonicalization
qm9_cn_subset:128896,128896,13754,smiles,N#CCC1=CN=CN=N1,N#CCc1cncnn1,rdkit_canonicalization
qm9_cn_subset:128897,128897,13755,smiles,N#CCC1=CN=NC=N1,N#CCc1cnncn1,rdkit_canonicalization
qm9_cn_subset:128898,128898,13756,smiles,N#CCC1=CN=NN=N1,N#CCc1cnnnn1,rdkit_canonicalization
qm9_cn_subset:128899,128899,13757,smiles,N#CCC1=NC=CN=N1,N#CCc1nccnn1,rdkit_canonicalization
qm9_cn_subset:128900,128900,13758,smiles,N#CCC1=NC=NN=N1,N#CCc1ncnnn1,rdkit_canonicalization
qm9_cn_subset:128901,128901,13759,smiles,N#CCCC1=CC=NN1,N#CCCc1ccn[nH]1,rdkit_canonicalization
qm9_cn_subset:128903,128903,13760,smiles,N#CCCC1=CN=NN1,N#CCCc1cnn[nH]1,rdkit_canonicalization
qm9_cn_subset:128905,128905,13761,smiles,N#CCCC1=CNN=C1,N#CCCc1cn[nH]c1,rdkit_canonicalization
qm9_cn_subset:128906,128906,13762,smiles,N#CCCC1=CNN=N1,N#CCCc1c[nH]nn1,rdkit_canonicalization
qm9_cn_subset:128909,128909,13763,smiles,N#CCCC1=NC=NN1,N#CCCc1ncn[nH]1,rdkit_canonicalization
qm9_cn_subset:128911,128911,13764,smiles,N#CCCC1=NNC=C1,N#CCCc1cc[nH]n1,rdkit_canonicalization
qm9_cn_subset:128912,128912,13765,smiles,N#CCCC1=NNC=N1,N#CCCc1nc[nH]n1,rdkit_canonicalization
qm9_cn_subset:128913,128913,13766,smiles,N#CCCC1=NNN=C1,N#CCCc1cn[nH]n1,rdkit_canonicalization
qm9_cn_subset:128918,128918,13767,smiles,N#CCCN1C=CC=N1,N#CCCn1cccn1,rdkit_canonicalization
qm9_cn_subset:128919,128919,13768,smiles,N#CCCN1C=CN=N1,N#CCCn1ccnn1,rdkit_canonicalization
qm9_cn_subset:128920,128920,13769,smiles,N#CCCN1C=NC=N1,N#CCCn1cncn1,rdkit_canonicalization
qm9_cn_subset:128921,128921,13770,smiles,N#CCCN1C=NN=C1,N#CCCn1cnnc1,rdkit_canonicalization
qm9_cn_subset:128922,128922,13771,smiles,N#CCCN1C=NN=N1,N#CCCn1cnnn1,rdkit_canonicalization
qm9_cn_subset:128923,128923,13772,smiles,N#CCCN1N=CC=N1,N#CCCn1nccn1,rdkit_canonicalization
qm9_cn_subset:128924,128924,13773,smiles,N#CCCN1N=CN=N1,N#CCCn1ncnn1,rdkit_canonicalization
qm9_cn_subset:128925,128925,13774,smiles,N#CCCN1N=NN=N1,N#CCCn1nnnn1,rdkit_canonicalization
qm9_cn_subset:128926,128926,13775,smiles,N#CCN=C1NC=NN1,N#CCN=c1[nH]cn[nH]1,rdkit_canonicalization
qm9_cn_subset:128928,128928,13776,smiles,N#CCN=C1NN=NN1,N#CCN=c1[nH]nn[nH]1,rdkit_canonicalization
qm9_cn_subset:128931,128931,13777,smiles,N#CCNC1=CC=NN1,N#CCNc1ccn[nH]1,rdkit_canonicalization
qm9_cn_subset:128934,128934,13778,smiles,N#CCNC1=CNN=C1,N#CCNc1cn[nH]c1,rdkit_canonicalization
qm9_cn_subset:128935,128935,13779,smiles,N#CCNC1=CNN=N1,N#CCNc1c[nH]nn1,rdkit_canonicalization
qm9_cn_subset:128939,128939,13780,smiles,N#CCNC1=NNC=C1,N#CCNc1cc[nH]n1,rdkit_canonicalization
qm9_cn_subset:128940,128940,13781,smiles,N#CCNC1=NNN=C1,N#CCNc1cn[nH]n1,rdkit_canonicalization
qm9_cn_subset:128941,128941,13782,smiles,N#CCNC1=NNN=N1,N#CCNc1nn[nH]n1,rdkit_canonicalization
qm9_cn_subset:128962,128962,13783,smiles,N1C=C2C=CC=C2N=N1,c1cc2c[nH]nnc-2c1,rdkit_canonicalization
qm9_cn_subset:128963,128963,13784,smiles,N1C=C2C=CC=CC2=N1,c1ccc2n[nH]cc2c1,rdkit_canonicalization
qm9_cn_subset:128964,128964,13785,smiles,N1C=C2C=CC=NC2=N1,c1cnc2n[nH]cc2c1,rdkit_canonicalization
qm9_cn_subset:128965,128965,13786,smiles,N1C=C2C=CN=C2N=N1,c1cc2c[nH]nnc-2n1,rdkit_canonicalization
qm9_cn_subset:128966,128966,13787,smiles,N1C=C2C=CN=CC2=N1,c1cc2c[nH]nc2cn1,rdkit_canonicalization
qm9_cn_subset:128967,128967,13788,smiles,N1C=C2C=NC=C2N=N1,c1ncc2nn[nH]cc1-2,rdkit_canonicalization
qm9_cn_subset:128968,128968,13789,smiles,N1C=C2C=NC=CC2=N1,c1cc2n[nH]cc2cn1,rdkit_canonicalization
qm9_cn_subset:128969,128969,13790,smiles,N1C=C2C=NC=NC2=N1,c1ncc2c[nH]nc2n1,rdkit_canonicalization
qm9_cn_subset:128970,128970,13791,smiles,N1C=C2C=NN=CC2=C1,c1nncc2c[nH]cc12,rdkit_canonicalization
qm9_cn_subset:128971,128971,13792,smiles,N1C=C2C=NN=CC2=N1,c1nncc2n[nH]cc12,rdkit_canonicalization
qm9_cn_subset:128972,128972,13793,smiles,N1C=C2N=CC=C2N=N1,c1cc2nn[nH]cc-2n1,rdkit_canonicalization
qm9_cn_subset:128973,128973,13794,smiles,N1C=C2N=CC=CC2=N1,c1cnc2c[nH]nc2c1,rdkit_canonicalization
qm9_cn_subset:128974,128974,13795,smiles,N1C=C2N=CC=NC2=N1,c1cnc2n[nH]cc2n1,rdkit_canonicalization
qm9_cn_subset:128975,128975,13796,smiles,N1C=C2N=CN=C2N=N1,c1nc2c[nH]nnc-2n1,rdkit_canonicalization
qm9_cn_subset:128976,128976,13797,smiles,N1C=C2N=CN=CC2=N1,c1ncc2n[nH]cc2n1,rdkit_canonicalization
qm9_cn_subset:128977,128977,13798,smiles,N1C=CC2=CC=NC2=N1,c1cc2cc[nH]nc-2n1,rdkit_canonicalization
qm9_cn_subset:128978,128978,13799,smiles,N1C=CC2=CN=CC2=N1,c1cc2cncc-2n[nH]1,rdkit_canonicalization
qm9_cn_subset:128979,128979,13800,smiles,N1C=CC2=NC=CC2=N1,c1cc2n[nH]ccc-2n1,rdkit_canonicalization
qm9_cn_subset:128980,128980,13801,smiles,N1C=CC2=NC=NC2=N1,c1nc2cc[nH]nc-2n1,rdkit_canonicalization
qm9_cn_subset:128981,128981,13802,smiles,N1C=NC2=CC=NC2=N1,c1cc2nc[nH]nc-2n1,rdkit_canonicalization
qm9_cn_subset:128982,128982,13803,smiles,N1C=NC2=CN=CC2=N1,c1nc2cncc-2n[nH]1,rdkit_canonicalization
qm9_cn_subset:128983,128983,13804,smiles,N1C=NC2=NC=CC2=N1,c1cc2n[nH]cnc-2n1,rdkit_canonicalization
qm9_cn_subset:128984,128984,13805,smiles,N1C=NC2=NC=NC2=N1,c1nc2nc[nH]nc-2n1,rdkit_canonicalization
qm9_cn_subset:128985,128985,13806,smiles,N1N=C2C=CC=CC2=N1,c1ccc2n[nH]nc2c1,rdkit_canonicalization
qm9_cn_subset:128986,128986,13807,smiles,N1N=C2C=CC=NC2=N1,c1cnc2n[nH]nc2c1,rdkit_canonicalization
qm9_cn_subset:128987,128987,13808,smiles,N1N=C2C=CN=CC2=N1,c1cc2n[nH]nc2cn1,rdkit_canonicalization
qm9_cn_subset:128988,128988,13809,smiles,N1N=C2C=NC=NC2=N1,c1ncc2n[nH]nc2n1,rdkit_canonicalization
qm9_cn_subset:128989,128989,13810,smiles,N1N=C2C=NN=CC2=N1,c1nncc2n[nH]nc12,rdkit_canonicalization
qm9_cn_subset:128990,128990,13811,smiles,N1N=C2N=CC=NC2=N1,c1cnc2n[nH]nc2n1,rdkit_canonicalization
qm9_cn_subset:128991,128991,13812,smiles,N1N=CC2=C1C=CC=C2,c1ccc2[nH]ncc2c1,rdkit_canonicalization
qm9_cn_subset:128992,128992,13813,smiles,N1N=CC2=C1C=CC=N2,c1cnc2cn[nH]c2c1,rdkit_canonicalization
qm9_cn_subset:128993,128993,13814,smiles,N1N=CC2=C1C=CN=C2,c1cc2[nH]ncc2cn1,rdkit_canonicalization
qm9_cn_subset:128994,128994,13815,smiles,N1N=CC2=C1C=NC=C2,c1cc2cn[nH]c2cn1,rdkit_canonicalization
qm9_cn_subset:128995,128995,13816,smiles,N1N=CC2=C1C=NC=N2,c1ncc2[nH]ncc2n1,rdkit_canonicalization
qm9_cn_subset:128996,128996,13817,smiles,N1N=CC2=C1N=CC=C2,c1cnc2[nH]ncc2c1,rdkit_canonicalization
qm9_cn_subset:128997,128997,13818,smiles,N1N=CC2=C1N=CC=N2,c1cnc2[nH]ncc2n1,rdkit_canonicalization
qm9_cn_subset:128998,128998,13819,smiles,N1N=CC2=C1N=CN=C2,c1ncc2cn[nH]c2n1,rdkit_canonicalization
qm9_cn_subset:128999,128999,13820,smiles,N1N=CC2=CN=CC2=N1,c1ncc2n[nH]ncc1-2,rdkit_canonicalization
qm9_cn_subset:129000,129000,13821,smiles,N1N=CC2=NC=CC2=N1,c1cc2n[nH]ncc-2n1,rdkit_canonicalization
qm9_cn_subset:129001,129001,13822,smiles,N1N=CC2=NC=NC2=N1,c1nc2cn[nH]nc-2n1,rdkit_canonicalization
qm9_cn_subset:129002,129002,13823,smiles,[N-]1[NH+]=CC=C2C=CN=C12,c1cc2cc[nH+][n-]c-2n1,rdkit_canonicalization
qm9_cn_subset:129003,129003,13824,smiles,[N-]1[NH+]=CC=C2N=CC=C12,c1cc2[n-][nH+]ccc-2n1,rdkit_canonicalization
qm9_cn_subset:129004,129004,13825,smiles,[N-]1[NH+]=CC=C2N=CN=C12,c1nc2cc[nH+][n-]c-2n1,rdkit_canonicalization
qm9_cn_subset:129005,129005,13826,smiles,[N-]1[NH+]=CN=C2C=CN=C12,c1cc2nc[nH+][n-]c-2n1,rdkit_canonicalization
qm9_cn_subset:129006,129006,13827,smiles,N1N=CN=C2C=NC=C12,c1n[nH]c2cncc-2n1,rdkit_canonicalization
qm9_cn_subset:129007,129007,13828,smiles,[N-]1[NH+]=CN=C2N=CN=C12,c1nc2nc[nH+][n-]c-2n1,rdkit_canonicalization
qm9_cn_subset:129008,129008,13829,smiles,N1N=NC2=C1C=CC=C2,c1ccc2[nH]nnc2c1,rdkit_canonicalization
qm9_cn_subset:129009,129009,13830,smiles,N1N=NC2=C1C=CN=C2,c1cc2[nH]nnc2cn1,rdkit_canonicalization
qm9_cn_subset:129010,129010,13831,smiles,N1N=NC2=C1C=NC=C2,c1cc2nn[nH]c2cn1,rdkit_canonicalization
qm9_cn_subset:129011,129011,13832,smiles,N1N=NC2=C1N=CC=C2,c1cnc2[nH]nnc2c1,rdkit_canonicalization
qm9_cn_subset:129012,129012,13833,smiles,N1N=NC2=C1N=CN=C2,c1ncc2nn[nH]c2n1,rdkit_canonicalization
qm9_cn_subset:129013,129013,13834,smiles,N1N=NC2=CC=CC2=N1,c1cc2nn[nH]nc-2c1,rdkit_canonicalization
qm9_cn_subset:129014,129014,13835,smiles,N1N=NC2=CC=NC2=N1,c1cc2nn[nH]nc-2n1,rdkit_canonicalization
qm9_cn_subset:129015,129015,13836,smiles,N1N=NC2=CN=CC2=N1,c1ncc2n[nH]nnc1-2,rdkit_canonicalization
qm9_cn_subset:129016,129016,13837,smiles,N1N=NC2=NC=CC2=N1,c1cc2n[nH]nnc-2n1,rdkit_canonicalization
qm9_cn_subset:129017,129017,13838,smiles,N1N=NC2=NC=NC2=N1,c1nc2nn[nH]nc-2n1,rdkit_canonicalization
qm9_cn_subset:129018,129018,13839,smiles,N1N=NC=C2C=CC=C12,c1cc2cnn[nH]c-2c1,rdkit_canonicalization
qm9_cn_subset:129019,129019,13840,smiles,N1N=NC=C2C=CN=C12,c1cc2cnn[nH]c-2n1,rdkit_canonicalization
qm9_cn_subset:129020,129020,13841,smiles,N1N=NC=C2C=NC=C12,c1ncc2[nH]nncc1-2,rdkit_canonicalization
qm9_cn_subset:129021,129021,13842,smiles,N1N=NC=C2N=CC=C12,c1cc2[nH]nncc-2n1,rdkit_canonicalization
qm9_cn_subset:129022,129022,13843,smiles,[N-]1[NH+]=NC=C2N=CN=C12,c1nc2cn[nH+][n-]c-2n1,rdkit_canonicalization
qm9_cn_subset:129023,129023,13844,smiles,N=C1C=C(NN=N1)C#C,C#Cc1cc(=N)nn[nH]1,rdkit_canonicalization
qm9_cn_subset:129027,129027,13845,smiles,N=C1C=C2CCN2N=N1,N=c1cc2n(nn1)CC2,rdkit_canonicalization
qm9_cn_subset:129040,129040,13846,smiles,N=C1C=CNN=C1C#C,C#Cc1n[nH]ccc1=N,rdkit_canonicalization
qm9_cn_subset:129041,129041,13847,smiles,N=C1C=CNN=C1C#N,N#Cc1n[nH]ccc1=N,rdkit_canonicalization
qm9_cn_subset:129043,129043,13848,smiles,N=C1C=CNN=CC1=N,N=c1cc[nH]ncc1=N,rdkit_canonicalization
qm9_cn_subset:129045,129045,13849,smiles,N=C1C=CNN=NC1=N,N=c1cc[nH]nnc1=N,rdkit_canonicalization
qm9_cn_subset:129062,129062,13850,smiles,N=C1C=NN2CCC2=C1,N=c1cnn2c(c1)CC2,rdkit_canonicalization
qm9_cn_subset:129063,129063,13851,smiles,N=C1C=NN2CCC2=N1,N=c1cnn2c(n1)CC2,rdkit_canonicalization
qm9_cn_subset:129064,129064,13852,smiles,N=C1C=NNC(=C1)C#C,C#Cc1cc(=N)cn[nH]1,rdkit_canonicalization
qm9_cn_subset:129065,129065,13853,smiles,N=C1C=NNC(=C1)C#N,N#Cc1cc(=N)cn[nH]1,rdkit_canonicalization
qm9_cn_subset:129066,129066,13854,smiles,N=C1C=NNC(=N)N=C1,N=c1cn[nH]c(=N)nc1,rdkit_canonicalization
qm9_cn_subset:129067,129067,13855,smiles,N=C1C=NNC(=N1)C#C,C#Cc1nc(=N)cn[nH]1,rdkit_canonicalization
qm9_cn_subset:129071,129071,13856,smiles,N=C1C=NNC=C1C#C,C#Cc1c[nH]ncc1=N,rdkit_canonicalization
qm9_cn_subset:129072,129072,13857,smiles,N=C1C=NNC=C1C#N,N#Cc1c[nH]ncc1=N,rdkit_canonicalization
qm9_cn_subset:129075,129075,13858,smiles,N=C1C=NNC=NC1=N,N=c1cn[nH]cnc1=N,rdkit_canonicalization
qm9_cn_subset:129076,129076,13859,smiles,N=C1C=NNN=C1C#C,C#Cc1n[nH]ncc1=N,rdkit_canonicalization
qm9_cn_subset:129077,129077,13860,smiles,N=C1C=NNN=CC1=N,N=c1cn[nH]ncc1=N,rdkit_canonicalization
qm9_cn_subset:129078,129078,13861,smiles,N=C1C=NNN=NC1=N,N=c1cn[nH]nnc1=N,rdkit_canonicalization
qm9_cn_subset:129101,129101,13862,smiles,N=C1CC2=C(N1)C=NN2,N=C1Cc2[nH]ncc2N1,rdkit_canonicalization
qm9_cn_subset:129103,129103,13863,smiles,N=C1CC2=C(N1)N=NN2,N=C1Cc2[nH]nnc2N1,rdkit_canonicalization
qm9_cn_subset:129108,129108,13864,smiles,N=C1CC2=C(NN=N2)N1,N=C1Cc2nn[nH]c2N1,rdkit_canonicalization
qm9_cn_subset:129115,129115,13865,smiles,N=C1CN2N=CC=C2N1,N=C1Cn2nccc2N1,rdkit_canonicalization
qm9_cn_subset:129117,129117,13866,smiles,N=C1CN2N=CN=C2N1,N=C1Cn2ncnc2N1,rdkit_canonicalization
qm9_cn_subset:129119,129119,13867,smiles,N=C1CN2N=NC=C2N1,N=C1Cn2nncc2N1,rdkit_canonicalization
qm9_cn_subset:129130,129130,13868,smiles,N=C1N=CNN=C1C#C,C#Cc1n[nH]cnc1=N,rdkit_canonicalization
qm9_cn_subset:129131,129131,13869,smiles,N=C1N=CNN=NC1=N,N=c1nc[nH]nnc1=N,rdkit_canonicalization
qm9_cn_subset:129139,129139,13870,smiles,N=C1N=NN2CCC2=N1,N=c1nnn2c(n1)CC2,rdkit_canonicalization
qm9_cn_subset:129140,129140,13871,smiles,N=C1N=NNC(=N1)C#C,C#Cc1nc(=N)nn[nH]1,rdkit_canonicalization
qm9_cn_subset:129141,129141,13872,smiles,N=C1N=NNC=C1C#C,C#Cc1c[nH]nnc1=N,rdkit_canonicalization
qm9_cn_subset:129143,129143,13873,smiles,N=C1N=NNN=C1C#C,C#Cc1n[nH]nnc1=N,rdkit_canonicalization
qm9_cn_subset:129144,129144,13874,smiles,N=C1N=NNN=NC1=N,N=c1nn[nH]nnc1=N,rdkit_canonicalization
qm9_cn_subset:129159,129159,13875,smiles,N=C1NC(=N)C=NN=C1,N=c1cnncc(=N)[nH]1,rdkit_canonicalization
qm9_cn_subset:129169,129169,13876,smiles,N=C1NC2=C(N1)N=NN2,N=c1[nH]c2nn[nH]c2[nH]1,rdkit_canonicalization
qm9_cn_subset:129178,129178,13877,smiles,N=C1NC=NN1CC#C,C#CCn1nc[nH]c1=N,rdkit_canonicalization
qm9_cn_subset:129179,129179,13878,smiles,N=C1NC=NN1CC#N,N#CCn1nc[nH]c1=N,rdkit_canonicalization
qm9_cn_subset:129181,129181,13879,smiles,N=C1NCC2=C1N=NN2,N=C1NCc2[nH]nnc21,rdkit_canonicalization
qm9_cn_subset:129183,129183,13880,smiles,[NH2+]=C1NCC2=C1[N-]N=N2,[NH2+]=C1NCc2nn[n-]c21,rdkit_canonicalization
qm9_cn_subset:129186,129186,13881,smiles,N=C1NN=C(C=C1)C#C,C#Cc1ccc(=N)[nH]n1,rdkit_canonicalization
qm9_cn_subset:129187,129187,13882,smiles,N=C1NN=C(C=C1)C#N,N#Cc1ccc(=N)[nH]n1,rdkit_canonicalization
qm9_cn_subset:129188,129188,13883,smiles,N=C1NN=C(C=N1)C#C,C#Cc1cnc(=N)[nH]n1,rdkit_canonicalization
qm9_cn_subset:129189,129189,13884,smiles,N=C1NN=C(C=N1)C#N,N#Cc1cnc(=N)[nH]n1,rdkit_canonicalization
qm9_cn_subset:129192,129192,13885,smiles,N=C1NN=C(N=C1)C#C,C#Cc1ncc(=N)[nH]n1,rdkit_canonicalization
qm9_cn_subset:129193,129193,13886,smiles,N=C1NN=C(N=C1)C#N,N#Cc1ncc(=N)[nH]n1,rdkit_canonicalization
qm9_cn_subset:129196,129196,13887,smiles,N=C1NN=CC(=C1)C#C,C#Cc1cn[nH]c(=N)c1,rdkit_canonicalization
qm9_cn_subset:129197,129197,13888,smiles,N=C1NN=CC(=C1)C#N,N#Cc1cn[nH]c(=N)c1,rdkit_canonicalization
qm9_cn_subset:129198,129198,13889,smiles,N=C1NN=CC(=N)C=C1,N=c1ccc(=N)[nH]nc1,rdkit_canonicalization
qm9_cn_subset:129199,129199,13890,smiles,N=C1NN=CC(=N)N=C1,N=c1cn[nH]c(=N)cn1,rdkit_canonicalization
qm9_cn_subset:129200,129200,13891,smiles,N=C1NN=CC(=N1)C#C,C#Cc1cn[nH]c(=N)n1,rdkit_canonicalization
qm9_cn_subset:129201,129201,13892,smiles,N=C1NN=CC(=N1)C#N,N#Cc1cn[nH]c(=N)n1,rdkit_canonicalization
qm9_cn_subset:129206,129206,13893,smiles,N=C1NN=CC=C1C#C,C#Cc1ccn[nH]c1=N,rdkit_canonicalization
qm9_cn_subset:129207,129207,13894,smiles,N=C1NN=CC=C1C#N,N#Cc1ccn[nH]c1=N,rdkit_canonicalization
qm9_cn_subset:129209,129209,13895,smiles,N=C1NN=CC=CC1=N,N=c1cccn[nH]c1=N,rdkit_canonicalization
qm9_cn_subset:129211,129211,13896,smiles,N=C1NN=CC=NC1=N,N=c1nccn[nH]c1=N,rdkit_canonicalization
qm9_cn_subset:129213,129213,13897,smiles,N=C1NN=CN1CC#N,N#CCn1cn[nH]c1=N,rdkit_canonicalization
qm9_cn_subset:129214,129214,13898,smiles,N=C1NN=CN=C1C#C,C#Cc1ncn[nH]c1=N,rdkit_canonicalization
qm9_cn_subset:129215,129215,13899,smiles,N=C1NN=CN=C1C#N,N#Cc1ncn[nH]c1=N,rdkit_canonicalization
qm9_cn_subset:129217,129217,13900,smiles,N=C1NN=CN=CC1=N,N=c1cncn[nH]c1=N,rdkit_canonicalization
qm9_cn_subset:129219,129219,13901,smiles,N=C1NN=NC(=C1)C#C,C#Cc1cc(=N)[nH]nn1,rdkit_canonicalization
qm9_cn_subset:129220,129220,13902,smiles,N=C1NN=NC(=C1)C#N,N#Cc1cc(=N)[nH]nn1,rdkit_canonicalization
qm9_cn_subset:129221,129221,13903,smiles,N=C1NN=NC(=N)C=C1,N=c1ccc(=N)[nH]nn1,rdkit_canonicalization
qm9_cn_subset:129222,129222,13904,smiles,N=C1NN=NC(=N)C=N1,N=c1cnc(=N)[nH]nn1,rdkit_canonicalization
qm9_cn_subset:129223,129223,13905,smiles,N=C1NN=NC(=N)N=C1,N=c1ncc(=N)[nH]nn1,rdkit_canonicalization
qm9_cn_subset:129224,129224,13906,smiles,N=C1NN=NC(=N1)C#C,C#Cc1nn[nH]c(=N)n1,rdkit_canonicalization
qm9_cn_subset:129225,129225,13907,smiles,N=C1NN=NC(=N1)C#N,N#Cc1nn[nH]c(=N)n1,rdkit_canonicalization
qm9_cn_subset:129231,129231,13908,smiles,N=C1NN=NC=C1C#C,C#Cc1cnn[nH]c1=N,rdkit_canonicalization
qm9_cn_subset:129232,129232,13909,smiles,N=C1NN=NC=C1C#N,N#Cc1cnn[nH]c1=N,rdkit_canonicalization
qm9_cn_subset:129234,129234,13910,smiles,N=C1NN=NC=CC1=N,N=c1ccnn[nH]c1=N,rdkit_canonicalization
qm9_cn_subset:129236,129236,13911,smiles,N=C1NN=NC=NC1=N,N=c1ncnn[nH]c1=N,rdkit_canonicalization
qm9_cn_subset:129237,129237,13912,smiles,N=C1NN=NN1C1CC1,N=c1[nH]nnn1C1CC1,rdkit_canonicalization
qm9_cn_subset:129238,129238,13913,smiles,N=C1NN=NN1CC#C,C#CCn1nn[nH]c1=N,rdkit_canonicalization
qm9_cn_subset:129239,129239,13914,smiles,N=C1NN=NN1CC#N,N#CCn1nn[nH]c1=N,rdkit_canonicalization
qm9_cn_subset:129331,129331,13915,smiles,N=CNC1=CN=CN=N1,N=CNc1cncnn1,rdkit_canonicalization
qm9_cn_subset:129332,129332,13916,smiles,N=CNC1=CN=NC=N1,N=CNc1cnncn1,rdkit_canonicalization
qm9_cn_subset:129333,129333,13917,smiles,N=CNC1=CN=NN=N1,N=CNc1cnnnn1,rdkit_canonicalization
qm9_cn_subset:129334,129334,13918,smiles,N=CNC1=NC=CN=N1,N=CNc1nccnn1,rdkit_canonicalization
qm9_cn_subset:129335,129335,13919,smiles,N=CNC1=NC=NN=N1,N=CNc1ncnnn1,rdkit_canonicalization
qm9_cn_subset:129340,129340,13920,smiles,[NH2+]=CNCC1=N[N-]N=N1,[NH2+]=CNCc1nn[n-]n1,rdkit_canonicalization
qm9_cn_subset:129370,129370,13921,smiles,NC(=N)C1=C(N)NN=N1,N=C(N)c1nn[nH]c1N,rdkit_canonicalization
qm9_cn_subset:129377,129377,13922,smiles,NC(=N)C1=CN=CN=N1,N=C(N)c1cncnn1,rdkit_canonicalization
qm9_cn_subset:129378,129378,13923,smiles,NC(=N)C1=CN=NC=N1,N=C(N)c1cnncn1,rdkit_canonicalization
qm9_cn_subset:129379,129379,13924,smiles,NC(=N)C1=CN=NN=N1,N=C(N)c1cnnnn1,rdkit_canonicalization
qm9_cn_subset:129385,129385,13925,smiles,NC(=N)C1=NC=CN=N1,N=C(N)c1nccnn1,rdkit_canonicalization
qm9_cn_subset:129386,129386,13926,smiles,NC(=N)C1=NC=NN=N1,N=C(N)c1ncnnn1,rdkit_canonicalization
qm9_cn_subset:129388,129388,13927,smiles,NC(=N)C1=NNC(N)=N1,N=C(N)c1n[nH]c(N)n1,rdkit_canonicalization
qm9_cn_subset:129390,129390,13928,smiles,NC(=N)C1=NNC=C1N,N=C(N)c1n[nH]cc1N,rdkit_canonicalization
qm9_cn_subset:129391,129391,13929,smiles,NC(=N)C1=NNN=C1N,N=C(N)c1n[nH]nc1N,rdkit_canonicalization
qm9_cn_subset:129400,129400,13930,smiles,NC(=[NH2+])CC1=N[N-]N=N1,NC(=[NH2+])Cc1nn[n-]n1,rdkit_canonicalization
qm9_cn_subset:129410,129410,13931,smiles,NC(=[NH2+])NC1=CN=N[N-]1,NC(=[NH2+])Nc1cnn[n-]1,rdkit_canonicalization
qm9_cn_subset:129412,129412,13932,smiles,NC(=[NH2+])NC1=NC=N[N-]1,NC(=[NH2+])Nc1ncn[n-]1,rdkit_canonicalization
qm9_cn_subset:129414,129414,13933,smiles,NC(=N)NC1=NNN=N1,N=C(N)Nc1nn[nH]n1,rdkit_canonicalization
qm9_cn_subset:129545,129545,13934,smiles,NC(C#C)C1=CNN=N1,C#CC(N)c1c[nH]nn1,rdkit_canonicalization
qm9_cn_subset:129547,129547,13935,smiles,NC(C#C)C1=NC=NN1,C#CC(N)c1ncn[nH]1,rdkit_canonicalization
qm9_cn_subset:129549,129549,13936,smiles,NC(C#C)C1=NNC=N1,C#CC(N)c1nc[nH]n1,rdkit_canonicalization
qm9_cn_subset:129550,129550,13937,smiles,NC(C#C)C1=NNN=C1,C#CC(N)c1cn[nH]n1,rdkit_canonicalization
qm9_cn_subset:129555,129555,13938,smiles,NC(C#N)C1=CC=NN1,N#CC(N)c1ccn[nH]1,rdkit_canonicalization
qm9_cn_subset:129557,129557,13939,smiles,NC(C#N)C1=CN=NN1,N#CC(N)c1cnn[nH]1,rdkit_canonicalization
qm9_cn_subset:129559,129559,13940,smiles,NC(C#N)C1=CNN=C1,N#CC(N)c1cn[nH]c1,rdkit_canonicalization
qm9_cn_subset:129560,129560,13941,smiles,NC(C#N)C1=CNN=N1,N#CC(N)c1c[nH]nn1,rdkit_canonicalization
qm9_cn_subset:129563,129563,13942,smiles,NC(C#N)C1=NC=NN1,N#CC(N)c1ncn[nH]1,rdkit_canonicalization
qm9_cn_subset:129565,129565,13943,smiles,NC(C#N)C1=NNC=C1,N#CC(N)c1cc[nH]n1,rdkit_canonicalization
qm9_cn_subset:129566,129566,13944,smiles,NC(C#N)C1=NNC=N1,N#CC(N)c1nc[nH]n1,rdkit_canonicalization
qm9_cn_subset:129567,129567,13945,smiles,NC(C#N)C1=NNN=C1,N#CC(N)c1cn[nH]n1,rdkit_canonicalization
qm9_cn_subset:129577,129577,13946,smiles,NC(N)=[NH+]C1=CC=N[N-]1,NC(N)=[NH+]c1ccn[n-]1,rdkit_canonicalization
qm9_cn_subset:129578,129578,13947,smiles,NC(N)=[NH+]C1=CN=N[N-]1,NC(N)=[NH+]c1cnn[n-]1,rdkit_canonicalization
qm9_cn_subset:129579,129579,13948,smiles,NC(N)=[NH+]C1=NC=N[N-]1,NC(N)=[NH+]c1ncn[n-]1,rdkit_canonicalization
qm9_cn_subset:129581,129581,13949,smiles,NC(N)=[NH+]C1=N[N-]N=N1,NC(N)=[NH+]c1nn[n-]n1,rdkit_canonicalization
qm9_cn_subset:129583,129583,13950,smiles,[NH3+]C1(CC1)C1=CN=N[N-]1,[NH3+]C1(c2cnn[n-]2)CC1,rdkit_canonicalization
qm9_cn_subset:129585,129585,13951,smiles,[NH3+]C1(CC1)C1=N[N-]N=N1,[NH3+]C1(c2nn[n-]n2)CC1,rdkit_canonicalization
qm9_cn_subset:129587,129587,13952,smiles,NC12CC1N1N=CN=C21,NC12CC1n1ncnc12,rdkit_canonicalization
qm9_cn_subset:129592,129592,13953,smiles,NC1=C(C=NN1)C1CC1,Nc1[nH]ncc1C1CC1,rdkit_canonicalization
qm9_cn_subset:129593,129593,13954,smiles,NC1=C(C=NN1)C1CN1,Nc1[nH]ncc1C1CN1,rdkit_canonicalization
qm9_cn_subset:129595,129595,13955,smiles,NC1=C(C=NN1)N1CC1,Nc1[nH]ncc1N1CC1,rdkit_canonicalization
qm9_cn_subset:129604,129604,13956,smiles,NC1=C(CC#C)C=NN1,C#CCc1cn[nH]c1N,rdkit_canonicalization
qm9_cn_subset:129606,129606,13957,smiles,NC1=C(CC#C)N=NN1,C#CCc1nn[nH]c1N,rdkit_canonicalization
qm9_cn_subset:129608,129608,13958,smiles,NC1=C(CC#C)NN=C1,C#CCc1[nH]ncc1N,rdkit_canonicalization
qm9_cn_subset:129609,129609,13959,smiles,NC1=C(CC#C)NN=N1,C#CCc1[nH]nnc1N,rdkit_canonicalization
qm9_cn_subset:129612,129612,13960,smiles,NC1=C(CC#N)C=NN1,N#CCc1cn[nH]c1N,rdkit_canonicalization
qm9_cn_subset:129614,129614,13961,smiles,NC1=C(CC#N)N=NN1,N#CCc1nn[nH]c1N,rdkit_canonicalization
qm9_cn_subset:129616,129616,13962,smiles,NC1=C(CC#N)NN=C1,N#CCc1[nH]ncc1N,rdkit_canonicalization
qm9_cn_subset:129617,129617,13963,smiles,NC1=C(CC#N)NN=N1,N#CCc1[nH]nnc1N,rdkit_canonicalization
qm9_cn_subset:129640,129640,13964,smiles,NC1=C(N)C(=N)C=NN1,N=c1cn[nH]c(N)c1N,rdkit_canonicalization
qm9_cn_subset:129642,129642,13965,smiles,NC1=C(N)C(=N)N=NN1,N=c1nn[nH]c(N)c1N,rdkit_canonicalization
qm9_cn_subset:129644,129644,13966,smiles,NC1=C(N)C(=N)NN=N1,N=c1[nH]nnc(N)c1N,rdkit_canonicalization
qm9_cn_subset:129647,129647,13967,smiles,NC1=C(N)C(=NN1)C#C,C#Cc1n[nH]c(N)c1N,rdkit_canonicalization
qm9_cn_subset:129648,129648,13968,smiles,NC1=C(N)C(=NN1)C#N,N#Cc1n[nH]c(N)c1N,rdkit_canonicalization
qm9_cn_subset:129665,129665,13969,smiles,NC1=C(N=NN1)C1CC1,Nc1[nH]nnc1C1CC1,rdkit_canonicalization
qm9_cn_subset:129666,129666,13970,smiles,NC1=C(N=NN1)C1CN1,Nc1[nH]nnc1C1CN1,rdkit_canonicalization
qm9_cn_subset:129668,129668,13971,smiles,NC1=C(N=NN1)N1CC1,Nc1[nH]nnc1N1CC1,rdkit_canonicalization
qm9_cn_subset:129674,129674,13972,smiles,NC1=C(NC=N)N=NN1,N=CNc1nn[nH]c1N,rdkit_canonicalization
qm9_cn_subset:129686,129686,13973,smiles,NC1=C(NN=C1)C1CC1,Nc1cn[nH]c1C1CC1,rdkit_canonicalization
qm9_cn_subset:129687,129687,13974,smiles,NC1=C(NN=C1)C1CN1,Nc1cn[nH]c1C1CN1,rdkit_canonicalization
qm9_cn_subset:129689,129689,13975,smiles,NC1=C(NN=C1)N1CC1,Nc1cn[nH]c1N1CC1,rdkit_canonicalization
qm9_cn_subset:129695,129695,13976,smiles,NC1=C(NN=N1)C1CC1,Nc1nn[nH]c1C1CC1,rdkit_canonicalization
qm9_cn_subset:129696,129696,13977,smiles,NC1=C(NN=N1)C1CN1,Nc1nn[nH]c1C1CN1,rdkit_canonicalization
qm9_cn_subset:129698,129698,13978,smiles,NC1=C(NN=N1)N1CC1,Nc1nn[nH]c1N1CC1,rdkit_canonicalization
qm9_cn_subset:129761,129761,13979,smiles,NC1=C2C3CC3N2N=C1,Nc1cnn2c1C1CC12,rdkit_canonicalization
qm9_cn_subset:129762,129762,13980,smiles,NC1=C2C3CC3N2N=N1,Nc1nnn2c1C1CC12,rdkit_canonicalization
qm9_cn_subset:129763,129763,13981,smiles,NC1=C2C=CCC2=NN1,Nc1[nH]nc2c1C=CC2,rdkit_canonicalization
qm9_cn_subset:129765,129765,13982,smiles,NC1=C2C=CCN2N=C1,Nc1cnn2c1C=CC2,rdkit_canonicalization
qm9_cn_subset:129766,129766,13983,smiles,NC1=C2C=CCN2N=N1,Nc1nnn2c1C=CC2,rdkit_canonicalization
qm9_cn_subset:129767,129767,13984,smiles,NC1=C2CC=CC2=NN1,Nc1[nH]nc2c1CC=C2,rdkit_canonicalization
qm9_cn_subset:129769,129769,13985,smiles,NC1=C2CC=CN2N=C1,Nc1cnn2c1CC=C2,rdkit_canonicalization
qm9_cn_subset:129770,129770,13986,smiles,NC1=C2CC=CN2N=N1,Nc1nnn2c1CC=C2,rdkit_canonicalization
qm9_cn_subset:129771,129771,13987,smiles,NC1=C2CCCC2=NN1,Nc1[nH]nc2c1CCC2,rdkit_canonicalization
qm9_cn_subset:129773,129773,13988,smiles,NC1=C2CCCN2N=C1,Nc1cnn2c1CCC2,rdkit_canonicalization
qm9_cn_subset:129774,129774,13989,smiles,NC1=C2CCCN2N=N1,Nc1nnn2c1CCC2,rdkit_canonicalization
qm9_cn_subset:129776,129776,13990,smiles,NC1=C2CCNC2=NN1,Nc1[nH]nc2c1CCN2,rdkit_canonicalization
qm9_cn_subset:129783,129783,13991,smiles,NC1=C2N=CNC2=NN1,Nc1[nH]nc2[nH]cnc12,rdkit_canonicalization
qm9_cn_subset:129787,129787,13992,smiles,NC1=C2N=NNC2=CN1,Nc1[nH]cc2[nH]nnc12,rdkit_canonicalization
qm9_cn_subset:129788,129788,13993,smiles,NC1=C2N=NNC2=NN1,Nc1[nH]nc2[nH]nnc12,rdkit_canonicalization
qm9_cn_subset:129793,129793,13994,smiles,NC1=C2NC=NC2=NN1,Nc1[nH]nc2nc[nH]c12,rdkit_canonicalization
qm9_cn_subset:129795,129795,13995,smiles,NC1=C2NCCC2=NN1,Nc1[nH]nc2c1NCC2,rdkit_canonicalization
qm9_cn_subset:129797,129797,13996,smiles,NC1=C2NCCN2N=C1,Nc1cnn2c1NCC2,rdkit_canonicalization
qm9_cn_subset:129798,129798,13997,smiles,NC1=C2NCCN2N=N1,Nc1nnn2c1NCC2,rdkit_canonicalization
qm9_cn_subset:129799,129799,13998,smiles,NC1=C2NN=NC2=CN1,Nc1[nH]cc2nn[nH]c12,rdkit_canonicalization
qm9_cn_subset:129812,129812,13999,smiles,NC1=CC(=N)C(N)=NN1,N=c1cc(N)[nH]nc1N,rdkit_canonicalization
qm9_cn_subset:129818,129818,14000,smiles,NC1=CC(=NN1)C1CC1,Nc1cc(C2CC2)n[nH]1,rdkit_canonicalization
qm9_cn_subset:129819,129819,14001,smiles,NC1=CC(=NN1)C1CN1,Nc1cc(C2CN2)n[nH]1,rdkit_canonicalization
qm9_cn_subset:129821,129821,14002,smiles,NC1=CC(=NN1)N1CC1,Nc1cc(N2CC2)n[nH]1,rdkit_canonicalization
qm9_cn_subset:129834,129834,14003,smiles,NC1=CC(CC#C)=NN1,C#CCc1cc(N)[nH]n1,rdkit_canonicalization
qm9_cn_subset:129836,129836,14004,smiles,NC1=CC(CC#N)=NN1,N#CCc1cc(N)[nH]n1,rdkit_canonicalization
qm9_cn_subset:129842,129842,14005,smiles,NC1=CC(NC=N)=NN1,N=CNc1cc(N)[nH]n1,rdkit_canonicalization
qm9_cn_subset:129855,129855,14006,smiles,NC1=CC2=C(N1)C=NN2,Nc1cc2[nH]ncc2[nH]1,rdkit_canonicalization
qm9_cn_subset:129857,129857,14007,smiles,NC1=CC2=C(N1)N=NN2,Nc1cc2[nH]nnc2[nH]1,rdkit_canonicalization
qm9_cn_subset:129861,129861,14008,smiles,NC1=CC2=C(NN=C2)N1,Nc1cc2cn[nH]c2[nH]1,rdkit_canonicalization
qm9_cn_subset:129863,129863,14009,smiles,NC1=CC2=C(NN=N2)N1,Nc1cc2nn[nH]c2[nH]1,rdkit_canonicalization
qm9_cn_subset:129869,129869,14010,smiles,NC1=CC=NN1C1CC1,Nc1ccnn1C1CC1,rdkit_canonicalization
qm9_cn_subset:129870,129870,14011,smiles,NC1=CC=NN1CC#C,C#CCn1nccc1N,rdkit_canonicalization
qm9_cn_subset:129871,129871,14012,smiles,NC1=CC=NN1CC#N,N#CCn1nccc1N,rdkit_canonicalization
qm9_cn_subset:129876,129876,14013,smiles,NC1=CN(CC#C)N=C1,C#CCn1cc(N)cn1,rdkit_canonicalization
qm9_cn_subset:129877,129877,14014,smiles,NC1=CN(CC#C)N=N1,C#CCn1cc(N)nn1,rdkit_canonicalization
qm9_cn_subset:129878,129878,14015,smiles,NC1=CN(CC#N)N=C1,N#CCn1cc(N)cn1,rdkit_canonicalization
qm9_cn_subset:129879,129879,14016,smiles,NC1=CN(CC#N)N=N1,N#CCn1cc(N)nn1,rdkit_canonicalization
qm9_cn_subset:129884,129884,14017,smiles,NC1=CN(N=C1)C1CC1,Nc1cnn(C2CC2)c1,rdkit_canonicalization
qm9_cn_subset:129885,129885,14018,smiles,NC1=CN(N=N1)C1CC1,Nc1cn(C2CC2)nn1,rdkit_canonicalization
qm9_cn_subset:129886,129886,14019,smiles,NC1=CN2C=NN=C2N1,Nc1cn2cnnc2[nH]1,rdkit_canonicalization
qm9_cn_subset:129888,129888,14020,smiles,NC1=CN2C=NNC2=N1,Nc1cn2cn[nH]c2n1,rdkit_canonicalization
qm9_cn_subset:129890,129890,14021,smiles,NC1=CN2N=CN=C2N1,Nc1cn2ncnc2[nH]1,rdkit_canonicalization
qm9_cn_subset:129892,129892,14022,smiles,NC1=CN2N=CNC2=N1,Nc1cn2nc[nH]c2n1,rdkit_canonicalization
qm9_cn_subset:129894,129894,14023,smiles,NC1=CN2N=NN=C2N1,Nc1cn2nnnc2[nH]1,rdkit_canonicalization
qm9_cn_subset:129896,129896,14024,smiles,NC1=CN2N=NNC2=N1,Nc1cn2nn[nH]c2n1,rdkit_canonicalization
qm9_cn_subset:129900,129900,14025,smiles,NC1=CN=C(N=N1)C#C,C#Cc1ncc(N)nn1,rdkit_canonicalization
qm9_cn_subset:129901,129901,14026,smiles,NC1=CN=C(N=N1)C#N,N#Cc1ncc(N)nn1,rdkit_canonicalization
qm9_cn_subset:129902,129902,14027,smiles,NC1=CN=C2NC=NN12,Nc1cnc2[nH]cnn12,rdkit_canonicalization
qm9_cn_subset:129903,129903,14028,smiles,NC1=CN=C2NN=NN12,Nc1cnc2[nH]nnn12,rdkit_canonicalization
qm9_cn_subset:129907,129907,14029,smiles,NC1=CN=NN1C1CC1,Nc1cnnn1C1CC1,rdkit_canonicalization
qm9_cn_subset:129908,129908,14030,smiles,NC1=CN=NN1CC#C,C#CCn1nncc1N,rdkit_canonicalization
qm9_cn_subset:129909,129909,14031,smiles,NC1=CN=NN1CC#N,N#CCn1nncc1N,rdkit_canonicalization
qm9_cn_subset:129912,129912,14032,smiles,NC1=CNC2=C1C=NN2,Nc1c[nH]c2[nH]ncc12,rdkit_canonicalization
qm9_cn_subset:129914,129914,14033,smiles,NC1=CNC2=C1N=NN2,Nc1c[nH]c2[nH]nnc12,rdkit_canonicalization
qm9_cn_subset:129916,129916,14034,smiles,NC1=CNC2=C1NN=C2,Nc1c[nH]c2cn[nH]c12,rdkit_canonicalization
qm9_cn_subset:129919,129919,14035,smiles,NC1=CNC2=NC=NN12,Nc1c[nH]c2ncnn12,rdkit_canonicalization
qm9_cn_subset:129920,129920,14036,smiles,NC1=CNC2=NN=CN12,Nc1c[nH]c2nncn12,rdkit_canonicalization
qm9_cn_subset:129921,129921,14037,smiles,NC1=CNC2=NN=NN12,Nc1c[nH]c2nnnn12,rdkit_canonicalization
qm9_cn_subset:129922,129922,14038,smiles,NC1=CNN=C(N)C1=N,N=c1c(N)c[nH]nc1N,rdkit_canonicalization
qm9_cn_subset:129926,129926,14039,smiles,NC1=CNN=C1C1CC1,Nc1c[nH]nc1C1CC1,rdkit_canonicalization
qm9_cn_subset:129927,129927,14040,smiles,NC1=CNN=C1C1CN1,Nc1c[nH]nc1C1CN1,rdkit_canonicalization
qm9_cn_subset:129929,129929,14041,smiles,NC1=CNN=C1CC#C,C#CCc1n[nH]cc1N,rdkit_canonicalization
qm9_cn_subset:129930,129930,14042,smiles,NC1=CNN=C1CC#N,N#CCc1n[nH]cc1N,rdkit_canonicalization
qm9_cn_subset:129933,129933,14043,smiles,NC1=CNN=C1N1CC1,Nc1c[nH]nc1N1CC1,rdkit_canonicalization
qm9_cn_subset:129934,129934,14044,smiles,NC1=CNN=C1NC=N,N=CNc1n[nH]cc1N,rdkit_canonicalization
qm9_cn_subset:129964,129964,14045,smiles,NC1=NC(=NN1)C1CC1,Nc1nc(C2CC2)n[nH]1,rdkit_canonicalization
qm9_cn_subset:129965,129965,14046,smiles,NC1=NC(=NN1)C1CN1,Nc1nc(C2CN2)n[nH]1,rdkit_canonicalization
qm9_cn_subset:129967,129967,14047,smiles,NC1=NC(=NN1)N1CC1,Nc1nc(N2CC2)n[nH]1,rdkit_canonicalization
qm9_cn_subset:129975,129975,14048,smiles,NC1=NC(CC#C)=NN1,C#CCc1n[nH]c(N)n1,rdkit_canonicalization
qm9_cn_subset:129982,129982,14049,smiles,NC1=NC(NC=N)=NN1,N=CNc1n[nH]c(N)n1,rdkit_canonicalization
qm9_cn_subset:129994,129994,14050,smiles,NC1=[NH+]C2=C(C1)C=N[N-]2,NC1=[NH+]c2[n-]ncc2C1,rdkit_canonicalization
qm9_cn_subset:129996,129996,14051,smiles,NC1=[NH+]C2=C(C1)N=N[N-]2,NC1=[NH+]c2[n-]nnc2C1,rdkit_canonicalization
qm9_cn_subset:129998,129998,14052,smiles,NC1=NC2=C(C1)NN=N2,NC1=Nc2nn[nH]c2C1,rdkit_canonicalization
qm9_cn_subset:130001,130001,14053,smiles,NC1=NC2=C(N1)N=NN2,Nc1nc2[nH]nnc2[nH]1,rdkit_canonicalization
qm9_cn_subset:130003,130003,14054,smiles,NC1=NC2=C(NN=C2)N1,Nc1nc2cn[nH]c2[nH]1,rdkit_canonicalization
qm9_cn_subset:130004,130004,14055,smiles,NC1=NC2=C(NN=N2)N1,Nc1nc2nn[nH]c2[nH]1,rdkit_canonicalization
qm9_cn_subset:130010,130010,14056,smiles,NC1=NC2=CN=NN2C1,NC1=Nc2cnnn2C1,rdkit_canonicalization
qm9_cn_subset:130011,130011,14057,smiles,NC1=NC2=CNN=C2N1,Nc1nc2c[nH]nc2[nH]1,rdkit_canonicalization
qm9_cn_subset:130014,130014,14058,smiles,NC1=NC2=NC=NN2C1,NC1=Nc2ncnn2C1,rdkit_canonicalization
qm9_cn_subset:130015,130015,14059,smiles,NC1=NC2=NNC=C2N1,Nc1nc2n[nH]cc2[nH]1,rdkit_canonicalization
qm9_cn_subset:130016,130016,14060,smiles,NC1=NC2=NNN=C2C1,NC1=Nc2n[nH]nc2C1,rdkit_canonicalization
qm9_cn_subset:130017,130017,14061,smiles,NC1=NC2=NNN=C2N1,Nc1nc2n[nH]nc2[nH]1,rdkit_canonicalization
qm9_cn_subset:130026,130026,14062,smiles,NC1=NC=C(N=N1)C#C,C#Cc1cnc(N)nn1,rdkit_canonicalization
qm9_cn_subset:130027,130027,14063,smiles,NC1=NC=C(N=N1)C#N,N#Cc1cnc(N)nn1,rdkit_canonicalization
qm9_cn_subset:130028,130028,14064,smiles,NC1=NC=NN1C1CC1,Nc1ncnn1C1CC1,rdkit_canonicalization
qm9_cn_subset:130029,130029,14065,smiles,NC1=NC=NN1CC#C,C#CCn1ncnc1N,rdkit_canonicalization
qm9_cn_subset:130030,130030,14066,smiles,NC1=NC=NN1CC#N,N#CCn1ncnc1N,rdkit_canonicalization
qm9_cn_subset:130033,130033,14067,smiles,NC1=NCC2=C1C=NN2,NC1=NCc2[nH]ncc21,rdkit_canonicalization
qm9_cn_subset:130035,130035,14068,smiles,NC1=NCC2=C1N=NN2,NC1=NCc2[nH]nnc21,rdkit_canonicalization
qm9_cn_subset:130039,130039,14069,smiles,NC1=NCC2=CNN=C12,NC1=NCc2c[nH]nc21,rdkit_canonicalization
qm9_cn_subset:130041,130041,14070,smiles,NC1=NCC2=NC=NN12,NC1=NCc2ncnn21,rdkit_canonicalization
qm9_cn_subset:130042,130042,14071,smiles,NC1=NCC2=NNC=C12,NC1=NCc2n[nH]cc21,rdkit_canonicalization
qm9_cn_subset:130043,130043,14072,smiles,NC1=NCC2=NNN=C12,NC1=NCc2n[nH]nc21,rdkit_canonicalization
qm9_cn_subset:130046,130046,14073,smiles,NC1=NN(C=C1)C1CC1,Nc1ccn(C2CC2)n1,rdkit_canonicalization
qm9_cn_subset:130047,130047,14074,smiles,NC1=NN(C=N1)C1CC1,Nc1ncn(C2CC2)n1,rdkit_canonicalization
qm9_cn_subset:130057,130057,14075,smiles,NC1=NN(CC#C)C=C1,C#CCn1ccc(N)n1,rdkit_canonicalization
qm9_cn_subset:130058,130058,14076,smiles,NC1=NN(CC#C)C=N1,C#CCn1cnc(N)n1,rdkit_canonicalization
qm9_cn_subset:130059,130059,14077,smiles,NC1=NN(CC#C)N=C1,C#CCn1ncc(N)n1,rdkit_canonicalization
qm9_cn_subset:130060,130060,14078,smiles,NC1=NN(CC#C)N=N1,C#CCn1nnc(N)n1,rdkit_canonicalization
qm9_cn_subset:130061,130061,14079,smiles,NC1=NN(CC#N)C=C1,N#CCn1ccc(N)n1,rdkit_canonicalization
qm9_cn_subset:130062,130062,14080,smiles,NC1=NN(CC#N)C=N1,N#CCn1cnc(N)n1,rdkit_canonicalization
qm9_cn_subset:130063,130063,14081,smiles,NC1=NN(CC#N)N=C1,N#CCn1ncc(N)n1,rdkit_canonicalization
qm9_cn_subset:130064,130064,14082,smiles,NC1=NN(CC#N)N=N1,N#CCn1nnc(N)n1,rdkit_canonicalization
qm9_cn_subset:130073,130073,14083,smiles,NC1=NN(N=C1)C1CC1,Nc1cnn(C2CC2)n1,rdkit_canonicalization
qm9_cn_subset:130074,130074,14084,smiles,NC1=NN(N=N1)C1CC1,Nc1nnn(C2CC2)n1,rdkit_canonicalization
qm9_cn_subset:130075,130075,14085,smiles,NC1=NN2C3CC3C2=C1,Nc1cc2n(n1)C1CC21,rdkit_canonicalization
qm9_cn_subset:130076,130076,14086,smiles,NC1=NN2C3CC3C2=N1,Nc1nc2n(n1)C1CC21,rdkit_canonicalization
qm9_cn_subset:130077,130077,14087,smiles,NC1=NN2C=CCC2=C1,Nc1cc2n(n1)C=CC2,rdkit_canonicalization
qm9_cn_subset:130078,130078,14088,smiles,NC1=NN2C=CCC2=N1,Nc1nc2n(n1)C=CC2,rdkit_canonicalization
qm9_cn_subset:130079,130079,14089,smiles,NC1=NN2C=CN=C2N1,Nc1nn2ccnc2[nH]1,rdkit_canonicalization
qm9_cn_subset:130081,130081,14090,smiles,NC1=NN2C=CNC2=N1,Nc1nc2[nH]ccn2n1,rdkit_canonicalization
qm9_cn_subset:130083,130083,14091,smiles,NC1=NN2C=NN=C2N1,Nc1nn2cnnc2[nH]1,rdkit_canonicalization
qm9_cn_subset:130085,130085,14092,smiles,NC1=NN2C=NNC2=N1,Nc1nc2[nH]ncn2n1,rdkit_canonicalization
qm9_cn_subset:130089,130089,14093,smiles,NC1=NN2CC=CC2=C1,Nc1cc2n(n1)CC=C2,rdkit_canonicalization
qm9_cn_subset:130090,130090,14094,smiles,NC1=NN2CC=CC2=N1,Nc1nc2n(n1)CC=C2,rdkit_canonicalization
qm9_cn_subset:130091,130091,14095,smiles,NC1=NN2CCC2=C1N,Nc1nn2c(c1N)CC2,rdkit_canonicalization
qm9_cn_subset:130092,130092,14096,smiles,NC1=NN2CCCC2=C1,Nc1cc2n(n1)CCC2,rdkit_canonicalization
qm9_cn_subset:130093,130093,14097,smiles,NC1=NN2CCCC2=N1,Nc1nc2n(n1)CCC2,rdkit_canonicalization
qm9_cn_subset:130094,130094,14098,smiles,NC1=NN2CCNC2=C1,Nc1cc2n(n1)CCN2,rdkit_canonicalization
qm9_cn_subset:130095,130095,14099,smiles,NC1=NN2CCNC2=N1,Nc1nc2n(n1)CCN2,rdkit_canonicalization
qm9_cn_subset:130098,130098,14100,smiles,NC1=NN2N=CN=C2N1,Nc1nn2ncnc2[nH]1,rdkit_canonicalization
qm9_cn_subset:130100,130100,14101,smiles,NC1=NN2N=CNC2=N1,Nc1nc2[nH]cnn2n1,rdkit_canonicalization
qm9_cn_subset:130102,130102,14102,smiles,NC1=NN2N=NN=C2N1,Nc1nn2nnnc2[nH]1,rdkit_canonicalization
qm9_cn_subset:130104,130104,14103,smiles,NC1=NN2N=NNC2=N1,Nc1nc2[nH]nnn2n1,rdkit_canonicalization
qm9_cn_subset:130107,130107,14104,smiles,NC1=NN=C2NC=CN12,Nc1nnc2[nH]ccn12,rdkit_canonicalization
qm9_cn_subset:130108,130108,14105,smiles,NC1=NN=C2NC=NN12,Nc1nnc2[nH]cnn12,rdkit_canonicalization
qm9_cn_subset:130109,130109,14106,smiles,NC1=NN=C2NN=CN12,Nc1nnc2[nH]ncn12,rdkit_canonicalization
qm9_cn_subset:130110,130110,14107,smiles,NC1=NN=C2NN=NN12,Nc1nnc2[nH]nnn12,rdkit_canonicalization
qm9_cn_subset:130116,130116,14108,smiles,NC1=NNC(=C1)C1CC1,Nc1cc(C2CC2)[nH]n1,rdkit_canonicalization
qm9_cn_subset:130117,130117,14109,smiles,NC1=NNC(=C1)C1CN1,Nc1cc(C2CN2)[nH]n1,rdkit_canonicalization
qm9_cn_subset:130119,130119,14110,smiles,NC1=NNC(=C1)N1CC1,Nc1cc(N2CC2)[nH]n1,rdkit_canonicalization
qm9_cn_subset:130120,130120,14111,smiles,NC1=CC(N)=NNC1=N,N=c1[nH]nc(N)cc1N,rdkit_canonicalization
qm9_cn_subset:130121,130121,14112,smiles,NC1=NC(N)=[NH+][N-]C1=N,N=c1[n-][nH+]c(N)nc1N,rdkit_canonicalization
qm9_cn_subset:130125,130125,14113,smiles,NC1=N[N-]C(=[NH2+])N=C1N,Nc1n[n-]c(=[NH2+])nc1N,rdkit_canonicalization
qm9_cn_subset:130127,130127,14114,smiles,NC1=NNC(=N1)C1CC1,Nc1n[nH]c(C2CC2)n1,rdkit_canonicalization
qm9_cn_subset:130128,130128,14115,smiles,NC1=NNC(=N1)C1CN1,Nc1n[nH]c(C2CN2)n1,rdkit_canonicalization
qm9_cn_subset:130130,130130,14116,smiles,NC1=NNC(=N1)N1CC1,Nc1n[nH]c(N2CC2)n1,rdkit_canonicalization
qm9_cn_subset:130141,130141,14117,smiles,NC1=NNC(C#C)=C1N,C#Cc1[nH]nc(N)c1N,rdkit_canonicalization
qm9_cn_subset:130142,130142,14118,smiles,NC1=NNC(C#N)=C1N,N#Cc1[nH]nc(N)c1N,rdkit_canonicalization
qm9_cn_subset:130144,130144,14119,smiles,NC1=NNC(CC#C)=C1,C#CCc1cc(N)n[nH]1,rdkit_canonicalization
qm9_cn_subset:130145,130145,14120,smiles,NC1=NNC(CC#C)=N1,C#CCc1nc(N)n[nH]1,rdkit_canonicalization
qm9_cn_subset:130146,130146,14121,smiles,NC1=NNC(CC#N)=C1,N#CCc1cc(N)n[nH]1,rdkit_canonicalization
qm9_cn_subset:130147,130147,14122,smiles,NC1=NNC(CC#N)=N1,N#CCc1nc(N)n[nH]1,rdkit_canonicalization
qm9_cn_subset:130154,130154,14123,smiles,NC1=NNC(N)=C1C#C,C#Cc1c(N)n[nH]c1N,rdkit_canonicalization
qm9_cn_subset:130155,130155,14124,smiles,NC1=NNC(N)=C1C#N,N#Cc1c(N)n[nH]c1N,rdkit_canonicalization
qm9_cn_subset:130157,130157,14125,smiles,NC1=NNC(NC=N)=N1,N=CNc1nc(N)n[nH]1,rdkit_canonicalization
qm9_cn_subset:130169,130169,14126,smiles,NC1=NNC2=C1C=CC2,Nc1n[nH]c2c1C=CC2,rdkit_canonicalization
qm9_cn_subset:130170,130170,14127,smiles,NC1=NNC2=C1C=CN2,Nc1n[nH]c2[nH]ccc12,rdkit_canonicalization
qm9_cn_subset:130172,130172,14128,smiles,NC1=NNC2=C1C=NN2,Nc1n[nH]c2[nH]ncc12,rdkit_canonicalization
qm9_cn_subset:130174,130174,14129,smiles,NC1=NNC2=C1CC=C2,Nc1n[nH]c2c1CC=C2,rdkit_canonicalization
qm9_cn_subset:130175,130175,14130,smiles,NC1=NNC2=C1CCC2,Nc1n[nH]c2c1CCC2,rdkit_canonicalization
qm9_cn_subset:130176,130176,14131,smiles,NC1=NNC2=C1CCN2,Nc1n[nH]c2c1CCN2,rdkit_canonicalization
qm9_cn_subset:130179,130179,14132,smiles,NC1=NNC2=C1N=CN2,Nc1n[nH]c2[nH]cnc12,rdkit_canonicalization
qm9_cn_subset:130181,130181,14133,smiles,NC1=NNC2=C1N=NN2,Nc1n[nH]c2[nH]nnc12,rdkit_canonicalization
qm9_cn_subset:130183,130183,14134,smiles,NC1=NNC2=C1NC=C2,Nc1n[nH]c2cc[nH]c12,rdkit_canonicalization
qm9_cn_subset:130184,130184,14135,smiles,NC1=NNC2=C1NC=N2,Nc1n[nH]c2nc[nH]c12,rdkit_canonicalization
qm9_cn_subset:130185,130185,14136,smiles,NC1=NNC2=C1NCC2,Nc1n[nH]c2c1NCC2,rdkit_canonicalization
qm9_cn_subset:130186,130186,14137,smiles,NC1=NNC2=C1NN=C2,Nc1n[nH]c2cn[nH]c12,rdkit_canonicalization
qm9_cn_subset:130193,130193,14138,smiles,NC1=NNC2=NC=CN12,Nc1n[nH]c2nccn12,rdkit_canonicalization
qm9_cn_subset:130194,130194,14139,smiles,NC1=NNC2=NC=NN12,Nc1n[nH]c2ncnn12,rdkit_canonicalization
qm9_cn_subset:130195,130195,14140,smiles,NC1=NNC2=NN=CN12,Nc1n[nH]c2nncn12,rdkit_canonicalization
qm9_cn_subset:130196,130196,14141,smiles,NC1=NNC2=NN=NN12,Nc1n[nH]c2nnnn12,rdkit_canonicalization
qm9_cn_subset:130199,130199,14142,smiles,NC1=NNC=C1C1CC1,Nc1n[nH]cc1C1CC1,rdkit_canonicalization
qm9_cn_subset:130200,130200,14143,smiles,NC1=NNC=C1C1CN1,Nc1n[nH]cc1C1CN1,rdkit_canonicalization
qm9_cn_subset:130202,130202,14144,smiles,NC1=NNC=C1CC#C,C#CCc1c[nH]nc1N,rdkit_canonicalization
qm9_cn_subset:130203,130203,14145,smiles,NC1=NNC=C1CC#N,N#CCc1c[nH]nc1N,rdkit_canonicalization
qm9_cn_subset:130206,130206,14146,smiles,NC1=NNC=C1N1CC1,Nc1n[nH]cc1N1CC1,rdkit_canonicalization
qm9_cn_subset:130207,130207,14147,smiles,NC1=NNC=C1NC=N,N=CNc1c[nH]nc1N,rdkit_canonicalization
qm9_cn_subset:130211,130211,14148,smiles,NC1=NNN=C(N)C1=N,N=c1c(N)n[nH]nc1N,rdkit_canonicalization
qm9_cn_subset:130213,130213,14149,smiles,NC1=NNN=C1C1CC1,Nc1n[nH]nc1C1CC1,rdkit_canonicalization
qm9_cn_subset:130214,130214,14150,smiles,NC1=NNN=C1C1CN1,Nc1n[nH]nc1C1CN1,rdkit_canonicalization
qm9_cn_subset:130216,130216,14151,smiles,NC1=NNN=C1CC#C,C#CCc1n[nH]nc1N,rdkit_canonicalization
qm9_cn_subset:130217,130217,14152,smiles,NC1=NNN=C1CC#N,N#CCc1n[nH]nc1N,rdkit_canonicalization
qm9_cn_subset:130220,130220,14153,smiles,NC1=NNN=C1N1CC1,Nc1n[nH]nc1N1CC1,rdkit_canonicalization
qm9_cn_subset:130221,130221,14154,smiles,NC1=NNN=C1NC=N,N=CNc1n[nH]nc1N,rdkit_canonicalization
qm9_cn_subset:130337,130337,14155,smiles,[NH3+][C-]1C=CC2=C1NN=N2,[NH3+][c-]1ccc2nn[nH]c21,rdkit_canonicalization
qm9_cn_subset:130354,130354,14156,smiles,NC=NC1=C(N)NN=N1,NC=Nc1nn[nH]c1N,rdkit_canonicalization
qm9_cn_subset:130361,130361,14157,smiles,NC=NC1=CN=CN=N1,NC=Nc1cncnn1,rdkit_canonicalization
qm9_cn_subset:130362,130362,14158,smiles,NC=NC1=CN=NC=N1,NC=Nc1cnncn1,rdkit_canonicalization
qm9_cn_subset:130363,130363,14159,smiles,NC=NC1=CN=NN=N1,NC=Nc1cnnnn1,rdkit_canonicalization
qm9_cn_subset:130368,130368,14160,smiles,NC=NC1=NC=CN=N1,NC=Nc1nccnn1,rdkit_canonicalization
qm9_cn_subset:130369,130369,14161,smiles,NC=NC1=NC=NN=N1,NC=Nc1ncnnn1,rdkit_canonicalization
qm9_cn_subset:130372,130372,14162,smiles,NC=NC1=NNC(N)=N1,NC=Nc1n[nH]c(N)n1,rdkit_canonicalization
qm9_cn_subset:130373,130373,14163,smiles,NC=NC1=NNC=C1N,NC=Nc1n[nH]cc1N,rdkit_canonicalization
qm9_cn_subset:130375,130375,14164,smiles,NC=NC1=NNN=C1N,NC=Nc1n[nH]nc1N,rdkit_canonicalization
qm9_cn_subset:130385,130385,14165,smiles,NC=[NH+]CC1=N[N-]N=N1,NC=[NH+]Cc1nn[n-]n1,rdkit_canonicalization
qm9_cn_subset:130386,130386,14166,smiles,[NH3+]CC#CC1=CN=N[N-]1,[NH3+]CC#Cc1cnn[n-]1,rdkit_canonicalization
qm9_cn_subset:130387,130387,14167,smiles,[NH3+]CC#CC1=NC=N[N-]1,[NH3+]CC#Cc1ncn[n-]1,rdkit_canonicalization
qm9_cn_subset:130388,130388,14168,smiles,NC(C[NH3+])C1=N[N-]N=N1,NC(C[NH3+])c1nn[n-]n1,rdkit_canonicalization
qm9_cn_subset:130398,130398,14169,smiles,[NH3+]CC1=C(N=N[N-]1)C#N,N#Cc1nn[n-]c1C[NH3+],rdkit_canonicalization
qm9_cn_subset:130401,130401,14170,smiles,[NH3+]CC1=C([N-]N=N1)C#C,C#Cc1[n-]nnc1C[NH3+],rdkit_canonicalization
qm9_cn_subset:130402,130402,14171,smiles,[NH3+]CC1=C([N-]N=N1)C#N,N#Cc1[n-]nnc1C[NH3+],rdkit_canonicalization
qm9_cn_subset:130415,130415,14172,smiles,[NH3+]CC1=NC(=N)N=N[N-]1,N=c1nn[n-]c(C[NH3+])n1,rdkit_canonicalization
qm9_cn_subset:130417,130417,14173,smiles,NCC1=NC(=N)NN=N1,N=c1nc(CN)nn[nH]1,rdkit_canonicalization
qm9_cn_subset:130418,130418,14174,smiles,[NH3+]CC1=NC(=N[N-]1)C#N,N#Cc1n[n-]c(C[NH3+])n1,rdkit_canonicalization
qm9_cn_subset:130427,130427,14175,smiles,NCC1=NC=NNC1=N,N=c1[nH]ncnc1CN,rdkit_canonicalization
qm9_cn_subset:130431,130431,14176,smiles,NCC1=NNC(=N)C=N1,N=c1cnc(CN)n[nH]1,rdkit_canonicalization
qm9_cn_subset:130432,130432,14177,smiles,[NH3+]CC1=N[N-]C(=N1)C#C,C#Cc1nc(C[NH3+])n[n-]1,rdkit_canonicalization
qm9_cn_subset:130433,130433,14178,smiles,[NH3+]CC1=N[N-]C(=N1)C#N,N#Cc1nc(C[NH3+])n[n-]1,rdkit_canonicalization
qm9_cn_subset:130437,130437,14179,smiles,NCC1=NNN=C1C#N,N#Cc1n[nH]nc1CN,rdkit_canonicalization
qm9_cn_subset:130438,130438,14180,smiles,[NH3+]CC1=N[N-]N=CC1=N,N=c1cn[n-]nc1C[NH3+],rdkit_canonicalization
qm9_cn_subset:130440,130440,14181,smiles,[NH3+]CC1=N[N-]N=NC1=N,N=c1nn[n-]nc1C[NH3+],rdkit_canonicalization
qm9_cn_subset:133814,133814,14182,smiles,C1N2C3C4=CCC13C24,C1=C2C3N4CC3(C1)C24,rdkit_canonicalization
qm9_cn_subset:133817,133817,14183,smiles,C1N2C3C4C2C11CN4C31,C1N2C3C4C2C12CN4C32,rdkit_canonicalization
qm9_cn_subset:133823,133823,14184,smiles,CC12C3N1C1C=C2C=C31,CC12C3=CC4C(=C3)C1N42,rdkit_canonicalization
qm9_cn_subset:133826,133826,14185,smiles,CC12C3N1C1=NC2C3=C1,CC12C3N=C4C=C3C1N42,rdkit_canonicalization
qm9_cn_subset:133830,133830,14186,smiles,CC12C3C4CC1N=C4N23,CC12C3CC4C(=N3)N1C42,rdkit_canonicalization
qm9_cn_subset:133831,133831,14187,smiles,CC12C3N1C1CC2C=C31,CC12C3C=C4C(C3)N1C42,rdkit_canonicalization
qm9_cn_subset:133832,133832,14188,smiles,NC12C3C1C1=NC2CN31,NC12C3CN4C(=N3)C1C42,rdkit_canonicalization
qm9_cn_subset:133837,133837,14189,smiles,CC12C3C4N=C(C=C14)N23,CC12C3=CC4=NC3C1N42,rdkit_canonicalization
qm9_cn_subset:133838,133838,14190,smiles,CC12C3N1C1C=C3C=C21,CC12C3=CC4=CC3N1C42,rdkit_canonicalization
qm9_cn_subset:133842,133842,14191,smiles,CC12C3C4CC1C(=N4)N23,CC12C3CC4N=C3N1C42,rdkit_canonicalization
qm9_cn_subset:133843,133843,14192,smiles,CC12C3N1C1CC2C3=C1,CC12C3CC4C=C3C1N42,rdkit_canonicalization
qm9_cn_subset:133848,133848,14193,smiles,CC12C3C1N1CC3N=C21,CC12C3=NC4CN3C1C42,rdkit_canonicalization
qm9_cn_subset:133849,133849,14194,smiles,CC12C3C4CC(C=C14)N23,CC12C3=CC4CC3C1N42,rdkit_canonicalization
qm9_cn_subset:133850,133850,14195,smiles,CC12C3C4CC(N13)C2=C4,CC12C3=CC4CC3N1C42,rdkit_canonicalization
qm9_cn_subset:133858,133858,14196,smiles,CC1N2C3C4=CCC13C24,CC1N2C3C4=CCC13C42,rdkit_canonicalization
qm9_cn_subset:133859,133859,14197,smiles,CN1C2C3C4=CCC13C24,CN1C2C3C4=CCC31C42,rdkit_canonicalization
qm9_cn_subset:133873,133873,14198,smiles,C1N2C3CC4CC2C13C4,C1C2CC3N4CC3(C2)C14,rdkit_canonicalization
qm9_cn_subset:133878,133878,14200,smiles,C1C2C3C4C5CC13C2N45,C1C2C3C4C5CC13C2N54,rdkit_canonicalization
qm9_cn_subset:133879,133879,14201,smiles,C1C2C3C4C5CC13N2C45,C1C2C3C2N2C4CC12C34,rdkit_canonicalization
qm9_cn_subset:133883,133883,14202,smiles,C1N2C3C4C5C2C13CN45,C1N2C3C2C2N4CC12C34,rdkit_canonicalization
qm9_cn_subset:133884,133884,14203,smiles,C1N2C3C4C5CC13C2C45,C1C2C3C2C2N4CC12C34,rdkit_canonicalization
qm9_cn_subset:937,937,151,row_status,active,aggregated_into:qm9_cn_subset:933,duplicate_canonical_smiles
qm9_cn_subset:942,942|946,156,lumo,-0.0358,-0.035750000000000004,duplicate_group_mean
qm9_cn_subset:946,946,160,row_status,active,aggregated_into:qm9_cn_subset:942,duplicate_canonical_smiles
qm9_cn_subset:4577,4577,611,row_status,active,aggregated_into:qm9_cn_subset:4570,duplicate_canonical_smiles
qm9_cn_subset:5344,5344,759,row_status,active,aggregated_into:qm9_cn_subset:5340,duplicate_canonical_smiles
qm9_cn_subset:5350,5350|5354,765,homo,-0.2787,-0.27865,duplicate_group_mean
qm9_cn_subset:5354,5354,769,row_status,active,aggregated_into:qm9_cn_subset:5350,duplicate_canonical_smiles
qm9_cn_subset:5386,5386,782,row_status,active,aggregated_into:qm9_cn_subset:5382,duplicate_canonical_smiles
qm9_cn_subset:5395,5395,791,row_status,active,aggregated_into:qm9_cn_subset:5391,duplicate_canonical_smiles
qm9_cn_subset:24031,24031,2801,row_status,active,aggregated_into:qm9_cn_subset:24027,duplicate_canonical_smiles
qm9_cn_subset:24041,24041,2811,row_status,active,aggregated_into:qm9_cn_subset:24037,duplicate_canonical_smiles
qm9_cn_subset:24642,24642,3050,row_status,active,aggregated_into:qm9_cn_subset:24638,duplicate_canonical_smiles
qm9_cn_subset:24651,24651,3059,row_status,active,aggregated_into:qm9_cn_subset:24647,duplicate_canonical_smiles
qm9_cn_subset:24661,24661,3069,row_status,active,aggregated_into:qm9_cn_subset:24657,duplicate_canonical_smiles
qm9_cn_subset:25481,25481,3147,row_status,active,aggregated_into:qm9_cn_subset:25477,duplicate_canonical_smiles
qm9_cn_subset:25673,25673|25677,3174,homo,-0.2424,-0.24245,duplicate_group_mean
qm9_cn_subset:25677,25677,3178,row_status,active,aggregated_into:qm9_cn_subset:25673,duplicate_canonical_smiles
qm9_cn_subset:26271,26271,3260,row_status,active,aggregated_into:qm9_cn_subset:26267,duplicate_canonical_smiles
qm9_cn_subset:26290,26290,3269,row_status,active,aggregated_into:qm9_cn_subset:26286,duplicate_canonical_smiles
qm9_cn_subset:28644,28644,3666,row_status,active,aggregated_into:qm9_cn_subset:28636,duplicate_canonical_smiles
qm9_cn_subset:28645,28645,3667,row_status,active,aggregated_into:qm9_cn_subset:28637,duplicate_canonical_smiles
qm9_cn_subset:28658,28658,3680,row_status,active,aggregated_into:qm9_cn_subset:28650,duplicate_canonical_smiles
qm9_cn_subset:28659,28659,3681,row_status,active,aggregated_into:qm9_cn_subset:28651,duplicate_canonical_smiles
qm9_cn_subset:30544,30544,4098,row_status,active,aggregated_into:qm9_cn_subset:30542,duplicate_canonical_smiles
qm9_cn_subset:31815,31815,4235,row_status,active,aggregated_into:qm9_cn_subset:31805,duplicate_canonical_smiles
qm9_cn_subset:31818,31818,4238,row_status,active,aggregated_into:qm9_cn_subset:31808,duplicate_canonical_smiles
qm9_cn_subset:31836,31836,4249,row_status,active,aggregated_into:qm9_cn_subset:31826,duplicate_canonical_smiles
qm9_cn_subset:31839,31839,4252,row_status,active,aggregated_into:qm9_cn_subset:31829,duplicate_canonical_smiles
qm9_cn_subset:32990,32990,4431,row_status,active,aggregated_into:qm9_cn_subset:32986,duplicate_canonical_smiles
qm9_cn_subset:32999,32999,4440,row_status,active,aggregated_into:qm9_cn_subset:32995,duplicate_canonical_smiles
