sample_id,smiles,delta_e
qm9_cn_subset:62284,N#CC1(N)C2NC3C2C31,0.2684
qm9_cn_subset:61602,C#CC(C)CC1CN1C,0.278
qm9_cn_subset:20308,C#Cc1cnnnn1,0.1547
qm9_cn_subset:41640,C1=C2C3C(CC1)C1C2N31,0.2021
qm9_cn_subset:5346,C#Cc1ncncn1,0.1986
qm9_cn_subset:40403,C1=CC2NC2(C2CC2)C1,0.2324
qm9_cn_subset:26462,CC1(C)Cc2cccn21,0.2518
qm9_cn_subset:61664,N#CC(N)CC1CCC1,0.2963
qm9_cn_subset:76919,CC1C(N2CC2)C1(C)C,0.3154
qm9_cn_subset:71283,CC12C=CCC3C1N3C2,0.2416
qm9_cn_subset:31883,CCc1cnc(C#N)[nH]1,0.2037
qm9_cn_subset:33389,C#CC(C#N)(C#N)C#N,0.2929
qm9_cn_subset:124537,Cc1nc(C(C)C)n[nH]1,0.2624
qm9_cn_subset:5329,CC(C)n1cccc1,0.2495
qm9_cn_subset:76087,C#CC1C(C)N1C1CC1,0.2594
qm9_cn_subset:34725,N#CC1C2CC3C(C2)C13,0.3184
qm9_cn_subset:127858,CN=c1cn[n-]c(N)[nH+]1,0.1688
qm9_cn_subset:20928,CCN=c1[nH]nn[nH]1,0.1962
qm9_cn_subset:6703,CC(C)CNCC#N,0.2697
qm9_cn_subset:17392,C1CC2(C1)CC1NC12,0.3102
qm9_cn_subset:30262,CC1Cn2cccc2N1,0.2273
qm9_cn_subset:1234,CC(C)C#CC#N,0.247
qm9_cn_subset:67277,CC12C3CN1C1CN3C12,0.2619
qm9_cn_subset:20886,CCCn1cnnn1,0.2673
qm9_cn_subset:124144,CC#Cc1nc(C)n[nH]1,0.2123
qm9_cn_subset:30651,CCC(C)c1ncc[nH]1,0.2516
qm9_cn_subset:67483,CC12C(C#N)C1C1CC12,0.2529
qm9_cn_subset:3552,CC1C2C3CN1C32,0.3138
qm9_cn_subset:24687,c1cnc2c(c1)CCN2,0.1887
qm9_cn_subset:129674,N=CNc1nn[nH]c1N,0.2033
qm9_cn_subset:83662,CC1C(C#N)C2CCN12,0.2462
qm9_cn_subset:69499,CC12CN3CC3(C)C1N2,0.3164
qm9_cn_subset:33478,C#CC1(C#N)CC2NC21,0.2655
qm9_cn_subset:62373,CC1(C#N)C2C=CC1C2,0.2391
qm9_cn_subset:99610,CNC(C#N)C1(N)CC1,0.2694
qm9_cn_subset:62300,CC1(C#N)C2C3CC2N31,0.2664
qm9_cn_subset:30019,Cn1cnc2c1CCC2,0.2371
qm9_cn_subset:123996,c1nnnc(C2CN2)n1,0.1632
qm9_cn_subset:126141,CCC(C)c1cnn[nH]1,0.2523
qm9_cn_subset:35532,C#CC1CC2CNC2=N1,0.2481
qm9_cn_subset:31297,C#Cc1[nH]cnc1NC,0.1802
qm9_cn_subset:68580,CC12CC(CC#N)(C1)C2,0.3379
qm9_cn_subset:59408,CN(C)C1CC1(C)C#N,0.2683
qm9_cn_subset:108388,CNC12CNC1C2C#N,0.2662
qm9_cn_subset:10069,CCC(CC)CC#N,0.348
qm9_cn_subset:80106,C#CC12CN=CN1C2C,0.2329
qm9_cn_subset:37573,C1CN2C3C4NC3C42C1,0.2817
qm9_cn_subset:62187,C#CCCNC(C)C#N,0.2737
qm9_cn_subset:70457,CC12CC1CN2CC#N,0.2575
qm9_cn_subset:31456,C#Cc1c[nH]c(NC)c1,0.2101
qm9_cn_subset:3656,Cc1[nH]ncc1N,0.2276
qm9_cn_subset:30027,CC1C=Cc2nccn21,0.1799
qm9_cn_subset:31647,CNc1cn(C)c(C)n1,0.2121
qm9_cn_subset:129008,c1ccc2[nH]nnc2c1,0.1986
qm9_cn_subset:129901,N#Cc1ncc(N)nn1,0.1689
qm9_cn_subset:40650,C1CC2C(C3CN3)N2C1,0.2857
qm9_cn_subset:95008,CN1CCN2C3CC2C31,0.2926
qm9_cn_subset:34548,C#CC1=NC2CC3C2N13,0.2022
qm9_cn_subset:77194,C#CC1NC(C#N)C1C,0.2558
qm9_cn_subset:24295,c1cn2c(n1)C1CC1C2,0.2397
qm9_cn_subset:123635,c1n[nH]c2c1CC1NC21,0.2413
qm9_cn_subset:113328,CCN1CC1(C#N)CN,0.271
qm9_cn_subset:105712,CCC1(C#N)CNC=N1,0.2464
qm9_cn_subset:123912,c1nnn2c1NCCC2,0.2259
qm9_cn_subset:34952,N#CC1C2NC3C1NC23,0.2695
qm9_cn_subset:26630,Cc1[nH]cc(C#N)c1N,0.197
qm9_cn_subset:3722,CCc1cc[nH]n1,0.2674
qm9_cn_subset:86968,CC1C=CCC(C#N)N1,0.2559
qm9_cn_subset:37631,C1CC2C3CC1C1C2N31,0.3117
qm9_cn_subset:66798,CC12C3C4C5C3C1N5C42,0.2575
qm9_cn_subset:376,CNC(C)C#N,0.2711
qm9_cn_subset:34709,C#CC1C2C3N=CN1C32,0.2222
qm9_cn_subset:34702,N#CC1C2C3C1N1C2C31,0.2728
qm9_cn_subset:49800,N=CN1C=NCCC1=N,0.2209
qm9_cn_subset:83795,CN1C2CCC3NC3C21,0.2722
qm9_cn_subset:37177,C1CC23CC(C4NC42)C13,0.3032
qm9_cn_subset:80317,C#CC1=NC2C(N)C2N1,0.1918
qm9_cn_subset:102213,CC#CCC(C#N)CC,0.2894
qm9_cn_subset:40572,C1CC1C1C2CC3C1N23,0.3245
qm9_cn_subset:125572,Cc1cc(N2CC2)[nH]n1,0.2433
qm9_cn_subset:65045,CC1(C2(C#N)CN2)CC1,0.2934
qm9_cn_subset:72962,CC1(C#N)N2CCC21C,0.274
qm9_cn_subset:10572,C#CC1(C#N)NC1C,0.2595
qm9_cn_subset:28151,CC1=Cc2cc[nH]c2C1,0.1884
qm9_cn_subset:5325,CN(C)c1cc[nH]c1,0.2235
qm9_cn_subset:126551,CCCc1ncn(C)n1,0.263
qm9_cn_subset:78823,C#CC1C2C3C(C)N1C32,0.2709
qm9_cn_subset:80500,CC1CC2N(C)C12C#N,0.2676
qm9_cn_subset:57693,CC(N)(C#N)CCC#N,0.2995
qm9_cn_subset:80108,C#CC12CC=CC1N2C,0.2286
qm9_cn_subset:11507,C#CC(C)CN1CC1,0.2956
qm9_cn_subset:129563,N#CC(N)c1ncn[nH]1,0.2631
qm9_cn_subset:15924,N#CC12CCC1NC2,0.257
qm9_cn_subset:123371,C#CCNc1cn[nH]c1,0.2207
qm9_cn_subset:40127,C1=CC2NC2C2(C1)CN2,0.2421
qm9_cn_subset:19635,N#CC12C3C4C(C31)N42,0.2365
qm9_cn_subset:3025,C#CC#CC1CN1,0.2103
qm9_cn_subset:36149,N#CCC12CCCC1N2,0.295
qm9_cn_subset:66450,CC12C3CN1C1(C)C3C21,0.3053
qm9_cn_subset:37584,C1=CC2C3C4CN2C1C43,0.2484
qm9_cn_subset:129201,N#Cc1cn[nH]c(=N)n1,0.1313
qm9_cn_subset:105802,CCC12C(C)C1N1CC12,0.2809
qm9_cn_subset:129592,Nc1[nH]ncc1C1CC1,0.2382
qm9_cn_subset:93012,CC1CC=CC2(CN2)C1,0.2394
qm9_cn_subset:124925,Cc1cn[nH]c(=N)c1C,0.1595
qm9_cn_subset:36359,C#CCC1CN1C1CC1,0.2808
qm9_cn_subset:53925,C#CC(N)(C#N)C(=N)N,0.2481
qm9_cn_subset:127595,C#Cc1c(N)cnn1C,0.1857
qm9_cn_subset:29972,Cn1cnc(NC=N)c1,0.2145
qm9_cn_subset:130033,NC1=NCc2[nH]ncc21,0.2257
qm9_cn_subset:125960,CC1CCn2nccc21,0.2599
qm9_cn_subset:84704,CC1N=CN2CCN=C12,0.211
qm9_cn_subset:52908,CC#CC1(C#N)CCC1,0.2799
qm9_cn_subset:33183,CCCCc1ccc[nH]1,0.2422
qm9_cn_subset:124885,CC1(c2cn[nH]n2)CN1,0.2429
qm9_cn_subset:35841,N#CC1C=CC=CCC1,0.1925
qm9_cn_subset:71414,CC12CC3C(C#N)C1N32,0.2795
qm9_cn_subset:123624,C1c2n[nH]nc2C2CN12,0.2217
qm9_cn_subset:36071,N#CCC12C3C4C3C1C42,0.2733
qm9_cn_subset:25618,CC#Cc1[nH]ccc1C,0.1991
qm9_cn_subset:123500,c1ncc2cnnn2n1,0.1762
qm9_cn_subset:92977,CC1CC=CC1N1CC1,0.2518
qm9_cn_subset:66876,NC12C3N=C4CC1N4C32,0.1815
qm9_cn_subset:19982,C#CC1CC1N1CC1,0.2557
qm9_cn_subset:127589,Cn1ncc(CC#N)n1,0.2501
qm9_cn_subset:37548,C1=NCC23C4NC2C4N13,0.2321
qm9_cn_subset:127168,CN(C=N)c1cn[nH]n1,0.2016
qm9_cn_subset:124153,CC#Cc1ccn(C)n1,0.2175
qm9_cn_subset:33978,N#CC12CC1CC21CC1,0.277
qm9_cn_subset:62630,CC1(C)C2CC3C1N3C2,0.3167
qm9_cn_subset:39545,C1=CC2C3C(C1)N1C2C31,0.2484
qm9_cn_subset:65949,N#CC1(N)CCC12CC2,0.2914
qm9_cn_subset:40027,C1C2CC3(CC3)C3C2N13,0.3073
qm9_cn_subset:123870,c1nn[nH]c1N1CCC1,0.225
qm9_cn_subset:21456,N=CNc1cn[nH]n1,0.2163
qm9_cn_subset:72051,CC12CN3CC1C32C#N,0.248
qm9_cn_subset:35675,N#CC1CCC(C#N)C1,0.3364
qm9_cn_subset:80932,CN1C2CC1(C)C21CN1,0.2917
qm9_cn_subset:119680,CCCC12CC3CC1N32,0.328
qm9_cn_subset:12749,C#CC1CC2NC12C,0.2777
qm9_cn_subset:125896,CC1Cc2nn[nH]c2C1,0.2384
qm9_cn_subset:31504,CCc1cc(C)c(C)[nH]1,0.2321
qm9_cn_subset:34203,N#CC12CC3CC(C1)N32,0.2497
qm9_cn_subset:11253,CC1C=CC(C#N)N1,0.2344
qm9_cn_subset:4828,CCc1ccc(C)[nH]1,0.2334
qm9_cn_subset:71466,CC12CC3C1C3(C#N)N2,0.2568
qm9_cn_subset:66818,CC12C3=CC4C1N4C2C3,0.1768
qm9_cn_subset:79029,CN1C2C3C4CC4C2C31,0.3044
qm9_cn_subset:37488,C1=C2C3CC4C2N(C1)C34,0.1643
qm9_cn_subset:99542,C#CC(N)C(C#N)CC,0.2783
qm9_cn_subset:79343,CC1C2CC3N1C3(C)C2,0.3221
qm9_cn_subset:30340,CC1CNc2cccn21,0.2311
qm9_cn_subset:34509,N#CC1=CC2C3NC1C23,0.1883
qm9_cn_subset:58167,CC(C)N(C)C(=N)C#N,0.1979
qm9_cn_subset:36645,N#CCCN1C2CC1C2,0.2722
qm9_cn_subset:88897,CC1NC1CC#CC#N,0.2276
qm9_cn_subset:104511,CCC1(CC#N)NC1C,0.2805
qm9_cn_subset:1949,CC1CC(C#N)C1,0.3338
qm9_cn_subset:18773,CC12C3CN4C3C1C42,0.2912
qm9_cn_subset:27562,Cc1cccc(C#N)c1,0.2106
qm9_cn_subset:129798,Nc1nnn2c1NCC2,0.2087
qm9_cn_subset:40605,C1C2C1C1C2N1C1CC1,0.2709
qm9_cn_subset:5349,N#Cc1cccnc1,0.2123
qm9_cn_subset:20667,Cc1c[nH]nc1C#N,0.2351
qm9_cn_subset:31131,CCc1c(C)c[nH]c1N,0.2422
qm9_cn_subset:30130,CC1CN1c1cc[nH]c1,0.2265
qm9_cn_subset:15863,CC1CC(C)C1C#N,0.3306
qm9_cn_subset:99634,C#CC(CC)C1CN1C,0.2737
qm9_cn_subset:87230,CC1CC1(C)NCC#N,0.2704
qm9_cn_subset:69607,C#CC12CN1C1(C)CC12,0.2369
qm9_cn_subset:96919,C#CC1C2CC(=NC)N12,0.2393
qm9_cn_subset:30037,Cn1ccn2ccnc12,0.216
qm9_cn_subset:37092,C1C2N1C1(CC1)C21CN1,0.2956
qm9_cn_subset:79025,CC1C2C3C1C2N1CC31,0.3209
qm9_cn_subset:90509,C#CCN1C2CC(C)C21,0.2854
qm9_cn_subset:43289,N#CC1C2C=CC(=N)N12,0.1908
qm9_cn_subset:83671,CN1C(C#N)C2NCC21,0.2488
qm9_cn_subset:79542,CC1C2C3CC3(C#N)N12,0.2568
qm9_cn_subset:33332,C#CC1NC1C#CC#N,0.2186
qm9_cn_subset:113622,CCC1CN1C(=N)C#N,0.2064
qm9_cn_subset:32374,C#Cc1nc(CC)c[nH]1,0.2
qm9_cn_subset:71403,CC12CC3N1C2C31CN1,0.3024
qm9_cn_subset:105941,CCC12C3C4CN(C41)C32,0.2964
qm9_cn_subset:133831,CC12C3C=C4C(C3)N1C42,0.1985
qm9_cn_subset:36397,C#CCN1CC2(CN2)C1,0.2591
qm9_cn_subset:18182,C#CC1C=CC2CN12,0.2312
qm9_cn_subset:122899,CCCCNC(C)C#N,0.271
qm9_cn_subset:599,CC1CC1C#N,0.3174
qm9_cn_subset:124528,CC(C)c1ncnn1C,0.2637
qm9_cn_subset:97778,CCC#CC1CC1C#N,0.2637
qm9_cn_subset:123,CNCC#N,0.2698
qm9_cn_subset:125974,CC1CN1c1nc[nH]n1,0.2268
qm9_cn_subset:79658,CN1C2C3CC3C21C#N,0.2402
qm9_cn_subset:70602,CC1(C)CCN2CC21C,0.2974
qm9_cn_subset:78394,CC1C2C3C(N12)C3(C)C,0.3165
qm9_cn_subset:88481,C#CC1(C2CC2C)CN1,0.2832
qm9_cn_subset:62809,CC1(C)C2CC1(C#N)N2,0.2667
qm9_cn_subset:53048,CC#CC12CNC1CN2,0.2541
qm9_cn_subset:399,CC1(C#N)CC1,0.3224
qm9_cn_subset:34012,N#CC12C=CCNC1C2,0.2216
qm9_cn_subset:80335,CC1C2NC(C#N)C12C,0.2477
qm9_cn_subset:26362,CC(C)n1ccc(N)c1,0.2253
qm9_cn_subset:36365,C#CCN1CC1C1CC1,0.2631
qm9_cn_subset:27163,Nc1nc[nH]c1C1CC1,0.216
qm9_cn_subset:838,Cc1c[nH]c(N)c1,0.2383
qm9_cn_subset:62276,CC1(C#N)C2CC3C2C31,0.3103
qm9_cn_subset:78753,CN1C2CCC3(C)C2C13,0.2933
qm9_cn_subset:21205,CNc1cc(C)[nH]n1,0.2217
qm9_cn_subset:19561,C1=CC2NC1C21CN1,0.2184
qm9_cn_subset:26286,CN(C)c1cnccn1,0.1739
qm9_cn_subset:60560,CC(C1CC1)C1CN1C,0.3058
qm9_cn_subset:130014,NC1=Nc2ncnn2C1,0.1934
qm9_cn_subset:97482,CCC#CC#CC1CN1,0.2085
qm9_cn_subset:65407,CC1(C#N)CC1CC#N,0.3082
qm9_cn_subset:21337,N#CCc1cc[nH]n1,0.2652
qm9_cn_subset:8386,CC1NC12CN(C)C2,0.2883
qm9_cn_subset:68968,C#CC12C=CCC1(C)N2,0.2259
qm9_cn_subset:62277,CC1(C#N)C2CC3C1N32,0.2936
qm9_cn_subset:124138,CC#Cc1c[nH]nc1C,0.2212
qm9_cn_subset:45655,N=C1CN=C2C=CCN12,0.1765
qm9_cn_subset:11362,CCC1=NCC(=N)N1,0.2309
qm9_cn_subset:26288,CN(C)c1ccccn1,0.187
qm9_cn_subset:76092,CC1C(C#N)N1C1CC1,0.2635
qm9_cn_subset:73911,CC1=C(C#N)CC2CC12,0.2068
qm9_cn_subset:84109,CC1=CC(C)C2(C)NC12,0.2443
qm9_cn_subset:11500,N#CC(N)=NC1CC1,0.2023
qm9_cn_subset:24492,c1ccc2[nH]ccc2c1,0.1962
qm9_cn_subset:2420,CC12CN3C1CC32,0.3193
qm9_cn_subset:34793,N#CC1C2CC1(C#N)N2,0.2662
qm9_cn_subset:76055,N#CC1C(N)C12CCN2,0.2452
qm9_cn_subset:67402,CC12C3CC1C2(C#N)N3,0.253
qm9_cn_subset:8146,CC1=CC2NC2(C)C1,0.2409
qm9_cn_subset:62323,N#CC1(N)C2C3CC3C21,0.2492
qm9_cn_subset:71046,CC12NC3=NC4C(C31)C42,0.1652
qm9_cn_subset:19485,C#CC1C2C=CCN12,0.2238
qm9_cn_subset:126658,CCCNc1nn[nH]n1,0.2059
qm9_cn_subset:82650,CN1C2CC3C2(C)C31C,0.2925
qm9_cn_subset:21362,c1cc2nn[nH]c2[nH]1,0.2143
qm9_cn_subset:82940,CC1C2CN3CC3C12C,0.2944
qm9_cn_subset:123967,C1=NCc2[nH]nnc2N1,0.2032
qm9_cn_subset:24262,c1nc2c([nH]1)C1CC1N2,0.2051
qm9_cn_subset:89134,CC1CC2(C)C(C#N)C12,0.3048
qm9_cn_subset:125463,Cc1nc2[nH]ncc2[nH]1,0.2137
qm9_cn_subset:126007,CC1CNc2[nH]nnc21,0.2175
qm9_cn_subset:20883,CCCn1ccnn1,0.2582
qm9_cn_subset:3438,CC1C=CC2NC12,0.245
qm9_cn_subset:126867,CCN=c1cn[nH]nc1,0.1732
qm9_cn_subset:18136,CC1C2CC(C#N)N12,0.2597
qm9_cn_subset:129391,N=C(N)c1n[nH]nc1N,0.2003
qm9_cn_subset:19984,C#CC1NC1C1CC1,0.279
qm9_cn_subset:36273,N#CCC1C2C3CC3N12,0.2619
qm9_cn_subset:82824,CC1N2CC3CC1(C)C32,0.2835
qm9_cn_subset:61344,CC(C#N)NC(=N)C#N,0.2146
qm9_cn_subset:96387,CC1CCCCC1C#N,0.3395
qm9_cn_subset:11091,N#CC1CC(C#N)C1,0.3194
qm9_cn_subset:79220,N#CC12CN3C(C1N)C32,0.2552
qm9_cn_subset:29923,C#Cc1c(N)ccn1C,0.1863
qm9_cn_subset:27895,Cc1nc(C)nc(N)n1,0.2255
qm9_cn_subset:71969,CC12CC3NC1(C#N)C32,0.2428
qm9_cn_subset:32205,CCc1cccnc1C,0.2275
qm9_cn_subset:41638,C1CC2C3C(=N1)N1C2C31,0.209
qm9_cn_subset:34104,N#CC12CN3C(CN1)C32,0.2517
qm9_cn_subset:64614,C#CC1(C)C=CC2NC21,0.2418
qm9_cn_subset:111525,CCN1C2CC3(CN3)C21,0.298
qm9_cn_subset:78961,CC1N2C3C4C3C1(C)C42,0.2963
qm9_cn_subset:26272,CC(C)c1ccncn1,0.2137
qm9_cn_subset:127365,Cn1cnn2cnnc12,0.2212
qm9_cn_subset:3714,CCc1cnn[nH]1,0.2525
qm9_cn_subset:24559,c1cncncc[nH]c1,0.1476
qm9_cn_subset:126167,CCC([NH3+])c1nn[n-]n1,0.2653
qm9_cn_subset:33671,N#CC12C3CCN1C2C3,0.2764
qm9_cn_subset:19128,N#CC1(C2CC2)CC1,0.2999
qm9_cn_subset:128893,N#CC1Cn2nccc21,0.2612
qm9_cn_subset:125324,Cc1cnn(C2CC2)c1,0.247
qm9_cn_subset:53039,CC#CC12CCC1N2C,0.2658
qm9_cn_subset:87441,CN1CC12C1C3CN1C32,0.3
qm9_cn_subset:80363,CC1C2CC(N)(C#N)C12,0.2946
qm9_cn_subset:128184,CNc1cn[nH]c(=N)c1,0.1532
qm9_cn_subset:69726,CC12CN1C1C3CC1C32,0.326
qm9_cn_subset:66960,CC12C(C#N)C3CC1N32,0.2791
qm9_cn_subset:128922,N#CCCn1cnnn1,0.262
qm9_cn_subset:105747,CCC1(C#N)CCCN1,0.2823
qm9_cn_subset:23956,C#Cc1cc[nH]c1C#N,0.1887
qm9_cn_subset:106334,CCC12CC(C#N)(C1)C2,0.3332
qm9_cn_subset:125285,CC1=Cc2ccnn2C1,0.1876
qm9_cn_subset:71714,CC12CC3N4C1C4C32C,0.2929
qm9_cn_subset:5682,C1=Cn2cncc2C1,0.202
qm9_cn_subset:33952,N#CC12CC1CN1CC12,0.261
qm9_cn_subset:123748,c1nnnn1C1CCC1,0.2659
qm9_cn_subset:121184,CCNC1CNC1C#N,0.2461
qm9_cn_subset:128939,N#CCNc1cc[nH]n1,0.2312
qm9_cn_subset:76807,CC1C(C)C23CN(C2)C13,0.2616
qm9_cn_subset:128934,N#CCNc1cn[nH]c1,0.2213
qm9_cn_subset:43603,N#CC1(C#N)CC(=N)N1,0.2432
qm9_cn_subset:107083,CCC12CC(C#N)N1C2,0.2694
qm9_cn_subset:124516,CC(C)c1c[nH]nc1N,0.2351
qm9_cn_subset:28975,C#Cc1ncccc1N,0.1735
qm9_cn_subset:28018,Cc1cc(CC#N)c[nH]1,0.2392
qm9_cn_subset:33487,N#CC1(C#N)CC2CN21,0.2475
qm9_cn_subset:70233,CC12C=C(C#N)CN1C2,0.1907
qm9_cn_subset:88359,N#C[C-](C#N)C1CC1[NH3+],0.2701
qm9_cn_subset:9049,C#CC(C)NCC#N,0.2626
qm9_cn_subset:109606,CCC1C(C)C1(N)C#N,0.287
qm9_cn_subset:124878,CC1(c2c[nH]nn2)CN1,0.2404
qm9_cn_subset:33462,N#CC1(C2CCC2)CC1,0.3139
qm9_cn_subset:21092,C#Cc1nnn(C)n1,0.2254
qm9_cn_subset:212,Cn1cccc1,0.2469
qm9_cn_subset:124190,CC#CCc1nc[nH]n1,0.2488
qm9_cn_subset:20364,c1nc(C2CC2)n[nH]1,0.2492
qm9_cn_subset:27620,C#Cc1cc(N)[nH]c1C,0.2047
qm9_cn_subset:116663,CCN=CN(C=N)C=N,0.2215
qm9_cn_subset:129686,Nc1cn[nH]c1C1CC1,0.2196
qm9_cn_subset:28882,Cc1c(N)cncc1N,0.1961
qm9_cn_subset:9961,CCC1(C)C(C)N1C,0.2886
qm9_cn_subset:9476,CC1(C#N)NCC1N,0.2748
qm9_cn_subset:37671,C1C2C3C4C(C5C3N25)N14,0.2893
qm9_cn_subset:86786,CC1CC(CC#N)N1C,0.2606
qm9_cn_subset:103233,CCC1(C)C2C3CC3N21,0.2771
qm9_cn_subset:5393,CNc1ccccn1,0.1924
qm9_cn_subset:2586,CCC1(C#N)CN1,0.2955
qm9_cn_subset:1997,CC(C)CN1CC1,0.3185
qm9_cn_subset:66853,CC12C3CC4C(C1C3)N42,0.3062
qm9_cn_subset:8546,CC12CC3CN(C1)C32,0.284
qm9_cn_subset:39941,C1=CC2(CN2)C2CN2C1,0.2376
qm9_cn_subset:119324,CCCC12C3C4C1N4C32,0.2777
qm9_cn_subset:80034,CN1C2C=CC1C2C#N,0.2142
qm9_cn_subset:62898,CC1(C)C2CN1C2C#N,0.2527
qm9_cn_subset:19354,CCC12CC1C1CN12,0.2896
qm9_cn_subset:74874,CC1=CC2CC2C2NC12,0.2414
qm9_cn_subset:58036,CC(C)C(C#N)C(C)C,0.3447
qm9_cn_subset:29569,Cc1c[nH]cc1C1CC1,0.2494
qm9_cn_subset:127938,CN=c1nc(N)cn[nH]1,0.1513
qm9_cn_subset:61243,CC1CC1N(C)CC#N,0.2621
qm9_cn_subset:33335,N#CC#CC1NC1C#N,0.2295
qm9_cn_subset:731,Cc1c[nH]nn1,0.2526
qm9_cn_subset:113940,CCC1CC1CN1CC1,0.3157
qm9_cn_subset:66873,CC12C3C=C4CN1C4C32,0.1769
qm9_cn_subset:78777,CC1C2C3C(N13)C2(C)C,0.3145
qm9_cn_subset:57130,C#CC#CC(C)C1CN1,0.2252
qm9_cn_subset:72347,C#CC1N2C=NCC12C,0.2293
qm9_cn_subset:27581,C#Cc1cccc(N)c1,0.1837
qm9_cn_subset:72303,CC12C3=NCC1(N)C2N3,0.1719
qm9_cn_subset:113598,C#CC#CC1NC1CC,0.2173
qm9_cn_subset:20992,Cc1nnc(C)n1C,0.262
qm9_cn_subset:126620,CCCn1ncc(N)n1,0.2197
qm9_cn_subset:59468,CC(C)C1NC1C1CN1,0.302
qm9_cn_subset:123790,c1n[nH]cc1NC1CC1,0.2153
qm9_cn_subset:72664,CC12CCC1(C#N)CC2,0.2965
qm9_cn_subset:126242,CCc1[nH]nnc1NC,0.2036
qm9_cn_subset:32643,CCc1cn(CC)cn1,0.2481
qm9_cn_subset:90631,CC1CC2C1C2(N)C#N,0.2969
qm9_cn_subset:84775,N#CC1(N)CC=CC1N,0.2447
qm9_cn_subset:86501,CC1CC(C#CC#N)C1,0.239
qm9_cn_subset:67561,CC12C3CC3N3C1CC32,0.3157
qm9_cn_subset:128182,CNc1cc(=N)nn[nH]1,0.1555
qm9_cn_subset:125931,CC1Cc2n[nH]cc2N1,0.2134
qm9_cn_subset:32575,CCn1c(N)ccc1N,0.2287
qm9_cn_subset:35383,N#CC1CC2C3CC2C13,0.3425
qm9_cn_subset:36274,N#CCC1C2C3CN3C12,0.2672
qm9_cn_subset:126541,CCCc1nc(C)n[nH]1,0.2655
qm9_cn_subset:35177,N#CC1NC12C1CC2N1,0.2586
qm9_cn_subset:73426,CC12CCC3C4C1C2N34,0.2797
qm9_cn_subset:4696,N#Cc1cnc(N)[nH]1,0.1989
qm9_cn_subset:124421,CC(C#N)c1ncn[nH]1,0.269
qm9_cn_subset:3038,N#CCNC1CC1,0.2622
qm9_cn_subset:747,Cn1cnnc1,0.2659
qm9_cn_subset:43554,C#CC1C(=N)NC1C#N,0.2596
qm9_cn_subset:11030,CC1C=CC2(C)NC12,0.2441
qm9_cn_subset:39490,C1=CC2NC2CCCC1,0.2427
qm9_cn_subset:125874,CC1CC1c1ncn[nH]1,0.258
qm9_cn_subset:130427,N=c1[nH]ncnc1CN,0.1622
qm9_cn_subset:24421,c1cc2c([nH]1)CCCC2,0.2392
qm9_cn_subset:33466,N#CC1(C2CCC2)CN1,0.2853
qm9_cn_subset:67485,CC12C3CC3N1C2C#N,0.2427
qm9_cn_subset:58755,CC(C)C12CN(C1)C2C,0.292
qm9_cn_subset:120573,CCCC1CC1(C)C#N,0.3149
qm9_cn_subset:125040,C#Cc1n[nH]c(N)c1C,0.212
qm9_cn_subset:14495,CC1(C#N)C2CN1C2,0.2602
qm9_cn_subset:92382,CC1CC2NCC12C#N,0.2581
qm9_cn_subset:35273,C#CC1NC1CC1CC1,0.28
qm9_cn_subset:13004,CC1=CCC2NC12C,0.2493
qm9_cn_subset:35374,N#CC1NC2C3NC1C23,0.2618
qm9_cn_subset:24488,C1=Cc2cncnc2C1,0.1979
qm9_cn_subset:88680,CC1CC1N1CC1(C)C,0.3062
qm9_cn_subset:17500,CC12NC1C1NC12C,0.2696
qm9_cn_subset:126149,CCC(C)c1cc[nH]n1,0.2667
qm9_cn_subset:71420,CC12CN3C(C#N)C1C32,0.2645
qm9_cn_subset:27227,Cc1ccn2c1CC=C2,0.1969
qm9_cn_subset:21061,Cn1ncc(=N)nn1,0.1695
qm9_cn_subset:33554,C#CC1(C#C)CNC=N1,0.2479
qm9_cn_subset:33595,N#CC12C3NC4C3C1C42,0.2595
qm9_cn_subset:99608,CNC(C#N)C1(C)CN1,0.2729
qm9_cn_subset:24657,c1cnc(C2CN2)cn1,0.1962
qm9_cn_subset:35652,C#CC1=NC(C#C)CN1,0.2033
qm9_cn_subset:4771,CCc1cc(C)c[nH]1,0.241
qm9_cn_subset:123919,C1CNc2n[nH]nc2N1,0.209
qm9_cn_subset:97012,C#CC1=NCC(=NC)N1,0.1857
qm9_cn_subset:33859,N#CC12CC1C1CC1N2,0.2609
qm9_cn_subset:77195,CC1C(C#N)NC1C#N,0.2608
qm9_cn_subset:19613,CC1C2C(C)N3C1C23,0.3207
qm9_cn_subset:24422,c1nc2c([nH]1)CCCC2,0.2419
qm9_cn_subset:36215,N#CCC1=CC2CN2C1,0.2217
qm9_cn_subset:13315,N#CCC1CCCC1,0.3502
qm9_cn_subset:126790,CCn1ncc(C#N)n1,0.2344
qm9_cn_subset:56417,N#CCC#CC(N)C#N,0.2727
qm9_cn_subset:88705,CC1NC1C1NC1C#N,0.2707
qm9_cn_subset:35431,N#CC1CC2CC(C2)N1,0.2572
qm9_cn_subset:24160,c1nc(NC2CC2)c[nH]1,0.2209
qm9_cn_subset:105052,CCC1(C2(C)CN2)CN1,0.3035
qm9_cn_subset:123648,c1[nH]nc2c1CC1NC21,0.2501
qm9_cn_subset:129609,C#CCc1[nH]nnc1N,0.2204
qm9_cn_subset:24557,c1cc[nH]cncnc1,0.1925
qm9_cn_subset:5615,CCc1c[nH]cc1N,0.2314
qm9_cn_subset:28657,N#Cc1cnc(N)nc1,0.1929
qm9_cn_subset:2877,N#CC1CC=CC1,0.2663
qm9_cn_subset:73171,CC12NCC1NC2C#N,0.252
qm9_cn_subset:722,c1cnnnc1,0.186
qm9_cn_subset:103853,CCC1(C)CN1C1CC1,0.3064
qm9_cn_subset:30816,CCc1[nH]c(C)cc1N,0.217
qm9_cn_subset:127809,Cn1nnn2ncnc12,0.2209
qm9_cn_subset:53019,CC#CC12CC3C(C1)N32,0.2637
qm9_cn_subset:125444,Cc1nc(N)n[nH]c1=N,0.1407
qm9_cn_subset:66331,N#CC1(N)C=CCCC1,0.2462
qm9_cn_subset:105954,CCC12C3C1N1C3C12C,0.2745
qm9_cn_subset:34591,N#CC1=NCC2(CC2)N1,0.1888
qm9_cn_subset:13303,N#CCN1CC=CC1,0.2348
qm9_cn_subset:71219,CC12C=CC3CN1C3C2,0.2236
qm9_cn_subset:10620,CC1NC1(C#N)CN,0.2691
qm9_cn_subset:37114,C1=CC23NC2(C1)C1NC13,0.2487
qm9_cn_subset:66101,CC1(C#N)CCN2CC21,0.2818
qm9_cn_subset:17747,CC12CN3C4C(C41)C32,0.2948
qm9_cn_subset:13643,CC#CCN1CC1C,0.2687
qm9_cn_subset:92919,CC1CC=CC(C#N)C1,0.2647
qm9_cn_subset:99410,C#CCN=C(C#N)NC,0.2026
qm9_cn_subset:38435,C1=CC2(CC1)CC1NC12,0.2492
qm9_cn_subset:123284,C#CC#Cc1cn[nH]n1,0.189
qm9_cn_subset:24095,N#CCCc1cc[nH]c1,0.2495
qm9_cn_subset:24655,c1cc(C2CN2)ccn1,0.2273
qm9_cn_subset:8343,N#CCC12CC(C1)N2,0.2812
qm9_cn_subset:11227,N#CC1CNC(N)=N1,0.2604
qm9_cn_subset:4340,Cc1cccc(C)n1,0.224
qm9_cn_subset:5209,CC#Cc1ncc[nH]1,0.2034
qm9_cn_subset:124881,CC1(c2ncn[nH]2)CN1,0.2594
qm9_cn_subset:15233,C#CC1C(C)N1CC,0.2568
qm9_cn_subset:26978,Cc1[nH]cnc1CC#N,0.2448
qm9_cn_subset:78725,CN1C2CC3(C#N)C2C13,0.2477
qm9_cn_subset:18200,N#CC1CCC2CN12,0.2778
qm9_cn_subset:126498,CCC1Cc2ncnn21,0.2737
qm9_cn_subset:127882,CN=c1nc[nH]nc1N,0.1852
qm9_cn_subset:39592,C1=NCC2=NCCCN12,0.2129
qm9_cn_subset:27160,Nc1cc[nH]c1C1CN1,0.2214
qm9_cn_subset:4964,Cc1ccncc1C,0.2302
qm9_cn_subset:127924,CN=c1cnc(C)n[nH]1,0.151
qm9_cn_subset:35330,N#CC1CC2(CCC2)C1,0.3218
qm9_cn_subset:15150,CC#CC#CC1CN1,0.2087
qm9_cn_subset:17228,N#CC12CN3CC1C32,0.2619
qm9_cn_subset:99796,CC#CC(C)(C#N)CC,0.2847
qm9_cn_subset:3306,N#CC1CN2CC12,0.2772
qm9_cn_subset:24026,C#CCc1cccnc1,0.2287
qm9_cn_subset:64680,C#CCC1(C)CC1C#N,0.2915
qm9_cn_subset:10135,C#CC(C#N)CCC,0.2986
qm9_cn_subset:85745,CC1NC(C#N)C2CC12,0.275
qm9_cn_subset:88472,CN1CC1C1(C)CCC1,0.296
qm9_cn_subset:39939,C1=CC2(CN2)C2NC2C1,0.2499
qm9_cn_subset:26043,N#CC(N)c1ccc[nH]1,0.2246
qm9_cn_subset:27416,Cc1ncccc(=N)n1,0.1599
qm9_cn_subset:122241,CCCNC1(C#N)CC1,0.2669
qm9_cn_subset:13539,CC(C#N)C1NC1C,0.3008
qm9_cn_subset:32382,C#Cc1nc(NC)c[nH]1,0.1733
qm9_cn_subset:77378,CC1C2(C)CN3C2C13C,0.3104
qm9_cn_subset:36838,C1CC1CC12CN(C1)C2,0.3044
qm9_cn_subset:83207,CC1C2CNC(C#N)C12,0.2722
qm9_cn_subset:67880,CC12C=CCN3C1CC32,0.2279
qm9_cn_subset:127222,Cn1cc(C#N)c(N)n1,0.2076
qm9_cn_subset:104506,C#CCC1(CC)CN1C,0.2798
qm9_cn_subset:56501,C#CC(C)C(C)(N)C#N,0.2896
qm9_cn_subset:79091,CC1N2C3C=CC2C13C,0.207
qm9_cn_subset:201,Cc1cc[nH]c1,0.2515
qm9_cn_subset:34528,N#CC1=CC2C=CC1C2,0.192
qm9_cn_subset:118380,CNCC(C#N)CC#N,0.2567
qm9_cn_subset:24067,N#CCCc1cnc[nH]1,0.2442
qm9_cn_subset:67848,CC12C=CCC1C2C#N,0.2471
qm9_cn_subset:113706,CCN1CC1C(C)(C)C,0.2914
qm9_cn_subset:19906,CCC1C2C3CN3C12,0.2842
qm9_cn_subset:27573,C#Cc1ccnc(C)n1,0.1906
qm9_cn_subset:33775,N#CC12C=CCC(C1)C2,0.2489
qm9_cn_subset:92946,N#CC1(N)C=CCC1N,0.2395
qm9_cn_subset:11705,C#CC12CC(C)C1N2,0.2543
qm9_cn_subset:25669,CC#Cc1nccn1C,0.2014
qm9_cn_subset:5650,C1=Cc2[nH]ccc2C1,0.1797
qm9_cn_subset:126443,CCc1n[nH]nc1CC,0.2495
qm9_cn_subset:45643,N=C1CN=C2C3CC3N12,0.2215
qm9_cn_subset:34277,N#CC12CN=C3NC1C32,0.1706
qm9_cn_subset:126010,CC1CNc2nn[nH]c21,0.201
qm9_cn_subset:127581,Cc1cnn(C)c(=N)c1,0.1574
qm9_cn_subset:20666,C#Cc1n[nH]cc1C,0.2241
qm9_cn_subset:110542,CCC1C2CC3C1N3C2,0.3185
qm9_cn_subset:94915,CN1CCC2C(C#N)C21,0.2456
qm9_cn_subset:29459,Nc1c[nH]c2[nH]ccc12,0.2177
qm9_cn_subset:102202,CCN(CC#N)CC#N,0.2466
qm9_cn_subset:30134,CC1NC1c1cc[nH]c1,0.2458
qm9_cn_subset:15121,N#CCNCC1CN1,0.2717
qm9_cn_subset:66822,CC12C3=CC4C(C1C3)N42,0.1751
qm9_cn_subset:11775,N#CC12CCN(C1)C2,0.2695
qm9_cn_subset:37264,C1C2C1C1C3C2C2C1N32,0.3192
qm9_cn_subset:36112,N#CCC12NC1C1CC12,0.2472
qm9_cn_subset:63594,CC1(C)CC1C#CC#N,0.2239
qm9_cn_subset:15926,N#CC12CCN1CC2,0.2399
qm9_cn_subset:94760,CN1CCC2(C#N)CC12,0.2563
qm9_cn_subset:62599,CC1(C)C2C3C4C2N4C31,0.3035
qm9_cn_subset:37655,C1C2C3C4C3C3C2N3C14,0.3071
qm9_cn_subset:766,Nc1cc[nH]n1,0.2353
qm9_cn_subset:95106,CN1CCC2CC21C#N,0.2456
qm9_cn_subset:114289,C#CC1C2C(CC)CN12,0.26
qm9_cn_subset:126304,CCc1cc(N)nn1C,0.2249
qm9_cn_subset:14837,CCC1CCC1C#N,0.3295
qm9_cn_subset:60347,CC(C)CCC(N)C#N,0.2976
qm9_cn_subset:83544,CN1C2CCC1C21CN1,0.2863
qm9_cn_subset:95908,CC1CCCC1(N)C#N,0.2865
qm9_cn_subset:4568,Cc1cnc(C)nc1,0.2069
qm9_cn_subset:128913,N#CCCc1cn[nH]n1,0.2577
qm9_cn_subset:103022,CCC1(C#N)C2CC1N2,0.2738
qm9_cn_subset:24314,c1nc2n3c1CCC3C2,0.185
qm9_cn_subset:127148,CN(C)Cc1c[nH]nn1,0.2185
qm9_cn_subset:20289,C12C3C4C5C(C1N54)N23,0.2604
qm9_cn_subset:29765,Cn1cc(N)c(C#N)c1,0.1994
qm9_cn_subset:32581,CCn1cc(C)c(C)c1,0.2451
qm9_cn_subset:6881,CN1C(C#N)C1(C)C,0.26
qm9_cn_subset:103234,CCC1(C)C2C3CN3C21,0.2797
qm9_cn_subset:56931,C#CC1NC1C(C)C#N,0.2852
qm9_cn_subset:36470,C#CCC1NCC1C#N,0.2647
qm9_cn_subset:35271,C#CC1CN1CC1CN1,0.2615
qm9_cn_subset:28634,C#Cc1ccc(C)cn1,0.1965
qm9_cn_subset:36570,C#CCNC(C#C)C#N,0.2558
qm9_cn_subset:13651,CN1CC1C#CC#N,0.2032
qm9_cn_subset:125918,Cc1cc2n(n1)C(C)C2,0.2622
qm9_cn_subset:20240,C1C2C3CC4C1N4C23,0.3202
qm9_cn_subset:24003,N#Cc1ccc2n1CC2,0.2084
qm9_cn_subset:113793,CCN1CC1C1(C)CC1,0.3032
qm9_cn_subset:128233,CNc1c[nH]nc1NC,0.2259
qm9_cn_subset:33400,N#C[C-](C#N)C1C[NH2+]C1,0.1539
qm9_cn_subset:33568,C#CC1(C#N)CCCN1,0.2557
qm9_cn_subset:127476,Cn1nc(N)c(N)c1N,0.2137
qm9_cn_subset:62897,C#CC1C2CN1C2(C)C,0.2526
qm9_cn_subset:79217,C#CC12CC3C(C31)N2C,0.2414
qm9_cn_subset:2004,C#CC12CN(C1)C2,0.2782
qm9_cn_subset:123535,c1ncc2ncnn2n1,0.1956
qm9_cn_subset:123523,c1cnc2ncnn2c1,0.192
qm9_cn_subset:20891,CCn1cc(C)nn1,0.2493
qm9_cn_subset:34539,N#CC1=CC2CN2CC1,0.1897
qm9_cn_subset:24006,C#Cc1c[nH]cc1C#C,0.2162
qm9_cn_subset:130193,Nc1n[nH]c2nccn12,0.214
qm9_cn_subset:35077,N#CC1N=C2CC3C1N23,0.1941
qm9_cn_subset:24846,N=c1nccnc(=N)[nH]1,0.1376
qm9_cn_subset:26463,CC1(C)Cc2cncn21,0.2574
qm9_cn_subset:40731,C1C2CC(N3CC3)CC12,0.3135
qm9_cn_subset:25101,N=c1cnc(=N)[nH]cn1,0.1721
qm9_cn_subset:130433,N#Cc1nc(C[NH3+])n[n-]1,0.2379
qm9_cn_subset:37079,C1=C2CC3=CC1N1C2C31,0.0835
qm9_cn_subset:53131,CC#CC1C2C3CC3N12,0.2445
qm9_cn_subset:30767,CCc1ccn(C)c1N,0.2366
qm9_cn_subset:64685,C#CC1CC1(C)CC#N,0.2717
qm9_cn_subset:78691,CN1C2C3C1C2C3(C)C,0.2884
qm9_cn_subset:36187,N#CCC12CC3CC1C32,0.2973
qm9_cn_subset:33707,C#CC12C=CC3CN1C32,0.2208
qm9_cn_subset:1179,CNC(C)(C)C#N,0.2745
qm9_cn_subset:69428,CC12CCC(C#N)C1C2,0.3135
qm9_cn_subset:121780,C[NH2+]CC[C-](C#N)C#N,0.0995
qm9_cn_subset:128279,CNc1ncn[nH]c1=N,0.1739
qm9_cn_subset:35549,N#CC1CC2CCC2N1,0.2672
qm9_cn_subset:52745,C#CCC(C#N)C#CC,0.2798
qm9_cn_subset:88949,CC1CN1CC(C)(C)C,0.2998
qm9_cn_subset:84389,CC1N=CN(C)C1C#N,0.2331
qm9_cn_subset:11703,C#CC12CC(C)N1C2,0.2536
qm9_cn_subset:36576,C#CC1(NCC#N)CC1,0.2566
qm9_cn_subset:38611,C1C2C3N2CCC32CC12,0.3057
qm9_cn_subset:20628,Cc1nnn2c1CC2,0.2512
qm9_cn_subset:87149,CN1CC1(C)C1(C)CC1,0.305
qm9_cn_subset:5347,N#Cc1ccccc1,0.2156
qm9_cn_subset:129237,N=c1[nH]nnn1C1CC1,0.1934
qm9_cn_subset:10579,CN1CC1(C#N)C#N,0.2544
qm9_cn_subset:103528,CCC1(C)N=CNC1=N,0.2299
qm9_cn_subset:10536,CCCC1(C#N)CC1,0.3201
qm9_cn_subset:89434,CC1CC2(C)CC3C2N13,0.3201
qm9_cn_subset:127624,Cn1ncc2cc[nH]c21,0.2218
qm9_cn_subset:125844,CC1c2cnnn2C1C,0.2602
qm9_cn_subset:20887,CCCn1nccn1,0.2567
qm9_cn_subset:84805,CC1C=CCC1N1CC1,0.2584
qm9_cn_subset:87433,CC1CC12C1C3CN1C32,0.307
qm9_cn_subset:29062,N=c1ncncnc1N,0.1756
qm9_cn_subset:35369,N#CC1CC2C3CC1N23,0.28
qm9_cn_subset:87514,CN1CC12C1C=CC2N1,0.222
qm9_cn_subset:90183,CC1CC23CC4C2N1C43,0.301
qm9_cn_subset:26379,CC(C)Cc1ccc[nH]1,0.2414
qm9_cn_subset:75265,CC1=CCC2C(C#N)C12,0.2443
qm9_cn_subset:33666,C#CC12C3CCN1CC32,0.2591
qm9_cn_subset:127574,Cc1c(C#N)cnn1C,0.2378
qm9_cn_subset:124625,CC(C)Nc1ccn[nH]1,0.2372
qm9_cn_subset:114568,C#CC12CN1CC2CC,0.2509
qm9_cn_subset:125242,C#CCc1cc(C)[nH]n1,0.2559
qm9_cn_subset:3549,CC1C2CN3C1C23,0.3195
qm9_cn_subset:123430,c1n[nH]cc1CC1CN1,0.2578
qm9_cn_subset:489,N#CCCC#N,0.3384
qm9_cn_subset:24465,c1cc2cc[nH]cc-2n1,0.1634
qm9_cn_subset:31817,CCc1ncc(N)cn1,0.19
qm9_cn_subset:20234,C1CC2C3C4C1N2C43,0.3032
qm9_cn_subset:119280,CCCC1(C#N)CCN1,0.268
qm9_cn_subset:52892,C#CC1(C#CC)NC1C,0.251
qm9_cn_subset:58311,CC(C)C(C)NCC#N,0.2667
qm9_cn_subset:123438,c1n[nH]nc1CC1CN1,0.2406
qm9_cn_subset:750,Cn1ncnn1,0.2662
qm9_cn_subset:123599,c1[nH]nc2c1C1CN2C1,0.2514
qm9_cn_subset:36442,N#CCN1CC2CCC21,0.2537
qm9_cn_subset:38553,C1=CC23NC2CC2C1C23,0.2085
qm9_cn_subset:34679,N#CC1C2C3CN(C3)C12,0.2679
qm9_cn_subset:13075,CC1CCC1CC#N,0.3381
qm9_cn_subset:19110,CN1C2C3C1C1C2N31,0.2891
qm9_cn_subset:5576,CNc1nc[nH]c1C,0.21
qm9_cn_subset:82340,CC1C(C#N)CN2CC12,0.2716
qm9_cn_subset:30337,CC1CCc2cccn21,0.244
qm9_cn_subset:21214,CNc1n[nH]nc1N,0.2099
qm9_cn_subset:92804,CC1CN=C2C1C1CN21,0.2456
qm9_cn_subset:68193,CC12CC(C1)C(C#N)N2,0.2738
qm9_cn_subset:71470,CC12CC3N1C3(C#N)C2,0.272
qm9_cn_subset:129766,Nc1nnn2c1C=CC2,0.1668
qm9_cn_subset:40852,C1CC2(C1)C1C3CN1C32,0.3077
qm9_cn_subset:12745,CC12CC1NC2C#N,0.2498
qm9_cn_subset:74255,N#CC1N=C(N)N2CC12,0.2632
qm9_cn_subset:76697,C#CCCN1C(C)C1C,0.275
qm9_cn_subset:5726,c1cn2c(n1)CCC2,0.2512
qm9_cn_subset:28779,Nc1ccc2n1C=CC2,0.1894
qm9_cn_subset:38015,C1C2N=C3NC4C3N1C24,0.152
qm9_cn_subset:91835,CC1CC2NC2(C#N)C1,0.2767
qm9_cn_subset:49687,N#CC12CCC1N2C=N,0.2321
qm9_cn_subset:89694,CC1CC2(C#N)CN1C2,0.2691
qm9_cn_subset:67837,CC12C=CCC1C1NC12,0.2552
qm9_cn_subset:33655,N#CC12C3CC1CN2C3,0.2345
qm9_cn_subset:27632,C#Cc1cc(C)[nH]c1C,0.2111
qm9_cn_subset:20275,C1C2C1C1C3CN1C23,0.3125
qm9_cn_subset:71844,CC12CC3C=CC1CN32,0.2223
qm9_cn_subset:20315,C#CCc1cn[nH]c1,0.26
qm9_cn_subset:85827,CC1N(C)CC1(C)C#N,0.2609
qm9_cn_subset:114925,CCC1CC=C(C#N)C1,0.22
qm9_cn_subset:20978,CN(C)c1nn[nH]n1,0.198
qm9_cn_subset:42488,N#CCCNC(=N)C#N,0.2126
qm9_cn_subset:37673,C1C2C3C4C5C(C1N45)N23,0.2844
qm9_cn_subset:19078,CC1C2C1N1C(C)C21,0.2748
qm9_cn_subset:90508,CC1CC2C(CC#N)N12,0.2747
qm9_cn_subset:62315,C#CC1(C)C2C3CN3C21,0.2556
qm9_cn_subset:24580,c1c[nH]c(C2CCC2)c1,0.2389
qm9_cn_subset:37690,C1=CC2C3CN2C2C1C32,0.2283
qm9_cn_subset:15280,C#CCC1CC1C#N,0.2912
qm9_cn_subset:103049,CNC1(C#N)C2CCC21,0.2588
qm9_cn_subset:24305,c1nc2c3n1CC3CC2,0.187
qm9_cn_subset:113794,CCN1CC1C1(C)CN1,0.3021
qm9_cn_subset:107704,CCC12NC3(C)C1NC32,0.292
qm9_cn_subset:34003,N#CC12CC=CCN1C2,0.2541
qm9_cn_subset:86067,CC1=C(C#N)CN(C)C1,0.1829
qm9_cn_subset:3496,C#CC1C2CN1C2,0.2571
qm9_cn_subset:119017,CCCC1(CC#N)CC1,0.32
qm9_cn_subset:69439,CC12CCC(C#N)N1C2,0.2801
qm9_cn_subset:15965,N#CC1NCC12CN2,0.2606
qm9_cn_subset:56629,C#CC(C)C1(C)CN1C,0.2726
qm9_cn_subset:18911,CC12C3C4CN1C2C43,0.3018
qm9_cn_subset:6439,CC1CC(C)(C#N)N1,0.2712
qm9_cn_subset:20993,Cn1c(N)nnc1N,0.2479
qm9_cn_subset:109341,CCC1=CCCC2NC12,0.2478
qm9_cn_subset:31637,CCc1cn(C)c(C)n1,0.241
qm9_cn_subset:106073,CCC12C3=CCN1C2C3,0.1649
qm9_cn_subset:75396,CC1=CCC=CC2NC12,0.2299
qm9_cn_subset:39749,C1CN2C3C1C1(CN1)C32,0.2997
qm9_cn_subset:4726,C#Cc1cc(N)c[nH]1,0.184
qm9_cn_subset:29756,CC1C2c3cccn3C12,0.2207
qm9_cn_subset:24307,c1nc2c3n1CC3CN2,0.1737
qm9_cn_subset:16289,N#CC12NC1CC2N,0.2501
qm9_cn_subset:84601,CC1C=CC2NC12C#N,0.2432
qm9_cn_subset:17150,N#CC12CC3C1CN32,0.2558
qm9_cn_subset:25673,CC#Cc1cnccn1,0.1869
qm9_cn_subset:89435,CC1CC2(C)CN3C1C32,0.3029
qm9_cn_subset:77023,C#CCC1C(C#N)N1C,0.2591
qm9_cn_subset:85744,CC1CC(C#N)N2CC12,0.2768
qm9_cn_subset:19234,C#CC1C(C)C2NC12,0.2806
qm9_cn_subset:119279,CCCC1(C#N)CCC1,0.3324
qm9_cn_subset:113316,C#CC1(CC)NC1CC,0.2744
qm9_cn_subset:35406,N#CC1CN2C3CC3C12,0.2576
qm9_cn_subset:32380,C#Cc1cc(NC)c[nH]1,0.1818
qm9_cn_subset:85686,CC1CC(C#N)C12CN2,0.2863
qm9_cn_subset:124456,CC(C)(C)n1ccnn1,0.2606
qm9_cn_subset:65165,CC1(N2CC2C#N)CC1,0.2594
qm9_cn_subset:124584,Cc1cnn(C(C)C)c1,0.2562
qm9_cn_subset:105123,C#CC1NC1(C#C)CC,0.2544
qm9_cn_subset:125640,Cc1n[nH]c2[nH]ccc12,0.2239
qm9_cn_subset:34677,N#CC1C2C3CC(C3)C12,0.3086
qm9_cn_subset:127108,Cc1n[nH]c(N(C)C)n1,0.2455
qm9_cn_subset:72902,CC12CCC1C1CN1C2,0.3025
qm9_cn_subset:111360,CCC1C(C#N)C2CC12,0.3055
qm9_cn_subset:66737,CC12C3=NCC1C1C2N31,0.1518
qm9_cn_subset:67642,CC12C3CC4CN(C41)C32,0.2848
qm9_cn_subset:34410,N#CC12CCCN1CC2,0.2547
qm9_cn_subset:95926,CN1CCCC1(C)C#N,0.2687
qm9_cn_subset:35523,N#CC1NC2CCC1C2,0.2741
qm9_cn_subset:123354,C#CCCn1cccn1,0.259
qm9_cn_subset:103096,CCC1(C)C(C)C1C#N,0.3084
qm9_cn_subset:58657,CC(N)C1(C#N)CN1C,0.2716
qm9_cn_subset:30766,CCc1ncn(C)c1C,0.2429
qm9_cn_subset:5348,N#Cc1ccncc1,0.2032
qm9_cn_subset:58038,CC(C)C(C#N)N(C)C,0.2625
qm9_cn_subset:66967,N#CC1C2NC3C2C13N,0.251
qm9_cn_subset:62450,CC1(C#N)C2CCCC21,0.3138
qm9_cn_subset:100233,N#CCC(N)(C#N)CN,0.2785
qm9_cn_subset:126158,CCC(C)n1ccnn1,0.2603
qm9_cn_subset:38002,C1=C2CN3C2C3C2NC12,0.2079
qm9_cn_subset:30239,Cc1cn2c(n1)C(C)C2,0.2503
qm9_cn_subset:20407,C1Cc2n[nH]nc2C1,0.2423
qm9_cn_subset:36575,N#CCNC(C#N)C#N,0.2604
qm9_cn_subset:21372,c1nc2nn[nH]c2[nH]1,0.2188
qm9_cn_subset:127283,Cn1cc2c(n1)NCC2,0.2154
qm9_cn_subset:78926,CC1C2C3C1N1C2C31C,0.3098
qm9_cn_subset:698,N1C2C3NC2C13,0.2876
qm9_cn_subset:17568,CC12CC(C1)C1NC12,0.3103
qm9_cn_subset:126645,CCCNc1ccn[nH]1,0.2382
qm9_cn_subset:5693,c1cc2c([nH]1)NCC2,0.2252
qm9_cn_subset:90646,CN1CC2C1C2(N)C#N,0.245
qm9_cn_subset:28122,Nc1cc2c([nH]1)C=CC2,0.1725
qm9_cn_subset:4571,Cc1cnc(N)nc1,0.1924
qm9_cn_subset:120577,C#CC1(C)NC1CCC,0.2741
qm9_cn_subset:5042,N=c1cccncn1,0.1607
qm9_cn_subset:124859,CC1(c2cn[nH]n2)CC1,0.2375
qm9_cn_subset:90510,CC1CC2C1N2CC#N,0.285
qm9_cn_subset:109617,CCC1N(C)C1(C)C#N,0.2712
qm9_cn_subset:53486,CC#CCC(C)(C)C#N,0.2872
qm9_cn_subset:20746,Cc1n[nH]nnc1=N,0.1784
qm9_cn_subset:126716,CCc1cnn(CC)c1,0.2524
qm9_cn_subset:34827,N#CC1C2NC1C21CN1,0.2828
qm9_cn_subset:39853,C1C2C3CN2C1C31CC1,0.3113
qm9_cn_subset:127266,Cn1cc(N2CC2)nn1,0.2398
qm9_cn_subset:72314,NC12CN=C3NC1C32N,0.202
qm9_cn_subset:113786,CCC1NC1C1(C)CN1,0.2992
qm9_cn_subset:34172,N#CC12NC3C4C1N4C32,0.2447
qm9_cn_subset:91561,C#CCC12NC1CC2C,0.272
qm9_cn_subset:32571,CCn1c(C)ccc1C,0.2306
qm9_cn_subset:80499,C#CC12C(C)CC1N2C,0.2684
qm9_cn_subset:125254,Cc1cc(NC=N)n[nH]1,0.2183
qm9_cn_subset:24385,C1=NCc2[nH]ccc2N1,0.2053
qm9_cn_subset:126720,CCn1cc(N)c(C)n1,0.2218
qm9_cn_subset:1015,N#Cc1ncc[nH]1,0.2111
qm9_cn_subset:30647,CCC(C)c1ccc[nH]1,0.2429
qm9_cn_subset:33789,N#CC12CC(CCN1)C2,0.2625
qm9_cn_subset:129560,N#CC(N)c1c[nH]nn1,0.2469
qm9_cn_subset:29904,Cn1ccc(N2CC2)c1,0.2276
qm9_cn_subset:127694,Cn1nnc(=N)[nH]c1=N,0.1832
qm9_cn_subset:58933,CC(C)C12CC3CC1N32,0.3215
qm9_cn_subset:126800,CCn1ncc(N)c1N,0.2359
qm9_cn_subset:96608,CN=C(C#N)N1CC1C,0.2019
qm9_cn_subset:37377,C1C2C3CC1N1CC1C23,0.3025
qm9_cn_subset:62595,CC1(C)C2C3C2N2C3C21,0.297
qm9_cn_subset:126690,CCN(C)c1nc[nH]n1,0.212
qm9_cn_subset:77992,C#CC12CC(C)C1N2C,0.2711
qm9_cn_subset:126353,CCc1nn[nH]c(=N)n1,0.1652
qm9_cn_subset:124947,Cc1[nH]ncc1C1CC1,0.2408
qm9_cn_subset:72184,CC12CN3CC4C(C31)N42,0.2735
qm9_cn_subset:66222,CC1(CNCC#N)CN1,0.2707
qm9_cn_subset:87875,CC1NC12CN1CCC12,0.2778
qm9_cn_subset:9789,CC1(C(N)C#N)CN1,0.2867
qm9_cn_subset:25709,CC#CCc1c[nH]cn1,0.2526
qm9_cn_subset:124119,CC#Cc1cn[nH]c1N,0.2203
qm9_cn_subset:128909,N#CCCc1ncn[nH]1,0.2666
qm9_cn_subset:38228,C1CC23CC(C2)C2C3N12,0.249
qm9_cn_subset:61343,C#CC(C)NC(=N)C#N,0.21
qm9_cn_subset:96743,C#CCNC(C#N)=NC,0.2053
qm9_cn_subset:107558,CCC12NC1CC=C2C,0.249
qm9_cn_subset:21027,Cc1nn(C)nc1N,0.2188
qm9_cn_subset:10272,CN=C(C#N)N(C)C,0.1924
qm9_cn_subset:29804,Cn1cc(N)cc1C#N,0.1812
qm9_cn_subset:63108,CC1(C)C2NCC21C#N,0.2508
qm9_cn_subset:105725,N#CC1(CN)C=CCN1,0.2316
qm9_cn_subset:33745,N#CC12CN(C1)C1CC12,0.2618
qm9_cn_subset:5391,CNc1cnccn1,0.1793
qm9_cn_subset:103705,C#CC1(C)NC1(C)CC,0.2699
qm9_cn_subset:109115,CN1C(=N)CN=C1CN,0.2213
qm9_cn_subset:58059,CN(C)C(C#N)C1CC1,0.2645
qm9_cn_subset:20724,Cc1n[nH]c(C)c1N,0.2328
qm9_cn_subset:36399,N#CCC1CC2(CC2)C1,0.3106
qm9_cn_subset:80373,CN1C2CC(C)(C#N)C21,0.2738
qm9_cn_subset:129370,N=C(N)c1nn[nH]c1N,0.2144
qm9_cn_subset:26768,Cc1[nH]c(C#N)cc1N,0.1824
qm9_cn_subset:41768,C1=NC2CCC2N=CN1,0.2181
qm9_cn_subset:35113,N#CC1C=CCC2CC12,0.2652
qm9_cn_subset:59693,CN(C)C1CCC1C#N,0.2555
qm9_cn_subset:20965,CN(C)c1ccn[nH]1,0.2344
qm9_cn_subset:24017,N#CC1Cc2nccn21,0.2273
qm9_cn_subset:126656,CCCNc1nc[nH]n1,0.2245
qm9_cn_subset:61599,CC(C#N)CC1CC1C,0.3191
qm9_cn_subset:14563,C#CC#CC#CC#N,0.1661
qm9_cn_subset:81496,CC1C2CC1C2(N)C#N,0.2932
qm9_cn_subset:40277,C1=CC2(CCCC1)CN2,0.2369
qm9_cn_subset:75029,CC1=CC=CC2NC2C1,0.1948
qm9_cn_subset:130016,NC1=Nc2n[nH]nc2C1,0.2068
qm9_cn_subset:20344,C1=Cc2cnnn2C1,0.1932
qm9_cn_subset:124184,CC#CCc1c[nH]nn1,0.2473
qm9_cn_subset:116522,CCN=C(C#N)N1CC1,0.2065
qm9_cn_subset:128098,CNc1cnn(C)c1C,0.2146
qm9_cn_subset:71311,CC12CC3C1C(C#N)N32,0.2612
qm9_cn_subset:97712,CCC#CC12CN(C1)C2,0.2773
qm9_cn_subset:19231,CC1C(C#N)C2CC12,0.3078
qm9_cn_subset:6878,CC1C(C#N)C1(C)C,0.3093
qm9_cn_subset:90579,CC1CN2C(=N)CN=C12,0.2205
qm9_cn_subset:66113,N#CC1(N)CCC2CC21,0.2952
qm9_cn_subset:24014,C#CC1Cc2nccn21,0.2321
qm9_cn_subset:26035,CC(C#N)c1cnc[nH]1,0.2493
qm9_cn_subset:37684,C1C2C3C4C5CC1(C24)N53,0.2968
qm9_cn_subset:5043,N=c1ccnccn1,0.1491
qm9_cn_subset:126872,CCN=c1nc[nH]nn1,0.165
qm9_cn_subset:99438,CNC(C#N)C#CC#N,0.2103
qm9_cn_subset:21029,Cc1cc(C)n(C)n1,0.2572
qm9_cn_subset:4584,Nc1cnc(N)cn1,0.1612
qm9_cn_subset:36424,N#CCN1CC2CC2C1,0.2597
qm9_cn_subset:38039,C1=C2CCCC2C2NC12,0.2376
qm9_cn_subset:2316,CN1CC1CC#N,0.2717
qm9_cn_subset:11509,CC(C#N)NC1CC1,0.2595
qm9_cn_subset:36412,N#CCN1CC2CC1C2,0.2563
qm9_cn_subset:26285,CN(C)c1cccnc1,0.1869
qm9_cn_subset:73835,CC1=C(C)C2NC2CC1,0.2381
qm9_cn_subset:62662,CC1(C)C2C1C1(C)CN21,0.2831
qm9_cn_subset:34142,C#CC12CN3C1CCC32,0.2745
qm9_cn_subset:23960,N#Cc1cc[nH]c1C#N,0.1947
qm9_cn_subset:87738,CC1CC12CC(C#N)C2,0.3089
qm9_cn_subset:130174,Nc1n[nH]c2c1CC=C2,0.1838
qm9_cn_subset:28982,C#Cc1cccnc1N,0.1754
qm9_cn_subset:20222,C1=CC2C3C1C1C3N21,0.2321
qm9_cn_subset:33289,N#CC#CC12CC(C1)C2,0.2373
qm9_cn_subset:17219,C#CC12CC3CN1C32,0.2692
qm9_cn_subset:128977,c1cc2cc[nH]nc-2n1,0.1515
qm9_cn_subset:123788,c1nn[nH]c1NC1CC1,0.2303
qm9_cn_subset:26401,CN(C)Cc1ncc[nH]1,0.2475
qm9_cn_subset:7889,CC1=NC(C)C(=N)N1,0.2306
qm9_cn_subset:28284,Nc1cc2n(c1)C1CC21,0.1981
qm9_cn_subset:71828,CC12N=CN3CC1(N)C32,0.2217
qm9_cn_subset:16753,CCC1=CC2NC2C1,0.2425
qm9_cn_subset:58195,CC(C)C(C)C(N)C#N,0.2819
qm9_cn_subset:124521,Cc1n[nH]c(C(C)C)n1,0.2655
qm9_cn_subset:36993,C1=C2C3C4C1C1C2C3N41,0.1035
qm9_cn_subset:20365,c1n[nH]nc1C1CC1,0.2438
qm9_cn_subset:79663,N#CC12C(N)C1C1CN12,0.2405
qm9_cn_subset:112011,CCC1C=CC2NC12C,0.2407
qm9_cn_subset:3014,CCC(C)N1CC1,0.3188
qm9_cn_subset:17717,C1=CC23CC4C2C1N43,0.2115
qm9_cn_subset:34482,N#CC1=C2CC3C(C1)C23,0.1561
qm9_cn_subset:62778,CC1(C)C2NC(C#N)C21,0.2504
qm9_cn_subset:20786,CC1Cn2ncnc21,0.2735
qm9_cn_subset:127670,Cn1ncnc1CC#N,0.2597
qm9_cn_subset:33152,CCCn1cnc(C)c1,0.2483
qm9_cn_subset:78988,CC1C2C3C4N3C1C24C,0.3045
qm9_cn_subset:79201,CC1N2C3CC(C3)C12C,0.3041
qm9_cn_subset:33439,N#CC1(C#N)C2CC1N2,0.2559
qm9_cn_subset:62297,C#CC1(C)C2C3CN2C31,0.2775
qm9_cn_subset:105000,CCC1(C(C)C#N)CN1,0.2938
qm9_cn_subset:61485,N#CC(N)CC(N)C#N,0.2709
qm9_cn_subset:123575,c1nc2n(n1)C1CC1C2,0.2597
qm9_cn_subset:37841,C1=C2CC3N4CC3(C1)C24,0.1663
qm9_cn_subset:56576,CC(C#N)C(C)C1CN1,0.2825
qm9_cn_subset:103964,CCC1(C)CC2C1N2C,0.3018
qm9_cn_subset:103216,CCC1(C)C2C3CN2C31,0.307
qm9_cn_subset:43553,C#CC1NC(=N)C1C#N,0.2614
qm9_cn_subset:125863,CC1C=Cn2nccc21,0.2026
qm9_cn_subset:29763,Cc1cn(C)cc1C#N,0.2245
qm9_cn_subset:34275,N#CC12CC=C3CN1C32,0.1746
qm9_cn_subset:121537,CCCCC#CC1CN1,0.2671
qm9_cn_subset:15160,CCC#CCC1CN1,0.2947
qm9_cn_subset:68139,CC12CCC(C#N)(C1)N2,0.2789
qm9_cn_subset:35458,N#CC1NC2CC12C#N,0.2508
qm9_cn_subset:129193,N#Cc1ncc(=N)[nH]n1,0.1522
qm9_cn_subset:931,Cc1ccncc1,0.2312
qm9_cn_subset:124210,CC(=N)Nc1ncn[nH]1,0.2234
qm9_cn_subset:61105,C#CC(N)(C#N)CC#N,0.2682
qm9_cn_subset:10577,C#CC1(C#C)CN1C,0.2475
qm9_cn_subset:35760,N#CC1CCC2CN1C2,0.2538
qm9_cn_subset:4917,CNc1c[nH]c(C)n1,0.2163
qm9_cn_subset:20547,CC(C)c1nn[nH]n1,0.2615
qm9_cn_subset:125851,CC1C2c3ncnn3C12,0.2395
qm9_cn_subset:114563,CCC1CC2CC12C#N,0.2862
qm9_cn_subset:123791,c1[nH]nnc1NC1CC1,0.2104
qm9_cn_subset:31807,CCc1ccc(N)nc1,0.1953
qm9_cn_subset:68732,N#CC12CC1(N)C1CN12,0.1637
qm9_cn_subset:14806,C#CC1CNC1C#N,0.2607
qm9_cn_subset:129075,N=c1cn[nH]cnc1=N,0.1742
qm9_cn_subset:124966,C#CCc1[nH]ncc1C,0.2533
qm9_cn_subset:30363,CN1CCn2cccc21,0.2229
qm9_cn_subset:21038,Cn1nc(N)c(N)n1,0.2075
qm9_cn_subset:37663,C1C2C3C4C1C2N1C3C41,0.329
qm9_cn_subset:25198,N=c1ccnc[nH]c1=N,0.1698
qm9_cn_subset:130196,Nc1n[nH]c2nnnn12,0.209
qm9_cn_subset:37489,C1=C2C3CN4C2C(C1)C34,0.172
qm9_cn_subset:36798,N#CCCCCN1CC1,0.2773
qm9_cn_subset:82261,CC1C(C#N)=CC2CN21,0.1905
qm9_cn_subset:127811,Cn1nn[nH]c(=N)c1=N,0.1961
qm9_cn_subset:69867,CC12CN1C1CC12C#N,0.2493
qm9_cn_subset:11320,CN=C1CN=C(C)N1,0.2234
qm9_cn_subset:40493,C1CC1C12CC3CN1C32,0.3212
qm9_cn_subset:56404,N#CC(N)C#CC1CN1,0.2471
qm9_cn_subset:28294,Cc1cn2c(n1)CC=C2,0.1942
qm9_cn_subset:120044,CCCC1C2CN3C1C23,0.3163
qm9_cn_subset:113317,CCC1NC1(C#N)CC,0.2846
qm9_cn_subset:69103,N#CC12CC1(N)CCN2,0.251
qm9_cn_subset:21071,Cc1c(N)cnn1C,0.2274
qm9_cn_subset:30114,CN1CC1c1ccc[nH]1,0.2348
qm9_cn_subset:35765,N#CC1NCC2CC1N2,0.2569
qm9_cn_subset:53587,C#CC1NC1CC#CC,0.2712
qm9_cn_subset:33833,C#CC12CN1C1(CC1)C2,0.2545
qm9_cn_subset:32239,CNc1nccnc1C,0.1831
qm9_cn_subset:74256,N#CC1N=C(N)C2NC12,0.2532
qm9_cn_subset:41275,C1CC23CC4CC12CN43,0.2823
qm9_cn_subset:79208,CC1C2C3CC1(C#N)C32,0.2885
qm9_cn_subset:93630,CC1CCC(C#N)C1C,0.3349
qm9_cn_subset:15959,N#CC1CCC12CC2,0.3107
qm9_cn_subset:4567,Cc1cnc(C)cn1,0.1956
qm9_cn_subset:58816,CC(C)C12CC1C1NC12,0.2816
qm9_cn_subset:20383,c1n[nH]c2c1NCC2,0.2124
qm9_cn_subset:34550,N#CC1=CC2CC3C1C23,0.2021
qm9_cn_subset:81130,CN1C2CC1(CC#N)C2,0.2553
qm9_cn_subset:105656,N#CC1(CN)NCC1N,0.2642
qm9_cn_subset:68558,CC12C=CC(C1)C2C#N,0.2363
qm9_cn_subset:76021,CN1C(C#N)C1(C)C#N,0.2508
qm9_cn_subset:128974,c1cnc2n[nH]cc2n1,0.1707
qm9_cn_subset:125843,CC1c2ccnn2C1C,0.2657
qm9_cn_subset:58480,C#CC1NC1(C)C(C)C,0.2772
qm9_cn_subset:66018,C#CC1CCC1(C)C#N,0.286
qm9_cn_subset:35307,C#CC1NC2(C#N)CC12,0.2354
qm9_cn_subset:79654,CC1C2N3CC3C12C#N,0.2467
qm9_cn_subset:35387,N#CC1CN2C3CC2C13,0.2849
qm9_cn_subset:24473,c1nc2c[nH]cnc-2n1,0.1827
qm9_cn_subset:110531,CCC1C2CN3C1C23C,0.3132
qm9_cn_subset:124579,CC(C)Cn1cnnc1,0.2658
qm9_cn_subset:103423,CCC1(C)C(C)N2CC21,0.3016
qm9_cn_subset:127558,Cn1ncc(N2CC2)n1,0.2211
qm9_cn_subset:34165,N#CC12CC3C1C1C2N31,0.2606
qm9_cn_subset:62836,CC1(C)N2CC13CCC23,0.2569
qm9_cn_subset:19122,C#CC1(C2CC2)CN1,0.2752
qm9_cn_subset:87410,CC1CC12C1CC3C2N31,0.3105
qm9_cn_subset:24604,c1nc(C2CCC2)c[nH]1,0.2506
qm9_cn_subset:38548,C1=C2CC3CC4C1N4C23,0.208
qm9_cn_subset:78578,CC1C2C3C(C#N)C2N13,0.2711
qm9_cn_subset:126041,CC1NC1c1cnn[nH]1,0.2423
qm9_cn_subset:129762,Nc1nnn2c1C1CC12,0.1951
qm9_cn_subset:122691,CCCCN=C(N)C#N,0.2175
qm9_cn_subset:102311,CNC(C#N)CN(C)C,0.2607
qm9_cn_subset:123864,c1[nH]nc2c1CCCC2,0.2523
qm9_cn_subset:33885,N#CC12CN1C1CC2C1,0.2753
qm9_cn_subset:35485,N#CC1CC2CC3C1N23,0.2802
qm9_cn_subset:113736,CCN1CC1C(N)C#N,0.2533
qm9_cn_subset:67791,CC12C=CC3C4C3N1C42,0.2364
qm9_cn_subset:16722,N#CC1=NC2CC2N1,0.1978
qm9_cn_subset:61262,CC(CC#N)N1CCC1,0.2583
qm9_cn_subset:710,C1C2C1N1CC21,0.2917
qm9_cn_subset:65608,CC1(C#N)CC2CCC21,0.3213
qm9_cn_subset:64611,CC1(C#N)C=CC2CC21,0.2442
qm9_cn_subset:75268,C#CC1C2CN=C(C)N12,0.235
qm9_cn_subset:87075,CC1CC1(C)C#CC#N,0.2249
qm9_cn_subset:90894,CC1CN2C3CC1(C)C32,0.3095
qm9_cn_subset:37160,C1C2N1C1C3N4CC23C14,0.3064
qm9_cn_subset:21612,N=c1nc(N)nn[nH]1,0.1637
qm9_cn_subset:74898,CC1=CC2NC2CC=C1,0.2009
qm9_cn_subset:36076,C#CCC12C3CN1CC32,0.2738
qm9_cn_subset:19538,C#CC12C3CC1N2C3,0.257
qm9_cn_subset:40495,C1CC1C12CN3CC1C32,0.307
qm9_cn_subset:129900,C#Cc1ncc(N)nn1,0.1673
qm9_cn_subset:37596,C1C2CN3C4C1CC2C43,0.3149
qm9_cn_subset:33419,C#CC(C#N)CC1CC1,0.2949
qm9_cn_subset:37610,C1C2C3C4C1C1C2C3N41,0.2704
qm9_cn_subset:24835,N=c1nc[nH]cnc1=N,0.192
qm9_cn_subset:65350,CC1(C#N)CN1C1CC1,0.2781
qm9_cn_subset:57686,C#CC(C)(C)NCC#N,0.2667
qm9_cn_subset:28837,N=c1cncc(N)cn1,0.1481
qm9_cn_subset:66530,C#CC12C3C1N1C3C12C,0.2332
qm9_cn_subset:125530,Cc1nc2n(n1)C=CC2,0.2032
qm9_cn_subset:66485,CC12CC3C1C1(C)C2N31,0.3013
qm9_cn_subset:124865,CC1(n2cccn2)CC1,0.2611
qm9_cn_subset:69406,C#CC1C=CC2(C)CN12,0.2314
qm9_cn_subset:36101,C#CCC12NC1C1NC12,0.2454
qm9_cn_subset:126394,CCc1nn(C)cc1C,0.2496
qm9_cn_subset:34204,N#CC12CC3CC(N1)C32,0.2547
qm9_cn_subset:28433,Cc1ccc(N)cc1C,0.2043
qm9_cn_subset:20671,Cc1c[nH]nnc1=N,0.1699
qm9_cn_subset:53322,CC#CC1CC2C(C)N12,0.2613
qm9_cn_subset:106074,CCC12C3=CCC1N2C3,0.1729
qm9_cn_subset:59132,CC(C)N1C2C3CC2C31,0.2911
qm9_cn_subset:100621,C#CC(C#N)N(C)CC,0.2447
qm9_cn_subset:31878,C#Cc1ccc(CC)[nH]1,0.196
qm9_cn_subset:130089,Nc1cc2n(n1)CC=C2,0.1692
qm9_cn_subset:4959,Cc1ccccc1N,0.2095
qm9_cn_subset:39745,C1CC2N3C1C3C21CC1,0.309
qm9_cn_subset:29985,Cn1cnc2c1C=CC2,0.1823
qm9_cn_subset:122236,CCCCC1(C#N)CC1,0.3199
qm9_cn_subset:56505,CC(C#N)C(C)(C)C#N,0.3286
qm9_cn_subset:33567,C#CC1(C#N)CCCC1,0.2916
qm9_cn_subset:78862,CC1C2C3C1C1(CC1)N23,0.3168
qm9_cn_subset:71178,CC12CN3C(C1C#N)C32,0.272
qm9_cn_subset:67718,CC12C=C3CC4C3N1C42,0.1759
qm9_cn_subset:127326,Cn1ccn2ncnc12,0.2308
qm9_cn_subset:31717,CCc1nc(NC)c[nH]1,0.218
qm9_cn_subset:79005,CC1C2C3N4C=NC13C24,0.2114
qm9_cn_subset:34537,N#CC1=CC2CC2NC1,0.1879
qm9_cn_subset:21329,N#CCc1cnn[nH]1,0.2574
qm9_cn_subset:32704,CCN=c1ccnc[nH]1,0.174
qm9_cn_subset:89661,C#CC12CC(C)C1(C)N2,0.2494
qm9_cn_subset:37564,C1CC2C3C4CN3C24C1,0.3003
qm9_cn_subset:16087,N#CC12CC=CC1C2,0.2497
qm9_cn_subset:99603,CCC(C#N)C1(C)CC1,0.3207
qm9_cn_subset:35836,N#CC1=CCCC1C#N,0.2224
qm9_cn_subset:117592,CCCC(C)(C#N)C#N,0.3237
qm9_cn_subset:78688,CC1C2C3C1N2C3(C)C,0.3039
qm9_cn_subset:1761,CC1CC1(C)C#N,0.317
qm9_cn_subset:31663,CNc1cn(C)cc1C,0.2239
qm9_cn_subset:19851,C1=C2C(CC1)C1NC21,0.2366
qm9_cn_subset:76431,C#CCC1(C)C(C)N1C,0.2712
qm9_cn_subset:53064,CC#CC1=CC2CN2C1,0.1906
qm9_cn_subset:15349,C#CCC1CN1CC,0.2776
qm9_cn_subset:128306,CNc1cc(C#N)[nH]n1,0.1761
qm9_cn_subset:124606,CC(C)n1ncnc1N,0.2517
qm9_cn_subset:29806,Cn1cc(N)nc1C#N,0.1751
qm9_cn_subset:82587,CC1C2C3C(CN13)N2C,0.2643
qm9_cn_subset:40379,C1CN1C12CC1C1NC12,0.2731
qm9_cn_subset:57634,CC(N)(C#N)CC1CN1,0.2737
qm9_cn_subset:33701,N#CC12C=CC3C1CC32,0.2265
qm9_cn_subset:5387,CCc1ccncn1,0.2119
qm9_cn_subset:114570,CCC1NC2CC12C#N,0.2528
qm9_cn_subset:76125,CC1C(C#N)C2NC12C,0.2741
qm9_cn_subset:76628,CC1C(C2(C)CN2)N1C,0.3067
qm9_cn_subset:33580,N#CC1(C#N)CCNC1,0.2536
qm9_cn_subset:36995,C1=C2C3C4C1C1C2N3C41,0.145
qm9_cn_subset:128059,CNC(=N)c1cn[nH]n1,0.1933
qm9_cn_subset:34733,C#CC1C2=CCN3C2C13,0.1645
qm9_cn_subset:26515,CC12CC1c1nccn12,0.2247
qm9_cn_subset:36120,C#CCC12CC=CC1N2,0.2341
qm9_cn_subset:127643,Cn1nccc1C1CN1,0.2456
qm9_cn_subset:74644,CC1=CC2C3CN2C13C,0.2108
qm9_cn_subset:39954,C1=CC2(CN2)CC12CN2,0.2286
qm9_cn_subset:15209,N#CC1C(N)C1C#N,0.2532
qm9_cn_subset:24623,c1cc2n(c1)C1(CC1)C2,0.2497
qm9_cn_subset:17333,CC12NC1CC1NC12,0.2909
qm9_cn_subset:52985,CC#CC12CN=CN1C2,0.2364
qm9_cn_subset:56571,C#CC(C)C(C)N1CC1,0.2945
qm9_cn_subset:59679,CC(C)C1CNC1C#N,0.263
qm9_cn_subset:40677,C1CC2(C1)NC2C1CN1,0.309
qm9_cn_subset:128971,c1nncc2n[nH]cc12,0.1693
qm9_cn_subset:88482,CC1CC1C1(C#N)CN1,0.2902
qm9_cn_subset:24532,c1c[nH]c2ncnc-2n1,0.1683
qm9_cn_subset:70386,CC1(C#N)CN2CC21C,0.2778
qm9_cn_subset:64785,CC1(CC#CC#N)CN1,0.2239
qm9_cn_subset:33437,C#CC1(C#N)C2CN1C2,0.2356
qm9_cn_subset:18910,CC12C3C4CC1N2C43,0.3033
qm9_cn_subset:109510,C#CC1N(CC)C1(C)C,0.2555
qm9_cn_subset:28037,Cc1cn(CC#N)cn1,0.2312
qm9_cn_subset:88024,CC1CC12CCC2C#N,0.3052
qm9_cn_subset:123590,c1n[nH]c2c1N1CC2C1,0.2357
qm9_cn_subset:67484,C#CC1N2C3CC3C12C,0.2415
qm9_cn_subset:3562,C1C2CC1N1CC21,0.3322
qm9_cn_subset:40020,C1=CC2(CN2)CN2CC12,0.2223
qm9_cn_subset:28823,Cc1ccc(=N)ncn1,0.1671
qm9_cn_subset:61940,CC(CC#N)NCC#N,0.275
qm9_cn_subset:102884,CCC(C#N)CCC#N,0.336
qm9_cn_subset:42244,C#CC(=N)N1CC1C#C,0.216
qm9_cn_subset:35388,N#CC1NC2C3CC2C13,0.2732
qm9_cn_subset:39008,C1=CC23NC2CC=C3C1,0.218
qm9_cn_subset:5907,C#CCC(C)(N)C#N,0.287
qm9_cn_subset:41026,C1CC23C1CC21CN3C1,0.2647
qm9_cn_subset:21615,C#Cc1n[nH]c(N)n1,0.2164
qm9_cn_subset:85740,CC1CC(C#N)C2CC12,0.3264
qm9_cn_subset:81395,CC1C2CC(C#N)N1C2,0.2696
qm9_cn_subset:125491,Cc1ccn(C2CC2)n1,0.2479
qm9_cn_subset:17272,CC1CN1CC1CC1,0.3097
qm9_cn_subset:129921,Nc1c[nH]c2nnnn12,0.205
qm9_cn_subset:25195,N=c1nccc[nH]c1=N,0.1596
qm9_cn_subset:73123,CC12CCC1CN1CC12,0.3036
qm9_cn_subset:103215,CCC1(C)C2C3CC2N31,0.3054
qm9_cn_subset:66193,CC1(C#N)CC=CCN1,0.2541
qm9_cn_subset:29449,Cc1c[nH]c2[nH]ccc12,0.2254
qm9_cn_subset:5526,CCc1[nH]cnc1N,0.2183
qm9_cn_subset:127329,Cn1cnc(=N)c(N)n1,0.184
qm9_cn_subset:127078,CN(C)c1[nH]nnc1N,0.2087
qm9_cn_subset:128973,c1cnc2c[nH]nc2c1,0.1755
qm9_cn_subset:74454,CC1=CC2(C#N)CC1C2,0.238
qm9_cn_subset:14001,N#CC1CC12CCC2,0.3071
qm9_cn_subset:113876,CC#CCN1CC1CC,0.2678
qm9_cn_subset:16039,C#CC12CCC1N2C,0.2712
qm9_cn_subset:106430,CCC12CC(C1)C2C#N,0.3225
qm9_cn_subset:34747,N#CC1C2CCC3C1N23,0.2741
qm9_cn_subset:97264,CC(C#N)(C#N)N=CN,0.2499
qm9_cn_subset:12098,CN1CC1C1(C)CN1,0.302
qm9_cn_subset:27230,Nc1ncn2c1CC=C2,0.1721
qm9_cn_subset:34826,N#CC1C2NC1C21CC1,0.2774
qm9_cn_subset:102992,CCC1(C#N)C(C)C1C,0.3104
qm9_cn_subset:88717,CN1CC1C1NC1C#N,0.2342
qm9_cn_subset:34127,N#CC12CC3NC1C3N2,0.2624
qm9_cn_subset:128928,N#CCN=c1[nH]nn[nH]1,0.2061
qm9_cn_subset:62321,CC1(C#N)C2C3NC3C21,0.2495
qm9_cn_subset:34816,C#CC1C2CN1C21CC1,0.2614
qm9_cn_subset:28866,Cc1cncc(N)c1C,0.1994
qm9_cn_subset:97693,CCC#CC1(C#N)CC1,0.2651
qm9_cn_subset:129920,Nc1c[nH]c2nncn12,0.2133
qm9_cn_subset:29802,Cc1cn(C)c(C#N)n1,0.2027
qm9_cn_subset:88372,C#CC(C)(C)N1CC1C,0.2712
qm9_cn_subset:28285,Nc1cn2c(n1)C1CC12,0.1913
qm9_cn_subset:123300,C#Cc1cnn2c1CC2,0.2291
qm9_cn_subset:39591,C1=NC2CCCN=C2N1,0.223
qm9_cn_subset:125898,CC1Cc2c(N)cnn21,0.2252
qm9_cn_subset:129234,N=c1ccnn[nH]c1=N,0.1606
qm9_cn_subset:25165,C#Cc1cnc[nH]c1=N,0.1581
qm9_cn_subset:129077,N=c1cn[nH]ncc1=N,0.1681
qm9_cn_subset:128206,CNc1cc(NC)[nH]n1,0.2265
qm9_cn_subset:33759,N#CC12CC(N1)C21CN1,0.2582
qm9_cn_subset:30362,CC1CCn2cncc21,0.2492
qm9_cn_subset:30344,CC1CCc2c[nH]cc21,0.2419
qm9_cn_subset:61251,CN1CC1C(N)CC#N,0.277
qm9_cn_subset:18180,N#CC1=NCC2CN12,0.2037
qm9_cn_subset:71713,CC12CC3C4C1N4C32C,0.3043
qm9_cn_subset:82642,CC1C2CN3C1(C)C23C,0.312
qm9_cn_subset:20328,C#CCn1cccn1,0.2606
qm9_cn_subset:128230,CNc1c[nH]nc1C#N,0.1885
qm9_cn_subset:38082,C1=CC2N3CC24C1CC34,0.1795
qm9_cn_subset:251,CC(C)CC#N,0.3507
qm9_cn_subset:111368,CNC1C(C#N)N2CC12,0.2443
qm9_cn_subset:56702,CC(C#N)C1(C#N)CC1,0.3121
qm9_cn_subset:36590,N#CCCC1(C#N)CC1,0.3151
qm9_cn_subset:40435,C1CC2CC2(N2CC2)C1,0.2983
qm9_cn_subset:80344,CN1C2CC(C#N)C21C,0.2723
qm9_cn_subset:72197,CC12CC3CN4C3C1C42,0.2796
qm9_cn_subset:123865,C1CCc2n[nH]nc2C1,0.2462
qm9_cn_subset:85878,CC1CC(C)(C)C1C#N,0.3259
qm9_cn_subset:9498,N#CC1(N)CCC1N,0.2731
qm9_cn_subset:127737,C#Cc1c(N)nnn1C,0.1833
qm9_cn_subset:127259,Cn1cc(N=CN)nn1,0.2068
qm9_cn_subset:114140,CCC1CC2(C#N)CC12,0.2878
qm9_cn_subset:109243,CCC1=CCC2NC12C,0.2458
qm9_cn_subset:6507,CC1(C)CC1(N)C#N,0.2772
qm9_cn_subset:62393,N#CC1(N)C2CCC1C2,0.2914
qm9_cn_subset:67487,CC12C(C#N)C1N1CC12,0.2568
qm9_cn_subset:26980,C#CCc1cc[nH]c1N,0.2363
qm9_cn_subset:72044,CC12CC3CC1C32C#N,0.2718
qm9_cn_subset:129414,N=C(N)Nc1nn[nH]n1,0.1858
qm9_cn_subset:78359,CC1C2N1C(C)C21CN1,0.2936
qm9_cn_subset:71778,CC12CC3C1C1C2CN31,0.2807
qm9_cn_subset:96609,CN=C(C#N)N1CCC1,0.192
qm9_cn_subset:25993,CC(=N)Nc1c[nH]cn1,0.2147
qm9_cn_subset:49773,N#CC1CN=CN1C=N,0.2167
qm9_cn_subset:124006,C1=Cn2nncc2NC1,0.185
qm9_cn_subset:115063,CCC1CC=CC2NC12,0.242
qm9_cn_subset:56850,CC(C#N)N1C2CCC21,0.2904
qm9_cn_subset:63031,CC1(C)C2N1CC21CC1,0.2976
qm9_cn_subset:126852,CCn1nncc1NC,0.2279
qm9_cn_subset:110610,CCC1C2N1C1CC12C,0.2884
qm9_cn_subset:16455,CC12C=CC3C1CN32,0.2075
qm9_cn_subset:34168,N#CC12CC3C4C(C41)N32,0.2503
qm9_cn_subset:130119,Nc1cc(N2CC2)[nH]n1,0.2332
qm9_cn_subset:128022,CN=CNc1c[nH]nn1,0.213
qm9_cn_subset:130146,N#CCc1cc(N)n[nH]1,0.2261
qm9_cn_subset:88824,CC1CCC1C1CN1C,0.2965
qm9_cn_subset:21349,N#CCn1nnnn1,0.2663
qm9_cn_subset:2430,CC12CC3CC1N32,0.3297
qm9_cn_subset:126743,CCn1cnc(C#N)n1,0.2396
qm9_cn_subset:88953,CN1CC1CC(C)(C)C,0.2922
qm9_cn_subset:105971,CCC12C3C4C1C4(C)N32,0.2816
qm9_cn_subset:71154,CC12CC3C(N31)C21CC1,0.3109
qm9_cn_subset:125007,Cc1cn[nH]c(=N)c1N,0.1646
qm9_cn_subset:126378,CCc1ncc(N)nn1,0.1657
qm9_cn_subset:21554,N=c1cc(N)[nH]nn1,0.1622
qm9_cn_subset:31616,CNc1cc(N)cn1C,0.2197
qm9_cn_subset:15382,CCCC1NC1C#N,0.2914
qm9_cn_subset:4817,CNc1ccn(C)c1,0.2167
qm9_cn_subset:81430,CC1C2CC1C1(C)CN21,0.3178
qm9_cn_subset:84185,C#CC1=NC(C)C(=N)N1,0.1914
qm9_cn_subset:20252,C1C2CC3C4C1C2N34,0.3021
qm9_cn_subset:126406,CCc1nnc(CC)[nH]1,0.2631
qm9_cn_subset:16731,N#CC1CC2CN2C1,0.273
qm9_cn_subset:34791,C#CC1N2CC1(C#N)C2,0.2581
qm9_cn_subset:89940,CN1CC2(C#N)CCC12,0.2452
qm9_cn_subset:58368,CC(C)C(C#N)CC#N,0.3408
qm9_cn_subset:127771,Cn1nnc2cn[nH]c21,0.2242
qm9_cn_subset:40367,C1CC1C12CC1C1CN12,0.285
qm9_cn_subset:105256,CCC1(C2CC2)CN1C,0.3109
qm9_cn_subset:69676,CC12CC1N1C(C#N)C12,0.2422
qm9_cn_subset:24467,c1cc2c[nH]ccc-2n1,0.1606
qm9_cn_subset:33000,CCNc1ccncn1,0.2081
qm9_cn_subset:130337,[NH3+][c-]1ccc2nn[nH]c21,0.1394
qm9_cn_subset:14925,N#CC1CNCCN1,0.2416
qm9_cn_subset:53025,CC#CC12CN3C1CC32,0.2768
qm9_cn_subset:100617,C#CC(C#N)C(C)CC,0.2979
qm9_cn_subset:21639,Nc1nc2n(n1)CC2,0.2271
qm9_cn_subset:17484,CC12CCN3C(C1)C32,0.319
qm9_cn_subset:66116,N#CC1(N)CCN2CC21,0.2677
qm9_cn_subset:125985,Cc1nc2n(n1)CC2C,0.2669
qm9_cn_subset:6438,CC1CC(C)(C#N)C1,0.3401
qm9_cn_subset:96024,CC1CCCN1CC#N,0.2626
qm9_cn_subset:29268,Cc1c[nH]c(C2CC2)n1,0.2397
qm9_cn_subset:126433,CCc1n[nH]cc1C#N,0.2405
qm9_cn_subset:129007,c1nc2nc[nH+][n-]c-2n1,0.1738
qm9_cn_subset:62503,CC1(N)C(C#N)C1C#N,0.2559
qm9_cn_subset:3650,c1nnn2c1CC2,0.2611
qm9_cn_subset:128414,CNCc1nccnn1,0.1514
qm9_cn_subset:84350,CC1C=CC(C#N)C1C,0.2623
qm9_cn_subset:35740,N#CC1CC2(CN1)CN2,0.2749
qm9_cn_subset:105309,CCC1(C#N)CC2CN21,0.2754
qm9_cn_subset:126706,CCn1c(C)nnc1C,0.2608
qm9_cn_subset:29213,N=c1[n-]cc(N)c(N)[nH+]1,0.1636
qm9_cn_subset:16099,N#CC12C=CCC1C2,0.2469
qm9_cn_subset:4566,Cc1ccc(C)nc1,0.2218
qm9_cn_subset:16732,N#CC1CC2NC2C1,0.2924
qm9_cn_subset:58083,C#CC(C)(C#N)N(C)C,0.2344
qm9_cn_subset:24877,N#Cc1ncnc(=N)[nH]1,0.1511
qm9_cn_subset:42264,N#CC(=N)N1CC2CC21,0.205
qm9_cn_subset:104917,CNC1(C#N)CC1(C)N,0.2665
qm9_cn_subset:72849,CC12CCC1C(C#N)N2,0.2634
qm9_cn_subset:35215,N#CC1NC12CC=CC2,0.2666
qm9_cn_subset:71312,C#CC1C2N3CC2(C)C13,0.2764
qm9_cn_subset:126904,CCNc1[nH]ncc1N,0.233
qm9_cn_subset:31809,CCc1cnc(N)nc1,0.1927
qm9_cn_subset:961,Cc1nc[nH]c1C,0.2443
qm9_cn_subset:115026,CCN1CC=CC1C#N,0.224
qm9_cn_subset:85095,CC1NC(=N)C1(N)C#N,0.248
qm9_cn_subset:36384,C#CCC1CN1CC#N,0.2691
qm9_cn_subset:123361,C#CCCn1nnnn1,0.2381
qm9_cn_subset:26268,CC(C)c1cncnc1,0.2093
qm9_cn_subset:36593,N#CCNC1(C#N)CC1,0.2661
qm9_cn_subset:33304,N#CC#CC12CCN1C2,0.2018
qm9_cn_subset:99520,CCC(C#N)C(C)(C)C,0.3438
qm9_cn_subset:104743,CCC1(CC)NC1C#N,0.2846
qm9_cn_subset:17521,CCC12CC3C1N3C2,0.3026
qm9_cn_subset:92681,CC1C(C#N)=CCN1C,0.1775
qm9_cn_subset:102998,CNC1(C#N)C(C)C1C,0.2565
qm9_cn_subset:38480,C1C2NC2C2N3CC12C3,0.286
qm9_cn_subset:128879,N#Cc1nnn2c1CC2,0.2445
qm9_cn_subset:127852,CN=c1cnn(C)cn1,0.1733
qm9_cn_subset:37149,C1C2C1C13NC4C1N2C43,0.272
qm9_cn_subset:34948,N#CC1C2CC3C1CC23,0.3236
qm9_cn_subset:14642,CC#CCCCC#N,0.2806
qm9_cn_subset:600,C#CC1NC1C,0.2832
qm9_cn_subset:40071,C1=C2CCC2CC12CN2,0.2247
qm9_cn_subset:128897,N#CCc1cnncn1,0.1632
qm9_cn_subset:72625,CC12NCC1(N)C2C#N,0.2586
qm9_cn_subset:101270,C#CC1NC1C(C)CC,0.2811
qm9_cn_subset:31530,CNc1cc(C)c(C)[nH]1,0.2277
qm9_cn_subset:71968,CC12CC3CC1(C#N)N32,0.2669
qm9_cn_subset:36324,C#CC1CC(CC#N)N1,0.2625
qm9_cn_subset:74590,CC1=NC2C3C(=N)N1C23,0.2176
qm9_cn_subset:34348,N#CC12CNC1C1CN12,0.2525
qm9_cn_subset:6282,CC(C#N)CN(C)C,0.2665
qm9_cn_subset:37536,C1=CC23C(C1)N1C2CC13,0.2248
qm9_cn_subset:34063,N#CC12CC3=CCN1C32,0.1672
qm9_cn_subset:124022,C1=Nc2n[nH]cc2CN1,0.2031
qm9_cn_subset:28763,Cc1cnc2n1C1CC21,0.2175
qm9_cn_subset:79218,CN1C2C3CC1(C#N)C32,0.2388
qm9_cn_subset:125382,Cc1c[nH]nc1N1CC1,0.2385
qm9_cn_subset:33123,CCCc1c[nH]cc1N,0.2319
qm9_cn_subset:127844,CN=c1ccnncc1,0.1338
qm9_cn_subset:53696,CC#CCCCN1CC1,0.2954
qm9_cn_subset:20839,CCc1nnn(C)n1,0.2573
qm9_cn_subset:34823,N#CC1C2CC1C21CN1,0.2823
qm9_cn_subset:21708,NC=Nc1nc[nH]n1,0.2116
qm9_cn_subset:85883,CN1CC(C)(C)C1C#N,0.2513
qm9_cn_subset:31337,CCc1ncn2c1CC2,0.2509
qm9_cn_subset:111332,CCC1N2CC2C12CN2,0.3011
qm9_cn_subset:69350,C#CC1(C)CC2(C)CN12,0.2761
qm9_cn_subset:127599,Cn1ncc(N)cc1=N,0.1594
qm9_cn_subset:33323,N#CC#CC1C2CCN12,0.2019
qm9_cn_subset:124860,CC1(c2nn[nH]n2)CC1,0.2354
qm9_cn_subset:36454,N#CCC1NCC12CN2,0.2763
qm9_cn_subset:68977,CC12CCC1(CC#N)C2,0.2952
qm9_cn_subset:26767,C#Cc1cc(N)c(C)[nH]1,0.1819
qm9_cn_subset:81110,CC1C2C=CC1(C#N)N2,0.2228
qm9_cn_subset:38447,C1CCC2(C1)CN1CC12,0.2999
qm9_cn_subset:94057,CC1CCC(C#N)CC1,0.3462
qm9_cn_subset:88028,CC1CC12NCC2C#N,0.2531
qm9_cn_subset:16012,C1=CC2(CCC1)CN2,0.2396
qm9_cn_subset:119487,CCCC12NC1C1CC12,0.284
qm9_cn_subset:109812,C#CCN1C(C)C1CC,0.2693
qm9_cn_subset:26989,C#CCc1[nH]ccc1C,0.2393
qm9_cn_subset:20877,CCCc1nn[nH]n1,0.2608
qm9_cn_subset:1018,C#Cc1c[nH]cn1,0.2231
qm9_cn_subset:123893,C1=Cc2ncnn2CC1,0.1931
qm9_cn_subset:52879,CC#CC1(C2CC2)CN1,0.271
qm9_cn_subset:36249,N#CCN1C2CC3C2C31,0.2567
qm9_cn_subset:119378,CCCC12CN(C1)C2C,0.3017
qm9_cn_subset:25620,CC#Cc1[nH]cnc1C,0.203
qm9_cn_subset:35863,N#CC1CCCC12CC2,0.3184
qm9_cn_subset:72436,CC12CCC(C1)N1CC12,0.3111
qm9_cn_subset:3227,CC12CC1N1CC12,0.2909
qm9_cn_subset:2885,N#CC1C=CCN1,0.236
qm9_cn_subset:71700,CC12CC3N4C1C2C34C,0.2977
qm9_cn_subset:66479,CC12CC3C4C1C4(C)N32,0.3115
qm9_cn_subset:30196,Cc1ccc2n1C(C)C2,0.2388
qm9_cn_subset:33083,CCNc1c[nH]c(N)c1,0.2235
qm9_cn_subset:28326,Nc1cn2c(n1)CCC2,0.2204
qm9_cn_subset:23986,N#Cc1cn2c(n1)CC2,0.2251
qm9_cn_subset:90068,CC1CC23CN(C2)C13C,0.2568
qm9_cn_subset:27577,C#Cc1nccc(C)n1,0.2016
qm9_cn_subset:56595,N#CC(N)C(N)C1CC1,0.2641
qm9_cn_subset:35500,N#CC1CC2CN=CN12,0.2347
qm9_cn_subset:14233,CC1C2CC3(C)C1N23,0.3274
qm9_cn_subset:83231,CC1C2N1CCC2(C)C,0.2901
qm9_cn_subset:126395,CCc1nn(C)cc1N,0.2204
qm9_cn_subset:15964,N#CC1NCC12CC2,0.2607
qm9_cn_subset:52473,CC#CC#CC(C)C#N,0.2229
qm9_cn_subset:87167,CN1CC1(C)C1CCC1,0.301
qm9_cn_subset:35888,N#CC1CCNC1C#N,0.2719
qm9_cn_subset:33810,C#CC12CC1(C#N)CN2,0.234
qm9_cn_subset:126717,CCc1cn(CC)nn1,0.2486
qm9_cn_subset:125921,CC1Cc2c[nH]nc2C1,0.2509
qm9_cn_subset:20311,C#CCc1ccn[nH]1,0.2612
qm9_cn_subset:10040,C#CCC(C#N)NC,0.2603
qm9_cn_subset:66532,N#CC12C3C4C(N31)C42N,0.2343
qm9_cn_subset:96397,CC1NCCNC1C#N,0.2599
qm9_cn_subset:129003,c1cc2[n-][nH+]ccc-2n1,0.1507
qm9_cn_subset:124585,Cc1cn(C(C)C)nn1,0.2512
qm9_cn_subset:73042,CC12CCN1C2CC#N,0.2755
qm9_cn_subset:53584,CC#CCN1CC1(C)C,0.2674
qm9_cn_subset:124591,CC(C)n1ccc(N)n1,0.2302
qm9_cn_subset:10484,CCC1(CC#N)CC1,0.3224
qm9_cn_subset:79476,CC1C2C3CC2C13C#N,0.3171
qm9_cn_subset:5735,Nc1ccn2c1CC2,0.2231
qm9_cn_subset:2893,N#CC1CCCN1,0.2769
qm9_cn_subset:9610,C#CC1NC1(C)CC,0.2791
qm9_cn_subset:35201,N#CC1NC12CC1CC12,0.2733
qm9_cn_subset:19983,C#CC1CN1C1CC1,0.2653
qm9_cn_subset:73524,CC12CCN=C1NC=N2,0.2281
qm9_cn_subset:57254,CC(C)(C#N)C1(C)CC1,0.3296
qm9_cn_subset:30097,CC1CN1c1ccc[nH]1,0.2305
qm9_cn_subset:64131,CC1(C)CNC(C#N)C1,0.2656
qm9_cn_subset:7271,CC(C)C(C)CC#N,0.3481
qm9_cn_subset:89927,CC1CC2(C#N)NCC12,0.2546
qm9_cn_subset:37674,C1C2C3C4C(C5C2N35)N14,0.2865
qm9_cn_subset:29768,Cc1cn(C)c(C)c1C,0.2402
qm9_cn_subset:10047,N#CCC(C#N)CN,0.2761
qm9_cn_subset:16280,CC1CC2NC12C#N,0.2614
qm9_cn_subset:9016,C#CCN=C(N)C#N,0.223
qm9_cn_subset:28270,CC1=Cc2cccn2C1,0.1732
qm9_cn_subset:121959,CCCCC(C)CC#N,0.3458
qm9_cn_subset:34751,N#CC1C2CCC3C2N13,0.2569
qm9_cn_subset:107148,CCC12CC3(CN3)C1N2,0.3123
qm9_cn_subset:37567,C1CC2N3C4CC3C24C1,0.2966
qm9_cn_subset:34957,C#CC1C2CC3CN1C32,0.2372
qm9_cn_subset:27896,Cc1nc(N)nc(N)n1,0.2295
qm9_cn_subset:40992,C1CC2N3C1C21CCC31,0.2697
qm9_cn_subset:40381,C1C2N1C1CC21N1CC1,0.276
qm9_cn_subset:88694,CC1CC1C1CC1C#N,0.2963
qm9_cn_subset:126954,CCNc1n[nH]c(N)n1,0.2346
qm9_cn_subset:34935,N#CC1C2CC3(CN3)C12,0.2799
qm9_cn_subset:126840,CCn1nnc(N)c1N,0.2266
qm9_cn_subset:77958,CC1C2C(C)N1C2C#N,0.2566
qm9_cn_subset:126201,CCc1[nH]ncc1C#N,0.2381
qm9_cn_subset:82319,CC1N2CC2CC12CN2,0.3002
qm9_cn_subset:127488,C#Cc1nc(N)nn1C,0.1844
qm9_cn_subset:36090,N#CCC12CCC(C1)C2,0.3396
qm9_cn_subset:33702,N#CC12C=CC3C1CN32,0.2076
qm9_cn_subset:78087,CC1C2C(C#N)NC12C,0.2482
qm9_cn_subset:65408,C#CCN1CC1(C)C#C,0.2629
qm9_cn_subset:123719,C1=CCn2nccc2C1,0.2414
qm9_cn_subset:20379,c1n[nH]c2c1CCC2,0.2478
qm9_cn_subset:35043,C#CC1C2CCN=CN12,0.2272
qm9_cn_subset:5044,N=c1ccncnc1,0.1632
qm9_cn_subset:26944,Cc1[nH]cnc1C1CC1,0.2345
qm9_cn_subset:20662,Cc1cnn[nH]c1=N,0.1673
qm9_cn_subset:9986,N#C[C-](C#N)NC=[NH2+],0.1353
qm9_cn_subset:18140,CN1C2CC(C#N)C21,0.2733
qm9_cn_subset:21378,c1nn2cnnc2[nH]1,0.2228
qm9_cn_subset:4344,Cc1ccnc(N)n1,0.199
qm9_cn_subset:84079,CC1=NC(C)C(=N)N1C,0.2243
qm9_cn_subset:133884,C1C2C3C2C2N4CC12C34,0.3003
qm9_cn_subset:123405,c1[nH]nnc1CC1CC1,0.2507
qm9_cn_subset:117538,CCCC(C#N)C(C)C,0.3448
qm9_cn_subset:82500,CN1C2CC3(C)CC2C13,0.294
qm9_cn_subset:111176,CCC1C2CN1C2C#N,0.2558
qm9_cn_subset:57550,CC(C)(C)CNCC#N,0.2688
qm9_cn_subset:129219,C#Cc1cc(=N)[nH]nn1,0.1545
qm9_cn_subset:127305,Cn1ccc(N2CC2)n1,0.2321
qm9_cn_subset:88501,CN1CC1C1(C#N)CN1,0.2514
qm9_cn_subset:89065,CN1CC1CCC1CC1,0.3035
qm9_cn_subset:105080,CCC1(N2CC2C)CC1,0.2955
qm9_cn_subset:36254,C#CCN1C2C3CC2C31,0.2659
qm9_cn_subset:84458,CC1C=CC2(C#N)CC12,0.2449
qm9_cn_subset:62618,CC1(C)C2C3N2CC31C,0.303
qm9_cn_subset:19632,C#CC12C3C4C1N4C32,0.235
qm9_cn_subset:127714,C#Cc1nnn(C)c1C,0.2253
qm9_cn_subset:128322,CNc1n[nH]c(N)c1C,0.2332
qm9_cn_subset:77586,CC1C2(C)NC2C12CN2,0.2939
qm9_cn_subset:84724,CC1C=CC=CC2NC12,0.184
qm9_cn_subset:119196,CCCC1(C#N)NC1C,0.2848
qm9_cn_subset:33488,N#CC1(C#N)CC2NC21,0.2621
qm9_cn_subset:30488,CN=c1nc(C)nc[nH]1,0.1724
qm9_cn_subset:128305,C#Cc1cc(NC)n[nH]1,0.1818
qm9_cn_subset:3117,N#CC12CNC1C2,0.252
qm9_cn_subset:57049,CC(C#N)C1CCC1C,0.3338
qm9_cn_subset:24189,C1=CC2Cc3cnc1n32,0.1515
qm9_cn_subset:28173,Nc1cc2c([nH]1)CC=C2,0.1884
qm9_cn_subset:128235,CNc1c[nH]ncc1=N,0.1591
qm9_cn_subset:53289,CC#CC1CC1N1CC1,0.2554
qm9_cn_subset:104935,CCC1(C#CC#N)CC1,0.2266
qm9_cn_subset:80718,CC1C2CC(CC#N)C12,0.3033
qm9_cn_subset:66936,CC12C3C(CN31)C21CC1,0.3185
qm9_cn_subset:24537,c1nc2cnc[nH]c-2n1,0.1797
qm9_cn_subset:8733,C#CC(C)C(C)C#N,0.3027
qm9_cn_subset:39838,C1C2C3NC3C3(CC3)N12,0.2891
qm9_cn_subset:9710,CC1(C#N)C=CCN1,0.2327
qm9_cn_subset:123644,c1nnn2c1C1NC1C2,0.2449
qm9_cn_subset:35065,N#CC1C2NCCNC12,0.2545
qm9_cn_subset:81821,CC1C(C#N)C2(C)CC12,0.2982
qm9_cn_subset:29981,Cn1ccc2[nH]ccc21,0.206
qm9_cn_subset:5496,N#Cc1c[nH]cc1N,0.1996
qm9_cn_subset:29995,CC1C=Cc2nc[nH]c21,0.1926
qm9_cn_subset:24100,N#CCNc1c[nH]cn1,0.2233
qm9_cn_subset:18912,CC12C3CC4C(C31)N42,0.3025
qm9_cn_subset:61244,CC1NC1C(N)CC#N,0.2912
qm9_cn_subset:97937,CCC#CCC1NC1C,0.2944
qm9_cn_subset:34922,N#CC1C2NC2C2NC12,0.2865
qm9_cn_subset:78278,CN1C2C1C1(C)C2N1C,0.2561
qm9_cn_subset:126606,CCCn1cc(N)cn1,0.2205
qm9_cn_subset:36297,N#CCC1C2C=CCN21,0.2257
qm9_cn_subset:99411,CNC(C#N)=NCC#N,0.2035
qm9_cn_subset:19888,C#CC1C2C3CN3C12,0.2594
qm9_cn_subset:113949,CCN1CC1CN1CC1,0.3077
qm9_cn_subset:31190,CCc1[nH]ccc1C#N,0.2224
qm9_cn_subset:64634,CC1(C#N)N=CNC1=N,0.2272
qm9_cn_subset:11481,N#CC(=N)NC1CC1,0.2098
qm9_cn_subset:113566,CCC1NC12C=CCC2,0.2368
qm9_cn_subset:127830,CN=C(N)c1nn[nH]n1,0.2001
qm9_cn_subset:36605,N#CCNC12CN(C1)C2,0.2632
qm9_cn_subset:127857,CN=c1cn[nH]c(N)c1,0.1624
qm9_cn_subset:78092,CN1C2C(C#N)CC21C,0.2811
qm9_cn_subset:124541,Cc1c[nH]nc1C(C)C,0.2572
qm9_cn_subset:81501,CC1C2NC1C2(C)C#N,0.2756
qm9_cn_subset:29905,Cn1cnc(C2CC2)c1,0.2354
qm9_cn_subset:126854,CCn1nnccc1=N,0.1608
qm9_cn_subset:19314,C(#CC1CN1)C1CN1,0.2546
qm9_cn_subset:32112,CNc1ccnc(C)n1,0.21
qm9_cn_subset:24247,c1cc2c([nH]1)N1CC1C2,0.2325
qm9_cn_subset:32500,CNc1c[nH]cc1C#N,0.1935
qm9_cn_subset:123618,C1c2nn[nH]c2C2CN12,0.2239
qm9_cn_subset:28198,Cc1cc2c([nH]1)CCC2,0.2297
qm9_cn_subset:30468,CN=c1[nH]cc(C#N)[nH]1,0.1633
qm9_cn_subset:83742,CN1C2CCC3(CC3)C21,0.2997
qm9_cn_subset:94020,CC1C=CC(C#N)NC1,0.237
qm9_cn_subset:16152,CCC12CC=CC1N2,0.2337
qm9_cn_subset:36601,N#CCCC12CC(C1)C2,0.3421
qm9_cn_subset:128995,c1ncc2[nH]ncc2n1,0.1912
qm9_cn_subset:33621,N#CC12C3CC1C1C3C12,0.2771
qm9_cn_subset:129379,N=C(N)c1cnnnn1,0.1504
qm9_cn_subset:40033,C1C2C3C2C2(CN2)CN13,0.2994
qm9_cn_subset:129975,C#CCc1n[nH]c(N)n1,0.2524
qm9_cn_subset:128135,CNc1c(N)n[nH]c1N,0.2407
qm9_cn_subset:84046,C#CC1=CC(C)N2CC12,0.1937
qm9_cn_subset:64855,C#CC1CC(N)(C#N)C1,0.2779
qm9_cn_subset:34790,C#CC1N2CC1(C#C)C2,0.2583
qm9_cn_subset:125876,CC1CC1c1cc[nH]n1,0.251
qm9_cn_subset:127303,Cn1ccc(C2CN2)n1,0.2313
qm9_cn_subset:78825,C#CC1C2C3C1N(C)C23,0.263
qm9_cn_subset:63992,CC1(C)CC=C(C#N)C1,0.2205
qm9_cn_subset:36171,N#CCC12CC3C1CC32,0.3362
qm9_cn_subset:107794,CCC12CN3C(C1C)C32,0.3013
qm9_cn_subset:998,Cc1nccn1C,0.2471
qm9_cn_subset:18841,N=C1C2C3N=CN1C32,0.2152
qm9_cn_subset:12005,CC1(C)CCN2CC21,0.3047
qm9_cn_subset:128323,CNc1n[nH]c(N)c1N,0.2173
qm9_cn_subset:1388,CC#CC(C)C#N,0.2873
qm9_cn_subset:71020,CC12CC34C=CC(C13)N24,0.2113
qm9_cn_subset:27523,Cc1cc(C2CC2)c[nH]1,0.2312
qm9_cn_subset:20685,Cc1nn[nH]c(=N)n1,0.1642
qm9_cn_subset:24645,c1ccc(N2CC2)cc1,0.2103
qm9_cn_subset:127741,Cn1nnc(N)cc1=N,0.158
qm9_cn_subset:100117,CCC(C)(C)CN1CC1,0.3081
qm9_cn_subset:15021,C#CC(C#N)C1CC1,0.2987
qm9_cn_subset:125337,CC1=Cn2nncc2C1,0.2082
qm9_cn_subset:80723,CN1C2CC(CC#N)C21,0.2782
qm9_cn_subset:73316,CC12CCC34CC(C13)N24,0.3074
qm9_cn_subset:27688,C#Cc1[nH]c(C)cc1N,0.1849
qm9_cn_subset:15286,C#CCN1CC1C#N,0.2665
qm9_cn_subset:5728,c1ncn2c1CCC2,0.25
qm9_cn_subset:96770,CN=C1C2C3N=CN1C32,0.2074
qm9_cn_subset:73410,CC12CCC3C4C(C31)N42,0.3131
qm9_cn_subset:67199,CC12C3CC1N2C3C#N,0.2766
qm9_cn_subset:33747,C#CC12CC(C1)C21CN1,0.2745
qm9_cn_subset:20506,CC#Cc1cn[nH]n1,0.2177
qm9_cn_subset:27215,Cc1[nH]cc2nc[nH]c12,0.1913
qm9_cn_subset:84207,CC1C=C2C3C1C1C2N31,0.1609
qm9_cn_subset:97263,C#CC(C)(C#N)N=CN,0.2535
qm9_cn_subset:65003,CC1(C(C#N)C#N)CC1,0.2983
qm9_cn_subset:41040,C1CC23C4C2N2C4C23C1,0.2676
qm9_cn_subset:66554,CC12C3C=CC4C3N1C42,0.2418
qm9_cn_subset:12807,CC12C=CCCC1N2,0.2509
qm9_cn_subset:129027,N=c1cc2n(nn1)CC2,0.1648
qm9_cn_subset:34403,N#CC12CCC1CCN2,0.2767
qm9_cn_subset:103044,C#CC1(CC)C2CCN21,0.2721
qm9_cn_subset:129761,Nc1cnn2c1C1CC12,0.198
qm9_cn_subset:19321,C#CC12CC1N1CC12,0.246
qm9_cn_subset:26334,Cc1cc(N(C)C)c[nH]1,0.2189
qm9_cn_subset:34202,N#CC12CC3CC(C1)C32,0.3043
qm9_cn_subset:35998,N#CCC#CCC1CN1,0.2686
qm9_cn_subset:71526,C#CC12NC3C1NC32C,0.2439
qm9_cn_subset:110831,CCC1C2N1CC2(C)C,0.297
qm9_cn_subset:36078,N#CCC12C3CC1N2C3,0.2814
qm9_cn_subset:37903,C1=C2C3CC4C3C2N4C1,0.1629
qm9_cn_subset:5381,CCc1cccnc1,0.2279
qm9_cn_subset:66098,CC1(C#N)CCC2NC21,0.2919
qm9_cn_subset:127385,CN1CC1c1cc[nH]n1,0.2291
qm9_cn_subset:32225,CNc1ccccc1C,0.2034
qm9_cn_subset:106047,CCC12C3CN(C1C)C32,0.3006
qm9_cn_subset:35348,N#CC1NC23CC(C2)C13,0.2524
qm9_cn_subset:129861,Nc1cc2cn[nH]c2[nH]1,0.2152
qm9_cn_subset:80336,CC1C2NC(C#N)C12N,0.2366
qm9_cn_subset:37661,C1C2C3C4C5C(C2N45)N13,0.2948
qm9_cn_subset:27575,C#Cc1cncc(C)n1,0.1898
qm9_cn_subset:127861,CN=c1cn[nH]cc1C,0.1668
qm9_cn_subset:64619,CC1(C#N)N=CN2CC21,0.2414
qm9_cn_subset:53158,CC#CC1C2CN1C2C,0.2574
qm9_cn_subset:129213,N#CCn1cn[nH]c1=N,0.2154
qm9_cn_subset:24025,C#CCc1ccncc1,0.2294
qm9_cn_subset:36185,C#CCC12CN3CC1C32,0.2741
qm9_cn_subset:56513,C#CC(N)C(C)(C)C#N,0.2715
qm9_cn_subset:69860,C#CC12NC1C1CC12C,0.2315
qm9_cn_subset:29373,Cc1c[nH]c(CC#N)c1,0.2351
qm9_cn_subset:25477,N=CNc1cnccn1,0.1764
qm9_cn_subset:84186,CC1N=C(C#N)NC1=N,0.1884
qm9_cn_subset:79664,N#CC12C(N)C1N1CC12,0.2423
qm9_cn_subset:112054,CCC1N=CNC1=NC,0.2207
qm9_cn_subset:64856,N#CC1CC(N)(C#N)C1,0.283
qm9_cn_subset:3034,N#CCCC1CC1,0.3316
qm9_cn_subset:19185,CC1C2C=CC1N2C,0.2141
qm9_cn_subset:75266,C#CC1C2C(C)=CCN12,0.2271
qm9_cn_subset:36326,C#CC1CN(CC#N)C1,0.2588
qm9_cn_subset:3768,Cc1cnnn1C,0.2526
qm9_cn_subset:126506,CCCc1cn[nH]c1C,0.2504
qm9_cn_subset:127494,C#Cc1nc(C)n(C)n1,0.2221
qm9_cn_subset:106195,CCC12C3CN4C(C31)C42,0.2952
qm9_cn_subset:9134,CCC#CC(N)C#N,0.2749
qm9_cn_subset:75994,CN1C(=N)C(N)C1C#N,0.2492
qm9_cn_subset:76013,CC1C(C#N)C1(C)C#N,0.2874
qm9_cn_subset:90636,C#CC1(C)C2C(C)CN21,0.2723
qm9_cn_subset:80139,CC1C2N=CNC=NC12,0.2033
qm9_cn_subset:8513,CC12CC3N1C3(C)C2,0.3262
qm9_cn_subset:99863,CCC(C)(C#N)N(C)C,0.2594
qm9_cn_subset:128054,CNC(=N)c1c[nH]nn1,0.1983
qm9_cn_subset:62388,CC1(C#N)C2CCC1C2,0.3247
qm9_cn_subset:125056,Cc1[nH]nnc1N=CN,0.2041
qm9_cn_subset:57783,CC(C)C#CC1NC1C,0.2745
qm9_cn_subset:125088,C#Cc1[nH]nc(N)c1C,0.1928
qm9_cn_subset:35145,N#CC1C=CC(C#N)C1,0.2646
qm9_cn_subset:76676,CC1C(C)C1CN1CC1,0.3088
qm9_cn_subset:123876,c1n[nH]c(N2CCC2)n1,0.2431
qm9_cn_subset:4349,Cc1cncc(N)n1,0.1866
qm9_cn_subset:89424,CC1C=CC2NC2(C)C1,0.2427
qm9_cn_subset:65,CC(N)C#N,0.2983
qm9_cn_subset:61169,CC(CC#N)C(C)(C)C,0.3455
qm9_cn_subset:5212,CC#Cc1c[nH]cn1,0.2195
qm9_cn_subset:35601,C#CC1CN=C2CCN21,0.2385
qm9_cn_subset:27644,C#Cc1nc(C)[nH]c1N,0.2088
qm9_cn_subset:124884,CC1(c2nc[nH]n2)CN1,0.2467
qm9_cn_subset:72035,CC12CC3CN1C2(C)C3,0.3157
qm9_cn_subset:35522,N#CC1CN2CCC1C2,0.2719
qm9_cn_subset:57056,CC(C#N)N1CCC1C,0.2676
qm9_cn_subset:512,CCC#CC#N,0.2468
qm9_cn_subset:57433,C#CC1CN1C(C)(C)C,0.257
qm9_cn_subset:65133,CC1(C2C3CCN32)CC1,0.3116
qm9_cn_subset:61234,C#CCC(C)N1CC1C,0.2762
qm9_cn_subset:33970,C#CC12CN1CC21CN1,0.2376
qm9_cn_subset:33374,N#CC#CCC1CCC1,0.2438
qm9_cn_subset:78292,CC1C2N1C1(C)CC21C,0.2892
qm9_cn_subset:24261,c1cc2c([nH]1)C1CC1N2,0.2113
qm9_cn_subset:62446,C#CC1(C)C2CCCN21,0.271
qm9_cn_subset:31344,CCc1cc(=N)nc[nH]1,0.1911
qm9_cn_subset:25041,C#Cc1c[nH]c(=N)cn1,0.1461
qm9_cn_subset:53666,CC#CCCC1CN1C,0.284
qm9_cn_subset:69859,CC12CC1C1CC12C#N,0.2463
qm9_cn_subset:101866,CCC(C)CCCC#N,0.3474
qm9_cn_subset:39738,C1N=C2N3C1C3C21CN1,0.186
qm9_cn_subset:77425,CN1C2(C)C3CC3C12C,0.282
qm9_cn_subset:33943,C#CC12NC1CN1CC12,0.2522
qm9_cn_subset:61264,CN(CC#N)C1CCC1,0.2518
qm9_cn_subset:37594,C1C2CC3C4C1CC2N34,0.3091
qm9_cn_subset:123326,C#CC1Cc2cnnn21,0.2548
qm9_cn_subset:17718,C1=NC23CC4C2N1C43,0.2125
qm9_cn_subset:37394,C1C2C3CN2C1C1NC31,0.2821
qm9_cn_subset:15282,C#CCC1NC1C#N,0.2779
qm9_cn_subset:117558,CCCC(C#N)C1CC1,0.3322
qm9_cn_subset:78543,CN1C2C3(C)CC3C21C,0.2791
qm9_cn_subset:90090,CC1CC23CC(C12)N3C,0.283
qm9_cn_subset:37278,C1=CC2C3C1C2N1CC31,0.2233
qm9_cn_subset:30275,CC1CNc2[nH]ccc21,0.2246
qm9_cn_subset:34959,C#CC1C2CN3CC1C23,0.2478
qm9_cn_subset:78606,CC1C2C3C1C2(C)N3C,0.2975
qm9_cn_subset:124873,CC1(c2ccn[nH]2)CN1,0.2495
qm9_cn_subset:78195,CC1C(C#N)C2C(C)C12,0.3023
qm9_cn_subset:62197,N#CCNCC(N)C#N,0.2695
qm9_cn_subset:81143,CC1C2CCC1(C#N)N2,0.2644
qm9_cn_subset:74236,C#CC1N=C(C)NC1=N,0.2314
qm9_cn_subset:21354,c1[nH]cc2[nH]nnc12,0.1814
qm9_cn_subset:36487,N#CCC1CCC2CC12,0.3186
qm9_cn_subset:74759,CC1=CC2NC1C21CN1,0.2195
qm9_cn_subset:78973,CN1C2CC3C1C1C2N31,0.2967
qm9_cn_subset:3242,C1NC1CN1CC1,0.3065
qm9_cn_subset:76616,CC1C(C(C)(C)C)N1C,0.3021
qm9_cn_subset:73820,CC1=C(C)C2C3CN2C13,0.2139
qm9_cn_subset:28936,C#CCn1cccc1C,0.2247
qm9_cn_subset:126161,CCC(C)n1cnnn1,0.2686
qm9_cn_subset:52969,CC#CC12CC1C1CN12,0.2406
qm9_cn_subset:59119,CC(C)C1C2CC3C1N23,0.3079
qm9_cn_subset:65531,CC1(C#N)CC2CC1C2,0.3421
qm9_cn_subset:35573,N#CC1CC2CCCN12,0.2424
qm9_cn_subset:89888,CC1CC2(C1)CN1CC12,0.304
qm9_cn_subset:86281,CN1CC(N)C1(C)C#N,0.2631
qm9_cn_subset:24223,c1nc2c([nH]1)CC1CC21,0.2329
qm9_cn_subset:35788,N#CC1CCC2CC2N1,0.2619
qm9_cn_subset:70903,CC12CCN3C1C3(C)C2,0.3159
qm9_cn_subset:69422,CC12CC(CC#N)N1C2,0.276
qm9_cn_subset:79344,CC1C2CN3C1C3(C)C2,0.3207
qm9_cn_subset:5908,C#CC(C)(N)CC#N,0.2781
qm9_cn_subset:109980,CNC1C(C)NC1C#N,0.248
qm9_cn_subset:128972,c1cc2nn[nH]cc-2n1,0.1696
qm9_cn_subset:1762,CC1CC1(N)C#N,0.281
qm9_cn_subset:36238,C#CCC1C2CC3C1N23,0.2933
qm9_cn_subset:93576,CC1C=C(C2CN2)CC1,0.2384
qm9_cn_subset:129606,C#CCc1nn[nH]c1N,0.2278
qm9_cn_subset:97695,CCC#CC1(C#N)CN1,0.2524
qm9_cn_subset:105457,CCC1(CCC#N)CC1,0.3194
qm9_cn_subset:30352,CN1CCc2c[nH]cc21,0.2175
qm9_cn_subset:77100,CN1C(C#N)CC12CC2,0.2413
qm9_cn_subset:73596,CC12CCCN1C2C#N,0.2609
qm9_cn_subset:20818,CCc1cnncn1,0.1659
qm9_cn_subset:87301,C#CC1(CC#N)NC1C,0.2736
qm9_cn_subset:129765,Nc1cnn2c1C=CC2,0.1666
qm9_cn_subset:99648,CNC(C#N)C1NC1C,0.2758
qm9_cn_subset:86965,CC1C=CCC(C#N)C1,0.2644
qm9_cn_subset:37018,C1=CC23C=CCC2(C1)N3,0.217
qm9_cn_subset:123723,C1=CCc2n[nH]nc2C1,0.2388
qm9_cn_subset:37255,C1C2C1C1C3C4C2C4N13,0.2839
qm9_cn_subset:20334,C#CCn1ncnn1,0.2596
qm9_cn_subset:127354,Cn1cnc2nn[nH]c21,0.2181
qm9_cn_subset:21212,CNc1n[nH]cc1N,0.2218
qm9_cn_subset:126166,CCC([NH3+])c1ncn[n-]1,0.266
qm9_cn_subset:80316,CN1C2C=C(C#N)CC21,0.1902
qm9_cn_subset:31948,CCc1ccc(CC)[nH]1,0.2323
qm9_cn_subset:26465,CC1(C)Cn2cccc21,0.2498
qm9_cn_subset:38469,C1C2C3C4CC3(C4)CN12,0.3111
qm9_cn_subset:31997,CCc1ccc2n1CC2,0.2416
qm9_cn_subset:69351,CC1(C#N)CC2(C)CN12,0.2764
qm9_cn_subset:35502,N#CC1CN2CC=CC12,0.2351
qm9_cn_subset:53530,CC#CCC1(C)NC1C,0.2972
qm9_cn_subset:108153,CCC12CC=C3CN1C32,0.1724
qm9_cn_subset:100135,CCC(C)(C)CCC#N,0.3476
qm9_cn_subset:127410,CN1CCc2n[nH]cc21,0.209
qm9_cn_subset:28016,C#CCc1c[nH]c(C)c1,0.2407
qm9_cn_subset:91672,CC1CC2NC1C2C#N,0.2894
qm9_cn_subset:32372,C#Cc1cc(CC)c[nH]1,0.1997
qm9_cn_subset:124434,CC(C#N)n1nccn1,0.2564
qm9_cn_subset:10185,CCNC(C#N)CC,0.2746
qm9_cn_subset:24039,N#CCc1ccccn1,0.2305
qm9_cn_subset:17729,C1CC23CN4C2C1C43,0.3052
qm9_cn_subset:34756,N#CC1C2C3CCC2C13,0.3299
qm9_cn_subset:113118,CCC1CC1(C#N)C#N,0.288
qm9_cn_subset:101271,CCC(C)C1NC1C#N,0.2898
qm9_cn_subset:34641,N#CC1=CCCN2CC12,0.193
qm9_cn_subset:29040,Cc1ncnccc1=N,0.1726
qm9_cn_subset:35103,N#CC1C=CCC12CC2,0.2637
qm9_cn_subset:6260,CC(C)NC(=N)C#N,0.2093
qm9_cn_subset:126712,C#Cc1cnn(CC)c1,0.2251
qm9_cn_subset:32546,CNc1c[nH]cnc1=N,0.1815
qm9_cn_subset:87049,CC1NC1(C#N)C1CN1,0.2827
qm9_cn_subset:4752,Cn1ccc(C#N)c1,0.2273
qm9_cn_subset:129612,N#CCc1cn[nH]c1N,0.238
qm9_cn_subset:113439,CCC1NC12CN(C)C2,0.2885
qm9_cn_subset:130387,[NH3+]CC#Cc1ncn[n-]1,0.1251
qm9_cn_subset:125648,Cc1n[nH]c2[nH]cnc12,0.229
qm9_cn_subset:5111,Cn1c(N)ccc1N,0.2284
qm9_cn_subset:486,N#CC#CC#N,0.2113
qm9_cn_subset:62377,N#CC1(N)C2C=CC1N2,0.2188
qm9_cn_subset:36579,C#CC1(CCC#N)CN1,0.2762
qm9_cn_subset:124586,CC(C)n1cc(N)cn1,0.2235
qm9_cn_subset:2431,CC12CC3CN1C32,0.3286
qm9_cn_subset:125651,Cc1n[nH]c2nc[nH]c12,0.2195
qm9_cn_subset:129388,N=C(N)c1n[nH]c(N)n1,0.2106
qm9_cn_subset:4973,Cc1nccnc1C,0.2022
qm9_cn_subset:31449,CCc1cc(C#N)c[nH]1,0.2219
qm9_cn_subset:30398,CN=c1nc[n-]c(N)[nH+]1,0.1824
qm9_cn_subset:1730,CC#CC1(C)CN1,0.2721
qm9_cn_subset:123772,c1nnn2c1CC21CC1,0.2591
qm9_cn_subset:125661,Cc1n[nH]c2ncnn12,0.2327
qm9_cn_subset:14241,CN1CC2C1CN2C,0.2882
qm9_cn_subset:65167,C#CC1NC1C1(C)CN1,0.2692
qm9_cn_subset:34900,C#CC1C(C#N)C2NC12,0.268
qm9_cn_subset:124463,CC(C)([NH3+])c1cnn[n-]1,0.255
qm9_cn_subset:27694,C#Cc1[nH]c(C)nc1C,0.2005
qm9_cn_subset:60543,CC(N1CC1)C1(C)CC1,0.3142
qm9_cn_subset:87063,N#CC1(N2CC2)CC1N,0.2547
qm9_cn_subset:35363,C#CC1CC2C3CN1C23,0.2683
qm9_cn_subset:2433,CC12CN3CC1C32,0.3045
qm9_cn_subset:57406,CC(C)(C)C1C2CCN21,0.2951
qm9_cn_subset:57097,CC(C#N)C1CCCC1,0.3477
qm9_cn_subset:24654,c1ccc(C2CN2)cc1,0.2318
qm9_cn_subset:68969,CC12CC=CC1(C#N)N2,0.231
qm9_cn_subset:67316,N#CC1C2C3NC2C13N,0.2696
qm9_cn_subset:124636,CC(C)Nc1nc[nH]n1,0.2224
qm9_cn_subset:61106,N#CCC(N)(C#N)C#N,0.2736
qm9_cn_subset:21134,CN=c1nccn[nH]1,0.1386
qm9_cn_subset:123913,c1[nH]nc2c1NCCC2,0.2183
qm9_cn_subset:38225,C1CC23CC(C2)N2C1C23,0.2471
qm9_cn_subset:45670,N=C1CN=C2CN=CN12,0.207
qm9_cn_subset:73985,CC1=C2CN3C(C1)C23C,0.1673
qm9_cn_subset:37597,C1C2C3C4CN2CC1N43,0.3047
qm9_cn_subset:56767,CC(C#N)C12CCN1C2,0.2782
qm9_cn_subset:24016,N#CC1Cc2cncn21,0.2246
qm9_cn_subset:125603,C#Cc1[nH]nc(C)c1N,0.1879
qm9_cn_subset:24018,C#CC1Cn2cccc21,0.2391
qm9_cn_subset:107177,CCC12CN1C1C(C)C12,0.2851
qm9_cn_subset:56852,N#CC(N)C1C2CCN21,0.2634
qm9_cn_subset:1156,C#CC(C)(N)C#N,0.2797
qm9_cn_subset:10240,N#C[C-](C#N)C(N)=[NH2+],0.201
qm9_cn_subset:88032,CC1NC12CCC2C#N,0.2743
qm9_cn_subset:125892,Cc1cnn2c1CC2C,0.2565
qm9_cn_subset:88900,C#CC#CCC1CN1C,0.2176
qm9_cn_subset:61131,C#CC#CC(N)CC#N,0.2259
qm9_cn_subset:34084,N#CC12C=CC3C1N3C2,0.2286
qm9_cn_subset:35481,C#CC1CC2CC3C2N13,0.2854
qm9_cn_subset:110487,CCN1C2C=CC3C2C31,0.2123
qm9_cn_subset:79079,CN1C2C=CC3C1C32C,0.2131
qm9_cn_subset:7063,N#CCC(N)CC#N,0.2722
qm9_cn_subset:104631,CCC1(C#N)CN(C)C1,0.2644
qm9_cn_subset:67486,C#CC1C2N3CC3C12C,0.2573
qm9_cn_subset:24208,c1cc2n(c1)C1CC2C1,0.2346
qm9_cn_subset:39951,C1=CC2(CN2)CC12CC2,0.2352
qm9_cn_subset:28680,C#CCc1cnc(C)[nH]1,0.2416
qm9_cn_subset:63480,CC1(C)NC1(C)CC#N,0.2784
qm9_cn_subset:15100,N#CC#CCC1CN1,0.2222
qm9_cn_subset:78558,CN1C2C3(CC3)CC21C,0.3179
qm9_cn_subset:49943,C#CC1(C#N)CN1C=N,0.2388
qm9_cn_subset:77642,N#CC12NCC1(N)C2N,0.229
qm9_cn_subset:116968,CCCC#CCCC#N,0.2851
qm9_cn_subset:35796,N#CC1CNC2CC2N1,0.2387
qm9_cn_subset:5740,Nc1ccc2n1CC2,0.2292
qm9_cn_subset:35717,N#CC1CNC1C1CN1,0.2673
qm9_cn_subset:88896,C#CC#CCC1NC1C,0.2286
qm9_cn_subset:70773,CC12NC3(C#N)C1NC23,0.2457
qm9_cn_subset:130060,C#CCn1nnc(N)n1,0.2155
qm9_cn_subset:84666,CN1C=NC2CC2N=C1,0.2026
qm9_cn_subset:119809,CCCC1=NCC(=N)N1,0.2307
qm9_cn_subset:128101,CNc1c(C)n[nH]c1C,0.2329
qm9_cn_subset:78697,CC1C2C3N1C2C31CN1,0.3055
qm9_cn_subset:17726,C1CC23NC4C2N1C43,0.2747
qm9_cn_subset:32631,CCn1cnc(N)c1C,0.2181
qm9_cn_subset:85681,CN1CC(C#N)C1(C)C,0.2535
qm9_cn_subset:35969,N#CC1CCCCCN1,0.2679
qm9_cn_subset:121773,C#CC(C#N)NCCC,0.2564
qm9_cn_subset:127375,CN1CC1c1ccn[nH]1,0.2452
qm9_cn_subset:123341,C#CCCc1c[nH]nn1,0.2485
qm9_cn_subset:2558,C#CC1(C#N)CN1,0.2584
qm9_cn_subset:128392,CNC=[NH+]c1ccn[n-]1,0.1295
qm9_cn_subset:28841,N=c1ccnc(N)cn1,0.1455
qm9_cn_subset:32099,CCc1nccc(N)n1,0.2173
qm9_cn_subset:90095,CC1CC23CN(C2C)C13,0.2601
qm9_cn_subset:57258,CC(N)(C#N)C1(C)CC1,0.3027
qm9_cn_subset:117540,CCCC(C#N)N(C)C,0.2665
qm9_cn_subset:84555,CC1C=CC2N3CC12C3,0.2177
qm9_cn_subset:127471,Cc1c(N)nn(C)c1N,0.2337
qm9_cn_subset:69536,CC12CC(C1)C1(C)NC21,0.3024
qm9_cn_subset:8738,C#CC(N)C(C)C#N,0.275
qm9_cn_subset:88703,CC1NC1C1CC1C#N,0.2819
qm9_cn_subset:71393,CC1(C)C2CC3(C)C2N13,0.3199
qm9_cn_subset:20439,c1nnn2c1CCC2,0.2561
qm9_cn_subset:35661,N#CC1=CC(C#N)NC1,0.1945
qm9_cn_subset:26263,CN(C)c1nccn1C,0.2355
qm9_cn_subset:24527,c1c[nH]c2ncnc-2c1,0.1762
qm9_cn_subset:24128,c1c[nH]c(CN2CC2)c1,0.2419
qm9_cn_subset:127718,Cn1nnc(C#N)c1N,0.2282
qm9_cn_subset:119200,CCNC1(C#N)CC1N,0.2565
qm9_cn_subset:116240,CCC1CCNC1C#N,0.2699
qm9_cn_subset:74252,C#CC1N=C(C)N2CC12,0.2489
qm9_cn_subset:5765,c1c[nH]c(N2CC2)n1,0.2473
qm9_cn_subset:129013,c1cc2nn[nH]nc-2c1,0.1397
qm9_cn_subset:77862,CC1C(C)C2C(C#N)C12,0.3112
qm9_cn_subset:1900,CC1N2CC1(C)C2,0.3089
qm9_cn_subset:33232,CCCNc1cc[nH]c1,0.2276
qm9_cn_subset:71716,CC12CN3C4C1C4C32C,0.2964
qm9_cn_subset:20682,Cc1nc(=N)nn[nH]1,0.1803
qm9_cn_subset:6944,CC1(C)N=CNC1=N,0.2302
qm9_cn_subset:11611,CC(C)C#CC1CN1,0.269
qm9_cn_subset:87083,CN1CC1(C)C#CC#N,0.2131
qm9_cn_subset:90507,CC1CC2C(CC#N)C12,0.3085
qm9_cn_subset:33973,C#CC12NC1CC21CN1,0.2485
qm9_cn_subset:17556,CC12NC1CC21CC1,0.2995
qm9_cn_subset:29372,C#CCc1nc(C)c[nH]1,0.2468
qm9_cn_subset:38501,C1CC23NC12CC1NC13,0.2925
qm9_cn_subset:66961,C#CC1N2CC3C2C31C,0.2527
qm9_cn_subset:39844,C1NC12C1NC1C1NC12,0.2838
qm9_cn_subset:126726,CCn1cc(NC)nn1,0.2081
qm9_cn_subset:63857,CC1(C)CN2CC21C#N,0.2563
qm9_cn_subset:29339,Cc1c[nH]c(C)c1C#N,0.2194
qm9_cn_subset:123736,c1cc(C2CCC2)n[nH]1,0.2626
qm9_cn_subset:34262,N#CC12CN3CCC1C32,0.2604
qm9_cn_subset:84345,CC1C(C#N)N=CN1C,0.2377
qm9_cn_subset:71967,CC12CC3CC1(C#N)C32,0.286
qm9_cn_subset:124570,CC(C)Cc1cn[nH]n1,0.2547
qm9_cn_subset:20560,CC([NH3+])c1cnn[n-]1,0.254
qm9_cn_subset:17742,CC12CC3C1C1C2N31,0.2992
qm9_cn_subset:3837,N=c1nc[nH]nn1,0.1795
qm9_cn_subset:36679,N#CCCC1CC1C#N,0.318
qm9_cn_subset:15587,CN1CCCC1C#N,0.26
qm9_cn_subset:24487,C1=Cc2cnccc2C1,0.1957
qm9_cn_subset:8524,CC1(C)C2C3CN2C31,0.3101
qm9_cn_subset:86469,C#CC1(C#N)CC(C)C1,0.2906
qm9_cn_subset:40382,C1NC1C12CN1C1CC12,0.2847
qm9_cn_subset:82589,CC1C2CC3C(C)C1N23,0.2855
qm9_cn_subset:34096,N#CC12CCC3C(C1)N32,0.2709
qm9_cn_subset:26381,CC(C)Cc1cnc[nH]1,0.2476
qm9_cn_subset:13454,CCCC1C(C)N1C,0.2873
qm9_cn_subset:56743,CC(C#N)C12CC(C1)C2,0.3375
qm9_cn_subset:28966,Cc1cncnc1C#N,0.1891
qm9_cn_subset:3537,C1=CC2C3CN2C13,0.2086
qm9_cn_subset:74500,C#CC12C=C(C)CC1N2,0.2312
qm9_cn_subset:123530,c1cnn2nccc2c1,0.1714
qm9_cn_subset:63856,C#CC12CN1CC2(C)C,0.2505
qm9_cn_subset:97262,C#CC(C)(C#C)N=CN,0.2548
qm9_cn_subset:104029,CCC1(C)CC2CN2C1,0.3017
qm9_cn_subset:74507,N#CC12CC1NC(N)=N2,0.2567
qm9_cn_subset:95907,CC1CCCC1(C)C#N,0.344
qm9_cn_subset:15262,CCC1C(C)N1CC,0.2867
qm9_cn_subset:42966,N#CC1=CC2CN2C1=N,0.1754
qm9_cn_subset:59397,C#CC1(C)CN1C(C)C,0.2752
qm9_cn_subset:129239,N#CCn1nn[nH]c1=N,0.2013
qm9_cn_subset:4961,Cc1cccnc1C,0.2292
qm9_cn_subset:21390,c1cn2cn[nH]c2n1,0.2113
qm9_cn_subset:62974,C#CC1C2NC2C1(C)C,0.2801
qm9_cn_subset:88374,CC1NC1C(C)(C)C#N,0.2991
qm9_cn_subset:97353,CN=CNC(C#N)=NC,0.1826
qm9_cn_subset:89595,CC1CC2(CC#N)CN12,0.2735
qm9_cn_subset:125577,Cc1cc(N)c(=N)[nH]n1,0.169
qm9_cn_subset:2008,N#CC12CN(C1)C2,0.2761
qm9_cn_subset:33071,CCCc1c[nH]c(C)c1,0.2409
qm9_cn_subset:126547,CCCc1nccnn1,0.1634
qm9_cn_subset:56710,C#CC1(C(N)C#N)CC1,0.2803
qm9_cn_subset:58936,CC(C)C12CN3CC1C32,0.2976
qm9_cn_subset:24716,c1ncn2c1C1CCC12,0.2499
qm9_cn_subset:82955,CC1C2CC3NC3CN12,0.2711
qm9_cn_subset:81989,CC1C2CC2C1(N)C#N,0.293
qm9_cn_subset:1471,CCC(C)CC#N,0.3493
qm9_cn_subset:21342,N#CCn1cccn1,0.2579
qm9_cn_subset:34773,C#CC1CN2C(C#N)C12,0.2682
qm9_cn_subset:69581,CC12C=CC3(CN3)C1N2,0.2371
qm9_cn_subset:79212,CC1C2C3NC1(C#N)C32,0.2433
qm9_cn_subset:3229,CC12NC1C1CC12,0.2846
qm9_cn_subset:63908,CC1(C)C=CC2CN2C1,0.2308
qm9_cn_subset:19878,CN1C2CC3NC3C21,0.2722
qm9_cn_subset:64942,CC1(C#CCC#N)CN1,0.2664
qm9_cn_subset:11762,N#CC12C=CC(C1)C2,0.2413
qm9_cn_subset:110802,C#CC1CC2C(CC)N12,0.2593
qm9_cn_subset:28022,Cc1nc(CC#N)c[nH]1,0.2476
qm9_cn_subset:110505,CCC1C2C3CC1(C)N32,0.3172
qm9_cn_subset:31837,CNc1ccc(N)cn1,0.1688
qm9_cn_subset:56403,N#CC(N)C#CC1CC1,0.2544
qm9_cn_subset:123369,C#CCNc1cnn[nH]1,0.2307
qm9_cn_subset:4353,Cc1ncnc(C)n1,0.2185
qm9_cn_subset:27582,N#Cc1cccc(N)c1,0.1802
qm9_cn_subset:123918,C1CNc2n[nH]nc2C1,0.2077
qm9_cn_subset:4646,Cc1nc(C#N)c[nH]1,0.2275
qm9_cn_subset:33912,N#CC12NC1C1CNC12,0.2366
qm9_cn_subset:32588,CCn1cc(C)cc1N,0.235
qm9_cn_subset:97288,CN=CN(C=N)CC#N,0.2217
qm9_cn_subset:130061,N#CCn1ccc(N)n1,0.2182
qm9_cn_subset:81137,CC1C2CCC1(C#N)C2,0.3231
qm9_cn_subset:30194,CC1Cc2nc(N)cn21,0.2146
qm9_cn_subset:128981,c1cc2nc[nH]nc-2n1,0.1515
qm9_cn_subset:20538,CC(C)c1cn[nH]c1,0.2591
qm9_cn_subset:34536,N#CC1=CC2CC2CC1,0.2071
qm9_cn_subset:69678,CC12CN1C1C(C#N)C12,0.2556
qm9_cn_subset:39056,C1=CC2NC2C2NC2C1,0.2331
qm9_cn_subset:34781,C#CC12CC(C1)C2C#N,0.2818
qm9_cn_subset:87422,CN1CC12C1CC3C1C32,0.3181
qm9_cn_subset:21112,Cn1nncnc1=N,0.159
qm9_cn_subset:36525,N#CCC1CCCCC1,0.3415
qm9_cn_subset:123861,c1cc2n(n1)CCCC2,0.2539
qm9_cn_subset:30287,CN1CCc2[nH]ccc21,0.2091
qm9_cn_subset:20134,C1C2CC(N3CC3)C12,0.321
qm9_cn_subset:31813,CCc1ccc(C)cn1,0.2218
qm9_cn_subset:27790,Cc1cc(N)nc(=[NH2+])[n-]1,0.2084
qm9_cn_subset:27219,Nc1[nH]cc2c1CC=C2,0.1936
qm9_cn_subset:33995,C#CC12CC=CCC1N2,0.2513
qm9_cn_subset:34603,N#CC1=CCC2CN2C1,0.1996
qm9_cn_subset:125512,Cc1ncn(CC#N)n1,0.2571
qm9_cn_subset:61317,C#CC#CCC(C)C#N,0.2278
qm9_cn_subset:38418,C1CC2(C1)CC1CN1C2,0.3067
qm9_cn_subset:40576,C1C2C3C1C(N1CC1)C23,0.3188
qm9_cn_subset:126596,CCCCn1cccn1,0.2622
qm9_cn_subset:4840,CNc1ccc(C)[nH]1,0.2305
qm9_cn_subset:20714,C#Cc1cc(C)n[nH]1,0.2126
qm9_cn_subset:115982,CCN1CCN=C1C#N,0.1844
qm9_cn_subset:38227,C1CC23CC(C2)C2C1N23,0.2851
qm9_cn_subset:34445,N#CC12NCC3C1NC32,0.2633
qm9_cn_subset:6905,CC#CC1NC1(C)C,0.2743
qm9_cn_subset:83553,CC1C2CCC1C2C#N,0.331
qm9_cn_subset:61181,C#CCC(C)C(C)C#N,0.298
qm9_cn_subset:36828,C(#CC1CN1)CC1CC1,0.2678
qm9_cn_subset:82258,CC1C(C#N)=CC2NC21,0.2057
qm9_cn_subset:126398,CCc1nn(C)nc1N,0.2174
qm9_cn_subset:79550,CN1C2C3CC3(C#N)C21,0.269
qm9_cn_subset:88846,CC1CN1C1C=CCC1,0.2482
qm9_cn_subset:94042,CC1CCC(CC#N)C1,0.3497
qm9_cn_subset:102886,C#CC(CC)NCC#N,0.2597
qm9_cn_subset:109815,CCC1C(CC#N)N1C,0.2634
qm9_cn_subset:81828,C#CC1N(C)C2CC12C,0.2401
qm9_cn_subset:67107,CC12C3NC14CCN2C34,0.2784
qm9_cn_subset:63607,CC1(C)CN1C(=N)C#N,0.2064
qm9_cn_subset:111431,CCC1C2NC2C2NC12,0.2868
qm9_cn_subset:116250,CNC1CCNC1C#N,0.2594
qm9_cn_subset:126109,CCC#Cc1cc[nH]n1,0.2217
qm9_cn_subset:126017,CC1CNc2ncnn21,0.2467
qm9_cn_subset:34798,C#CC1C2CC1N1CC21,0.2752
qm9_cn_subset:119199,CCNC1(C#N)CC1C,0.266
qm9_cn_subset:126759,CCn1nc(C)nc1C,0.2575
qm9_cn_subset:5141,N#CCc1cnc[nH]1,0.2481
qm9_cn_subset:10304,CCC(C#N)N(C)C,0.2667
qm9_cn_subset:34458,N#CC12CCC3CC1C32,0.3038
qm9_cn_subset:105138,N#CC1CC1(C#N)CN,0.2518
qm9_cn_subset:37831,C1CC23NC4C2NC43C1,0.2851
qm9_cn_subset:304,CN1CC1(C)C,0.3063
qm9_cn_subset:84141,CC1N=C(N)NC1C#N,0.2434
qm9_cn_subset:127820,C[NH+]=C(N)c1cnn[n-]1,0.1842
qm9_cn_subset:66664,CC12C3C4C1C4(C#N)C32,0.2568
qm9_cn_subset:128225,CNc1cnn[nH]c1=N,0.1666
qm9_cn_subset:38559,C1=CC23CC4CC2C1N43,0.2236
qm9_cn_subset:127424,Cc1nn(C)c(C)c1N,0.234
qm9_cn_subset:130017,Nc1nc2n[nH]nc2[nH]1,0.2069
qm9_cn_subset:74910,CC1=CC2CC3(C)C1N23,0.2167
qm9_cn_subset:127719,C#Cc1c(C)nnn1C,0.208
qm9_cn_subset:53529,CC#CCC1(C)CN1C,0.2765
qm9_cn_subset:53926,N#CC(N)(C#N)C(=N)N,0.2377
qm9_cn_subset:53071,CC#CC1=NCC(=N)N1,0.1934
qm9_cn_subset:33515,N#CC1(CN2CC2)CN1,0.2595
qm9_cn_subset:10137,C#CC(C#N)NCC,0.2568
qm9_cn_subset:1078,CCn1ccnc1,0.2538
qm9_cn_subset:124714,CC(N)=[NH+]c1ncn[n-]1,0.1632
qm9_cn_subset:77533,CC12CC(C#N)(N1)C2N,0.2559
qm9_cn_subset:39375,C1=CCCC2NC2C=C1,0.1999
qm9_cn_subset:3630,C1C2C3C2N2C1C32,0.3016
qm9_cn_subset:32984,CCCc1ccncc1,0.2306
qm9_cn_subset:108964,CCC1=CC2C3CC1N23,0.216
qm9_cn_subset:36070,N#CCC12C3C4C1N4C32,0.2546
qm9_cn_subset:35633,N#CC1CC=CC2CC12,0.2472
qm9_cn_subset:16279,C#CC12NC1CC2C,0.2533
qm9_cn_subset:14919,N#CC1CCCCC1,0.3476
qm9_cn_subset:20238,C1C2C3C4C(CN23)N14,0.2976
qm9_cn_subset:113726,CCC1NC1C(N)C#N,0.2823
qm9_cn_subset:62601,CC1(C)C2C3C4C3N1C42,0.2947
qm9_cn_subset:122070,CCCCC(C#N)CC,0.3445
qm9_cn_subset:35603,N#CC1CC=C2CCC21,0.2441
qm9_cn_subset:71898,CC12CC3CN(C1)C32C,0.2814
qm9_cn_subset:26114,CC(C)c1[nH]ccc1N,0.2237
qm9_cn_subset:15275,C#CC1CC1CC#N,0.2832
qm9_cn_subset:103716,CNC1(C)CC1(N)C#N,0.2559
qm9_cn_subset:87742,CC1NC12CC(C#N)C2,0.2838
qm9_cn_subset:29915,C#Cc1ncn(C)c1C,0.2167
qm9_cn_subset:26655,Cc1[nH]c(C)c(N)c1C,0.2315
qm9_cn_subset:84231,CC1C=C2CN3C1C23C,0.173
qm9_cn_subset:123779,c1nnnnc1C1CC1,0.1683
qm9_cn_subset:128923,N#CCCn1nccn1,0.2541
qm9_cn_subset:127234,Cn1cc(C2CN2)cn1,0.2389
qm9_cn_subset:34071,N#CC12CC3C(C1)C3C2,0.3261
qm9_cn_subset:110631,CCC1C2C3CN3C12C,0.2842
qm9_cn_subset:21488,N=C(N)c1nn[nH]n1,0.2046
qm9_cn_subset:40303,C(#CC1CN1)C1CCC1,0.2725
qm9_cn_subset:110580,CCC1C2C3CN2C13C,0.3068
qm9_cn_subset:33881,N#CC12CC1C1CC2C1,0.2983
qm9_cn_subset:33547,N#CC1(N2CC2)CNC1,0.2582
qm9_cn_subset:88384,CN1CC1C(C)(C)C#N,0.2683
qm9_cn_subset:78719,CC1C2C3N1CC23C#N,0.2614
qm9_cn_subset:100618,CCC(C)C(C#N)C#N,0.3241
qm9_cn_subset:117593,C#CC(N)(C#N)CCC,0.2701
qm9_cn_subset:107124,CCC12CC1C1(C)NC21,0.2814
qm9_cn_subset:96202,CC1CCCC=C1C#N,0.2237
qm9_cn_subset:125526,Cc1nnn(C2CC2)n1,0.2437
qm9_cn_subset:120091,CCCN1C2C3NC3C21,0.2635
qm9_cn_subset:124164,CC#Cc1n[nH]cc1N,0.1995
qm9_cn_subset:20279,C1C2C3C4NC4C2N13,0.2822
qm9_cn_subset:82792,CC1C2C=CC3CC1N32,0.218
qm9_cn_subset:93725,CN1CCC(N)(C#N)C1,0.2535
qm9_cn_subset:35345,N#CC1CC23CC(C2)N13,0.2447
qm9_cn_subset:5796,c1cn(C2CC2)cn1,0.249
qm9_cn_subset:34937,N#CC1C2N1CC21CC1,0.2688
qm9_cn_subset:76693,CC1C(C)C1CCC#N,0.3114
qm9_cn_subset:3738,Cc1cnn(C)c1,0.2534
qm9_cn_subset:53648,CC#CCCC(C)C#N,0.2837
qm9_cn_subset:32985,CCCc1cccnc1,0.228
qm9_cn_subset:4575,Cc1ccc(N)cn1,0.193
qm9_cn_subset:24693,c1ncc2c(n1)CCC2,0.2102
qm9_cn_subset:20316,C#CCc1c[nH]nn1,0.2518
qm9_cn_subset:41004,C1CC23C1CC1C2CN13,0.303
qm9_cn_subset:88657,CC1CC(C2CN2C)C1,0.301
qm9_cn_subset:28832,N=c1nccc(N)cn1,0.161
qm9_cn_subset:6506,CC1(C)CC1(C)C#N,0.3118
qm9_cn_subset:723,c1nncnn1,0.1355
qm9_cn_subset:29382,N#CCc1nc(N)c[nH]1,0.2137
qm9_cn_subset:8538,CN1C2C3CC2(C)C31,0.2971
qm9_cn_subset:129043,N=c1cc[nH]ncc1=N,0.1634
qm9_cn_subset:79301,CC1C2C3CN1C32C#N,0.2522
qm9_cn_subset:71742,CC12CN3C4C3C1CC42,0.3233
qm9_cn_subset:74389,CC1=CC2(C)C3CN2C13,0.2112
qm9_cn_subset:82495,CC1C2CC3(C)CN2C13,0.2989
qm9_cn_subset:126925,CCNc1cn(C)nn1,0.2078
qm9_cn_subset:70257,CC12CC(C#N)CC1C2,0.314
qm9_cn_subset:69344,CC1(C#N)NC2(C)CC12,0.2755
qm9_cn_subset:12035,CC1(C#N)CN2CC21,0.2828
qm9_cn_subset:19329,N#CC12CC1C1CC12,0.2495
qm9_cn_subset:64224,CC1(C)CCN1CC#N,0.2584
qm9_cn_subset:33349,N#CC#CC1CC=CC1,0.2255
qm9_cn_subset:15024,C#CC(C#N)N1CC1,0.264
qm9_cn_subset:41051,C1CC23C4NC12C1C4N13,0.2707
qm9_cn_subset:126565,CCCc1n[nH]nc1N,0.2226
qm9_cn_subset:103024,CCC1(C#N)C2CN1C2,0.2592
qm9_cn_subset:106005,CCC12C3CN1C1C3C12,0.2954
qm9_cn_subset:36371,N#CCC1CN1C1CC1,0.2738
qm9_cn_subset:65409,C#CCN1CC1(C)C#N,0.2705
qm9_cn_subset:35373,N#CC1NC2C3CC1C32,0.2608
qm9_cn_subset:13640,CC#CCC1CN1C,0.2804
qm9_cn_subset:89083,C#CCCCN1CC1C,0.2837
qm9_cn_subset:63916,CC1(C)CC2CN3C2C31,0.3026
qm9_cn_subset:34945,C#CC1C2CN3C1CC23,0.2762
qm9_cn_subset:5345,C#Cc1ccncn1,0.1945
qm9_cn_subset:126632,CCCn1nnc(N)n1,0.2186
qm9_cn_subset:36050,C#CC1(CC#N)CCN1,0.2651
qm9_cn_subset:33373,C#CC#CCN1CCC1,0.2076
qm9_cn_subset:128289,CNc1nc(N)n(C)n1,0.2253
qm9_cn_subset:128989,c1nncc2n[nH]nc12,0.1615
qm9_cn_subset:123594,c1cc2n(n1)C1CN2C1,0.2476
qm9_cn_subset:103035,N#CC1(CN)C2CN1C2,0.2591
qm9_cn_subset:74669,CC1=CC2C3C1=CCN23,0.1687
qm9_cn_subset:91972,CC1CC2CC2C1C#N,0.3161
qm9_cn_subset:66684,CC12C3CN4C3C1C42C,0.2958
qm9_cn_subset:7060,CC(CC#N)CC#N,0.3321
qm9_cn_subset:130104,Nc1nc2[nH]nnn2n1,0.1967
qm9_cn_subset:34473,C#CC1=C(C#N)CCC1,0.1803
qm9_cn_subset:72957,CC1(C#N)C2CCC21C,0.3064
qm9_cn_subset:127102,Cc1n[nH]cc1N(C)C,0.2233
qm9_cn_subset:85709,C#CC1NC(C)C1C#N,0.2657
qm9_cn_subset:36028,N#CCC1(CC#N)CC1,0.3333
qm9_cn_subset:8441,CC1(C)CC2NC21C,0.2993
qm9_cn_subset:32540,CCc1c[nH]cnc1=N,0.1916
qm9_cn_subset:59129,CC(C)C1C2C3CC2N31,0.3107
qm9_cn_subset:63449,CC1(C)NC1(C#N)C#N,0.261
qm9_cn_subset:29318,Cc1c[nH]c(C#N)c1N,0.1944
qm9_cn_subset:19967,CC1CCC1N1CC1,0.3086
qm9_cn_subset:30506,CN=c1[nH]cncc1C,0.1775
qm9_cn_subset:69871,CC12NC1C1NC12C#N,0.2278
qm9_cn_subset:14185,CC12CN3C1CC32C,0.3137
qm9_cn_subset:16041,N#CC12NCC1C2N,0.2328
qm9_cn_subset:26265,CC(C)c1ccncc1,0.2308
qm9_cn_subset:34322,N#CC12CCC=C1CC2,0.245
qm9_cn_subset:124637,CC(C)Nc1cn[nH]n1,0.2119
qm9_cn_subset:125310,CC1=CCn2ncnc21,0.2003
qm9_cn_subset:59802,CC(C)N=C1CN=CN1,0.2212
qm9_cn_subset:34312,N#CC12CNC(CN1)C2,0.267
qm9_cn_subset:28931,Cc1nccn1C1CC1,0.2419
qm9_cn_subset:40459,C1CN1C12CC3C1N3C2,0.2948
qm9_cn_subset:99645,CNC(C#N)C1CC1C,0.2768
qm9_cn_subset:18188,N#CC1C=CC2NC12,0.2428
qm9_cn_subset:62318,CC1(C#N)C2C3CC3C21,0.2548
qm9_cn_subset:125630,Cc1n[n-]c([NH+]=CN)n1,0.1265
qm9_cn_subset:64652,CC1(CC#N)C2CN1C2,0.274
qm9_cn_subset:77016,C#CCN1C(C)C1C#N,0.2633
qm9_cn_subset:95109,N#CC12CN1CCC2N,0.2692
qm9_cn_subset:31290,CCc1nc[nH]c1C#N,0.2138
qm9_cn_subset:20815,CCc1cnn(C)c1,0.2524
qm9_cn_subset:70577,CC12NC1CCN1CC12,0.2894
qm9_cn_subset:28105,Cc1cc2[nH]cnc2[nH]1,0.2034
qm9_cn_subset:11638,CC1C2CC1(C#N)N2,0.2677
qm9_cn_subset:12030,CC1(C#N)CC2CN21,0.2779
qm9_cn_subset:53314,CC#CC1CC2(C)NC12,0.2793
qm9_cn_subset:87780,CN1CC12CC1(C)NC12,0.2983
qm9_cn_subset:105921,CCC12C3CN4C3C1C42,0.2885
qm9_cn_subset:26771,C#Cc1nc(N)c(C)[nH]1,0.1754
qm9_cn_subset:92386,C#CC12NCC1NC2C,0.2478
qm9_cn_subset:40574,C1CC1C1C2CC3C2N31,0.3193
qm9_cn_subset:36347,N#CCC1CC12CCC2,0.3155
qm9_cn_subset:41049,C1CC23C4CC12C1C3N14,0.2771
qm9_cn_subset:112066,N#CC1NC=NC1CN,0.2284
qm9_cn_subset:31453,CCc1nc(C#N)c[nH]1,0.2276
qm9_cn_subset:28676,C#CCc1ncc(C)[nH]1,0.2436
qm9_cn_subset:129015,c1ncc2n[nH]nnc1-2,0.1295
qm9_cn_subset:125604,Cc1n[nH]c(C#N)c1C,0.2196
qm9_cn_subset:36163,C#CCC12CC3C1CN32,0.2835
qm9_cn_subset:28647,N#Cc1ccc(N)cc1,0.1914
qm9_cn_subset:58711,CN(C)C1(C#N)CCC1,0.2629
qm9_cn_subset:37490,C1=C2C3C(C1)N1C2CC31,0.1681
qm9_cn_subset:36108,N#CCC12CC1C1NC12,0.2525
qm9_cn_subset:124161,CC#Cc1n[nH]c(N)n1,0.2152
qm9_cn_subset:19873,CC1C2C3NC3CN12,0.2812
qm9_cn_subset:21184,CNc1c[nH]nc1C,0.2231
qm9_cn_subset:129545,C#CC(N)c1c[nH]nn1,0.2363
qm9_cn_subset:14638,CC#CCC#CC#N,0.2268
qm9_cn_subset:126842,CCn1nnc(NC)n1,0.2072
qm9_cn_subset:32109,CNc1cccc(N)c1,0.203
qm9_cn_subset:127887,CN=c1nn[nH]c(N)n1,0.1664
qm9_cn_subset:71096,CC12CC3N(C1)C32C#N,0.2613
qm9_cn_subset:123834,C1=Cc2[nH]nnc2CC1,0.1845
qm9_cn_subset:27526,Cc1cc(N2CC2)c[nH]1,0.2272
qm9_cn_subset:27710,C#Cc1[nH]c(N)cc1N,0.1828
qm9_cn_subset:69186,CC12CN1C(=N)C2C#N,0.2479
qm9_cn_subset:2029,CN1CC2(CN2)C1,0.2882
qm9_cn_subset:80032,CC1C2C=CC1C2C#N,0.2302
qm9_cn_subset:13660,CC1CC1CCC#N,0.3206
qm9_cn_subset:34131,N#CC12CC3CC1N3C2,0.2688
qm9_cn_subset:56685,N#CC(N)C1(N)CCC1,0.279
qm9_cn_subset:36272,N#CCC1C2C3CC3C12,0.2622
qm9_cn_subset:62195,N#CCCCC(N)C#N,0.2844
qm9_cn_subset:32208,CCc1ccncc1C,0.2283
qm9_cn_subset:20715,Cc1cc(C#N)[nH]n1,0.2215
qm9_cn_subset:13715,CCCCC1CN1C,0.3036
qm9_cn_subset:120578,CCCC1NC1(C)C#N,0.284
qm9_cn_subset:125653,Cc1n[nH]c2cn[nH]c12,0.21
qm9_cn_subset:35643,N#CC1C=CCC=CC1,0.2481
qm9_cn_subset:123970,C1=NCc2n[nH]cc2N1,0.2121
qm9_cn_subset:36183,C#CCC12CC3CN1C32,0.2917
qm9_cn_subset:60281,CC(C)CN=C(N)C#N,0.2165
qm9_cn_subset:111545,CCC1C2CC3N2C13C,0.3121
qm9_cn_subset:40031,C1C2CC3(CN3)C3C1N23,0.3016
qm9_cn_subset:39547,C1=CC2C3C4C2N(C1)C34,0.226
qm9_cn_subset:1321,CC1(C)CC1C#N,0.313
qm9_cn_subset:37320,C1C2C1C1NC1C1NC21,0.2854
qm9_cn_subset:78699,CN1C2C3C1C2C31CC1,0.3017
qm9_cn_subset:35050,N#CC1C2C=CCNC12,0.2205
qm9_cn_subset:129767,Nc1[nH]nc2c1CC=C2,0.199
qm9_cn_subset:21110,Cn1nnccc1=N,0.1622
qm9_cn_subset:83420,CC1C2CCC12N1CC1,0.2966
qm9_cn_subset:123449,c1cnn(CC2CN2)n1,0.2466
qm9_cn_subset:34147,N#CC12CC3C1CCN32,0.2634
qm9_cn_subset:123647,c1nc2n(n1)CC1NC21,0.2532
qm9_cn_subset:32986,CCCc1cnccn1,0.1966
qm9_cn_subset:34909,C#CC1C2CC2C2NC12,0.2942
qm9_cn_subset:71972,C#CC12CN3CC1(C)C32,0.2558
qm9_cn_subset:26098,CC(C)(C)c1cc[nH]c1,0.2507
qm9_cn_subset:52921,CC#CC12C3C4C3N1C42,0.2333
qm9_cn_subset:66888,N=C1N2C=NC3C2C13N,0.2133
qm9_cn_subset:18063,N#CCC1C2CCN12,0.2786
qm9_cn_subset:65200,CC1(C2CC3CN32)CC1,0.3132
qm9_cn_subset:56979,CC(C#N)C1CC2NC21,0.285
qm9_cn_subset:21346,N#CCn1cnnn1,0.2624
qm9_cn_subset:60507,CN(C(=N)C#N)C1CC1,0.2012
qm9_cn_subset:27188,Cc1ccn2c1C1CC12,0.2187
qm9_cn_subset:26518,CC12CC1n1cncc12,0.2312
qm9_cn_subset:36676,C#CCNC1CC1C#N,0.2619
qm9_cn_subset:19990,N#CC1CC1C1CC1,0.3013
qm9_cn_subset:34615,N#CC1=CCN2CCC12,0.1885
qm9_cn_subset:32624,CCn1ccc(N)c1C,0.2249
qm9_cn_subset:70228,CC12C=C(C#N)CC1C2,0.2061
qm9_cn_subset:128880,N#Cc1cc(C#N)[nH]n1,0.2203
qm9_cn_subset:34562,N#CC1=CC2CCC1N2,0.1969
qm9_cn_subset:49944,N#CC1(C#N)CN1C=N,0.244
qm9_cn_subset:66515,CC12C3C4=CCN(C41)C32,0.1581
qm9_cn_subset:65002,C#CC(C#N)C1(C)CC1,0.2953
qm9_cn_subset:87212,CC1NC1(C)CN1CC1,0.3187
qm9_cn_subset:96407,CN1CCNCC1C#N,0.256
qm9_cn_subset:33481,C#CC1(C#C)CN2CC21,0.2631
qm9_cn_subset:52595,CC#CC(C)(C#N)C#N,0.2789
qm9_cn_subset:65625,N#CC1(N)CC2CCC21,0.2908
qm9_cn_subset:126439,CCc1n[nH]cnc1=N,0.1916
qm9_cn_subset:29281,Nc1c[nH]c(C2CN2)c1,0.2141
qm9_cn_subset:128920,N#CCCn1cncn1,0.268
qm9_cn_subset:28480,Cc1nc(N)ncc1N,0.1722
qm9_cn_subset:24662,c1cc(C2CN2)ncn1,0.2125
qm9_cn_subset:125169,Cc1nnn2c1CC=C2,0.2042
qm9_cn_subset:118873,CCCC1(C)CN2CC21,0.3082
qm9_cn_subset:33435,C#CC1(C#N)C2CC1N2,0.2571
qm9_cn_subset:78689,CC1C2C3N1C2C3(C)C,0.3082
qm9_cn_subset:11841,N#CC1CC2(CC2)C1,0.3154
qm9_cn_subset:129010,c1cc2nn[nH]c2cn1,0.1936
qm9_cn_subset:63420,CC1(C)C=CC(C#N)N1,0.233
qm9_cn_subset:125850,CC1C2c3cnnn3C12,0.2365
qm9_cn_subset:130217,N#CCc1n[nH]nc1N,0.2166
qm9_cn_subset:4976,Cc1ncncc1N,0.1969
qm9_cn_subset:12123,CC12CC1C1(C)CN21,0.2941
qm9_cn_subset:84773,CN1C=NCC1(C)C#N,0.2405
qm9_cn_subset:77199,C#CC1CC(C#C)N1C,0.245
qm9_cn_subset:56657,CN1CC1(C)C(N)C#N,0.2737
qm9_cn_subset:127945,CN=c1[nH]ncnc1N,0.172
qm9_cn_subset:123521,c1ccn2ncnc2c1,0.193
qm9_cn_subset:77585,CC1C2(CC2)C2NC12C,0.2971
qm9_cn_subset:33474,C#CC1(C#N)CC2CC21,0.2894
qm9_cn_subset:56712,C#CC1(C(N)C#N)CN1,0.2661
qm9_cn_subset:127949,CN=c1[nH]nnc(=N)[nH]1,0.1706
qm9_cn_subset:103709,CCC1(N)CC1(N)C#N,0.2646
qm9_cn_subset:16084,C#CC12CC=CC1N2,0.231
qm9_cn_subset:124627,CC(C)Nc1cnn[nH]1,0.2279
qm9_cn_subset:28478,Cc1nc(N)cnc1N,0.1638
qm9_cn_subset:125952,CC1CCc2cnnn21,0.2566
qm9_cn_subset:26368,CC(C)n1cccc1N,0.2407
qm9_cn_subset:91536,CC1CC2NC12C1CN1,0.2931
qm9_cn_subset:66709,C#CC12C3C4C3C1(C)N42,0.2315
qm9_cn_subset:53515,CC#CCN(C)CC#N,0.251
qm9_cn_subset:26403,CC(C)Cc1cc[nH]c1,0.2463
qm9_cn_subset:123340,C#CCCc1cn[nH]c1,0.2579
qm9_cn_subset:106431,CCC12CC(N1)C2C#N,0.279
qm9_cn_subset:65322,C#CC1NC1(C)C1CC1,0.2777
qm9_cn_subset:59926,CC(C)CC(C#N)C#N,0.3239
qm9_cn_subset:28586,Nc1ccc(N2CC2)[nH]1,0.2251
qm9_cn_subset:3636,C#Cc1cn[nH]c1,0.228
qm9_cn_subset:106846,CCC12CNC1(C#N)C2,0.2373
qm9_cn_subset:52802,CC#CC1(N)CC1C#N,0.268
qm9_cn_subset:33438,N#CC1(C#N)C2CC1C2,0.3029
qm9_cn_subset:35359,N#CC1CC2=NCCN21,0.2432
qm9_cn_subset:20329,C#CCn1ccnn1,0.2566
qm9_cn_subset:116582,CCN=C1CN=C(C)N1,0.2242
qm9_cn_subset:26085,CC(C#N)n1ccnc1,0.2425
qm9_cn_subset:126831,CCn1nnc(C#N)n1,0.2442
qm9_cn_subset:91565,CC1CN2CC12CC#N,0.2737
qm9_cn_subset:30717,CCc1[nH]cc(C)c1C,0.2398
qm9_cn_subset:124411,C#CC(C)n1ncnn1,0.2549
qm9_cn_subset:21137,CN=c1ncnn[nH]1,0.1487
qm9_cn_subset:17432,CC1C2C3CC1(C)N32,0.3187
qm9_cn_subset:65043,CC1(C2(C#N)CC2)CC1,0.2969
qm9_cn_subset:36562,C#CC(C#N)CCC#N,0.2922
qm9_cn_subset:125583,Cc1n[nH]c(=N)nc1C,0.1538
qm9_cn_subset:66803,CC12C3C4C5C3N5C1C42,0.3076
qm9_cn_subset:85741,CC1CC(C#N)C2CN12,0.2813
qm9_cn_subset:40646,C1CC2C(C1)C2N1CC1,0.3123
qm9_cn_subset:66585,CC12C3C4CCC1N4C32,0.302
qm9_cn_subset:61101,CC(C#N)(C#N)CC#N,0.3151
qm9_cn_subset:12192,CC1C(C#N)CN1C,0.2594
qm9_cn_subset:71355,CC12CC3C1C1CN1C32,0.3156
qm9_cn_subset:24378,C1=CCc2[nH]ccc2C1,0.2256
qm9_cn_subset:123439,C1NC1Cc1nn[nH]n1,0.2061
qm9_cn_subset:74863,CC1=CC2NC2C1C#N,0.2426
qm9_cn_subset:125099,Cc1nn[nH]c1N1CC1,0.2267
qm9_cn_subset:59684,CC(C)N1CCC1C#N,0.2551
qm9_cn_subset:80503,CC1N2CC(N)C12C#N,0.2435
qm9_cn_subset:13011,CC1C=CC2NC12C,0.2419
qm9_cn_subset:127536,Cn1nc2c(n1)NCC2,0.2035
qm9_cn_subset:69616,CC12NC1C1(C#N)CC12,0.2447
qm9_cn_subset:127655,Cn1ncn2ccnc12,0.2057
qm9_cn_subset:2613,C#CCNCC#N,0.2699
qm9_cn_subset:62282,N#CC1(N)C2CC3C2C31,0.2815
qm9_cn_subset:97530,N#C[C-](C#N)C#CC[NH3+],0.1513
qm9_cn_subset:30067,Cn1cccc1CC#N,0.2346
qm9_cn_subset:36474,C#CCN1CCC1C#N,0.2501
qm9_cn_subset:110445,CCC1C2C(C)C3C1N23,0.3096
qm9_cn_subset:57134,CC(C#CC#N)C1CN1,0.2116
qm9_cn_subset:4370,Nc1ncnc(N)n1,0.2279
qm9_cn_subset:15346,CCC1NC1CC#N,0.3008
qm9_cn_subset:123781,c1nnnc(C2CC2)n1,0.164
qm9_cn_subset:12039,N#CC1(N)CC2CC21,0.294
qm9_cn_subset:129131,N=c1nc[nH]nnc1=N,0.1753
qm9_cn_subset:124571,CC(C)Cc1nn[nH]n1,0.2594
qm9_cn_subset:122244,CCNCC1(C#N)CN1,0.2632
qm9_cn_subset:83743,CN1C2CCC3(CN3)C21,0.2894
qm9_cn_subset:62034,CC(C#N)CCC1CC1,0.3237
qm9_cn_subset:39737,C1=C2C3C(C1)C3C21CN1,0.1729
qm9_cn_subset:130184,Nc1n[nH]c2nc[nH]c12,0.2063
qm9_cn_subset:29730,Cc1ncc(C#N)n1C,0.2105
qm9_cn_subset:33331,C#CC1CC1C#CC#N,0.2198
qm9_cn_subset:36255,C#CCN1C2C3NC2C31,0.2611
qm9_cn_subset:96744,CN=C(C#N)NCC#N,0.2096
qm9_cn_subset:26071,N#CC(N)c1c[nH]cn1,0.2536
qm9_cn_subset:746,Cn1cncn1,0.2716
qm9_cn_subset:125891,CC1CC1n1nnnn1,0.2525
qm9_cn_subset:105632,CCC1(C#N)NCC1N,0.273
qm9_cn_subset:56835,N#CC(N)C1C2CC1C2,0.2953
qm9_cn_subset:34784,C#CC12CN(C1)C2C#N,0.2606
qm9_cn_subset:126736,CCc1ccn(CC)n1,0.2576
qm9_cn_subset:80011,CN1C2C=CC1C1NC12,0.2041
qm9_cn_subset:85739,C#CC1CC(C)C2CN12,0.2774
qm9_cn_subset:36001,C#CC(CC#N)C1CC1,0.3041
qm9_cn_subset:126331,CCc1c[nH]nc1CC,0.256
qm9_cn_subset:80309,C#CC1=CC2C(C)N2C1,0.1865
qm9_cn_subset:20300,C1CC2C1C2N1CC1,0.3225
qm9_cn_subset:116239,CCC1CCCC1C#N,0.3375
qm9_cn_subset:114290,CCC1CN2C(C#N)C12,0.264
qm9_cn_subset:107968,CCC12CC3N1CC32C,0.3142
qm9_cn_subset:85820,CC1CC(N)(C#N)C1C,0.2916
qm9_cn_subset:133838,CC12C3=CC4=CC3N1C42,0.1418
qm9_cn_subset:126919,CCNc1cc(N)n[nH]1,0.2351
qm9_cn_subset:6446,CN1CC(N)(C#N)C1,0.252
qm9_cn_subset:39883,C1C2C3CN1C2C31CN1,0.2966
qm9_cn_subset:124166,CC#Cc1n[nH]nc1N,0.1963
qm9_cn_subset:5127,Cc1c(N)ncn1C,0.2193
qm9_cn_subset:5356,N#Cc1ncncn1,0.1995
qm9_cn_subset:34188,C#CC12CC3N=CN1C32,0.2263
qm9_cn_subset:130170,Nc1n[nH]c2[nH]ccc12,0.2202
qm9_cn_subset:64381,CC1(C)CCNC1C#N,0.2667
qm9_cn_subset:72017,CC12CC3CC1C1C2N31,0.3283
qm9_cn_subset:19620,C1C2C3N2C1C31CC1,0.3106
qm9_cn_subset:130004,Nc1nc2nn[nH]c2[nH]1,0.2094
qm9_cn_subset:11295,CN1CCC(C#N)C1,0.2571
qm9_cn_subset:65614,CC1(C#N)CN2CCC21,0.2587
qm9_cn_subset:31760,CCc1cc2n(c1)CC2,0.2477
qm9_cn_subset:53291,CC#CC1NC1C1CC1,0.2742
qm9_cn_subset:130369,NC=Nc1ncnnn1,0.1632
qm9_cn_subset:38066,C1=CC2(CCC2)C2NC12,0.2412
qm9_cn_subset:914,N=c1ncnc[nH]1,0.1774
qm9_cn_subset:32651,C#Cc1cncn1CC,0.2061
qm9_cn_subset:113042,CCC1CC(CC#N)C1,0.333
qm9_cn_subset:125644,Cc1n[nH]c2c1CCC2,0.25
qm9_cn_subset:66528,C#CC12C3C4C(N31)C42C,0.2297
qm9_cn_subset:79761,CC1C2C3CN4C1C4C32,0.3009
qm9_cn_subset:37714,C1=CC23NC4C2N(C1)C43,0.2116
qm9_cn_subset:19333,N#CC12CC1N1CC12,0.2515
qm9_cn_subset:125304,CC1=CCc2c[nH]nc21,0.2101
qm9_cn_subset:13239,N#CCCN1CCC1,0.2686
qm9_cn_subset:34879,C#CC1N2CC2C12CN2,0.2574
qm9_cn_subset:72265,CC12CN3CCN1CC32,0.2742
qm9_cn_subset:90484,CC1CN2C1C2C1CN1,0.298
qm9_cn_subset:40577,C1C2C(N3CC3)C3C1N23,0.3103
qm9_cn_subset:66347,CC1(C#N)CCCCN1,0.2717
qm9_cn_subset:71585,CC12CN3C1C=CCC32,0.2265
qm9_cn_subset:24554,c1ccc[nH]cncc1,0.1803
qm9_cn_subset:95448,CC1CCC=C1C1CN1,0.2438
qm9_cn_subset:109784,CCC1C(C2CC2)N1C,0.2879
qm9_cn_subset:34331,C#CC12CCC1C1NC12,0.2683
qm9_cn_subset:56981,CC(C#N)C1CN2CC12,0.2784
qm9_cn_subset:34571,N#CC1=CC2CCC2C1,0.2172
qm9_cn_subset:130195,Nc1n[nH]c2nncn12,0.2105
qm9_cn_subset:31127,CCc1c(N)c[nH]c1C,0.2247
qm9_cn_subset:67276,CC12C3CC1N1CC3C12,0.2811
qm9_cn_subset:28112,Cc1nc2c([nH]1)C=CC2,0.1795
qm9_cn_subset:94628,CC1CCC1NCC#N,0.263
qm9_cn_subset:65883,CC1(C#CC#N)CCC1,0.2392
qm9_cn_subset:36335,N#CCC1CC(C#N)N1,0.2657
qm9_cn_subset:35985,C#CCC#CC#CC#N,0.1922
qm9_cn_subset:124458,CC(C)(C)n1cnnc1,0.2678
qm9_cn_subset:33475,C#CC1(C#C)CC2CN21,0.2483
qm9_cn_subset:70858,CC12C=CC3N1C3(C)C2,0.2151
qm9_cn_subset:34728,N#CC1C2C3CN1CC32,0.2829
qm9_cn_subset:126614,CCCn1cnc(N)n1,0.2305
qm9_cn_subset:30093,CC1CC1c1cnc[nH]1,0.2436
qm9_cn_subset:996,Cn1cccc1N,0.2363
qm9_cn_subset:92716,CC1=CCN(C)C1C#N,0.2298
qm9_cn_subset:10475,C#CC1(C#CC)CN1,0.2513
qm9_cn_subset:35639,N#CC1CC=CC=CC1,0.1897
qm9_cn_subset:85683,C#CC1CC(C)C12CN2,0.2879
qm9_cn_subset:36015,N#CCC(C#N)N1CC1,0.27
qm9_cn_subset:115533,CCC1CNC1(C)C#N,0.2727
qm9_cn_subset:78941,CC1C2C3C1C1(C)C3N21,0.3055
qm9_cn_subset:59008,CC(C)C1=NCC(=N)N1,0.2289
qm9_cn_subset:17437,CC1N2C3CC1(C)C32,0.3132
qm9_cn_subset:126942,CCNc1nccnn1,0.1659
qm9_cn_subset:9713,N#CC1(N)C=CCC1,0.2448
qm9_cn_subset:83052,CC1C2CC=CC12C#N,0.2434
qm9_cn_subset:26372,Cc1cncn1C(C)C,0.245
qm9_cn_subset:744,Cn1cccn1,0.2625
qm9_cn_subset:130179,Nc1n[nH]c2[nH]cnc12,0.2175
qm9_cn_subset:35204,N#CC1NC12CN1CC12,0.255
qm9_cn_subset:66863,CC12C3C4=CC1N2C3C4,0.1767
qm9_cn_subset:5714,c1[nH]cc2c1CCN2,0.2213
qm9_cn_subset:40124,C1=CC2NC2C2(C1)CC2,0.2392
qm9_cn_subset:29444,CC1=CCc2[nH]ccc21,0.1961
qm9_cn_subset:28583,Nc1ccc(C2CC2)[nH]1,0.2254
qm9_cn_subset:39410,C1CC2NC2C2CN2C1,0.2818
qm9_cn_subset:26990,C#CCc1[nH]cnc1C,0.2454
qm9_cn_subset:63596,CC1(C)NC1C#CC#N,0.2208
qm9_cn_subset:35464,N#CC1CC2C=CC1C2,0.2566
qm9_cn_subset:26183,CC(C)c1nc(N)c[nH]1,0.2207
qm9_cn_subset:52996,CC#CC12CN1CC2C,0.2492
qm9_cn_subset:29776,Cc1c(N)cn(C)c1C,0.2245
qm9_cn_subset:129412,NC(=[NH2+])Nc1ncn[n-]1,0.1841
qm9_cn_subset:36098,C#CCC12CC1N1CC12,0.267
qm9_cn_subset:105132,C#CC1(NC)CC1C#N,0.235
qm9_cn_subset:102504,CCC(CC)C(N)C#N,0.2817
qm9_cn_subset:90210,CN1CC23CC4C2CC413,0.2691
qm9_cn_subset:70077,CC12NC1C=CC1CC12,0.2405
qm9_cn_subset:133832,NC12C3CN4C(=N3)C1C42,0.1599
qm9_cn_subset:34371,N#CC12CC=CC1CC2,0.263
qm9_cn_subset:39053,C1=CC2NC2C2CC2C1,0.2323
qm9_cn_subset:56742,C#CC(C)C12CN(C1)C2,0.2752
qm9_cn_subset:126507,CCCc1nn[nH]c1C,0.2433
qm9_cn_subset:17321,CN1C2C3NC3C21C,0.2659
qm9_cn_subset:34230,C#CC12NC3CC1NC32,0.2525
qm9_cn_subset:112581,CCC1CC(C)(C#N)C1,0.3381
qm9_cn_subset:102381,CCC(C#N)(CN)NC,0.2628
qm9_cn_subset:27594,C#Cc1cncc(N)n1,0.1713
qm9_cn_subset:36258,N#CCC1C2C3CC2N13,0.2805
qm9_cn_subset:62776,CC1(C)C2CC(C#N)C21,0.3023
qm9_cn_subset:126808,CCn1nccc1C#N,0.2224
qm9_cn_subset:71155,CC12CC3C(N31)C21CN1,0.3022
qm9_cn_subset:76099,N#CC1C(N)C1N1CC1,0.2692
qm9_cn_subset:3479,CC12C3C4C(C31)N42,0.282
qm9_cn_subset:97354,C#CC(C#N)NC=NC,0.2462
qm9_cn_subset:67594,CC12C3C4CC1N2CC43,0.3101
qm9_cn_subset:90635,CC1CC2N1C2(C)C#N,0.2779
qm9_cn_subset:78581,CN1C2C3C(C#N)C2C31,0.2555
qm9_cn_subset:71172,CC12CC3C(C1C#N)C32,0.2931
qm9_cn_subset:118796,CCCC1(C)NC1C#N,0.2865
qm9_cn_subset:18062,N#CCC1C2CCC12,0.3109
qm9_cn_subset:24677,C1=Cn2cncc2CC1,0.2053
qm9_cn_subset:5866,CC(C)(C)CCC#N,0.3496
qm9_cn_subset:10026,CC#CC(C#N)NC,0.2613
qm9_cn_subset:57773,CC(C)C#CC1(C)CN1,0.2715
qm9_cn_subset:128417,CNCc1nnn(C)n1,0.2029
qm9_cn_subset:21010,Cn1ccc(=N)nn1,0.166
qm9_cn_subset:123277,C#CC#Cc1cn[nH]c1,0.1898
qm9_cn_subset:10633,CCC1(C#N)NC1C,0.2856
qm9_cn_subset:24619,c1ccn(C2CCC2)c1,0.2458
qm9_cn_subset:124429,CC(C#N)n1cccn1,0.2594
qm9_cn_subset:28289,CC1=Cn2ccnc2C1,0.1986
qm9_cn_subset:53702,CC#CCCCCC#N,0.2859
qm9_cn_subset:66707,CC12C3C4C1C2(C#N)N43,0.2323
qm9_cn_subset:30397,CN=c1nc[nH]c(C)n1,0.1877
qm9_cn_subset:123654,C1C2Nc3[nH]nnc3C12,0.2149
qm9_cn_subset:31461,CNc1nc(C#N)c[nH]1,0.2032
qm9_cn_subset:130041,NC1=NCc2ncnn21,0.2255
qm9_cn_subset:20848,CCc1n[nH]cc1N,0.2259
qm9_cn_subset:124441,CC(C)(C)c1cn[nH]c1,0.2553
qm9_cn_subset:117603,CNCC(C)(C#N)C#N,0.2445
qm9_cn_subset:19687,CCC1C2CN3C1C23,0.3166
qm9_cn_subset:24046,N#CCN=c1[nH]cc[nH]1,0.2203
qm9_cn_subset:115010,CCC1CC=CC12CN2,0.2461
qm9_cn_subset:78370,CC1C2C3=CCCC3N12,0.2337
qm9_cn_subset:122237,C#CC1(CCCC)CN1,0.2869
qm9_cn_subset:40383,C1NC1C12NC1C1CC12,0.2671
qm9_cn_subset:96388,CC1CCCNC1C#N,0.2633
qm9_cn_subset:123662,c1[nH]nc2c1NC1CC21,0.2148
qm9_cn_subset:119652,CCCC12CN3C1CC32,0.309
qm9_cn_subset:116705,CCN=CN1CC1C#N,0.2485
qm9_cn_subset:20348,C1=Cc2n[nH]cc2C1,0.2089
qm9_cn_subset:24428,c1cc2c([nH]1)CCCN2,0.2233
qm9_cn_subset:128294,CNc1nn(C)nc1C,0.2119
qm9_cn_subset:124512,CC(C)c1cnncn1,0.1687
qm9_cn_subset:20331,C#CCn1cnnc1,0.2568
qm9_cn_subset:34227,C#CC12CC3CN1CC32,0.2606
qm9_cn_subset:4947,CCn1cnc(N)c1,0.2206
qm9_cn_subset:20556,CC(C)n1cnnn1,0.2693
qm9_cn_subset:31762,CNc1cc2n(c1)CC2,0.2181
qm9_cn_subset:24732,c1cc2n(c1)CCCN2,0.222
qm9_cn_subset:38563,C1=CC23CN4CC2C1C43,0.2073
qm9_cn_subset:71525,CC12NC3C1CC32C#N,0.2591
qm9_cn_subset:21706,NC=[NH+]c1ncn[n-]1,0.1331
qm9_cn_subset:76025,C#CC1C(N)C1(N)C#N,0.245
qm9_cn_subset:123909,c1n[nH]c2c1NCCN2,0.2248
qm9_cn_subset:33829,C#CC12CC3(CN3)C1N2,0.2726
qm9_cn_subset:88242,CC1CC1C#CCC#N,0.2689
qm9_cn_subset:18065,N#CCN1C2CCC21,0.2873
qm9_cn_subset:9026,N#CC#CC(N)C#N,0.2248
qm9_cn_subset:70517,CC12C=CC=CCC1N2,0.1853
qm9_cn_subset:66704,C#CC12C3C4C1C2(C)N43,0.234
qm9_cn_subset:35389,N#CC1NC2C3NC2C13,0.2672
qm9_cn_subset:130077,Nc1cc2n(n1)C=CC2,0.1798
qm9_cn_subset:111314,CCC1N2CC2C1(C)C,0.3065
qm9_cn_subset:33948,N#CC12CC1CC1CC12,0.2921
qm9_cn_subset:33309,N#CC#CC1=CCCC1,0.1815
qm9_cn_subset:29966,Cn1cnc(CC#N)c1,0.2516
qm9_cn_subset:29542,CC1=CCc2cncn21,0.2052
qm9_cn_subset:31042,CNc1cc(C)[nH]c1C,0.2101
qm9_cn_subset:57388,CC(C)(C)C12CCN1C2,0.3038
qm9_cn_subset:24209,c1ncn2c1C1CC2C1,0.2447
qm9_cn_subset:119841,CCCC1=CCC2NC12,0.2464
qm9_cn_subset:1613,CC(C#N)N(C)C,0.2563
qm9_cn_subset:125507,C#CCn1ccc(C)n1,0.2572
qm9_cn_subset:100331,CCC(C)(CC)CC#N,0.3427
qm9_cn_subset:16123,N#CC12CCCN1C2,0.2776
qm9_cn_subset:33630,C#CC12C3=CCC1N2C3,0.1734
qm9_cn_subset:24197,c1cc2c([nH]1)C1CN2C1,0.2245
qm9_cn_subset:69673,CC12CC1C1C(C#N)C12,0.251
qm9_cn_subset:26778,Cc1nc(C#N)[nH]c1N,0.1854
qm9_cn_subset:33819,N#CC12CCC1(C#N)C2,0.2592
qm9_cn_subset:21154,CNc1cn[nH]c1C,0.2163
qm9_cn_subset:126530,CCCc1cn(C)nn1,0.2486
qm9_cn_subset:37302,C1=CC2C3C4CC4C1N23,0.214
qm9_cn_subset:79759,CC1C2C3CC4C(C32)N14,0.3048
qm9_cn_subset:88244,CC1NC1C#CCC#N,0.2662
qm9_cn_subset:97719,CCC#CC12CCC1N2,0.2667
qm9_cn_subset:66511,NC12C3C4=NCC1N4C32,0.1717
qm9_cn_subset:65348,CC1(C#N)CC1N1CC1,0.2906
qm9_cn_subset:19832,C1=CC2NC2C2CC12,0.2432
qm9_cn_subset:932,Cc1cccnc1,0.2272
qm9_cn_subset:82116,CC1C2CC2N1CC#N,0.255
qm9_cn_subset:19994,N#CC1CN1C1CC1,0.2708
qm9_cn_subset:38488,C1C2CC34CCC3(C4)N12,0.2831
qm9_cn_subset:127392,CN1Cc2cn[nH]c2C1,0.2328
qm9_cn_subset:129604,C#CCc1cn[nH]c1N,0.2378
qm9_cn_subset:24530,c1c[nH]c2cncc-2n1,0.116
qm9_cn_subset:109521,CCC1C(C#N)C1C#N,0.296
qm9_cn_subset:9647,C#CC1(C)CN1CC,0.2754
qm9_cn_subset:130047,Nc1ncn(C2CC2)n1,0.2269
qm9_cn_subset:34771,C#CC1CC2C(C#N)C12,0.285
qm9_cn_subset:70726,CC12C=CCCCC1N2,0.249
qm9_cn_subset:34459,N#CC12CCC3CC1N32,0.2753
qm9_cn_subset:101057,CCC(N)C1(C#N)CN1,0.2901
qm9_cn_subset:31828,CNc1ccc(N)nc1,0.1705
qm9_cn_subset:66607,CC12C3C4C=CC3N1C42,0.2307
qm9_cn_subset:30435,CN=c1ncnc(C)[nH]1,0.1685
qm9_cn_subset:9731,N#CC1(N)CCCC1,0.2954
qm9_cn_subset:330,C#CC(N)C#N,0.2768
qm9_cn_subset:125355,Cc1cnnn1CC#N,0.2451
qm9_cn_subset:28429,Cc1ccc(N)c(C)n1,0.1943
qm9_cn_subset:526,CCCCC#N,0.354
qm9_cn_subset:64297,CC1(C)CCC=C1C#N,0.2202
qm9_cn_subset:128217,CNc1cn(C)nc1N,0.2141
qm9_cn_subset:52975,CC#CC12NC1C1NC12,0.2275
qm9_cn_subset:102517,CCN(CC)C(C)C#N,0.2577
qm9_cn_subset:34124,N#CC12CC3C1CN3C2,0.2636
qm9_cn_subset:87802,CC1C2N1CC21CC1C,0.2942
qm9_cn_subset:63447,C#CC1(C#C)NC1(C)C,0.2496
qm9_cn_subset:88981,CC1CN1CC1CN1C,0.3031
qm9_cn_subset:97739,CCC#CC1C(C)N1C,0.2556
qm9_cn_subset:20875,CCCc1nc[nH]n1,0.2682
qm9_cn_subset:90386,C#CC1N2CC(C)C12C,0.2576
qm9_cn_subset:78536,CC1C2C3(C)CN3C12C,0.2868
qm9_cn_subset:2557,C#CC1(C#C)CN1,0.2549
qm9_cn_subset:19672,C#CC1C2CC3C2N13,0.2681
qm9_cn_subset:129188,C#Cc1cnc(=N)[nH]n1,0.1385
qm9_cn_subset:32519,CCc1c[nH]cc1CC,0.2472
qm9_cn_subset:16729,N#CC1CC2CC2N1,0.2613
qm9_cn_subset:110564,CCN1C2C3CC2(C)C31,0.2937
qm9_cn_subset:125652,Cc1n[nH]c2c1NCC2,0.2203
qm9_cn_subset:124857,CC1(c2cc[nH]n2)CC1,0.2467
qm9_cn_subset:69021,N#CC12CC1(N)C(=N)N2,0.2265
qm9_cn_subset:78991,CN1C2C3C4C3C2(C)C41,0.3035
qm9_cn_subset:33979,N#CC12CC1CC21CN1,0.2576
qm9_cn_subset:17085,N#CC1=CC2CC1N2,0.1966
qm9_cn_subset:129644,N=c1[nH]nnc(N)c1N,0.1487
qm9_cn_subset:5679,C1=Cc2nccn2C1,0.1805
qm9_cn_subset:1541,CCCC(N)C#N,0.2977
qm9_cn_subset:3302,N#CC1CC2CC12,0.311
qm9_cn_subset:58046,CC(C)C(C#N)C1CC1,0.3337
qm9_cn_subset:34683,C#CC1C2C3CCC3N12,0.2481
qm9_cn_subset:27196,Cc1[nH]cc2[nH]cnc12,0.1914
qm9_cn_subset:35059,N#CC1C2CCCCC12,0.3047
qm9_cn_subset:36467,C#CCC1CNC1C#N,0.2622
qm9_cn_subset:117542,CCNC(C#N)C(C)N,0.2842
qm9_cn_subset:94907,CC1CCC2C(C#N)C12,0.3109
qm9_cn_subset:30346,CC1CNc2c[nH]cc21,0.2211
qm9_cn_subset:966,Cc1cc[nH]c1N,0.248
qm9_cn_subset:125376,Cc1c[nH]nc1C1CN1,0.2355
qm9_cn_subset:4944,CCn1ccc(N)c1,0.2241
qm9_cn_subset:16997,C1=CC23CCC2(C1)N3,0.2135
qm9_cn_subset:30722,CCc1[nH]cc(C)c1N,0.225
qm9_cn_subset:88441,CC1NC1C1(C)NC1C,0.3081
qm9_cn_subset:123722,C1=CCc2n[nH]cc2C1,0.2494
qm9_cn_subset:25668,CC#Cc1cncn1C,0.203
qm9_cn_subset:123379,C#CCNc1cn[nH]n1,0.2183
qm9_cn_subset:100486,CCC(C)C#CCC#N,0.2875
qm9_cn_subset:20817,CCc1cncnn1,0.1641
qm9_cn_subset:52960,CC#CC12CC(C)C1N2,0.2692
qm9_cn_subset:34746,N#CC1C2CCC3C1C23,0.3027
qm9_cn_subset:40659,C1=CC(N2CC2)C2CC12,0.2473
qm9_cn_subset:71396,CC12CN3C1C2C3(C)C,0.3033
qm9_cn_subset:68127,CC12C=CC(C#N)(C1)N2,0.2357
qm9_cn_subset:123777,c1ncc(C2CC2)nn1,0.1653
qm9_cn_subset:80922,CC1C2CC1(C)C21CN1,0.3192
qm9_cn_subset:124582,CC(C)Cn1ncnn1,0.2645
qm9_cn_subset:8647,N#CC(N)(C#N)CN,0.2472
qm9_cn_subset:33013,CNCc1ncncn1,0.1744
qm9_cn_subset:63459,CC1(C)CC1(C)N1CC1,0.305
qm9_cn_subset:20730,Cc1n[nH]c(N)c1N,0.2413
qm9_cn_subset:31448,C#Cc1c[nH]c(CC)c1,0.2169
qm9_cn_subset:130107,Nc1nnc2[nH]ccn12,0.2057
qm9_cn_subset:91054,CC1CC2C(=N1)N1CC21,0.2351
qm9_cn_subset:26284,CN(C)c1ccccc1,0.197
qm9_cn_subset:74549,NC1=CC2=NCC3C1N23,0.1866
qm9_cn_subset:126619,CCCn1ncc(C)n1,0.2492
qm9_cn_subset:125368,Cc1c[nH]c2nnnn12,0.2238
qm9_cn_subset:127756,Cn1nnc2[nH]ccc21,0.2075
qm9_cn_subset:15022,C#CC(C#N)C1CN1,0.2657
qm9_cn_subset:29853,Cn1cc2c(c1)CC=C2,0.1977
qm9_cn_subset:32996,CCNc1cncnc1,0.186
qm9_cn_subset:127120,CN(C)c1nnn(C)n1,0.1981
qm9_cn_subset:103193,CCC1(C)C2CN3C2C31,0.3133
qm9_cn_subset:9980,N#CCN(C=N)C=N,0.2269
qm9_cn_subset:126741,CCn1cnc(=N)nn1,0.1742
qm9_cn_subset:17151,N#CC12CC3C1NC32,0.2666
qm9_cn_subset:24722,C1=Cc2cccn2CC1,0.1774
qm9_cn_subset:30407,CN=c1nc[nH]cc1C,0.1867
qm9_cn_subset:57057,CC1CCC1C(N)C#N,0.2941
qm9_cn_subset:19891,N#CC1C2C3CC3C12,0.2557
qm9_cn_subset:81151,N#CC12CCC(N1)C2N,0.2562
qm9_cn_subset:102135,CC#CC(CC)CC#N,0.2858
qm9_cn_subset:96406,CN1CCCCC1C#N,0.2635
qm9_cn_subset:2315,C#CCC1CN1C,0.2777
qm9_cn_subset:80952,CC1N2CC1(N)C2C#N,0.2561
qm9_cn_subset:99426,C#CC(C#N)(C#N)CN,0.2592
qm9_cn_subset:24505,c1cnc2[nH]cnc2n1,0.1885
qm9_cn_subset:28313,Cc1cn2c(c1C)CC2,0.2483
qm9_cn_subset:4688,C#Cc1ccc(N)[nH]1,0.1881
qm9_cn_subset:67292,CC12C3CN1C3C21CC1,0.3085
qm9_cn_subset:69440,CC12CNC(C#N)C1N2,0.2787
qm9_cn_subset:29840,Cc1nc(C#N)cn1C,0.2265
qm9_cn_subset:30910,CCc1c(N)ncn1C,0.2158
qm9_cn_subset:39726,C1C2C3CC1C1(CC1)N23,0.3362
qm9_cn_subset:109725,CC#CC1C(C)N1CC,0.2558
qm9_cn_subset:5460,C#Cc1[nH]cnc1N,0.1874
qm9_cn_subset:67291,CC12C3CC1N3C21CC1,0.3197
qm9_cn_subset:124432,CC(C#N)n1cnnc1,0.2572
qm9_cn_subset:36002,C#CC(CC#N)C1CN1,0.2688
qm9_cn_subset:126578,CCCCc1ccn[nH]1,0.2571
qm9_cn_subset:63595,C#CC#CC1NC1(C)C,0.2158
qm9_cn_subset:102882,C#CCCC(C#N)CC,0.2955
qm9_cn_subset:30071,Cn1cncc1CC#N,0.2447
qm9_cn_subset:14232,CC1C2CC3(C)C2N13,0.3255
qm9_cn_subset:78641,CC1C2=CCC3(C)C2N13,0.1714
qm9_cn_subset:34713,N#CC1C2C=CC3C1N23,0.218
qm9_cn_subset:31822,CNc1ccc(C)cc1,0.1969
qm9_cn_subset:24641,c1cnc(C2CC2)nc1,0.2094
qm9_cn_subset:37620,C1=CC2C3C4C1CN2C43,0.2384
qm9_cn_subset:12748,CC12CN1CC2C#N,0.2739
qm9_cn_subset:68614,CC12CCC(C1)C2C#N,0.3225
qm9_cn_subset:82676,CC1C2NC3C2C13C#N,0.2557
qm9_cn_subset:79659,C#CC12C3NC3C1N2C,0.2301
qm9_cn_subset:20446,c1n[nH]cc1C1CN1,0.2502
qm9_cn_subset:31806,CCc1cnc(C)nc1,0.2067
qm9_cn_subset:2556,C#CC1(C#N)CC1,0.2733
qm9_cn_subset:20350,C1=Cn2nccc2C1,0.204
qm9_cn_subset:98147,CNC(=[NH2+])[C-](C#N)C#N,0.2006
qm9_cn_subset:11706,CC1CC2(C#N)NC12,0.2625
qm9_cn_subset:84770,CC1N=CNC1(C)C#N,0.2525
qm9_cn_subset:60071,CC(C)CC1(C#N)CN1,0.2942
qm9_cn_subset:31658,CCc1cn(C)cc1N,0.2253
qm9_cn_subset:62973,CC1(C)C(C#N)N2CC21,0.2624
qm9_cn_subset:34921,N#CC1C2NC2C2CN12,0.273
qm9_cn_subset:58996,CC(C)C1=CC2NC2C1,0.2434
qm9_cn_subset:27524,Cc1cc(C2CN2)c[nH]1,0.2352
qm9_cn_subset:27569,C#Cc1cc(C)ncn1,0.1946
qm9_cn_subset:24028,C#CCc1cncnc1,0.2088
qm9_cn_subset:89772,C#CC1N(C)CC12CN2,0.2564
qm9_cn_subset:31141,CNc1c(N)c[nH]c1C,0.2306
qm9_cn_subset:124529,CC(C)c1ncnnn1,0.1627
qm9_cn_subset:97299,CN=CN1C=NCC1=N,0.2135
qm9_cn_subset:17132,CC1CC(N2CC2)C1,0.311
qm9_cn_subset:34516,N#CC1=CC2C3CN2C13,0.1756
qm9_cn_subset:24578,C1=CCn2cncc2C1,0.2222
qm9_cn_subset:102375,CCC(C#N)(CC)CC,0.35
qm9_cn_subset:40550,C1=C(C2CN2)C2NC2C1,0.2358
qm9_cn_subset:38521,C1CN2CC3NC(=N1)C32,0.2044
qm9_cn_subset:124417,CC(C#N)c1cn[nH]c1,0.2617
qm9_cn_subset:3883,Nc1n[nH]nc1N,0.214
qm9_cn_subset:53132,CC#CC1C2C3CN3C12,0.26
qm9_cn_subset:20264,C1C2C3CC4C2N4C13,0.3375
qm9_cn_subset:119928,C#CC1C(C)N1CCC,0.2574
qm9_cn_subset:31223,CCc1cc[nH]c1CC,0.2386
qm9_cn_subset:64902,C#CC1(N)CC1(N)C#N,0.2584
qm9_cn_subset:36540,N#CCN=C1CN=CN1,0.2224
qm9_cn_subset:133858,CC1N2C3C4=CCC13C42,0.0652
qm9_cn_subset:1007,C#Cc1cnc[nH]1,0.208
qm9_cn_subset:114142,CCC1CC2(C#N)CN12,0.2581
qm9_cn_subset:9482,CC1CCC1(C)C#N,0.3305
qm9_cn_subset:107129,CCC12NC1C1(C)NC12,0.2682
qm9_cn_subset:28874,Cc1ncnc(N)c1N,0.2006
qm9_cn_subset:35540,N#CC1CN2CCC2=N1,0.2438
qm9_cn_subset:34271,C#CC12CN=C3CC1N32,0.1927
qm9_cn_subset:15345,CCC1CN1CC#N,0.2756
qm9_cn_subset:129020,c1ncc2[nH]nncc1-2,0.1228
qm9_cn_subset:126405,CCc1nc2n(n1)CC2,0.2679
qm9_cn_subset:36166,C#CCC12NC3C1NC32,0.2757
qm9_cn_subset:28965,C#Cc1ncncc1C,0.1918
qm9_cn_subset:4729,N#Cc1nc(N)c[nH]1,0.1763
qm9_cn_subset:109785,CCC1C(C2CN2)N1C,0.2913
qm9_cn_subset:9861,CC1(C#CC#N)CC1,0.2274
qm9_cn_subset:36665,C#CC1CN1CCC#N,0.2666
qm9_cn_subset:37292,C1CN2C1C1C2C2CN21,0.2735
qm9_cn_subset:53512,CC#CCC(C)CC#N,0.279
qm9_cn_subset:61608,CC(C#N)CN1CC1C,0.2817
qm9_cn_subset:117998,CCCC(C)C(N)C#N,0.2849
qm9_cn_subset:71640,CC12CC3C4C1C(C2)N34,0.2979
qm9_cn_subset:77426,CN1C2(C)C3NC3C12C,0.2691
qm9_cn_subset:109060,CCC1=CC2CC3C1N23,0.2174
qm9_cn_subset:19623,C1C2C3C1C1(CC1)N23,0.3253
qm9_cn_subset:20499,CC#Cc1cn[nH]c1,0.2229
qm9_cn_subset:123775,c1nc2n(n1)CC21CC1,0.2655
qm9_cn_subset:59283,CC(C)C1N=CNC1=N,0.226
qm9_cn_subset:36379,N#CCN1CC1C1CN1,0.255
qm9_cn_subset:109040,CCC1=CC2NC2C1C,0.2423
qm9_cn_subset:35705,C#CC1CCC1N1CC1,0.2806
qm9_cn_subset:86016,CC1C=CC(C)(C#N)C1,0.2597
qm9_cn_subset:79743,CC1C2C3CN3CC12C,0.2931
qm9_cn_subset:40120,C1=CC2(CN2)C2(C1)CN2,0.2455
qm9_cn_subset:80072,CC1C2C=CC3NC3C12,0.2395
qm9_cn_subset:123820,C1=Cc2nn[nH]c2CC1,0.1993
qm9_cn_subset:24108,C#CCCn1ccnc1,0.2471
qm9_cn_subset:30908,CCc1c(C)ncn1C,0.2406
qm9_cn_subset:5047,N=c1cncncn1,0.1672
qm9_cn_subset:2669,CCCC#CC#N,0.2467
qm9_cn_subset:28496,Cc1ncc(N)nc1N,0.1793
qm9_cn_subset:66504,CC12C3CC4=CC3N1C42,0.1188
qm9_cn_subset:123656,c1n[nH]c2c1NC1CC21,0.2116
qm9_cn_subset:34705,N#CC1C2C3C4C1N2C34,0.2665
qm9_cn_subset:82318,CC1N2CC2CC12CC2,0.3134
qm9_cn_subset:127862,CN=c1cn[nH]cc1N,0.1564
qm9_cn_subset:69504,CC12CC1(C)C1(C)NC21,0.3058
qm9_cn_subset:84244,CC1N=C2NC3C2C13N,0.1748
qm9_cn_subset:126767,CCn1nc(N)cc1C,0.2268
qm9_cn_subset:26464,CC1(C)Cc2nccn21,0.2586
qm9_cn_subset:113947,CCN1CC1CC1CC1,0.3067
qm9_cn_subset:36096,C#CCC12CC1C1NC12,0.259
qm9_cn_subset:71401,CC12CC3C1N2C31CC1,0.3252
qm9_cn_subset:24231,c1cc2c([nH]1)CC1NC21,0.2348
qm9_cn_subset:56940,N#CC(N)C1NC1C#N,0.2821
qm9_cn_subset:24034,N#CCc1ccccc1,0.2416
qm9_cn_subset:71803,CC12CC3C1C2C1CN13,0.3164
qm9_cn_subset:34480,C#CC1=C2CC3C2N3C1,0.1391
qm9_cn_subset:1769,C#CC1(C)CN1C,0.2755
qm9_cn_subset:34672,C#CC1C(C#N)C1C#N,0.2601
qm9_cn_subset:92178,CC1CN2CC3C2CN13,0.2776
qm9_cn_subset:35117,N#CC1C=CCN2CC12,0.2377
qm9_cn_subset:127953,CN=c1nc(C)nn[nH]1,0.1581
qm9_cn_subset:39174,C1CC2N3CC24C1CC34,0.241
qm9_cn_subset:90834,CC1CN2C3C4CC13C42,0.2947
qm9_cn_subset:61104,C#CC(N)(C#C)CC#N,0.2693
qm9_cn_subset:101064,CCN(C)C1(C#N)CC1,0.2681
qm9_cn_subset:28168,Cc1nc2cc[nH]c2[nH]1,0.2177
qm9_cn_subset:35019,C#CC1N2CCC12C#N,0.2444
qm9_cn_subset:80944,CC1C2CC1(C)C2C#N,0.3252
qm9_cn_subset:35551,N#CC1CC2CCN2C1,0.2499
qm9_cn_subset:20917,CCn1nnc(C)n1,0.2583
qm9_cn_subset:27419,Cc1ncncc(=N)n1,0.1606
qm9_cn_subset:37713,C1=CC23CC4C2N(C1)C43,0.2165
qm9_cn_subset:41227,C1CC23CC4C(C12)N4C3,0.3176
qm9_cn_subset:21361,c1cc2cn[nH]c2[nH]1,0.2246
qm9_cn_subset:34206,N#CC12CC3CN(C1)C32,0.2421
qm9_cn_subset:20070,C1CCC(N2CC2)C1,0.3102
qm9_cn_subset:25690,CC#Cc1c[nH]c(N)n1,0.2067
qm9_cn_subset:129909,N#CCn1nncc1N,0.2243
qm9_cn_subset:39973,C1C2C3CC4(CC4)C1N23,0.3138
qm9_cn_subset:2643,CC#CC#CC#N,0.1947
qm9_cn_subset:76698,CC1C(C)N1CCC#N,0.2689
qm9_cn_subset:74933,CC1=CC2CN3C1CC23,0.2283
qm9_cn_subset:66448,CC12C3C1C1(C)C2CN31,0.2952
qm9_cn_subset:68422,CC12CC(C1)NC2C#N,0.2735
qm9_cn_subset:8640,CNC(C)(C#N)C#N,0.2473
qm9_cn_subset:28298,Nc1cn2c(n1)CC=C2,0.1698
qm9_cn_subset:72982,N#CC1(N)C2NCC21N,0.2397
qm9_cn_subset:33872,N#CC12CN3CC3C1N2,0.2497
qm9_cn_subset:96658,CN=C(N)NC(=N)C#N,0.1973
qm9_cn_subset:124580,CC(C)Cn1cnnn1,0.2674
qm9_cn_subset:63115,CC1(N)C2NCC21C#N,0.2372
qm9_cn_subset:18179,N#CC1=CCN2CC12,0.1923
qm9_cn_subset:78592,CC1C2C3N(C)C1C23C,0.283
qm9_cn_subset:3574,CC1C2C3CN3C12,0.2847
qm9_cn_subset:69515,CC12CC1C1(C)NC21C,0.2714
qm9_cn_subset:21325,N#Cc1nccnn1,0.1652
qm9_cn_subset:19545,N#CC12C3CN1CC32,0.2516
qm9_cn_subset:19150,CCC1(N2CC2)CC1,0.3069
qm9_cn_subset:33598,N#CC12C3CN4C3C1C42,0.2519
qm9_cn_subset:65096,CC1(C23CCC2N3)CN1,0.322
qm9_cn_subset:28932,Nc1cccn1C1CC1,0.2267
qm9_cn_subset:128891,N#CC1Cc2cnnn21,0.2499
qm9_cn_subset:123631,c1[nH]nc2c1C1CC2N1,0.2374
qm9_cn_subset:113120,C#CC1(C#N)NC1CC,0.2586
qm9_cn_subset:3500,N#CC1C2CN1C2,0.2577
qm9_cn_subset:21379,c1nc2[nH]cnn2n1,0.2431
qm9_cn_subset:78866,CC1C2C3N2C1C31CC1,0.3048
qm9_cn_subset:117605,CNCC(N)(C#N)C#N,0.227
qm9_cn_subset:130109,Nc1nnc2[nH]ncn12,0.1947
qm9_cn_subset:129222,N=c1cnc(=N)[nH]nn1,0.1629
qm9_cn_subset:30150,CC1CC1n1cccc1,0.2438
qm9_cn_subset:25,N#CC#N,0.277
qm9_cn_subset:2561,N#CC1(C#N)CC1,0.2924
qm9_cn_subset:89797,CC1CC2(CN2)C2NC12,0.3101
qm9_cn_subset:56814,CC(C#N)C1C(C)N1C,0.261
qm9_cn_subset:106112,CCC12C3CC1N(C)C32,0.297
qm9_cn_subset:34975,N#CC1C2CC3CC2C31,0.321
qm9_cn_subset:123799,C1CC1Nc1nn[nH]n1,0.2077
qm9_cn_subset:58203,CC(C)N(C)C(C)C#N,0.2608
qm9_cn_subset:33984,N#CC12CN1CC21CN1,0.2372
qm9_cn_subset:127838,CN=c1cc(N)[nH]nn1,0.1545
qm9_cn_subset:40602,C1CC1C1C2C3CN3C12,0.2818
qm9_cn_subset:82681,C#CC12C3CC(C31)N2C,0.2405
qm9_cn_subset:78768,CC1N2C3C1(C)CC32C,0.3125
qm9_cn_subset:71472,CC12CN3C1C3(C#N)C2,0.2749
qm9_cn_subset:20388,C1Cc2nn[nH]c2N1,0.2176
qm9_cn_subset:27285,Nc1ccn2c1NCC2,0.2157
qm9_cn_subset:58066,CC(C)C(N)(C#N)C#N,0.2763
qm9_cn_subset:216,c1cnccn1,0.1982
qm9_cn_subset:129062,N=c1cnn2c(c1)CC2,0.1652
qm9_cn_subset:39720,C1=CC2C3C1N2C31CC1,0.2111
qm9_cn_subset:24281,c1[nH]cc2c1CC1CN21,0.238
qm9_cn_subset:97305,CN=CN1CC1(C)C#N,0.2456
qm9_cn_subset:121800,CCCCC(C)(C)C#N,0.3519
qm9_cn_subset:36760,C#CCNCC#CC#N,0.2131
qm9_cn_subset:88912,CC1CC1NC(=N)C#N,0.2053
qm9_cn_subset:90522,CC1CC2C(C#N)CN12,0.2483
qm9_cn_subset:39696,C1CC12C1C3C1N1C3C12,0.2982
qm9_cn_subset:20827,CCc1nc(C)n[nH]1,0.2655
qm9_cn_subset:86880,CC1CC(C#N)CC1C,0.341
qm9_cn_subset:14141,CC1NC12C=CCC2,0.237
qm9_cn_subset:11274,CC1CNC(C#N)=N1,0.1986
qm9_cn_subset:13647,CC1NC1C#CC#N,0.2246
qm9_cn_subset:130026,C#Cc1cnc(N)nn1,0.1647
qm9_cn_subset:78197,CC1C2C(C#N)N(C)C12,0.2365
qm9_cn_subset:20085,CC1C(C2CN2)N1C,0.2927
qm9_cn_subset:17990,N#CC1NC2CCC12,0.2601
qm9_cn_subset:9567,CC1(C#N)NC1C#N,0.2728
qm9_cn_subset:27589,N#Cc1cc(N)ncn1,0.1894
qm9_cn_subset:53313,CC#CC1CC2(C)CN12,0.2652
qm9_cn_subset:29801,C#Cc1nc(C)cn1C,0.1981
qm9_cn_subset:34058,C#CC12CC3=CCN1C32,0.1656
qm9_cn_subset:21019,C#Cc1ncn(C)n1,0.2254
qm9_cn_subset:23957,C#Cc1nc[nH]c1C#N,0.1885
qm9_cn_subset:96920,CN=C1CC2C(C#N)N12,0.2401
qm9_cn_subset:67100,CC12C3CCC14CC2N34,0.3124
qm9_cn_subset:124388,C#CC(C)c1ccn[nH]1,0.2589
qm9_cn_subset:127658,Cn1ncn2nnnc12,0.2156
qm9_cn_subset:70043,CC12CC1N=C(C#N)N2,0.1978
qm9_cn_subset:9022,C#CC#CC(C)C#N,0.228
qm9_cn_subset:102183,CNC(CC#N)C1CN1,0.2704
qm9_cn_subset:52718,CC#CC(C)CCC#N,0.2838
qm9_cn_subset:20800,CCc1cn[nH]c1N,0.2376
qm9_cn_subset:11928,CC12CCC1(C#N)N2,0.2851
qm9_cn_subset:4906,CCc1c[nH]c(C)c1,0.241
qm9_cn_subset:79013,CC1C2C3CC4C2N4C13,0.3293
qm9_cn_subset:76360,C#CC1(C#C)C(C)N1C,0.2424
qm9_cn_subset:115746,CCC1CCC1CC#N,0.338
qm9_cn_subset:35634,N#CC1CC=CC2CN12,0.2369
qm9_cn_subset:56347,CC1(N=C(N)C#N)CC1,0.2069
qm9_cn_subset:125335,Cc1cn2nc[nH]c2n1,0.2125
qm9_cn_subset:11674,CCC12CN(C1)C2C,0.3015
qm9_cn_subset:123847,C1=Cc2n[nH]nc2CC1,0.2011
qm9_cn_subset:59067,CC(C)C1C(C)C1C#N,0.3111
qm9_cn_subset:35490,N#CC1CN2CC3C1C32,0.2725
qm9_cn_subset:76700,CC1C(CCC#N)N1C,0.2613
qm9_cn_subset:66904,CC12C3N=CN1C=NC32,0.203
qm9_cn_subset:69332,C#CC1(C)CC2(C)NC12,0.2925
qm9_cn_subset:9106,CN=CNC(=N)C#N,0.1878
qm9_cn_subset:75567,CC1=CCCCC2NC12,0.2347
qm9_cn_subset:11931,N#CC12CC1(N)CN2,0.2361
qm9_cn_subset:34540,N#CC1=CC2NC2CC1,0.2041
qm9_cn_subset:129642,N=c1nn[nH]c(N)c1N,0.1484
qm9_cn_subset:21043,Cc1nc(N)nn1C,0.2265
qm9_cn_subset:29858,Cn1cc2c(c1)NCC2,0.2153
qm9_cn_subset:24323,c1ncc2c[nH]cc2n1,0.1611
qm9_cn_subset:78576,C#CC1C2C3C(C)C2N13,0.2623
qm9_cn_subset:3476,CC12C3CN1CC32,0.3148
qm9_cn_subset:10186,CCNC(C#N)CN,0.2678
qm9_cn_subset:35196,N#CC1CC12CC1CN12,0.2805
qm9_cn_subset:37717,C1=CC23CN4C2C(C1)C43,0.2309
qm9_cn_subset:19403,CC1N2CC2C12CC2,0.3099
qm9_cn_subset:20908,CCn1nccc1C,0.2545
qm9_cn_subset:64408,CC1(C)CCCN2CC21,0.2905
qm9_cn_subset:11709,CC1NC2(C#N)CC12,0.2443
qm9_cn_subset:40547,C1N=C(N2CC2)C2NC12,0.2454
qm9_cn_subset:59938,CC(C)CC(C)(N)C#N,0.2998
qm9_cn_subset:29264,Cc1c[nH]c(C2CC2)c1,0.2328
qm9_cn_subset:36539,C#CCN=C1CN=CN1,0.2223
qm9_cn_subset:10179,CCCC(C#N)CC,0.3461
qm9_cn_subset:118265,CCCC(C)CCC#N,0.347
qm9_cn_subset:33612,N#CC12C3C4CC3N1C42,0.2542
qm9_cn_subset:20309,C#Cc1nccnn1,0.1643
qm9_cn_subset:128288,CNc1cc(N)n(C)n1,0.2248
qm9_cn_subset:20377,c1nnn(C2CC2)n1,0.2504
qm9_cn_subset:123546,c1cc2n(n1)C1CC2C1,0.2472
qm9_cn_subset:126879,CCN=c1cccn[nH]1,0.1527
qm9_cn_subset:133848,CC12C3=NC4CN3C1C42,0.1201
qm9_cn_subset:110586,CCN1C2C3NC2C31C,0.287
qm9_cn_subset:90905,CC1CN2C3C=CC12C3,0.2177
qm9_cn_subset:61320,C#CC#CCC(N)C#N,0.2265
qm9_cn_subset:53242,CC#CC1CC(C#N)C1,0.2767
qm9_cn_subset:24299,c1ncn2c1C1NC1C2,0.2381
qm9_cn_subset:123669,c1nn2c3c1CNC3C2,0.1845
qm9_cn_subset:113977,CCC1NC1CCC#N,0.2991
qm9_cn_subset:35001,N#CC1C2CC=CCC12,0.2663
qm9_cn_subset:554,N#CC1CCC1,0.3367
qm9_cn_subset:67633,CC12C3C4N3CC1C42C,0.2992
qm9_cn_subset:79066,CC1C2C3C=CC1(C)N32,0.2153
qm9_cn_subset:52934,CC#CC12CC(C1)N2C,0.2492
qm9_cn_subset:34777,N#CC1CC2C(C#N)C12,0.3095
qm9_cn_subset:21353,c1nc2n[nH]cc2[nH]1,0.2131
qm9_cn_subset:34082,N#CC12C=CC3C(C1)N32,0.2168
qm9_cn_subset:24676,C1=Cn2cccc2CC1,0.1982
qm9_cn_subset:74723,CC1=CC2CC1(C#N)N2,0.2411
qm9_cn_subset:108882,CCC1=CC(C#N)NC1,0.2374
qm9_cn_subset:70840,CC12CC3(C)C1C1C2N13,0.2993
qm9_cn_subset:123617,c1n[nH]c2c1CN1CC21,0.2348
qm9_cn_subset:64166,CC1(C)NCC1(N)C#N,0.2672
qm9_cn_subset:126713,CCn1cc(C#N)cn1,0.2398
qm9_cn_subset:97775,CCC#CC1NC1(C)C,0.2743
qm9_cn_subset:126200,C#Cc1cn[nH]c1CC,0.2246
qm9_cn_subset:79250,CN1C2C3CC1(C)C32C,0.2897
qm9_cn_subset:112512,CCC1CC(C#N)C1C,0.3254
qm9_cn_subset:109508,CCC1C(C#N)C1(C)C,0.3085
qm9_cn_subset:20199,C1=CC2C3C1=CCN23,0.1722
qm9_cn_subset:32988,CCCc1ccccn1,0.2274
qm9_cn_subset:129888,Nc1cn2cn[nH]c2n1,0.1998
qm9_cn_subset:128966,c1cc2c[nH]nc2cn1,0.1734
qm9_cn_subset:128870,N#CC#Cc1nn[nH]n1,0.2027
qm9_cn_subset:28902,Cc1cncc(C)c1C,0.2263
qm9_cn_subset:82685,N#CC12C(N)C3NC1C32,0.246
qm9_cn_subset:35310,N#CC1CC2(C#N)CC12,0.2815
qm9_cn_subset:127081,CN(C)c1nn[nH]c1N,0.2256
qm9_cn_subset:127827,CN=C(N)c1cc[nH]n1,0.2129
qm9_cn_subset:28964,Cc1cnccc1C#N,0.2012
qm9_cn_subset:65414,C#CC1(C)NC1CC#N,0.2724
qm9_cn_subset:124545,CC(C)c1n[nH]nc1N,0.2227
qm9_cn_subset:110473,CCC1C2C3C4C3N1C24,0.2969
qm9_cn_subset:127783,Cn1nnc2n[nH]cc21,0.1921
qm9_cn_subset:30487,CN=c1cc(C)nc[nH]1,0.1772
qm9_cn_subset:125660,Cc1n[nH]c2nccn12,0.2124
qm9_cn_subset:20504,CC#Cc1cc[nH]n1,0.2222
qm9_cn_subset:91473,N#CC12CC(CC1N)N2,0.2522
qm9_cn_subset:125549,Cc1nc2n(n1)CCN2,0.2468
qm9_cn_subset:53080,CC#CC1=CCN2CC12,0.1946
qm9_cn_subset:91987,N#CC1C(N)CC2CN21,0.2552
qm9_cn_subset:127164,CN(C=N)c1ncn[nH]1,0.2232
qm9_cn_subset:38494,C1C2N1CC13CCC21C3,0.2732
qm9_cn_subset:25689,CC#Cc1c[nH]c(N)c1,0.2101
qm9_cn_subset:127617,Cn1ncc2c1CCC2,0.2451
qm9_cn_subset:107481,CCC12NC1CC21CC1,0.2969
qm9_cn_subset:127691,Cc1nc(=N)nnn1C,0.176
qm9_cn_subset:4718,C#Cc1cc(C)c[nH]1,0.1998
qm9_cn_subset:10570,CC1CC1(C#N)C#N,0.2887
qm9_cn_subset:24501,c1cc2[nH]cnc2cn1,0.2107
qm9_cn_subset:127367,Cn1cnn2nnnc12,0.2354
qm9_cn_subset:89773,CN1CC2(CN2)C1C#N,0.2537
qm9_cn_subset:36763,N#CC#CCCCC#N,0.2457
qm9_cn_subset:67406,CC12C3CN1C2(C#N)C3,0.273
qm9_cn_subset:111704,CCC1C2NCC12C#N,0.2516
qm9_cn_subset:40326,C1CC1C12C3C4C1N4C32,0.2756
qm9_cn_subset:128330,CNc1n[nH]cc1C#N,0.1993
qm9_cn_subset:130437,N#Cc1n[nH]nc1CN,0.2114
qm9_cn_subset:124447,CC(C)(C)c1cc[nH]n1,0.2674
qm9_cn_subset:125976,CC1CN1c1nn[nH]n1,0.2117
qm9_cn_subset:126190,CCc1c(C)cnn1C,0.2463
qm9_cn_subset:33410,N#CC(C1CC1)C1CN1,0.2861
qm9_cn_subset:33966,C#CC12CC1CC21CN1,0.2568
qm9_cn_subset:66613,CC12C3CC4C(C3)N1C42,0.3215
qm9_cn_subset:117604,C#CC(N)(C#N)CNC,0.2507
qm9_cn_subset:107879,CCC12CN3C1C(C)C32,0.3004
qm9_cn_subset:70097,CC12NC1C=CC21CC1,0.2359
qm9_cn_subset:38734,C1C2CC3CC1C1C2N31,0.31
qm9_cn_subset:34965,N#CC1C2CN3CC1C23,0.2419
qm9_cn_subset:28686,N#CCc1ccc(N)[nH]1,0.219
qm9_cn_subset:30379,CN=c1cncccn1,0.1602
qm9_cn_subset:89858,CC1CC2(C1)NC2C#N,0.2819
qm9_cn_subset:34940,N#CC1C2NC3(CC3)C12,0.2671
qm9_cn_subset:126952,CCNc1n[nH]c(C)n1,0.2262
qm9_cn_subset:21126,CN=c1nc[nH]nn1,0.166
qm9_cn_subset:28769,Cc1cnc2n1CC=C2,0.1761
qm9_cn_subset:68730,N#CC12CC1(N)C1NC12,0.2466
qm9_cn_subset:92944,CN1CC=CC1(C)C#N,0.2199
qm9_cn_subset:5341,C#Cc1cncnc1,0.2002
qm9_cn_subset:112059,CCC1N=CNC1C#N,0.2445
qm9_cn_subset:49809,N=CN1C=NCCN=C1,0.2184
qm9_cn_subset:13702,CCC#CC1CN1C,0.2582
qm9_cn_subset:2616,N#CCCCC#N,0.3341
qm9_cn_subset:95844,CC1CCCC(C#N)N1,0.2662
qm9_cn_subset:6811,CC1(C)CNC1C#N,0.2649
qm9_cn_subset:99874,CNC(C)(C#N)C(C)N,0.2789
qm9_cn_subset:19636,N#CC12C3C4C1N4C32,0.2397
qm9_cn_subset:907,N=c1nc[nH]cn1,0.1937
qm9_cn_subset:81396,CC1C2CN1CC2C#N,0.2735
qm9_cn_subset:24010,N#Cc1c[nH]cc1C#N,0.2235
qm9_cn_subset:74930,CC1=CC2CC3C1CN23,0.2273
qm9_cn_subset:3787,CNc1ncn[nH]1,0.2512
qm9_cn_subset:43530,N#CC1NC(=N)C12CN2,0.2627
qm9_cn_subset:72194,CC12CC3CC4C1C2N34,0.3009
qm9_cn_subset:25657,CC#Cc1cnc(C)[nH]1,0.2007
qm9_cn_subset:129334,N=CNc1nccnn1,0.1606
qm9_cn_subset:77990,CC1C2N(C)CC12C#N,0.2409
qm9_cn_subset:38026,C1=C2CCN=C2N2CC12,0.1903
qm9_cn_subset:121183,CCCN1CCC1C#N,0.2535
qm9_cn_subset:127281,Cn1cc2c(n1)C=CC2,0.2033
qm9_cn_subset:76181,C#CC1(C)N(C)C1(C)C,0.2669
qm9_cn_subset:66661,CC12C3C1C1(C#N)C2N31,0.2323
qm9_cn_subset:117495,CCN=C(C#N)NCC,0.2028
qm9_cn_subset:73916,CC1=C(C#N)CN2CC12,0.1948
qm9_cn_subset:21533,N#Cc1nn[nH]c1N,0.228
qm9_cn_subset:117765,CCCC(C)(C#N)CC,0.3511
qm9_cn_subset:30191,CC1Cc2cc(N)cn21,0.2225
qm9_cn_subset:75258,CC1=CCC23CCC12N3,0.2186
qm9_cn_subset:72181,CC12CC3CC4C1N4C32,0.3007
qm9_cn_subset:124015,c1nc2n(n1)C1CNC21,0.2482
qm9_cn_subset:59487,C#CCN1CC1C(C)C,0.2736
qm9_cn_subset:61936,C#CCC(C)NCC#N,0.2722
qm9_cn_subset:32214,CCc1cncnc1N,0.2157
qm9_cn_subset:80401,CC1C2CC(C)(C)CN12,0.2875
qm9_cn_subset:70038,CC12CC(C#N)=CC1N2,0.1943
qm9_cn_subset:94226,CN1CCC1(C)CC#N,0.2491
qm9_cn_subset:34602,N#CC1=CCC2CC2C1,0.2233
qm9_cn_subset:35097,N#CC1C=CC=CC=C1,0.1837
qm9_cn_subset:119293,CNCC1(C#N)CCN1,0.2578
qm9_cn_subset:74363,CC1=CC(C#N)CCC1,0.2575
qm9_cn_subset:126277,CCc1cnn2c1CC2,0.2579
qm9_cn_subset:17221,C#CC12CN3CC1C32,0.2595
qm9_cn_subset:636,CC(C)N1CC1,0.3196
qm9_cn_subset:87839,CN1CC12CC1NC12C,0.3017
qm9_cn_subset:21387,c1n[nH]c2[nH]ncc12,0.2321
qm9_cn_subset:38198,C1=CC23CC(C2)C2C1N23,0.1879
qm9_cn_subset:129108,N=C1Cc2nn[nH]c2N1,0.2164
qm9_cn_subset:67728,CC12C=CC3(C)C1CN23,0.2064
qm9_cn_subset:20256,C1C2C3C4CC1N4C23,0.3047
qm9_cn_subset:74927,CC1=CC2CC3N2C13C,0.2192
qm9_cn_subset:39553,C1=CC2C3C=CC(C1)N23,0.2166
qm9_cn_subset:41212,C1CC23CC4(CCN24)C13,0.1833
qm9_cn_subset:127548,Cc1nc(=N)cnn1C,0.1788
qm9_cn_subset:62299,CC1(C#N)C2C3CC2C31,0.3296
qm9_cn_subset:66778,CC12C3C4C(C5C4N51)C32,0.3064
qm9_cn_subset:5394,CNc1ncccn1,0.1899
qm9_cn_subset:52582,CC#CC(C#N)C(C)C,0.2867
qm9_cn_subset:39255,C1=CC23NC2CCC3C1,0.2301
qm9_cn_subset:34891,N#CC1N2CC2C12CC2,0.2559
qm9_cn_subset:126692,CCN(C)c1nn[nH]n1,0.196
qm9_cn_subset:123746,c1ncn(C2CCC2)n1,0.2658
qm9_cn_subset:15051,CNC(C#N)C1CN1,0.2731
qm9_cn_subset:128997,c1cnc2[nH]ncc2n1,0.186
qm9_cn_subset:61945,C#CCC(C)CCC#N,0.3045
qm9_cn_subset:129982,N=CNc1n[nH]c(N)n1,0.2225
qm9_cn_subset:37815,C1=CC23CN4C2CC43C1,0.2217
qm9_cn_subset:21610,N=c1nn[nH]c(N)n1,0.1785
qm9_cn_subset:129555,N#CC(N)c1ccn[nH]1,0.2434
qm9_cn_subset:56935,C#CC1CN1C(C)C#N,0.2673
qm9_cn_subset:36391,N#CCC1CN1CC#N,0.2714
qm9_cn_subset:5250,CCCc1c[nH]cn1,0.2524
qm9_cn_subset:36378,N#CCN1CC1C1CC1,0.2663
qm9_cn_subset:76805,CC1C(C)C23CC(C2)N13,0.2813
qm9_cn_subset:10605,CCC1(CC)CN1C,0.3059
qm9_cn_subset:125466,Cc1nc2nn[nH]c2[nH]1,0.2149
qm9_cn_subset:80950,C#CC1N2CC1(C)C2C,0.2549
qm9_cn_subset:21515,C#Cc1cn[nH]c1N,0.2227
qm9_cn_subset:14491,C#CC1(C)C2CN1C2,0.2586
qm9_cn_subset:105452,CCC1(NCC#N)CC1,0.2626
qm9_cn_subset:86095,CC1NC(N)=NC1C#N,0.2625
qm9_cn_subset:124191,CC#CCc1cn[nH]n1,0.2443
qm9_cn_subset:696,C1C2C3CN2C13,0.324
qm9_cn_subset:36157,C#CCC12CC3C1N3C2,0.2815
qm9_cn_subset:123526,c1cc2ccnn2cn1,0.1824
qm9_cn_subset:5820,CC(C#N)C(C)(C)C,0.346
qm9_cn_subset:74293,CC1=CC(N)(C#N)CC1,0.2438
qm9_cn_subset:34730,N#CC1C2CC3C(C2)N13,0.2869
qm9_cn_subset:20539,CC(C)c1c[nH]nn1,0.2519
qm9_cn_subset:107878,CCC12CC3C1N(C)C32,0.2944
qm9_cn_subset:127847,CN=c1cc[nH]nc1N,0.1709
qm9_cn_subset:15285,C#CCN1CC1C#C,0.2585
qm9_cn_subset:89863,CC1CC2(C1)CC2C#N,0.3047
qm9_cn_subset:18958,CCC1C2C3CN2C13,0.3057
qm9_cn_subset:37327,N1C2C3NC3C3NC3C12,0.2804
qm9_cn_subset:328,C#CC(C)C#N,0.2995
qm9_cn_subset:53255,CC#CC1NC1(C)C#N,0.2561
qm9_cn_subset:4968,Cc1cncnc1C,0.2137
qm9_cn_subset:78358,CC1C2N1C(C)C21CC1,0.3078
qm9_cn_subset:79248,CC1N2C3CC1(C)C32C,0.3073
qm9_cn_subset:80633,CC1C2CN(C2)C1C#N,0.2691
qm9_cn_subset:129186,C#Cc1ccc(=N)[nH]n1,0.1492
qm9_cn_subset:123585,C1CC2Cn3nnc1c32,0.1852
qm9_cn_subset:65487,N#CC1(N)CC2(CC2)C1,0.2928
qm9_cn_subset:35279,N#CC1CC1CC1CC1,0.3106
qm9_cn_subset:85800,CN1CC(N)(C#N)C1=N,0.243
qm9_cn_subset:5305,CC(C)c1ncc[nH]1,0.2515
qm9_cn_subset:74676,CC1=CC2C=CC3C1N23,0.2125
qm9_cn_subset:17289,CC12CCC1N1CC12,0.2943
qm9_cn_subset:89078,CC1CC1CNCC#N,0.2663
qm9_cn_subset:124445,CC(C)(C)c1ncn[nH]1,0.2704
qm9_cn_subset:28764,Nc1ccc2n1C1CC21,0.1983
qm9_cn_subset:90814,CC1CC2C3C1C1C3N21,0.3117
qm9_cn_subset:73953,CC1=C(C#N)CCCC1,0.22
qm9_cn_subset:87041,CC1CC1(C#N)C1CC1,0.3086
qm9_cn_subset:129238,C#CCn1nn[nH]c1=N,0.2008
qm9_cn_subset:36434,N#CCC1CC2CCC12,0.3181
qm9_cn_subset:3691,Cc1nnc(C)[nH]1,0.2641
qm9_cn_subset:35820,N#CC1NCC2CCC21,0.2708
qm9_cn_subset:3531,CN1C2C3NC2C31,0.2828
qm9_cn_subset:37649,C1C2C3C1C1C4C3C2N14,0.2923
qm9_cn_subset:40185,C1CC2(CN2)CN2CC12,0.2945
qm9_cn_subset:56585,CC(C(N)C#N)C1CN1,0.2793
qm9_cn_subset:71174,CC12CC3C(C1C#N)N32,0.281
qm9_cn_subset:20736,Cc1n[nH]cc1C#N,0.2404
qm9_cn_subset:37209,C1=C2C3NC3C3C(C1)C23,0.2126
qm9_cn_subset:33477,C#CC1(C#C)CC2NC21,0.2688
qm9_cn_subset:124511,CC(C)c1cncnn1,0.1652
qm9_cn_subset:126005,CC1CNc2[nH]ncc21,0.2309
qm9_cn_subset:27421,Cc1nccnc(=N)n1,0.1491
qm9_cn_subset:128295,CNc1nn(C)nc1N,0.2037
qm9_cn_subset:78945,CN1C2C3C1C1(C)C2N31,0.2896
qm9_cn_subset:33933,C#CC12CC1CC1CN12,0.28
qm9_cn_subset:69725,CC12CC1N1C3CC1C32,0.3191
qm9_cn_subset:720,C12C3C1N1C2C31,0.2821
qm9_cn_subset:129819,Nc1cc(C2CN2)n[nH]1,0.2327
qm9_cn_subset:89085,CC1NC1CNCC#N,0.2693
qm9_cn_subset:32528,CNc1c[nH]cc1NC,0.2325
qm9_cn_subset:127626,Cn1ncc2c1NCC2,0.2282
qm9_cn_subset:32587,CCn1cc(C)cc1C,0.2379
qm9_cn_subset:119923,CCCC1C(C#N)N1C,0.2599
qm9_cn_subset:53389,CC#CC1CCC12CN2,0.2781
qm9_cn_subset:37505,C1=NC2C3NC4C2N1C34,0.2174
qm9_cn_subset:125861,CC1C=Cc2n[nH]cc21,0.207
qm9_cn_subset:62700,CC1(C)C2CCN3C2C31,0.315
qm9_cn_subset:24629,c1cc2n(c1)CC21CN1,0.2399
qm9_cn_subset:85742,CC1CC(C#N)C2NC12,0.2943
qm9_cn_subset:109310,CCC1=CCCC12CN2,0.235
qm9_cn_subset:107037,CCC12C=CC(C)C1N2,0.2435
qm9_cn_subset:53005,CC#CC12C=CCN1C2,0.2266
qm9_cn_subset:91040,CC1CC2N3CC3C12C,0.2938
qm9_cn_subset:88079,CC1NC12CCN1CC12,0.3062
qm9_cn_subset:24560,c1cncc[nH]cnc1,0.1777
qm9_cn_subset:89318,CC12CC(N)C1(C#N)N2,0.263
qm9_cn_subset:5614,CCc1c[nH]cc1C,0.2491
qm9_cn_subset:61232,C#CCC(C)C1CN1C,0.278
qm9_cn_subset:20378,C1CC1n1nnnn1,0.2591
qm9_cn_subset:110449,CCC1C2C(C)N3C1C23,0.3177
qm9_cn_subset:126881,CCN=c1cncn[nH]1,0.1514
qm9_cn_subset:15491,N=CN1C=NCC1=N,0.216
qm9_cn_subset:73931,CC1=C(C2CN2)CCC1,0.2487
qm9_cn_subset:61658,CC(C#N)NC1CCC1,0.2648
qm9_cn_subset:37277,C1=CC2C3C4CC4N2C13,0.2163
qm9_cn_subset:4692,C#Cc1ncc(N)[nH]1,0.1891
qm9_cn_subset:24399,C1=Cc2cc[nH]c2CC1,0.1875
qm9_cn_subset:127927,CN=c1cnc(N)n[nH]1,0.1342
qm9_cn_subset:67805,CC12C=CC3CN1C32C,0.2278
qm9_cn_subset:71282,CC12C=CCN3C(C1)C32,0.2507
qm9_cn_subset:36981,C1CC(CCN2CC2)C1,0.3172
qm9_cn_subset:80947,CC1C2NC1(C)C2C#N,0.2743
qm9_cn_subset:113597,CCC1CC1C#CC#N,0.2259
qm9_cn_subset:124160,CC#Cc1cc(N)[nH]n1,0.2145
qm9_cn_subset:28155,Cc1cc2c([nH]1)CC=C2,0.1881
qm9_cn_subset:61097,C#CCC(C)(C#C)C#N,0.2823
qm9_cn_subset:33675,N#CC12C3CCC1C2N3,0.2602
qm9_cn_subset:128216,CNc1cn(C)nc1C,0.2177
qm9_cn_subset:73812,CC1=C(C)C2(C)NC2C1,0.2436
qm9_cn_subset:20684,Cc1cn[nH]c(=N)n1,0.1565
qm9_cn_subset:20973,CN(C)c1ncn[nH]1,0.2434
qm9_cn_subset:76094,C#CC1C(C2CN2)N1C,0.2537
qm9_cn_subset:130063,N#CCn1ncc(N)n1,0.2123
qm9_cn_subset:25102,N=c1nc[nH]c(=N)cn1,0.1724
qm9_cn_subset:3114,N#CC12CCC1C2,0.2885
qm9_cn_subset:84599,CC1C=CC2CC12C#N,0.2476
qm9_cn_subset:3056,CC#CCC1CN1,0.2947
qm9_cn_subset:67562,CC12C3CC1C3N1CC12,0.3182
qm9_cn_subset:81602,C#CCN1C2CC1C2C,0.2687
qm9_cn_subset:21196,CNc1nccnn1,0.1661
qm9_cn_subset:24253,c1cc2c([nH]1)C1CN1C2,0.2295
qm9_cn_subset:31782,CNc1ccc(N)n1C,0.2283
qm9_cn_subset:130203,N#CCc1c[nH]nc1N,0.2281
qm9_cn_subset:43528,C#CC1NC(=N)C12CN2,0.2606
qm9_cn_subset:126637,CCCn1nn[nH]c1=N,0.2012
qm9_cn_subset:1736,CC1(CC#N)CC1,0.3236
qm9_cn_subset:33726,C#CC12CC(C1)C1CN12,0.2766
qm9_cn_subset:128141,CNc1[nH]nnc1C#N,0.2196
qm9_cn_subset:99639,CCC(C#N)C1CN1C,0.2688
qm9_cn_subset:75077,CC1=NCC(=N)N1C=N,0.2166
qm9_cn_subset:91469,CC1CN2CC1(C#N)C2,0.2662
qm9_cn_subset:35794,N#CC1CN2CC2CN1,0.2499
qm9_cn_subset:34696,C#CC1C2C3C1C1C2N31,0.2745
qm9_cn_subset:74876,CC1=CC2NC2C2CC12,0.2414
qm9_cn_subset:33638,C#CC12C3C=CC1N2C3,0.2206
qm9_cn_subset:24115,c1c[nH]c(CC2CC2)n1,0.2497
qm9_cn_subset:86470,CC1CC(C#N)(C#N)C1,0.3149
qm9_cn_subset:26466,CC1(C)Cn2ccnc21,0.2572
qm9_cn_subset:80806,C#CC12CN(C1C)C2C,0.2726
qm9_cn_subset:32652,CCn1cncc1C#N,0.2153
qm9_cn_subset:118526,CCCN(CC)CC#N,0.2523
qm9_cn_subset:36461,C#CC1CCN1CC#N,0.2507
qm9_cn_subset:29978,CC1C=Cc2[nH]cnc21,0.1823
qm9_cn_subset:121453,CCCN=C1CN=CN1,0.2205
qm9_cn_subset:56929,C#CC1CC1C(C)C#N,0.2887
qm9_cn_subset:32590,CCn1cc(C)nc1C,0.2412
qm9_cn_subset:127886,CN=c1nn[nH]c(C)n1,0.1667
qm9_cn_subset:127154,CN(C)Cc1cn[nH]n1,0.2081
qm9_cn_subset:5566,CCc1cc[nH]c1C,0.2397
qm9_cn_subset:36034,C#CCC1(C2CN2)CN1,0.276
qm9_cn_subset:34125,N#CC12CC3CC1C3N2,0.2696
qm9_cn_subset:70461,CC12NC1CC2CC#N,0.2812
qm9_cn_subset:27406,Cc1cc(=N)nccn1,0.1482
qm9_cn_subset:102182,CCN(CC#N)C1CC1,0.2642
qm9_cn_subset:125578,Cc1n[nH]c(=N)c(N)n1,0.1734
qm9_cn_subset:17144,C#CC12NC3C1NC32,0.2511
qm9_cn_subset:127404,CN1CCc2cn[nH]c21,0.2262
qm9_cn_subset:37585,C1=CC2C3CC4C(C13)N24,0.2414
qm9_cn_subset:126112,CCC#Cc1nn[nH]n1,0.2181
qm9_cn_subset:125542,Cc1nc2n(n1)CC=C2,0.192
qm9_cn_subset:125476,Cc1nc2n[nH]nc2[nH]1,0.2131
qm9_cn_subset:33591,C#CC12C3NC4C3N1C42,0.2455
qm9_cn_subset:84604,C#CC12CN1C=NC2C,0.2397
qm9_cn_subset:126958,CCNc1n[nH]cc1N,0.2216
qm9_cn_subset:79540,C#CC12CC1C1C(C)N12,0.254
qm9_cn_subset:24627,c1cn2c(n1)C1(CC1)C2,0.2505
qm9_cn_subset:57625,CC(C)(C#N)CC1CN1,0.2939
qm9_cn_subset:5390,CNc1cccnc1,0.1912
qm9_cn_subset:110804,CCC1C2CC(C#N)N12,0.2589
qm9_cn_subset:110464,CCC1C2C3C2N2C1C32,0.2976
qm9_cn_subset:14390,CC1(C)C2C3CC3N21,0.2769
qm9_cn_subset:28495,Cc1ncc(N)nc1C,0.1844
qm9_cn_subset:82453,CC1N2CC3(C)C2C13C,0.2941
qm9_cn_subset:53032,CC#CC12CC3CC1N32,0.2593
qm9_cn_subset:507,CC#CCC#N,0.2899
qm9_cn_subset:58839,CC(C)C12CC=CC1N2,0.2331
qm9_cn_subset:33415,N#CC(C1CN1)N1CC1,0.2719
qm9_cn_subset:126929,CCNc1cnnnn1,0.171
qm9_cn_subset:5520,CCc1[nH]ccc1C,0.2403
qm9_cn_subset:17546,C1C2CC3(CN3)CN12,0.3057
qm9_cn_subset:56520,CC(N)(C#N)C(N)C#N,0.27
qm9_cn_subset:123837,C1=Cn2nccc2CC1,0.2039
qm9_cn_subset:68055,CC12CC(C)(N1)C2C#N,0.2771
qm9_cn_subset:24110,N#CCCn1ccnc1,0.2422
qm9_cn_subset:33712,N#CC12C=CC3CN1C32,0.2261
qm9_cn_subset:71358,CC12CN3C1C1NC1C32,0.2953
qm9_cn_subset:53298,CC#CC1CC1CC#N,0.2726
qm9_cn_subset:30055,Cn1cccc1C1CC1,0.2358
qm9_cn_subset:37303,C1=CC2C3C4NC4C1N23,0.2208
qm9_cn_subset:126810,CCc1ccnn1CC,0.2538
qm9_cn_subset:66035,C#CC1CCC1(N)C#N,0.2745
qm9_cn_subset:69551,CC12CCC1C1(C)NC21,0.2965
qm9_cn_subset:83785,CC1C2C3NC3CCN12,0.2735
qm9_cn_subset:120340,CCCC1C=CC2NC12,0.2437
qm9_cn_subset:122460,CCCCN1CC1C#N,0.2688
qm9_cn_subset:2815,N#CC1NC1C#N,0.2868
qm9_cn_subset:20612,Cc1cn[nH]c1C#N,0.2198
qm9_cn_subset:28566,Cc1ccc(N2CC2)[nH]1,0.2255
qm9_cn_subset:6896,CCC1N(C)C1(C)C,0.2893
qm9_cn_subset:90804,CC1CC2C3C4C1C4N23,0.2826
qm9_cn_subset:32226,CNc1ccccc1N,0.2038
qm9_cn_subset:32592,CCn1cc(N)cc1C,0.2194
qm9_cn_subset:127070,Cc1nn[nH]c1N(C)C,0.2216
qm9_cn_subset:108002,CCC12CC3C4C(C41)N32,0.3047
qm9_cn_subset:125317,Cc1cnn(CC#N)c1,0.2469
qm9_cn_subset:65351,C#CC1(C)NC1C1CC1,0.2717
qm9_cn_subset:5756,c1c[nH]c(C2CC2)c1,0.2388
qm9_cn_subset:125933,CC1Cc2n[nH]nc2C1,0.2428
qm9_cn_subset:34903,N#CC1C(C#N)C2CC12,0.3051
qm9_cn_subset:127720,Cc1nnn(C)c1C#N,0.2172
qm9_cn_subset:99427,N#CC(C#N)(C#N)CN,0.2542
qm9_cn_subset:28976,N#Cc1ncccc1N,0.1748
qm9_cn_subset:14920,N#CC1CCCCN1,0.2672
qm9_cn_subset:3594,CC1CC1N1CC1,0.32
qm9_cn_subset:61944,C#CCCC(C)CC#N,0.2997
qm9_cn_subset:88368,CC1CC1C(C)(C)C#N,0.318
qm9_cn_subset:36174,N#CCC12CN3C1CC32,0.2739
qm9_cn_subset:82483,CC1C2CC3(C)CN1C23,0.2796
qm9_cn_subset:24486,C1=Cc2ccncc2C1,0.2006
qm9_cn_subset:102304,CCC(C#N)CN(C)C,0.2585
qm9_cn_subset:129583,[NH3+]C1(c2cnn[n-]2)CC1,0.2446
qm9_cn_subset:35649,C#CC1=NC(C#N)CN1,0.2047
qm9_cn_subset:57692,C#CCCC(C)(N)C#N,0.2906
qm9_cn_subset:64712,CC1(CC#N)CC2CN21,0.2791
qm9_cn_subset:3699,Cc1n[nH]cc1N,0.2274
qm9_cn_subset:125680,Cc1n[nH]nc(C)c1=N,0.1792
qm9_cn_subset:57628,C#CC(C)(C)CN1CC1,0.295
qm9_cn_subset:77309,CC1=CCC(C#N)C1C,0.2599
qm9_cn_subset:58367,C#CC(CC#N)C(C)C,0.2985
qm9_cn_subset:29285,Nc1c[nH]c(C2CN2)n1,0.2111
qm9_cn_subset:32222,CCc1ncncc1C,0.2107
qm9_cn_subset:77015,C#CC1C(C)N1CC#N,0.2616
qm9_cn_subset:123536,c1cc2ccnn2nn1,0.1667
qm9_cn_subset:2832,CCC1NC1C#N,0.2923
qm9_cn_subset:64711,CC1(CC#N)CC2CC21,0.3019
qm9_cn_subset:116249,CCN1CCCC1C#N,0.259
qm9_cn_subset:35298,C#CC12CC(C#N)N1C2,0.2471
qm9_cn_subset:89327,CC1CC2(C)CC12C#N,0.2802
qm9_cn_subset:128906,N#CCCc1c[nH]nn1,0.254
qm9_cn_subset:59488,CC(C)C1CN1CC#N,0.2721
qm9_cn_subset:123520,c1ccn2nccc2c1,0.1767
qm9_cn_subset:63445,C#CC1(C#N)CC1(C)C,0.2692
qm9_cn_subset:69070,CC12C=CCC1(C#N)N2,0.245
qm9_cn_subset:15550,CC1CC=CC1C#N,0.2628
qm9_cn_subset:34408,N#CC12CCCC1CN2,0.2661
qm9_cn_subset:42383,N#CC(=N)NC(=N)C#N,0.1918
qm9_cn_subset:28434,Cc1ccc(N)cc1N,0.2045
qm9_cn_subset:61318,C#CC(C)CC#CC#N,0.2338
qm9_cn_subset:99893,CCC(C)(C#N)C1CN1,0.282
qm9_cn_subset:88354,C#CC(C#N)C1NC1C,0.2841
qm9_cn_subset:128100,CNc1c(C)nnn1C,0.2303
qm9_cn_subset:32092,CCc1cncc(C)n1,0.1954
qm9_cn_subset:85698,CN1CC(C#N)C12CC2,0.247
qm9_cn_subset:83737,CC1C2N1CCC21CN1,0.3049
qm9_cn_subset:28960,Cc1cccnc1C#N,0.2068
qm9_cn_subset:128926,N#CCN=c1[nH]cn[nH]1,0.2225
qm9_cn_subset:71309,C#CC1C2C3CC2(C)N13,0.2606
qm9_cn_subset:33841,N#CC12CC3(CN3)C1N2,0.2684
qm9_cn_subset:28522,Nc1cnc(N)c(N)n1,0.1668
qm9_cn_subset:127114,CN(C)c1nccnn1,0.1636
qm9_cn_subset:67197,C#CC1C2CC3N1C23C,0.2759
qm9_cn_subset:113933,CCN1CC1CC(C)C,0.3031
qm9_cn_subset:123495,c1ccn2nncc2c1,0.1755
qm9_cn_subset:127758,Cn1nnc2[nH]ncc21,0.2115
qm9_cn_subset:90939,CN1CC2N3CC1C23C,0.2866
qm9_cn_subset:3823,N#Cc1cn[nH]n1,0.2411
qm9_cn_subset:28940,C#CCn1ccnc1C,0.2347
qm9_cn_subset:59275,CC(C)C1C=CC2NC21,0.2442
qm9_cn_subset:29371,C#CCc1cc(C)c[nH]1,0.239
qm9_cn_subset:76353,C#CC1(C#N)C(C)C1C,0.27
qm9_cn_subset:107699,CCC12CC3(C)C1CN32,0.3159
qm9_cn_subset:125887,CC1CC1n1cnnc1,0.2625
qm9_cn_subset:123480,c1nn[nH]c1CN1CC1,0.2541
qm9_cn_subset:62813,CC1(C)N2CC1(C#N)C2,0.2699
qm9_cn_subset:100622,CCN(C)C(C#N)C#N,0.2348
qm9_cn_subset:69810,CC12C=CC3NC3C1N2,0.2381
qm9_cn_subset:88597,CC1C(C)C1N1CC1C,0.3039
qm9_cn_subset:23995,C#Cc1ncc(C#N)[nH]1,0.1869
qm9_cn_subset:67782,CC12C=CC3C4C(C31)N42,0.2326
qm9_cn_subset:57624,CC(C)(C#N)CC1CC1,0.3309
qm9_cn_subset:17281,CN1CC1CN1CC1,0.3075
qm9_cn_subset:57230,CC(N)(C#N)C#CC#N,0.2238
qm9_cn_subset:75149,CC1=CCC(N)(C#N)C1,0.2612
qm9_cn_subset:123332,C#CCc1cnncn1,0.1646
qm9_cn_subset:20893,CCn1cc(N)nn1,0.2155
qm9_cn_subset:39912,C1=C2CC3C2C3C12CN2,0.1739
qm9_cn_subset:113248,C#CCC1(C)CN1CC,0.2803
qm9_cn_subset:110639,CCN1C2C3CC3C21C,0.2799
qm9_cn_subset:125953,CC1CCc2c[nH]nc21,0.2502
qm9_cn_subset:3753,Cc1cnn(C)n1,0.2501
qm9_cn_subset:31288,CCc1cc[nH]c1C#N,0.2089
qm9_cn_subset:31898,CNc1ncc(C#N)[nH]1,0.1945
qm9_cn_subset:37152,C1C2C3C4C5CC4(C53)N12,0.3108
qm9_cn_subset:80502,CC1CN2C(C)C12C#N,0.2502
qm9_cn_subset:20016,CCC1CC1N1CC1,0.3193
qm9_cn_subset:3491,C1C2CC3C1N3C2,0.328
qm9_cn_subset:24658,c1ncc(C2CN2)cn1,0.2094
qm9_cn_subset:60179,CC(C)CC1CC1C#N,0.315
qm9_cn_subset:35647,C#CC1=CC(C#N)NC1,0.2014
qm9_cn_subset:34320,C#CC12CCN=C1NC2,0.2453
qm9_cn_subset:27574,Cc1nccc(C#N)n1,0.1879
qm9_cn_subset:110418,CCC1C2CC3(C)C1N23,0.3218
qm9_cn_subset:14668,CCC#CCCC#N,0.2851
qm9_cn_subset:30106,CC1NC1c1ncc[nH]1,0.2417
qm9_cn_subset:37630,C1CN2C3CN1C1C3C12,0.2779
qm9_cn_subset:66777,CC12C3C4C(C31)N1C4C12,0.2849
qm9_cn_subset:14361,C1=CC2N3CC2(C1)C3,0.2207
qm9_cn_subset:2585,C#CC1(CC)CN1,0.2871
qm9_cn_subset:111367,CCN1C(C#N)C2CC21,0.2415
qm9_cn_subset:66739,CC12C3=CCN1C1C3C12,0.1578
qm9_cn_subset:36618,N#CCCC12CCC1N2,0.3033
qm9_cn_subset:14454,CC12CN3C1CCC32,0.309
qm9_cn_subset:27621,Cc1[nH]c(N)cc1C#N,0.2055
qm9_cn_subset:123557,C1c2[nH]nnc2C2CC12,0.2311
qm9_cn_subset:77203,C#CC1NC(C#N)C1N,0.2526
qm9_cn_subset:35445,C#CC1CC2NC12C#C,0.2509
qm9_cn_subset:36214,N#CCC1=CC2CC2C1,0.2396
qm9_cn_subset:27878,Cc1cc(N)cc(N)c1,0.2065
qm9_cn_subset:40015,C1=CC2(CC2)CN2CC12,0.2296
qm9_cn_subset:34912,C#CC1C2NC2C2NC12,0.2826
qm9_cn_subset:130010,NC1=Nc2cnnn2C1,0.1886
qm9_cn_subset:30062,Cn1ccnc1N1CC1,0.2443
qm9_cn_subset:62664,CC1(C)C2C3CC3(C)N21,0.3059
qm9_cn_subset:126553,CCCc1nnn(C)n1,0.256
qm9_cn_subset:59144,CC(C)N1C2C3CC3C21,0.2793
qm9_cn_subset:43428,N#CC1=CC(=N)NC1=N,0.1638
qm9_cn_subset:111430,CCC1C2NC2C2CN12,0.29
qm9_cn_subset:52798,C#CC1NC1(C)C#CC,0.2621
qm9_cn_subset:57760,CC(C)C#CC(N)C#N,0.2736
qm9_cn_subset:5788,c1nc(C2CN2)c[nH]1,0.2465
qm9_cn_subset:35613,N#CC1CC=CC12CC2,0.2482
qm9_cn_subset:7049,CC#CC(C)CC#N,0.2858
qm9_cn_subset:125962,CC1CCn2nncc21,0.2554
qm9_cn_subset:37910,C1=CCC2C3C(=C1)CN23,0.1946
qm9_cn_subset:34699,C#CC1C2C3C4C3N1C24,0.257
qm9_cn_subset:34500,N#CC1=NC2(CC2)CN1,0.1845
qm9_cn_subset:20884,CCCn1cncn1,0.2712
qm9_cn_subset:24306,c1cn2c3c1NCC3C2,0.1857
qm9_cn_subset:36534,N#CCN1CCCCC1,0.2593
qm9_cn_subset:56514,CC(C)(C#N)C(N)C#N,0.2874
qm9_cn_subset:1772,N#CC1(N)CC1N,0.2705
qm9_cn_subset:85662,CC1=CC(C)NC1C#N,0.2396
qm9_cn_subset:120048,CCCC1C2CC3C2N13,0.3277
qm9_cn_subset:118651,CCNC(C#N)CNC,0.2666
qm9_cn_subset:10404,CCC1(C#N)CCN1,0.2678
qm9_cn_subset:89140,CN1CC2(C)C(C#N)C12,0.2463
qm9_cn_subset:32847,CCNc1cc(N)c[nH]1,0.219
qm9_cn_subset:129892,Nc1cn2nc[nH]c2n1,0.1931
qm9_cn_subset:69431,CC12CNC(C#N)C1C2,0.2739
qm9_cn_subset:95852,CC1CNCC(C#N)N1,0.2402
qm9_cn_subset:33694,N#CC12C3C4CC1N2C43,0.2502
qm9_cn_subset:3867,Nc1c[nH]nc1N,0.2248
qm9_cn_subset:97297,CN=CN1C=NC2CC21,0.2021
qm9_cn_subset:12201,CC1NC(C#N)C1N,0.2645
qm9_cn_subset:28905,Cc1ccnc(C)c1N,0.2013
qm9_cn_subset:33334,N#CC#CC1CC1C#N,0.23
qm9_cn_subset:34427,C#CC12CCN3C1CC32,0.2707
qm9_cn_subset:104248,CCC1(C)CCC1C#N,0.3236
qm9_cn_subset:34241,N#CC12CN3CC1CC32,0.2612
qm9_cn_subset:24043,N#CCc1ncncn1,0.2194
qm9_cn_subset:42298,C#CC(=N)N1C=NCC1,0.1968
qm9_cn_subset:112588,CCN1CC(C)(C#N)C1,0.2605
qm9_cn_subset:29878,Cc1cc(=N)ncn1C,0.1882
qm9_cn_subset:124563,CC(C)Cc1c[nH]nn1,0.2503
qm9_cn_subset:108022,CCC12CC3C4C3N1C42,0.2956
qm9_cn_subset:103235,CCC1(C)C2C3NC3C21,0.273
qm9_cn_subset:26976,Cc1[nH]ccc1CC#N,0.2373
qm9_cn_subset:123890,c1nnnc(N2CC2)n1,0.1658
qm9_cn_subset:78924,CC1C2C3C4N1C2C34C,0.3003
qm9_cn_subset:71795,CC12CC3C4CC3N1C42,0.3278
qm9_cn_subset:36696,N#CCCN1CC2CC21,0.2634
qm9_cn_subset:27164,Nc1nc[nH]c1C1CN1,0.2156
qm9_cn_subset:19634,C#CC12C3C4C3N1C42,0.2335
qm9_cn_subset:127768,Cn1nnc2cc[nH]c21,0.2131
qm9_cn_subset:92986,CC1CN=CN1CC#N,0.2353
qm9_cn_subset:127928,C#Cc1n[nH]c(=NC)[nH]1,0.1647
qm9_cn_subset:123863,c1nc2n(n1)CCCC2,0.2643
qm9_cn_subset:61480,C#CC(C)NC(C)C#N,0.2685
qm9_cn_subset:88498,C#CC1(C2CN2C)CC1,0.2622
qm9_cn_subset:81317,CC1C2C=C(C#N)C1N2,0.184
qm9_cn_subset:32108,CNc1cccc(C)c1,0.2032
qm9_cn_subset:57605,C#CCC(C)(C)N1CC1,0.2833
qm9_cn_subset:35937,N#CC1CC=CCCC1,0.257
qm9_cn_subset:21646,C#Cc1nc(N)n[nH]1,0.1865
qm9_cn_subset:15643,CCN1C=NCC1=N,0.217
qm9_cn_subset:28787,Cc1ccc2n1CCC2,0.2369
qm9_cn_subset:34999,C#CC1C2CC=CCN12,0.2533
qm9_cn_subset:39529,C1=CC23C4C5C(N42)C53C1,0.2043
qm9_cn_subset:21561,N#Cc1cc(N)[nH]n1,0.212
qm9_cn_subset:106976,CCC12CC=C(C)C1N2,0.2361
qm9_cn_subset:125642,Cc1n[nH]c2[nH]ncc12,0.2293
qm9_cn_subset:9971,C#CC(C#N)CC#N,0.2932
qm9_cn_subset:9696,CC1(C#N)CN=CN1,0.2547
qm9_cn_subset:124583,CC(C)Cn1nnnn1,0.2726
qm9_cn_subset:81988,CC1C2CC2C1(C)C#N,0.3125
qm9_cn_subset:26292,CN(C)c1ncncn1,0.1998
qm9_cn_subset:113126,C#CC1(C#N)CN1CC,0.2496
qm9_cn_subset:127954,CN=c1cc(N)nn[nH]1,0.1484
qm9_cn_subset:81940,CC1=C(C)C2NC2C1C,0.2412
qm9_cn_subset:863,Cc1ccc(N)[nH]1,0.2317
qm9_cn_subset:56578,CC(C#N)C(C)N1CC1,0.2897
qm9_cn_subset:126550,CCCc1ccn(C)n1,0.257
qm9_cn_subset:37503,C1=CC2C3C1C1CC3N21,0.2335
qm9_cn_subset:25652,CC#Cc1ccc(C)[nH]1,0.1943
qm9_cn_subset:26385,CC(C)Nc1ccc[nH]1,0.2274
qm9_cn_subset:28161,Cc1cc2nc[nH]c2[nH]1,0.2164
qm9_cn_subset:3608,C1C2CC3CC1N23,0.2946
qm9_cn_subset:40619,C1=CC2CC1C2N1CC1,0.2375
qm9_cn_subset:33613,C#CC12C3CC1N1C3C12,0.2516
qm9_cn_subset:28571,Cc1cnc(C2CN2)[nH]1,0.2291
qm9_cn_subset:52797,CC#CC1(C)CC1C#N,0.2665
qm9_cn_subset:99625,CC1CN1C(C#N)CN,0.2747
qm9_cn_subset:76182,CN1C(C)(C)C1(C)C#N,0.2693
qm9_cn_subset:34989,N#CC1C2C3NC3CN12,0.2587
qm9_cn_subset:33561,N#CC1(C#N)C=CCC1,0.2618
qm9_cn_subset:34330,C#CC12CCC1C1CN12,0.2561
qm9_cn_subset:1400,N#CCC(N)C#N,0.2767
qm9_cn_subset:127846,CN=c1cc[nH]nc1C,0.1796
qm9_cn_subset:124201,CC#CCn1nccn1,0.2545
qm9_cn_subset:69284,CC12CC=C(C#N)C1C2,0.2081
qm9_cn_subset:126165,CCC([NH3+])c1cnn[n-]1,0.2537
qm9_cn_subset:8910,CCC(C)C(C)C#N,0.3489
qm9_cn_subset:38613,C1CC23CC2CN2C1C23,0.306
qm9_cn_subset:36675,C#CCCN1CC1C#N,0.2699
qm9_cn_subset:29769,Cc1cn(C)c(N)c1C,0.2387
qm9_cn_subset:119488,CCCC12NC1C1NC12,0.2692
qm9_cn_subset:79653,C#CC12C(C)C1N1CC12,0.2411
qm9_cn_subset:34757,N#CC1C2C3CCC2N13,0.2603
qm9_cn_subset:130375,NC=Nc1n[nH]nc1N,0.1794
qm9_cn_subset:30809,CCc1[nH]c(N)cc1C,0.2273
qm9_cn_subset:66114,N#CC1(N)CCC2NC21,0.2706
qm9_cn_subset:125681,Cc1n[nH]nc(N)c1=N,0.1668
qm9_cn_subset:34971,C#CC1C2CC3CN2C31,0.2745
qm9_cn_subset:35744,N#CC1CCC2(CC2)C1,0.3192
qm9_cn_subset:80374,CN1C2CC(N)(C#N)C21,0.2697
qm9_cn_subset:123899,c1n[nH]c2c1CCCN2,0.234
qm9_cn_subset:125975,CC1CN1c1cn[nH]n1,0.2173
qm9_cn_subset:79180,CC1C2C3C(CN23)N1C,0.2834
qm9_cn_subset:36488,N#CCC1CCC2CN12,0.2817
qm9_cn_subset:69675,C#CC1C2N1C1CC12C,0.242
qm9_cn_subset:33558,C#CC1(C#N)C=CCN1,0.2351
qm9_cn_subset:127614,Cn1ncc2[nH]ncc21,0.2073
qm9_cn_subset:110475,CCN1C2C3C1C1C2N31,0.2889
qm9_cn_subset:29309,Cc1c(N)c[nH]c1C#N,0.1862
qm9_cn_subset:82118,CC1C(CC#N)C2NC12,0.2857
qm9_cn_subset:71807,CC12CC3C4CN4C1C32,0.2957
qm9_cn_subset:125623,C#Cc1c(C)n[nH]c1N,0.2215
qm9_cn_subset:88528,CC1CC1C12CN(C1)C2,0.3028
qm9_cn_subset:126657,CCCNc1cn[nH]n1,0.2132
qm9_cn_subset:35287,N#CC1NC1CC1CC1,0.2857
qm9_cn_subset:34715,N#CC1C2C=CC3C2N13,0.2296
qm9_cn_subset:32115,CNc1cncc(C)c1,0.1897
qm9_cn_subset:127302,Cn1ccc(C2CC2)n1,0.2471
qm9_cn_subset:126830,C#Cc1nnn(CC)n1,0.2261
qm9_cn_subset:76302,CC1C(C)C(C#N)C1C,0.3235
qm9_cn_subset:3677,Cc1c[nH]nc1C,0.2603
qm9_cn_subset:76583,C#CC#CC1C(C)N1C,0.2003
qm9_cn_subset:21640,Nc1ccc(N)nn1,0.1659
qm9_cn_subset:36831,C(#CC1CN1)CN1CC1,0.2601
qm9_cn_subset:24001,C#Cc1cnc2n1CC2,0.2063
qm9_cn_subset:36208,N#CCC1=CC2CC1C2,0.233
qm9_cn_subset:24036,N#CCc1cccnc1,0.2281
qm9_cn_subset:103706,CCC1(C)NC1(C)C#N,0.2783
qm9_cn_subset:128975,c1nc2c[nH]nnc-2n1,0.1892
qm9_cn_subset:105616,CC1CNC1(C#N)CN,0.2693
qm9_cn_subset:123553,c1n[nH]c2c1C1CC1C2,0.2404
qm9_cn_subset:105631,CCC1(C#N)NCC1C,0.2723
qm9_cn_subset:82347,N#CC1CC2NC2C1N,0.2788
qm9_cn_subset:43887,N#CC12CNC1C(=N)N2,0.242
qm9_cn_subset:74455,CC1=CC2(C#N)CC1N2,0.2398
qm9_cn_subset:92678,CC1CC=C(C#N)C1C,0.2199
qm9_cn_subset:74251,CC1=CC(C#N)N2CC12,0.2349
qm9_cn_subset:605,CN1CC1C#N,0.2692
qm9_cn_subset:56587,CC(C(N)C#N)N1CC1,0.2787
qm9_cn_subset:111576,CCC1C2CC3CC1N32,0.2899
qm9_cn_subset:35231,C#CC1NC12CCCC2,0.2753
qm9_cn_subset:36124,N#CCC12CC=CC1N2,0.2374
qm9_cn_subset:73039,CC12CCC1C2CC#N,0.302
qm9_cn_subset:37904,C1=C2C3CN4C(C1)C2C34,0.1664
qm9_cn_subset:90805,CC1CN2C3C2C2C3N12,0.2697
qm9_cn_subset:59025,CC(C)C1=CCC2NC12,0.2467
qm9_cn_subset:83059,C#CC12C=CCC1N2C,0.2253
qm9_cn_subset:72179,CC12CC3CC4C(C31)N42,0.2999
qm9_cn_subset:31434,N=c1nc(CN)nc[nH]1,0.1835
qm9_cn_subset:36110,N#CCC12CC1N1CC12,0.2606
qm9_cn_subset:26212,CC(C)c1cn(C)cn1,0.2489
qm9_cn_subset:36504,N#CCC1CC=CCC1,0.2677
qm9_cn_subset:39918,C1=CC2(CN2)C2CC1C2,0.2396
qm9_cn_subset:34522,N#CC1=CC2CC(C1)C2,0.2143
qm9_cn_subset:123489,c1nc(CN2CC2)n[nH]1,0.2379
qm9_cn_subset:38087,C1=CC2CC3C=CC1N23,0.2085
qm9_cn_subset:32612,CCn1ccc(=N)nc1,0.186
qm9_cn_subset:32088,CCc1ccnc(N)n1,0.1989
qm9_cn_subset:18190,N#CC1N=CN2CC12,0.244
qm9_cn_subset:67586,CC12C3CC4N(C31)C42C,0.2989
qm9_cn_subset:123478,c1cc(CN2CC2)[nH]n1,0.2582
qm9_cn_subset:27684,C#Cc1[nH]c(C)cc1C,0.1955
qm9_cn_subset:74607,CC1=CC2C3C=CC1N32,0.2102
qm9_cn_subset:15577,CC1CCCC1C#N,0.3395
qm9_cn_subset:79486,C#CC12C3NC1C3N2C,0.2417
qm9_cn_subset:53120,CC#CC1C2CN3C1C23,0.2812
qm9_cn_subset:11261,CC1CN=C(C#N)N1,0.1996
qm9_cn_subset:79485,CN1C2C3CC2C31C#N,0.2394
qm9_cn_subset:26993,Cc1cc[nH]c1CC#N,0.2365
qm9_cn_subset:21359,c1cc2[nH]nnc2[nH]1,0.2079
qm9_cn_subset:36870,C1=C(CN2CC2)CCC1,0.2552
qm9_cn_subset:127876,CN=c1n(C)nnn1C,0.193
qm9_cn_subset:28314,Cc1cn2c(c1N)CC2,0.2215
qm9_cn_subset:61949,CN(CC#N)CCC#N,0.2639
qm9_cn_subset:34415,N#CC12CNC1CCN2,0.2653
qm9_cn_subset:78720,C#CC12CC3C(C)N1C32,0.268
qm9_cn_subset:21666,N#Cc1n[nH]nc1N,0.1992
qm9_cn_subset:78559,CN1C2C3(CN3)CC21C,0.3087
qm9_cn_subset:105140,N#CC1NC1(C#N)CN,0.2386
qm9_cn_subset:100216,C#CC(N)(CC)CC#N,0.2794
qm9_cn_subset:65166,CC1(C2CC2C#N)CN1,0.2793
qm9_cn_subset:133842,CC12C3CC4N=C3N1C42,0.1672
qm9_cn_subset:125193,Cc1[nH]nc2nc[nH]c12,0.2081
qm9_cn_subset:123973,C1=NCc2n[nH]nc2N1,0.2043
qm9_cn_subset:18891,CC12CN3C4C3C1C42,0.2972
qm9_cn_subset:99420,CNC(C#N)(C#N)C#N,0.2424
qm9_cn_subset:61304,CC(CC#N)CN1CC1,0.2806
qm9_cn_subset:61615,CC1CC1CC(N)C#N,0.2837
qm9_cn_subset:62628,CC12CC3C1N3C2(C)C,0.3082
qm9_cn_subset:86235,CN1CC(N)C(C#N)C1,0.2554
qm9_cn_subset:64173,CC1(N)CCC1(N)C#N,0.2635
qm9_cn_subset:36368,N#CCC1CC1C1CC1,0.3018
qm9_cn_subset:24210,c1cn2c(n1)C1CC2C1,0.2382
qm9_cn_subset:67753,CC12C=CC3=CCN1C32,0.1705
qm9_cn_subset:72348,CC12CN=CN1C2C#N,0.2367
qm9_cn_subset:125005,Cc1[nH]nnc(=N)c1N,0.1581
qm9_cn_subset:62390,CC1(C#N)C2CCC1N2,0.2806
qm9_cn_subset:79951,CC1C2C=CC(C#N)C12,0.2436
qm9_cn_subset:127225,C#Cc1nn(C)cc1C,0.2183
qm9_cn_subset:67795,CC12C=CC3C=CC1N32,0.2089
qm9_cn_subset:29752,CC1c2nccn2C1C,0.2549
qm9_cn_subset:94746,CC1CCC2(C#N)NC12,0.2758
qm9_cn_subset:84230,CC1C=C2CC3N1C23C,0.1657
qm9_cn_subset:5334,Nc1cn2c(n1)CC2,0.216
qm9_cn_subset:123451,C1NC1Cn1nnnn1,0.2092
qm9_cn_subset:90802,CC1CC2C3C2C2C3N12,0.2823
qm9_cn_subset:36842,C1CN1CC12CC(C1)C2,0.323
qm9_cn_subset:62602,CC1(C)C2C3C4C3N2C41,0.2998
qm9_cn_subset:99865,CCC(N)(C#N)C(C)N,0.2653
qm9_cn_subset:128892,N#CC1Cc2ncnn21,0.2579
qm9_cn_subset:9382,CCCNC(C)C#N,0.2713
qm9_cn_subset:78454,CC1C2CC1C1C2N1C,0.3106
qm9_cn_subset:37778,C1=CC2C3NC(=NC1)C23,0.1888
qm9_cn_subset:12199,CC1CC(C#N)N1C,0.2567
qm9_cn_subset:63762,C#CC1C2N1CC2(C)C,0.259
qm9_cn_subset:109214,CCC1=CCC2(C)NC12,0.2439
qm9_cn_subset:34618,N#CC1=CCC=CC=C1,0.1827
qm9_cn_subset:34434,N#CC12CCC3C1CC32,0.3218
qm9_cn_subset:33845,N#CC12CN1C1(CC1)C2,0.258
qm9_cn_subset:63797,CC1(C)CC2C3CC1N32,0.3078
qm9_cn_subset:71173,C#CC1C2C3CC1(C)N32,0.2851
qm9_cn_subset:78804,CC1C2C3C(C)C1(C)N23,0.31
qm9_cn_subset:58481,CC(C)C1(C)NC1C#N,0.2866
qm9_cn_subset:123838,c1nncc2c1CCC2,0.1879
qm9_cn_subset:105177,CC#CC1(CC)CN1C,0.2723
qm9_cn_subset:20850,CCc1n[nH]nc1C,0.2518
qm9_cn_subset:128025,CN=CNc1ncn[nH]1,0.2165
qm9_cn_subset:5453,Cc1nc[nH]c1C#N,0.2143
qm9_cn_subset:57259,CC(N)(C#N)C1(C)CN1,0.271
qm9_cn_subset:65542,N#CC1(N)CN2CC1C2,0.2701
qm9_cn_subset:37742,C1CN2C3C4NC3(C1)C42,0.2794
qm9_cn_subset:75226,N#CC12CN=C(N)N1C2,0.246
qm9_cn_subset:84053,C#CC1=NC(C)C2CN12,0.2058
qm9_cn_subset:24213,c1[nH]cc2c1C1CC2C1,0.2561
qm9_cn_subset:102672,CCC(CC)NCC#N,0.2653
qm9_cn_subset:113129,CNC1CC1(C#N)C#N,0.2353
qm9_cn_subset:1022,N#Cc1c[nH]cn1,0.2339
qm9_cn_subset:30321,CN1CCc2cc[nH]c21,0.2196
qm9_cn_subset:15183,CCCCCN1CC1,0.3192
qm9_cn_subset:67409,CC12C3CC1(C#N)C2N3,0.2586
qm9_cn_subset:28428,Cc1ccc(N)c(C)c1,0.2041
qm9_cn_subset:70232,C#CC1=CC2(C)CN2C1,0.191
qm9_cn_subset:15208,C#CC1C(N)C1C#N,0.2541
qm9_cn_subset:125560,Cc1nnc2[nH]ccn12,0.2147
qm9_cn_subset:128301,CNc1cc2n(n1)CC2,0.2211
qm9_cn_subset:103667,CCC1(C)CC(C#N)C1,0.331
qm9_cn_subset:66023,CC1(C#N)CNC1C#N,0.2596
qm9_cn_subset:56903,C#CC(C)N1CC1(C)C,0.2756
qm9_cn_subset:107179,CCC12NC1C1C(C)C12,0.2749
qm9_cn_subset:67077,N#CC12CC3C(N1)C32N,0.2465
qm9_cn_subset:27194,Cc1[nH]cc2c1C=CC2,0.1958
qm9_cn_subset:119922,C#CC1C(CCC)N1C,0.2561
qm9_cn_subset:123999,C1=Cc2cn[nH]c2NC1,0.1929
qm9_cn_subset:27902,Nc1cc(N)cc(N)c1,0.221
qm9_cn_subset:35092,N#CC1C=CC2CCN12,0.229
qm9_cn_subset:32618,CCn1ccc(C#N)c1,0.2269
qm9_cn_subset:28424,Cc1ccc(C)c(C)n1,0.222
qm9_cn_subset:20688,C#Cc1n[nH]c(C)n1,0.2261
qm9_cn_subset:66480,CC12CN3C4C1C4(C)C32,0.2944
qm9_cn_subset:128134,CNc1c(C)n[nH]c1N,0.2397
qm9_cn_subset:86476,C#CC1(C#C)CN(C)C1,0.2498
qm9_cn_subset:45699,N=C1CN=C2CCCN12,0.2177
qm9_cn_subset:24212,c1cn2c(n1)N1CC2C1,0.2357
qm9_cn_subset:35409,N#CC1NC2C3NC3C12,0.2565
qm9_cn_subset:126316,CCc1cn(C)nc1N,0.2293
qm9_cn_subset:129640,N=c1cn[nH]c(N)c1N,0.1593
qm9_cn_subset:26356,Cc1c[nH]cc1N(C)C,0.2314
qm9_cn_subset:33368,C#CC#CCC#CC#N,0.21
qm9_cn_subset:77376,CC1C2(C)CC3N2C31C,0.3187
qm9_cn_subset:36489,N#CCC1CCC2NC12,0.2915
qm9_cn_subset:33937,C#CC12CN1CC1CC12,0.2591
qm9_cn_subset:80716,CC1C2C(CC#N)CN12,0.2709
qm9_cn_subset:123498,c1cc2cnnn2nn1,0.1628
qm9_cn_subset:35955,N#CC1C=CCCCN1,0.2374
qm9_cn_subset:93715,CC1CCC(N)(C#N)C1,0.2905
qm9_cn_subset:34553,N#CC1=NC2CC3C2N13,0.201
qm9_cn_subset:123563,C1c2nn[nH]c2C2CC12,0.2328
qm9_cn_subset:97286,C#CCN(C=N)C=NC,0.2193
qm9_cn_subset:126747,CCc1ncn(CC)n1,0.2637
qm9_cn_subset:79952,CC1C2C=CC(C#N)N12,0.2252
qm9_cn_subset:92680,CC1CN=C(C#N)N1C,0.1847
qm9_cn_subset:24504,c1cnc2[nH]cnc2c1,0.2038
qm9_cn_subset:34561,N#CC1=CC2CCC1C2,0.2134
qm9_cn_subset:99400,CNC(C#N)=NC(C)C,0.2032
qm9_cn_subset:40767,C1CC2(CC2)C1N1CC1,0.3118
qm9_cn_subset:85716,C#CC1CN(C)C1C#C,0.2502
qm9_cn_subset:78005,CN1CC2(C#N)C(N)C12,0.2367
qm9_cn_subset:65480,CC1(C#N)CC2(CC2)C1,0.3182
qm9_cn_subset:34349,N#CC12CNC1C1NC12,0.2473
qm9_cn_subset:35761,N#CC1CNC2CN1C2,0.2382
qm9_cn_subset:28035,C#CCn1cnc(C)c1,0.2377
qm9_cn_subset:10684,CC(C)C1(C#N)CN1,0.294
qm9_cn_subset:6279,CC(C)NC(C)C#N,0.2724
qm9_cn_subset:124189,CC#CCc1cc[nH]n1,0.2595
qm9_cn_subset:102309,CNC(C#N)CC(C)C,0.2703
qm9_cn_subset:27420,Cc1cccnc(=N)n1,0.1661
qm9_cn_subset:74597,CC1=CC2C3C1C1C2N31,0.2428
qm9_cn_subset:69866,C#CC12CC1N1CC12C,0.2445
qm9_cn_subset:31664,CNc1cn(C)cc1N,0.2215
qm9_cn_subset:58672,CN(C)C1(C#N)CC1N,0.2608
qm9_cn_subset:60007,CC(C)CN(C)CC#N,0.258
qm9_cn_subset:33577,N#CC1(C#N)CCCC1,0.3182
qm9_cn_subset:107510,CCC12CC1CC2C#N,0.2994
qm9_cn_subset:21150,CNc1[nH]ncc1C,0.2353
qm9_cn_subset:72335,CC12CC=CC1C1NC12,0.2562
qm9_cn_subset:67641,CC12C3C4CC3N1C2C4,0.3021
qm9_cn_subset:125302,CC1=CCc2ccnn21,0.2056
qm9_cn_subset:76921,CC1N(C2CC2)C1(C)C,0.2969
qm9_cn_subset:20820,CCc1cnnnn1,0.1654
qm9_cn_subset:66710,CC12C3C4C3C1(C#N)C42,0.2543
qm9_cn_subset:128968,c1cc2n[nH]cc2cn1,0.1766
qm9_cn_subset:113327,CCN1CC1(C#N)CC,0.276
qm9_cn_subset:120684,CC#CC1CN1CCC,0.2611
qm9_cn_subset:34378,C#CC12CCC1NC=N2,0.2434
qm9_cn_subset:133826,CC12C3N=C4C=C3C1N42,0.1257
qm9_cn_subset:30309,CC1CNc2nc[nH]c21,0.2075
qm9_cn_subset:11642,CC1N2CC1(C#N)C2,0.2728
qm9_cn_subset:40368,C1CC1C12CC1C1NC12,0.2785
qm9_cn_subset:81585,CC1C2CN1C2C1CN1,0.3081
qm9_cn_subset:127578,Cc1cnn(C)c1C#N,0.2172
qm9_cn_subset:38000,C1=C2CN3C2C3C2CC12,0.2082
qm9_cn_subset:4943,CCn1ccc(C)c1,0.2456
qm9_cn_subset:13703,CCC#CC1NC1C,0.277
qm9_cn_subset:33001,CCNc1ncncn1,0.2075
qm9_cn_subset:57430,CC(C)(C)C1NC1C#N,0.2896
qm9_cn_subset:35618,C#CC1C=CCC1C#N,0.2604
qm9_cn_subset:103789,CC#CC1NC1(C)CC,0.2743
qm9_cn_subset:34765,C#CC1CC2C(C#C)N12,0.2508
qm9_cn_subset:31804,CCc1ccc(C)nc1,0.2226
qm9_cn_subset:116733,CCN=CNC(=N)C#N,0.1874
qm9_cn_subset:23969,C#Cc1cc(C#N)c[nH]1,0.2035
qm9_cn_subset:65539,N#CC1(N)CC2CC1C2,0.2998
qm9_cn_subset:1155,CC(C)(C#N)C#N,0.327
qm9_cn_subset:129587,NC12CC1n1ncnc12,0.2304
qm9_cn_subset:110834,CCN1C2CC(C)(C)C21,0.3054
qm9_cn_subset:73317,CC12CCC34CN(C13)C24,0.3047
qm9_cn_subset:58191,CC(C(N)C#N)N(C)C,0.2562
qm9_cn_subset:34259,N#CC12CC3CCN1C32,0.2769
qm9_cn_subset:110562,CCC1C2N3CC2(C)C13,0.3143
qm9_cn_subset:87239,CN1CC1(C)CCC#N,0.2781
qm9_cn_subset:16103,N#CC12C=CCC1N2,0.2405
qm9_cn_subset:126499,CCC1Cn2nccc21,0.2656
qm9_cn_subset:29335,Cc1[nH]cc(N)c1C#N,0.197
qm9_cn_subset:15277,C#CC1NC1CC#N,0.2816
qm9_cn_subset:71175,C#CC1N2C3CC1(C)C32,0.2642
qm9_cn_subset:32892,CCNc1cn(C)cn1,0.2171
qm9_cn_subset:42300,N#CC(=N)N1C=NCC1,0.1849
qm9_cn_subset:69066,CC12CC1(C#N)NC=N2,0.2399
qm9_cn_subset:67308,CC12C(C#N)C3C1CC32,0.3266
qm9_cn_subset:71413,C#CC1C2CC3(C)C1N23,0.284
qm9_cn_subset:97588,CCC#CC(C)N1CC1,0.2792
qm9_cn_subset:30690,CCN(C)c1cc[nH]c1,0.2151
qm9_cn_subset:28824,Cc1ncnc(=N)cn1,0.1715
qm9_cn_subset:108383,CCC12CNC1C2C#N,0.2658
qm9_cn_subset:20083,CC1C(C)N1C1CC1,0.2974
qm9_cn_subset:52938,CC#CC12CN(C1)C2C,0.2775
qm9_cn_subset:66038,C#CC1NCC1(N)C#N,0.2601
qm9_cn_subset:21190,CNc1nc(C)n[nH]1,0.2529
qm9_cn_subset:28456,Cc1ncc(C)c(C)n1,0.2107
qm9_cn_subset:3115,N#CC12CC1CN2,0.2557
qm9_cn_subset:6686,CC(C)C#CCC#N,0.2874
qm9_cn_subset:28225,Nc1cc2c([nH]1)CCC2,0.2278
qm9_cn_subset:126601,CCCCn1nccn1,0.2564
qm9_cn_subset:63453,CC1(N)CC1(C#N)C#N,0.2653
qm9_cn_subset:127364,Cn1cnn2ccnc12,0.216
qm9_cn_subset:39831,C1C2C3NC3C3(CN3)C12,0.2895
qm9_cn_subset:19434,C1CC2(CN2)C2CN12,0.3076
qm9_cn_subset:28012,Nc1ccn(C2CC2)c1,0.2206
qm9_cn_subset:35561,N#CC1CN2CCN=C12,0.2383
qm9_cn_subset:20336,c1cc2n(n1)C1CC21,0.2348
qm9_cn_subset:17989,N#CC1CN2CCC12,0.2516
qm9_cn_subset:36049,C#CC1(CC#N)CCC1,0.2939
qm9_cn_subset:3853,Nc1nn[nH]c1N,0.2262
qm9_cn_subset:19487,C#CC1C2CN=CN12,0.2309
qm9_cn_subset:20332,C#CCn1cnnn1,0.265
qm9_cn_subset:113459,CCC1NC12CN1CC12,0.2941
qm9_cn_subset:40863,C1CC2(C1)C1CC3C2N31,0.3122
qm9_cn_subset:69825,CC12CCC3CN3C1C2,0.2991
qm9_cn_subset:73831,CC1=C(C)C2NC2(C)C1,0.2402
qm9_cn_subset:130206,Nc1n[nH]cc1N1CC1,0.2239
qm9_cn_subset:24529,c1c[nH]c2nccc-2n1,0.1454
qm9_cn_subset:20808,CCc1cc(C)n[nH]1,0.2583
qm9_cn_subset:75224,C#CC12CN=C(C)N1C2,0.244
qm9_cn_subset:62050,N#CC(N)CCC1CC1,0.2855
qm9_cn_subset:34212,C#CC12CC3CC1N2C3,0.2772
qm9_cn_subset:73439,CC12CCC3C=CC1N32,0.2174
qm9_cn_subset:27148,Cc1nc[nH]c1C1CC1,0.2344
qm9_cn_subset:13955,N#CCC12CCC1N2,0.3003
qm9_cn_subset:33877,C#CC12NC1C1CC2C1,0.2566
qm9_cn_subset:60390,CC(C)CCC1CN1C,0.2982
qm9_cn_subset:29918,Cc1c(C#N)ncn1C,0.2265
qm9_cn_subset:35187,C#CC1NC12CC1CC12,0.2681
qm9_cn_subset:2005,N#CC12CC(C1)C2,0.3361
qm9_cn_subset:20227,C1=C2C3C(C1)N1C2C31,0.1621
qm9_cn_subset:63668,CC1(C)CN1CCC#N,0.2782
qm9_cn_subset:71177,C#CC1C2C3N2CC13C,0.2754
qm9_cn_subset:5723,c1cc2n(c1)CCC2,0.244
qm9_cn_subset:17021,C#CC1C2CN1C2C,0.2562
qm9_cn_subset:127793,Cn1nncc1C1CC1,0.2465
qm9_cn_subset:33710,N#CC12C=CC3CC1C32,0.2352
qm9_cn_subset:123307,C#Cc1c[nH]nc1C#N,0.2123
qm9_cn_subset:21560,C#Cc1cc(N)[nH]n1,0.2144
qm9_cn_subset:123190,CCCCCCCC#N,0.3478
qm9_cn_subset:78723,CC1C2CC3(C#N)C1N23,0.2687
qm9_cn_subset:99604,CCC(C#N)C1(C)CN1,0.2776
qm9_cn_subset:111361,C#CC1C(CC)C2CN12,0.2622
qm9_cn_subset:40084,C1=C2C(CC1)CC21CN1,0.2282
qm9_cn_subset:119683,CCCC12CN3CC1C32,0.3002
qm9_cn_subset:124433,CC(C#N)n1cnnn1,0.263
qm9_cn_subset:4362,Nc1cncc(N)c1,0.1937
qm9_cn_subset:8044,CC12CC(C1)C2C#N,0.3251
qm9_cn_subset:24000,C#Cc1ccc2n1CC2,0.2004
qm9_cn_subset:95843,CC1CCCC(C#N)C1,0.3424
qm9_cn_subset:126975,CCNCc1nc[nH]n1,0.2201
qm9_cn_subset:124023,C1=Nc2n[nH]nc2CN1,0.1994
qm9_cn_subset:108697,CCC1=C2CN3C(C1)C23,0.1677
qm9_cn_subset:113976,CCC1CN1CCC#N,0.2785
qm9_cn_subset:81983,CC1(C#N)C(N)C2NC21,0.2773
qm9_cn_subset:35641,C#CC1CN=CNC=N1,0.2223
qm9_cn_subset:127221,Cc1nn(C)cc1C#N,0.2358
qm9_cn_subset:63739,CC1(C)C=CC2(CN2)C1,0.2454
qm9_cn_subset:20454,c1n[nH]nc1C1CN1,0.2459
qm9_cn_subset:124009,C1=Cn2ncnc2NC1,0.1896
qm9_cn_subset:33284,N#CC#CC1(C#N)CN1,0.214
qm9_cn_subset:20399,c1[nH]nc2c1CCC2,0.2502
qm9_cn_subset:26165,Cc1[nH]ccc1N(C)C,0.2414
qm9_cn_subset:126522,CCCc1cc(C)n[nH]1,0.2583
qm9_cn_subset:34966,N#CC1C2NC3CN1C32,0.2452
qm9_cn_subset:126622,CCCn1nccc1C,0.2545
qm9_cn_subset:37545,C1=CC2C3C4CN3C24C1,0.2367
qm9_cn_subset:107823,CCC12CCC3C1N3C2,0.2978
qm9_cn_subset:53127,CC#CC1C2C3CC2N13,0.2635
qm9_cn_subset:120793,C#CCC1CN1CCC,0.2773
qm9_cn_subset:74852,CC1=CC2NC2C12CC2,0.2354
qm9_cn_subset:7061,C#CCN(C)CC#N,0.2512
qm9_cn_subset:81829,CN1C(C#N)C2(C)CC12,0.2396
qm9_cn_subset:126244,CCc1cn[nH]c1NC,0.2351
qm9_cn_subset:16288,CN1CC2CC21C#N,0.2399
qm9_cn_subset:52887,CC#CC1(C#N)CC1N,0.2582
qm9_cn_subset:125890,CC1CC1n1ncnn1,0.2494
qm9_cn_subset:1154,C#CC(C)(C)C#N,0.2967
qm9_cn_subset:58651,C#CC1(C(C)C)CN1C,0.2726
qm9_cn_subset:37758,C1NC2=NC3C4NC13C24,0.1829
qm9_cn_subset:129141,C#Cc1c[nH]nnc1=N,0.1518
qm9_cn_subset:123516,c1cc2cncn2nn1,0.1467
qm9_cn_subset:53133,CC#CC1C2C3NC3C12,0.2485
qm9_cn_subset:34834,C#CC1C2CN1C2C#C,0.2477
qm9_cn_subset:35340,C#CC1CC23CN(C2)C13,0.2452
qm9_cn_subset:107127,CCC12CN1C1(C)CC12,0.2912
qm9_cn_subset:130078,Nc1nc2n(n1)C=CC2,0.1802
qm9_cn_subset:117557,C#CC(CCC)N1CC1,0.2829
qm9_cn_subset:31198,CNc1[nH]ccc1C#N,0.2084
qm9_cn_subset:14887,N#CC1=CCCCC1,0.225
qm9_cn_subset:24300,c1cn2c(n1)C1NC1C2,0.2364
qm9_cn_subset:2973,CC(C#N)C1CN1,0.2815
qm9_cn_subset:127637,Cn1nccc(N)c1=N,0.1609
qm9_cn_subset:124405,C#CC(C)n1cccn1,0.2609
qm9_cn_subset:35069,C#CC1C=C2CC3C2N13,0.1643
qm9_cn_subset:76815,CC1C2N3CC2(C3)N1C,0.2495
qm9_cn_subset:15340,CC#CC1CN1CC,0.2614
qm9_cn_subset:14843,CCN1CCC1C#N,0.2538
qm9_cn_subset:78824,CC1C2C3C(C#N)N1C23,0.2711
qm9_cn_subset:123015,CCCCCC1CN1C,0.3034
qm9_cn_subset:39164,C1CC23NC2CNC3=N1,0.2502
qm9_cn_subset:35491,N#CC1NC2CC3C1C23,0.2781
qm9_cn_subset:82257,C#CC1=CC2NC2C1C,0.1992
qm9_cn_subset:41113,C1=CC23CCC2N2C1C23,0.2271
qm9_cn_subset:125422,Cc1nc(C2CC2)n[nH]1,0.2475
qm9_cn_subset:125639,Cc1n[nH]c2c1C=CC2,0.2008
qm9_cn_subset:78934,CC1C2C3C4C(N13)C24C,0.2926
qm9_cn_subset:32211,CCc1cnccc1C,0.2296
qm9_cn_subset:126501,CCC1Cn2nncc21,0.2596
qm9_cn_subset:20223,C1=CC2C3C1C1C2N31,0.2436
qm9_cn_subset:17557,CC12NC1CC21CN1,0.2936
qm9_cn_subset:1323,CC1(C)NC1C#N,0.2882
qm9_cn_subset:30381,CN=c1cncncn1,0.1604
qm9_cn_subset:3069,CCCCN1CC1,0.3205
qm9_cn_subset:11147,N#CC1=NCC(=N)N1,0.1879
qm9_cn_subset:18433,C#CC1C2CC(C)N12,0.2569
qm9_cn_subset:59070,C#CC1C(C)N1C(C)C,0.2574
qm9_cn_subset:71027,CC12CC34CCC(C13)N24,0.323
qm9_cn_subset:82919,CC1C2N1CC1NC12C,0.2915
qm9_cn_subset:133830,CC12C3CC4C(=N3)N1C42,0.1222
qm9_cn_subset:40332,C1NC1C12C3C4C3N1C42,0.2744
qm9_cn_subset:81992,C#CC1(C)C(C)C2CN21,0.2765
qm9_cn_subset:113815,CCC1CC1C1CN1C,0.3013
qm9_cn_subset:119193,C#CC1(CCC)CN1C,0.2734
qm9_cn_subset:35028,N#CC1C2C=CC1CC2,0.2509
qm9_cn_subset:76174,CC1C(C)(N)C1(N)C#N,0.2573
qm9_cn_subset:63531,CC1(C)CC12CC1NC12,0.3039
qm9_cn_subset:66959,C#CC1C2CC3N2C13C,0.2832
qm9_cn_subset:124509,CC(C)c1cnn(C)c1,0.2525
qm9_cn_subset:100652,CCN(C)C(C)(C)C#N,0.2617
qm9_cn_subset:84528,CC1N=CN2C(C#N)C12,0.2374
qm9_cn_subset:86755,CC1=CC(C#N)CC1C,0.2577
qm9_cn_subset:102,CC1CN1C,0.313
qm9_cn_subset:123325,C#CC1Cc2ccnn21,0.252
qm9_cn_subset:129004,c1nc2cc[nH+][n-]c-2n1,0.1726
qm9_cn_subset:36920,C1=CC(CN2CC2)CC1,0.2581
qm9_cn_subset:97284,CN=CN(C=N)C=NC,0.2183
qm9_cn_subset:38621,C1CC23NC2CN2C1C23,0.3022
qm9_cn_subset:5146,C#CCc1c[nH]cn1,0.2533
qm9_cn_subset:20500,CC#Cc1c[nH]nn1,0.2222
qm9_cn_subset:39769,C1C2C3CN3C1C21CC1,0.3222
qm9_cn_subset:36241,C#CCC1C2CC3C2N13,0.2969
qm9_cn_subset:80063,CC1C2C=CC3CC2N31,0.2214
qm9_cn_subset:31460,C#Cc1c[nH]c(NC)n1,0.2029
qm9_cn_subset:24686,c1cnc2c(c1)CCC2,0.2196
qm9_cn_subset:28295,Cc1cn2cc[nH]c2n1,0.2205
qm9_cn_subset:35034,N#CC1C2CCC1CC2,0.3367
qm9_cn_subset:37110,C1=CC23NC2(C1)C1CC13,0.1952
qm9_cn_subset:67309,C#CC1N2C3CC2C13C,0.2619
qm9_cn_subset:17506,C#CC12CC3C(C1)N32,0.2634
qm9_cn_subset:68713,CC12CC1(C#N)C1CC12,0.2883
qm9_cn_subset:37766,C1=CC2C3CC4C1C2N43,0.222
qm9_cn_subset:2917,CN=C1CN=CN1,0.2206
qm9_cn_subset:21133,CN=c1cccn[nH]1,0.1536
qm9_cn_subset:19357,CCC12CC1N1CC12,0.287
qm9_cn_subset:123600,C1C2CN1c1n[nH]nc12,0.2401
qm9_cn_subset:61302,CC(CC#N)CC1CC1,0.3203
qm9_cn_subset:105641,CNC1(C#N)CCC1C,0.2676
qm9_cn_subset:123858,C1CCc2[nH]nnc2C1,0.2419
qm9_cn_subset:32083,CCc1cccc(N)c1,0.2069
qm9_cn_subset:118871,CCCC1(C)CC2NC21,0.3121
qm9_cn_subset:33691,N#CC12C3C4CN1C2C43,0.2575
qm9_cn_subset:20135,C1C2NC2C1N1CC1,0.2911
qm9_cn_subset:29857,Cn1cc2c(c1)CCC2,0.2363
qm9_cn_subset:62775,C#CC1CC2N1C2(C)C,0.259
qm9_cn_subset:35419,N#CC1CC2C=CCC12,0.2626
qm9_cn_subset:78295,CN1C2C1C1(C)NC21C,0.2635
qm9_cn_subset:38620,C1C2C3N2CCC32NC12,0.311
qm9_cn_subset:121178,CCCC1CNC1C#N,0.2652
qm9_cn_subset:56414,C#CCC#CC(C)C#N,0.2805
qm9_cn_subset:995,Cc1cccn1C,0.2421
qm9_cn_subset:21598,N=c1nn[nH]cc1N,0.1609
qm9_cn_subset:125371,Cc1c[nH]nc(N)c1=N,0.1727
qm9_cn_subset:58820,CC(C)C12NC1C1NC12,0.2642
qm9_cn_subset:72055,N#CC12C3CC1(N)C2N3,0.2413
qm9_cn_subset:91834,C#CC12CC(C)CC1N2,0.2668
qm9_cn_subset:69494,CC12CC3NC3(C)C1N2,0.3203
qm9_cn_subset:39005,C1=C2CC=C3CN(C1)C23,0.2022
qm9_cn_subset:29469,NC1=NCc2[nH]cnc21,0.2201
qm9_cn_subset:96631,C#C[C-](C#N)C(N)=[NH+]C,0.1889
qm9_cn_subset:129836,N#CCc1cc(N)[nH]n1,0.2384
qm9_cn_subset:76009,C#CC1C(C)C1(N)C#N,0.2489
qm9_cn_subset:31826,CNc1cnc(C)cn1,0.1741
qm9_cn_subset:34918,N#CC1C2CC2C2NC12,0.297
qm9_cn_subset:29727,C#Cc1ncc(C)n1C,0.1978
qm9_cn_subset:65505,CC1(N2CC2)CC2CC21,0.31
qm9_cn_subset:109321,CCC1=CCNC1C#N,0.2396
qm9_cn_subset:36450,N#CCC1CCC12CC2,0.3165
qm9_cn_subset:34229,C#CC12CN3CC1CC32,0.261
qm9_cn_subset:79656,CC1N2C3CC3C12C#N,0.2353
qm9_cn_subset:78662,CC1C2C3C(N2C)C13C,0.2819
qm9_cn_subset:33539,N#CC1(N2CC2)CCC1,0.2765
qm9_cn_subset:6573,CC1(C)CC2(C)NC12,0.3228
qm9_cn_subset:124207,CC(=N)Nc1c[nH]nn1,0.2051
qm9_cn_subset:32213,CCc1cncnc1C,0.2132
qm9_cn_subset:67093,CC12C3C=CC14CC2N34,0.2102
qm9_cn_subset:83206,CC1C2CCC(C#N)N12,0.2695
qm9_cn_subset:4654,N#Cc1c[nH]c(N)n1,0.2105
qm9_cn_subset:90087,CC1C2CC13CN(C)C23,0.2812
qm9_cn_subset:37623,C1CC2C3CC1C1C3N21,0.306
qm9_cn_subset:3739,Cc1cn(C)nn1,0.2499
qm9_cn_subset:20357,c1n[nH]cc1C1CC1,0.2465
qm9_cn_subset:67481,CC12C(C#N)C1C1CN12,0.2572
qm9_cn_subset:123738,c1n[nH]nc1C1CCC1,0.2535
qm9_cn_subset:125332,CC1=Cn2ncnc2C1,0.2041
qm9_cn_subset:5389,CNc1ccccc1,0.2013
qm9_cn_subset:104900,CC1(C)NC1(C#N)CN,0.2672
qm9_cn_subset:126860,CCn1nn[nH]c1=NC,0.1942
qm9_cn_subset:81511,CN1C2CC1C2(C)C#N,0.2444
qm9_cn_subset:27280,Cc1ccn2c1NCC2,0.23
qm9_cn_subset:15529,CC1=CCNC1C#N,0.2402
qm9_cn_subset:26421,CC(C)Cn1ccnc1,0.2514
qm9_cn_subset:37670,C1C2C3C4C1C1C4N1C23,0.3178
qm9_cn_subset:93634,CC1CNC(C#N)C1N,0.2503
qm9_cn_subset:126014,CC1CNc2cnnn21,0.2308
qm9_cn_subset:34311,N#CC12CCN(CC1)C2,0.275
qm9_cn_subset:126650,CCCNc1c[nH]nn1,0.2088
qm9_cn_subset:10302,CCC(C#N)C(C)C,0.3475
qm9_cn_subset:29751,CC1c2cncn2C1C,0.2555
qm9_cn_subset:130185,Nc1n[nH]c2c1NCC2,0.2204
qm9_cn_subset:11260,CC1CC=C(C#N)C1,0.2199
qm9_cn_subset:66725,CC12C3C4N3C1(C)C42C,0.2727
qm9_cn_subset:88594,CC1CC1C1C(C)N1C,0.2861
qm9_cn_subset:23967,N#Cc1ncn2c1CC2,0.2309
qm9_cn_subset:4813,CCc1ccn(C)c1,0.2445
qm9_cn_subset:123776,c1nnn2c1C1(CC1)C2,0.2535
qm9_cn_subset:26029,C#CC(C)c1cnc[nH]1,0.2478
qm9_cn_subset:59121,CC(C)C1C2CC3C2N31,0.3145
qm9_cn_subset:64127,CC1(C)CCC(C#N)C1,0.34
qm9_cn_subset:88969,CN1CC1CC1(C)CC1,0.3029
qm9_cn_subset:123728,c1nn[nH]c1C1CCC1,0.2489
qm9_cn_subset:86285,N#CC1(N)C(N)CC1N,0.2661
qm9_cn_subset:39830,C1C2C1C1(CN1)C1CN21,0.2929
qm9_cn_subset:19118,C12C3C4C5C(C1N35)N24,0.2235
qm9_cn_subset:129400,NC(=[NH2+])Cc1nn[n-]n1,0.2719
qm9_cn_subset:17399,CC1CC12CC1NC12,0.306
qm9_cn_subset:32209,CCc1ccncc1N,0.1993
qm9_cn_subset:18947,N#CC1C2C3CN2C13,0.2751
qm9_cn_subset:104780,CCC1(CC)CN2CC21,0.2992
qm9_cn_subset:15350,CCN1CC1CC#N,0.2714
qm9_cn_subset:110386,CCC1C2C3C(C)C2N13,0.3141
qm9_cn_subset:107479,CCC12CN1CC21CN1,0.2861
qm9_cn_subset:8627,CC(C#N)(C#N)CN,0.2644
qm9_cn_subset:69419,CC12CC(CC#N)C1C2,0.2998
qm9_cn_subset:23997,N#Cc1ccc(C#N)[nH]1,0.1887
qm9_cn_subset:2506,C#CC(C#N)NC,0.2566
qm9_cn_subset:53191,CC#CC1C2CCCN12,0.2561
qm9_cn_subset:1616,CC(C)C(N)C#N,0.296
qm9_cn_subset:60180,C#CC1NC1CC(C)C,0.2821
qm9_cn_subset:24694,c1ncc2c(n1)NCC2,0.203
qm9_cn_subset:35907,N#CC1CCCC2CN12,0.2718
qm9_cn_subset:123542,c1n[nH]c2c1C1CC2C1,0.2367
qm9_cn_subset:3515,C1CC(N2CC2)C1,0.3125
qm9_cn_subset:61621,CC1NC1CC(N)C#N,0.2772
qm9_cn_subset:87593,CC1NC12C=CC1NC12,0.2361
qm9_cn_subset:33972,C#CC12NC1CC21CC1,0.2497
qm9_cn_subset:126683,CCN(C)c1cn[nH]c1,0.2116
qm9_cn_subset:40320,C1NC1C1(C2CN2)CN1,0.3043
qm9_cn_subset:128303,CNc1nnc(NC)[nH]1,0.2345
qm9_cn_subset:56488,C#CC(C)C(C#C)C#N,0.2807
qm9_cn_subset:23962,N#Cc1nc[nH]c1C#N,0.1982
qm9_cn_subset:113725,CCC1NC1C(C)C#N,0.2983
qm9_cn_subset:79800,CC1C2=CCN3C1C23C,0.1672
qm9_cn_subset:33876,C#CC12CN1C1CC2C1,0.2713
qm9_cn_subset:71294,CC12CCCN3C(C1)C32,0.3087
qm9_cn_subset:119157,CCCC1(N2CC2)CC1,0.3077
qm9_cn_subset:63232,CC1(C)C=CCN2CC21,0.2423
qm9_cn_subset:20900,CCn1cnc(N)n1,0.2308
qm9_cn_subset:37082,C1=C2NC3=NC1C1C2C31,0.2104
qm9_cn_subset:28788,Cc1ccc2n1CCN2,0.2265
qm9_cn_subset:36674,C#CCCN1CC1C#C,0.2646
qm9_cn_subset:105310,C#CC1(CC)CC2NC21,0.2848
qm9_cn_subset:88663,CC1CC(N2CC2C)C1,0.3015
qm9_cn_subset:123543,C1C2CC1c1[nH]nnc12,0.228
qm9_cn_subset:61185,C#CC(C)C(C)CC#N,0.3068
qm9_cn_subset:26344,Cc1c[nH]cc1C(C)C,0.2494
qm9_cn_subset:34627,C#CC1=CCCC12CN2,0.1995
qm9_cn_subset:18186,N#CC1C=CC2CC12,0.2476
qm9_cn_subset:32236,CNc1ncccc1C,0.1954
qm9_cn_subset:71979,N#CC12CN3CC1(N)C32,0.254
qm9_cn_subset:1066,CNc1c[nH]cn1,0.2203
qm9_cn_subset:15333,CN=CN1CC1C#N,0.2485
qm9_cn_subset:128275,CNc1ncc(C)nn1,0.1657
qm9_cn_subset:33564,N#CC1(C#N)C=CCN1,0.2366
qm9_cn_subset:20376,c1cnn(C2CC2)n1,0.2438
qm9_cn_subset:64931,CC1(C#CC2CN2)CN1,0.2595
qm9_cn_subset:123329,C#CC1Cn2ncnc21,0.2713
qm9_cn_subset:10441,C#CCC1(C#N)CC1,0.3005
qm9_cn_subset:123962,C1=NCc2cn[nH]c2N1,0.2073
qm9_cn_subset:88572,CC1NC1C1=CCCC1,0.2425
qm9_cn_subset:62956,CC1(C)N2CC2C12CC2,0.3076
qm9_cn_subset:123797,c1nc(NC2CC2)n[nH]1,0.2261
qm9_cn_subset:102201,C#CCN(CC)CC#N,0.2448
qm9_cn_subset:77610,CC12CNC1(C#N)C2N,0.2287
qm9_cn_subset:5340,C#Cc1cnccn1,0.191
qm9_cn_subset:488,C#CCCC#N,0.3014
qm9_cn_subset:123606,c1nc2n(n1)CC1CN21,0.2515
qm9_cn_subset:26084,CC(C#N)n1cccc1,0.232
qm9_cn_subset:127572,C#Cc1cnn(C)c1N,0.222
qm9_cn_subset:28412,Cc1cc(N)ccc1N,0.1844
qm9_cn_subset:53123,CC#CC1C2C3CN1C32,0.2581
qm9_cn_subset:1065,CNc1cc[nH]c1,0.2278
qm9_cn_subset:125906,CC1Cc2cn[nH]c2N1,0.2308
qm9_cn_subset:120788,C#CCN1CC1CCC,0.2655
qm9_cn_subset:38909,C1=C2C(CC1)CC1NC21,0.2426
qm9_cn_subset:29964,Cn1ccc(CC#N)c1,0.2436
qm9_cn_subset:21457,N=CNc1nn[nH]n1,0.2104
qm9_cn_subset:109526,CNC1C(C#N)C1C#N,0.2363
qm9_cn_subset:40591,C1C2C3C1C2C3N1CC1,0.3165
qm9_cn_subset:123561,c1n[nH]c2c1CC1CC21,0.2423
qm9_cn_subset:97983,CCC#CCCCC#N,0.2801
qm9_cn_subset:96642,CN=C(C)N(C=N)C=N,0.2219
qm9_cn_subset:90638,CC1NC2C1C2(N)C#N,0.2585
qm9_cn_subset:26270,CC(C)c1ncccn1,0.2084
qm9_cn_subset:24107,C#CCCn1cccc1,0.238
qm9_cn_subset:3720,CCc1ncn[nH]1,0.2698
qm9_cn_subset:10256,CC(C)C(C#N)C#N,0.3255
qm9_cn_subset:31018,CCc1cc(C)[nH]c1C,0.2315
qm9_cn_subset:89674,CN1CC2(C#N)CC12C,0.247
qm9_cn_subset:78724,C#CC12CC3C1C2N3C,0.245
qm9_cn_subset:34123,N#CC12CC3CN1C3C2,0.2628
qm9_cn_subset:6275,CC(C)CC(C)C#N,0.348
qm9_cn_subset:36239,C#CCC1C2C3CN1C32,0.2799
qm9_cn_subset:3689,Cc1nccnn1,0.1633
qm9_cn_subset:36366,C#CCN1CC1C1CN1,0.2597
qm9_cn_subset:65405,C#CCC1CC1(C)C#N,0.2974
qm9_cn_subset:20837,CCc1ncn(C)n1,0.2636
qm9_cn_subset:140,C#CC1CN1,0.2744
qm9_cn_subset:21374,c1nc2n[nH]nc2[nH]1,0.2168
qm9_cn_subset:103879,C#CCN1CC1(C)CC,0.2642
qm9_cn_subset:79309,C#CC12C3CC1N(C)C32,0.2499
qm9_cn_subset:116919,CCCC#CC1CN1C,0.2589
qm9_cn_subset:117541,CCNC(C#N)C(C)C,0.2778
qm9_cn_subset:28986,C#Cc1cncnc1N,0.1878
qm9_cn_subset:2976,N#CC(N)C1CC1,0.2852
qm9_cn_subset:114293,CCN1CC2C(C#N)C21,0.2476
qm9_cn_subset:99425,C#CC(C#C)(C#N)CN,0.2627
qm9_cn_subset:29380,C#CCc1nc(N)c[nH]1,0.2197
qm9_cn_subset:20632,Cc1cn[nH]c(=N)c1,0.1611
qm9_cn_subset:5,C#N,0.3796
qm9_cn_subset:20544,CC(C)c1cc[nH]n1,0.2675
qm9_cn_subset:125612,C#CCc1nc(C)n[nH]1,0.2665
qm9_cn_subset:39980,C1C2C3C1C1(CN1)CN23,0.3092
qm9_cn_subset:26169,CN(C)c1nc[nH]c1N,0.233
qm9_cn_subset:36666,C#CC1NC1CCC#N,0.2832
qm9_cn_subset:76305,CC1C(N)C(C#N)N1C,0.2566
qm9_cn_subset:9795,N#CC(N)C1(N)CC1,0.2806
qm9_cn_subset:53283,CC#CC1NC1C(C)C,0.2761
qm9_cn_subset:79376,CN1C2C3CC2(C#N)C31,0.2422
qm9_cn_subset:34274,N#CC12CC=C3CC1C32,0.1785
qm9_cn_subset:26269,CC(C)c1ccccn1,0.2288
qm9_cn_subset:20995,Cc1cn(C)nc1C,0.2513
qm9_cn_subset:20017,CCC1CN1C1CC1,0.2997
qm9_cn_subset:24563,c1ccnc[nH]cnc1,0.1801
qm9_cn_subset:126427,CCc1n[nH]c(NC)n1,0.2516
qm9_cn_subset:34898,C#CC1C(C#N)N2CC12,0.2603
qm9_cn_subset:11712,CN1CC2(C#N)CC12,0.248
qm9_cn_subset:84765,CC1C=CCC1(C)C#N,0.2627
qm9_cn_subset:6880,C#CC1N(C)C1(C)C,0.2557
qm9_cn_subset:79299,CC1C2CC3C1C23C#N,0.2772
qm9_cn_subset:38044,C1=CC23C=CC(C2)N3C1,0.2077
qm9_cn_subset:79202,CN1C2C3CC(C3)C21C,0.2978
qm9_cn_subset:37751,C1=CC23CN4C2C=C1C43,0.1135
qm9_cn_subset:4830,CCc1ccc(N)[nH]1,0.2315
qm9_cn_subset:70333,CC12NC1CN1CC12C,0.2889
qm9_cn_subset:32682,CNC1Cn2ccnc21,0.253
qm9_cn_subset:69938,CC12C=C3CCC3C1N2,0.238
qm9_cn_subset:40086,C1CN2CC3(CN3)C2=N1,0.2304
qm9_cn_subset:19105,CC1C2C3C1C1C2N31,0.3049
qm9_cn_subset:21367,c1cn2nnnc2[nH]1,0.2275
qm9_cn_subset:73512,CC12CCN=C1N1CC12,0.2336
qm9_cn_subset:61395,CC(C#N)CC(C)(C)C,0.3425
qm9_cn_subset:40247,C1CN2CC2C2(C1)CN2,0.2967
qm9_cn_subset:87045,C#CC1(C2CC2)NC1C,0.2829
qm9_cn_subset:124136,CC#Cc1cnnn1C,0.2088
qm9_cn_subset:124155,CC#Cc1cnn(C)n1,0.2141
qm9_cn_subset:88778,CN1CC1C1CC=CC1,0.2472
qm9_cn_subset:20899,CCn1cnc(C)n1,0.2648
qm9_cn_subset:26629,C#Cc1c[nH]c(C)c1N,0.2011
qm9_cn_subset:28907,Cc1ncnc(C)c1C,0.2162
qm9_cn_subset:126655,CCCNc1cc[nH]n1,0.2245
qm9_cn_subset:123637,C1c2nn[nH]c2C2NC12,0.2341
qm9_cn_subset:85711,CC1NC(C#N)C1C#N,0.2649
qm9_cn_subset:3740,Cn1cc(N)cn1,0.2212
qm9_cn_subset:129386,N=C(N)c1ncnnn1,0.1547
qm9_cn_subset:28449,Cc1cnc(C)c(C)n1,0.2008
qm9_cn_subset:64717,N#CCC1(N)CC2NC21,0.2712
qm9_cn_subset:129565,N#CC(N)c1cc[nH]n1,0.258
qm9_cn_subset:35354,C#CC1CC2=NCCN21,0.2446
qm9_cn_subset:34121,N#CC12CC3C(CC31)N2,0.2683
qm9_cn_subset:32229,CNc1cccnc1N,0.1927
qm9_cn_subset:79306,CC1C2CC3N1C23C#N,0.2667
qm9_cn_subset:27757,Cc1cc(C)n2c1CC2,0.2422
qm9_cn_subset:62037,C#CC(C)CCN1CC1,0.2909
qm9_cn_subset:21484,NC(=[NH2+])c1ncn[n-]1,0.177
qm9_cn_subset:5746,CC1Cc2nccn21,0.2564
qm9_cn_subset:53035,CC#CC12CN3CC1C32,0.2581
qm9_cn_subset:85718,C#CC1C(C#N)CN1C,0.2503
qm9_cn_subset:38398,C1C2CC3(CN4CC43)C12,0.3075
qm9_cn_subset:111362,CCC1C(C#N)N2CC12,0.2627
qm9_cn_subset:12068,CCC1(C)CC2NC21,0.3124
qm9_cn_subset:126793,CCn1ncc(C)c1C,0.2444
qm9_cn_subset:71780,CC12CC3C4CC1C4N32,0.2843
qm9_cn_subset:79547,C#CC12CC1N1C(C)C12,0.2446
qm9_cn_subset:3527,CC1C2C3CC2N13,0.3179
qm9_cn_subset:102329,CCC(C#N)(C#N)CC,0.3218
qm9_cn_subset:62950,CC1(C)C2NC2C12CC2,0.3093
qm9_cn_subset:77202,N#CC1CC(C#N)C1N,0.2656
qm9_cn_subset:92402,N#CC12CCN1CC2N,0.242
qm9_cn_subset:72963,CC12CNC1C2(N)C#N,0.2485
qm9_cn_subset:83057,C#CC12C=CCN1C2C,0.223
qm9_cn_subset:3624,C1C2C3C4C2N1C34,0.2986
qm9_cn_subset:26313,Cc1cc(C(C)C)c[nH]1,0.2415
qm9_cn_subset:81072,CC1N2CC1(N1CC1)C2,0.3065
qm9_cn_subset:35908,N#CC1CCCC2NC12,0.2963
qm9_cn_subset:2311,C#CCC1NC1C,0.3027
qm9_cn_subset:124883,CC1(c2cc[nH]n2)CN1,0.2546
qm9_cn_subset:92989,CN1CC=CC1CC#N,0.2196
qm9_cn_subset:35289,N#CC1NC1CN1CC1,0.2555
qm9_cn_subset:99607,CNC(C#N)C1(C)CC1,0.2771
qm9_cn_subset:34647,N#CC1=CCCC=CC1,0.2216
qm9_cn_subset:120582,CCCN1CC1(C)C#N,0.2776
qm9_cn_subset:3844,N=c1ccnn[nH]1,0.1644
qm9_cn_subset:16507,CC12C=CC3CC1N32,0.2166
qm9_cn_subset:28039,C#CCn1cnc(N)c1,0.2088
qm9_cn_subset:33150,CCCn1ccc(N)c1,0.2238
qm9_cn_subset:127770,Cn1nnc2c1NCC2,0.2175
qm9_cn_subset:26952,Nc1[nH]ccc1C1CC1,0.2418
qm9_cn_subset:77076,CC1C(C#N)CC1(C)C,0.3286
qm9_cn_subset:70380,CC12CC1CC2(N)C#N,0.2797
qm9_cn_subset:80074,CN1C2C=CC3NC3C21,0.2128
qm9_cn_subset:127947,CN=c1[nH]nc[nH]c1=N,0.1883
qm9_cn_subset:65325,CC1(C2CC2)NC1C#N,0.2838
qm9_cn_subset:120787,CCCC1CC1CC#N,0.3252
qm9_cn_subset:21202,CNc1nnn(C)n1,0.2064
qm9_cn_subset:126391,CCc1nc(N)n(C)n1,0.2505
qm9_cn_subset:109972,CCC1C(C)NC1C#N,0.2677
qm9_cn_subset:15047,CCC(C#N)C1CN1,0.2806
qm9_cn_subset:79551,C#CC12NC1C1C2N1C,0.2586
qm9_cn_subset:129996,NC1=[NH+]c2[n-]nnc2C1,0.1322
qm9_cn_subset:15116,N#CCCCC1CC1,0.3239
qm9_cn_subset:116906,CCCC#CC1(C)CN1,0.2712
qm9_cn_subset:40384,C1NC1C12NC1C1NC12,0.2618
qm9_cn_subset:58658,CC(N)C1(C#N)NC1C,0.2627
qm9_cn_subset:1397,CC(C#N)CC#N,0.3346
qm9_cn_subset:78695,CC1C2C3C1N2C31CC1,0.3129
qm9_cn_subset:127601,Cn1ncc(N)nc1=N,0.1606
qm9_cn_subset:2014,CCC12CN(C1)C2,0.3015
qm9_cn_subset:109113,CCC1=NCC(=N)N1C,0.2208
qm9_cn_subset:39016,C1N=C2NCC2N2CC12,0.2399
qm9_cn_subset:72852,CC12CCN1C(C#N)C2,0.2521
qm9_cn_subset:124923,Cc1[nH]nnc(=N)c1C,0.1698
qm9_cn_subset:66037,N#CC1CCC1(N)C#N,0.2753
qm9_cn_subset:87570,CC1NC12C(C)N1CC12,0.2994
qm9_cn_subset:130398,N#Cc1nn[n-]c1C[NH3+],0.2396
qm9_cn_subset:107422,CCC12CC1CN1CC12,0.2969
qm9_cn_subset:80493,CC1C2CN(C)C12C#N,0.2316
qm9_cn_subset:99983,CCC(C)(C)C(C)C#N,0.3449
qm9_cn_subset:35005,C#CC12CCN1C2C#N,0.2452
qm9_cn_subset:96710,CN=C(C#N)NC1CC1,0.2025
qm9_cn_subset:20845,CCc1n[nH]c(N)n1,0.2542
qm9_cn_subset:29491,Nc1c[nH]c2cc[nH]c12,0.2026
qm9_cn_subset:129581,NC(N)=[NH+]c1nn[n-]n1,0.198
qm9_cn_subset:32973,CCNc1cccn1C,0.2365
qm9_cn_subset:91974,CC1CC2CN2C1C#N,0.2745
qm9_cn_subset:76012,C#CC1(C)C(C)C1C#N,0.2665
qm9_cn_subset:33162,CCCn1cccc1C,0.2388
qm9_cn_subset:49718,N=CN1C(=N)C2NCC21,0.2191
qm9_cn_subset:9486,CC1CNC1(C)C#N,0.2735
qm9_cn_subset:88485,C#CC1(N2CC2C)CC1,0.2612
qm9_cn_subset:125166,Cc1[nH]nc2c1CC=C2,0.2071
qm9_cn_subset:35008,C#CC12NCC1C2C#N,0.2374
qm9_cn_subset:82345,N#CC1NC2CC2C1N,0.2466
qm9_cn_subset:99536,C#CC(CC)C(C)C#N,0.3031
qm9_cn_subset:28682,Cc1ncc(CC#N)[nH]1,0.24
qm9_cn_subset:19451,N#CC1C2C=CC1C2,0.232
qm9_cn_subset:1399,C#CC(N)CC#N,0.2727
qm9_cn_subset:24775,N=c1ccn2c(n1)CC2,0.1824
qm9_cn_subset:19638,N#CC12C3C4C3N1C42,0.2363
qm9_cn_subset:41050,C1CC23C4CC12C1C4N13,0.28
qm9_cn_subset:37178,C1CC23CC(C4NC42)N13,0.291
qm9_cn_subset:99433,C#CC(C#CC#N)CC,0.2383
qm9_cn_subset:99417,C#CC(C#C)(C#C)NC,0.2469
qm9_cn_subset:123786,c1cc(NC2CC2)[nH]n1,0.2407
qm9_cn_subset:94744,CC1CCC2(C#N)CN12,0.2772
qm9_cn_subset:32905,CCCc1ccc(N)[nH]1,0.2316
qm9_cn_subset:128898,N#CCc1cnnnn1,0.1637
qm9_cn_subset:73966,CC1=C2C3C(C1)N1C2C31,0.157
qm9_cn_subset:24714,c1cc2n(c1)C1CCC21,0.2416
qm9_cn_subset:127603,Cn1ncc(N=CN)n1,0.1973
qm9_cn_subset:130064,N#CCn1nnc(N)n1,0.2107
qm9_cn_subset:33604,C#CC12C3C4CC(C31)N42,0.2508
qm9_cn_subset:11273,CC1C=C(C#N)CC1,0.2196
qm9_cn_subset:99880,CC(C#N)(CN)N1CC1,0.2716
qm9_cn_subset:87806,CC1NC12CC1C2N1C,0.2986
qm9_cn_subset:128862,N#CC#Cc1cn[nH]c1,0.1961
qm9_cn_subset:8964,N#CCNC(=N)C#N,0.2181
qm9_cn_subset:88545,CC1CN1C12CCC1C2,0.3002
qm9_cn_subset:11998,CC1(C)C=CC2NC21,0.2461
qm9_cn_subset:113831,CCN1CC1C1NC1C,0.2905
qm9_cn_subset:13650,C#CC#CC1CN1C,0.2043
qm9_cn_subset:124134,CC#Cc1cncnn1,0.1615
qm9_cn_subset:92400,N#CC12NCC1CC2N,0.244
qm9_cn_subset:10928,C#CC1CC2(C)NC12,0.2935
qm9_cn_subset:70615,CC12CN1CCC21CC1,0.3081
qm9_cn_subset:53157,CC#CC1C2CC1N2C,0.2641
qm9_cn_subset:94044,CC1CCN(CC#N)C1,0.2571
qm9_cn_subset:28640,C#Cc1ccc(C)nc1,0.1978
qm9_cn_subset:125316,C#CCn1cc(C)nn1,0.2471
qm9_cn_subset:124846,CC1(C)Cn2nncc21,0.2597
qm9_cn_subset:32617,C#Cc1ccn(CC)c1,0.2187
qm9_cn_subset:17092,N#CC1CC2CN1C2,0.2716
qm9_cn_subset:26759,C#Cc1cc(C)c(C)[nH]1,0.1938
qm9_cn_subset:111023,CCN1C2CC1(C#N)C2,0.2451
qm9_cn_subset:97011,CN=C1CN=C(C)N1C,0.2155
qm9_cn_subset:26760,Cc1cc(C#N)[nH]c1C,0.1994
qm9_cn_subset:21536,C#Cc1[nH]ncc1N,0.1877
qm9_cn_subset:25634,CC#Cc1nc[nH]c1N,0.2112
qm9_cn_subset:68274,N#CC1(N)C2CC1(N)C2,0.2798
qm9_cn_subset:67200,C#CC1C2C3CN1C32C,0.2668
qm9_cn_subset:36300,N#CCN1C2C=CCC21,0.2367
qm9_cn_subset:80394,CN1C2CC(C)(C)C21C,0.3023
qm9_cn_subset:15049,CCC(C#N)N1CC1,0.2836
qm9_cn_subset:56703,C#CC1(C(C)C#N)CN1,0.2698
qm9_cn_subset:129585,[NH3+]C1(c2nn[n-]n2)CC1,0.2661
qm9_cn_subset:28970,Cc1nccnc1C#N,0.1892
qm9_cn_subset:28808,Cc1ccnc(=N)cn1,0.1702
qm9_cn_subset:123904,C1CNc2nn[nH]c2C1,0.2062
qm9_cn_subset:78599,CC1C2C3C(C)C2(C)N13,0.3141
qm9_cn_subset:57607,CC(C)(CC#N)C1CN1,0.2844
qm9_cn_subset:1766,CC1NC1(C)C#N,0.2858
qm9_cn_subset:3745,Cn1ccc(N)n1,0.2302
qm9_cn_subset:29492,Nc1c[nH]c2nc[nH]c12,0.2021
qm9_cn_subset:79221,N#CC12NC3C(C1N)C32,0.2462
qm9_cn_subset:40589,C1CC1N1C2C3NC2C31,0.2879
qm9_cn_subset:128400,CNC=Nc1cn[nH]n1,0.1988
qm9_cn_subset:40420,C1=CC2(C3CN3)NC2C1,0.2388
qm9_cn_subset:35449,C#CC1CN2CC12C#C,0.2504
qm9_cn_subset:13763,CC(C)C1NC1C#N,0.2909
qm9_cn_subset:26798,N#Cc1nc(N)c(N)[nH]1,0.1805
qm9_cn_subset:123418,c1cnn(CC2CC2)c1,0.2621
qm9_cn_subset:124515,Cc1n[nH]cc1C(C)C,0.2587
qm9_cn_subset:69608,CC12CC1C1(C#N)CN21,0.2416
qm9_cn_subset:128912,N#CCCc1nc[nH]n1,0.2703
qm9_cn_subset:4689,N#Cc1ccc(N)[nH]1,0.1914
qm9_cn_subset:36571,C#CCNC(C#N)C#N,0.2547
qm9_cn_subset:7165,CCCN(C)CC#N,0.2585
qm9_cn_subset:36825,C(#CC1CC1)CC1CN1,0.2792
qm9_cn_subset:38387,C1CC2C1C21CC2NC21,0.3068
qm9_cn_subset:33505,N#CC1(CC2CC2)CC1,0.3192
qm9_cn_subset:33189,CCCNc1ccc[nH]1,0.2389
qm9_cn_subset:66955,C#CC1C2CN3C2C13C,0.281
qm9_cn_subset:32972,CCCc1nccn1C,0.2452
qm9_cn_subset:604,C#CC1CN1C,0.2631
qm9_cn_subset:20043,C1=C(C2CN2)CCC1,0.2451
qm9_cn_subset:66767,CC12C3CCC1N1C3C12,0.3037
qm9_cn_subset:37497,C1=C2CC3C1C1CN3C21,0.122
qm9_cn_subset:127772,Cn1nnc2nn[nH]c21,0.2173
qm9_cn_subset:107987,CCC12CN3C1CCC32,0.3013
qm9_cn_subset:35849,N#CC1CCC=CCN1,0.2351
qm9_cn_subset:128124,CNc1[nH]nc(C)c1N,0.2363
qm9_cn_subset:5532,CNc1[nH]ccc1C,0.2385
qm9_cn_subset:28776,Cc1cnc2n1C=CC2,0.1948
qm9_cn_subset:121932,CCCCC(C)N1CC1,0.3184
qm9_cn_subset:78770,CN1C2C3C2(C)CC31C,0.2909
qm9_cn_subset:70318,CC12CN3CC3CC1N2,0.2987
qm9_cn_subset:63112,CC1(C)N2CCC21C#N,0.2512
qm9_cn_subset:34835,C#CC1C2CN1C2C#N,0.2487
qm9_cn_subset:126862,CCN=c1cc[nH]nc1,0.1684
qm9_cn_subset:130368,NC=Nc1nccnn1,0.1638
qm9_cn_subset:24647,c1cnc(N2CC2)cn1,0.1881
qm9_cn_subset:50,c1cc[nH]c1,0.2528
qm9_cn_subset:78854,CC1C2C3C4C1C4(C)N23,0.3003
qm9_cn_subset:90395,CN1CC2C(C#N)C21C,0.2474
qm9_cn_subset:123347,C#CCCc1nc[nH]n1,0.2607
qm9_cn_subset:129890,Nc1cn2ncnc2[nH]1,0.2311
qm9_cn_subset:82482,CC1C2CC3(C)CC1N23,0.2969
qm9_cn_subset:24631,c1ncn2c1C1(CN1)C2,0.2474
qm9_cn_subset:37393,C1C2C3CC2N2CC2C13,0.2999
qm9_cn_subset:5491,C#Cc1c[nH]cc1C,0.2204
qm9_cn_subset:124460,CC(C)(C)n1nccn1,0.2582
qm9_cn_subset:125889,CC1CC1n1nccn1,0.2424
qm9_cn_subset:70859,CC12CC3(C)C1N3C=N2,0.2371
qm9_cn_subset:21647,N#Cc1nc(N)n[nH]1,0.1825
qm9_cn_subset:52576,CC#CC(C#N)C#CC,0.2825
qm9_cn_subset:126607,CCCn1cc(N)nn1,0.2155
qm9_cn_subset:25704,CC#CCc1cnc[nH]1,0.2502
qm9_cn_subset:63993,CC1(C)CN=C(C#N)N1,0.1996
qm9_cn_subset:128027,CN=CNc1cc[nH]n1,0.2173
qm9_cn_subset:32496,CCc1c[nH]cc1C#N,0.2257
qm9_cn_subset:103992,CCC1(C)CC2NC21C,0.2984
qm9_cn_subset:36189,N#CCC12CC3CN1C32,0.2861
qm9_cn_subset:125277,Cc1cc2cn[nH]c2[nH]1,0.2201
qm9_cn_subset:29729,C#Cc1cnc(C)n1C,0.2022
qm9_cn_subset:15046,CCC(C#N)C1CC1,0.3336
qm9_cn_subset:716,C1C2CC3C1N23,0.3314
qm9_cn_subset:70111,CC12NC1C=CC2C#N,0.2388
qm9_cn_subset:103702,CCC1(C)CC1(N)C#N,0.2766
qm9_cn_subset:124131,CC#Cc1ccnn1C,0.2085
qm9_cn_subset:124599,Cc1cnn(C(C)C)n1,0.2508
qm9_cn_subset:19753,CC1C2CC3C1N3C2,0.3211
qm9_cn_subset:111927,CCC1C=C2CC3C2N13,0.1665
qm9_cn_subset:12029,C#CC1(C)CC2CN21,0.2774
qm9_cn_subset:5602,CCc1cccn1C,0.2386
qm9_cn_subset:89596,CC1CC2(CC#N)NC12,0.2669
qm9_cn_subset:33601,N#CC12C3NC4C3N1C42,0.2448
qm9_cn_subset:34358,N#CC12NCC1N1CC12,0.2423
qm9_cn_subset:9448,N#CC1(N)CNC1=N,0.2519
qm9_cn_subset:128293,CNc1nn(C)cc1N,0.2149
qm9_cn_subset:5898,CC#CC(C)(N)C#N,0.268
qm9_cn_subset:64,CC(C)C#N,0.3545
qm9_cn_subset:99552,CNC(C#N)C(N)C#N,0.2729
qm9_cn_subset:126253,CCc1nn[nH]c1C#N,0.2178
qm9_cn_subset:125083,Cc1cn[nH]c1C1CN1,0.248
qm9_cn_subset:15773,C#CCC(C)N1CC1,0.2873
qm9_cn_subset:24577,C1=CCn2cccc2C1,0.2127
qm9_cn_subset:29350,C#Cc1c(N)c[nH]c1N,0.1976
qm9_cn_subset:94495,CN1CCC1C#CC#N,0.1941
qm9_cn_subset:66561,CC12C3C4CC1(C)N4C32,0.3002
qm9_cn_subset:105121,C#CC1(CC)CC1C#N,0.2689
qm9_cn_subset:123744,c1cnn(C2CCC2)c1,0.2603
qm9_cn_subset:34572,N#CC1=CC2CCN2C1,0.1876
qm9_cn_subset:61473,CC(C#N)CC(C)C#N,0.3374
qm9_cn_subset:40331,C1NC1C12C3C4C(C31)N42,0.273
qm9_cn_subset:14567,N#CCC#CCC#N,0.2886
qm9_cn_subset:83054,CC1C2NC=NC12C#N,0.2445
qm9_cn_subset:56704,CC(C#N)C1(C#N)CN1,0.2798
qm9_cn_subset:34894,C#CC1C(C#N)C2CN12,0.2621
qm9_cn_subset:3695,Cc1cc(N)[nH]n1,0.2457
qm9_cn_subset:56846,C#CC(C)N1C2CCC21,0.29
qm9_cn_subset:35986,N#CC#CC#CCC#N,0.1937
qm9_cn_subset:127118,CN(C)c1ncn(C)n1,0.2133
qm9_cn_subset:52890,C#CC1(C#CC)CN1C,0.2456
qm9_cn_subset:34462,N#CC12CCN3CC1C32,0.2678
qm9_cn_subset:33616,C#CC12C3CN1C1C3C12,0.2415
qm9_cn_subset:40861,C1CC2(C1)C1CN3C1C32,0.3133
qm9_cn_subset:126738,CCn1ccc(NC)n1,0.2208
qm9_cn_subset:5603,CCc1cncn1C,0.2456
qm9_cn_subset:61222,CC1(C(N)CC#N)CN1,0.2896
qm9_cn_subset:110640,CCN1C2C3NC3C21C,0.2667
qm9_cn_subset:126377,CCc1ncc(C)nn1,0.1636
qm9_cn_subset:34933,N#CC1C2CC3(CC3)C12,0.2998
qm9_cn_subset:23928,C#CC#Cc1ccc[nH]1,0.1688
qm9_cn_subset:65281,CC1(C#N)CC12CCC2,0.3031
qm9_cn_subset:36251,C#CCC1C2C3CC2N13,0.2865
qm9_cn_subset:3037,N#CCCN1CC1,0.2886
qm9_cn_subset:126248,C#Cc1[nH]ncc1CC,0.2091
qm9_cn_subset:33506,N#CC1(CC2CC2)CN1,0.2845
qm9_cn_subset:127099,CN(C)c1cnncn1,0.1782
qm9_cn_subset:35475,N#CC1C=CC2NC2C1,0.2453
qm9_cn_subset:21420,N=c1nn[nH]c(=N)[nH]1,0.1798
qm9_cn_subset:127123,Cc1cc(N(C)C)n[nH]1,0.2164
qm9_cn_subset:39773,C1C2C3CN3C1C21CN1,0.3051
qm9_cn_subset:26262,CN(C)c1cccn1C,0.233
qm9_cn_subset:128983,c1cc2n[nH]cnc-2n1,0.1496
qm9_cn_subset:34167,N#CC12CC3C4C(C31)C42,0.2841
qm9_cn_subset:62188,C#CC(C)NCCC#N,0.2735
qm9_cn_subset:117591,C#CC(C)(C#N)CCC,0.2959
qm9_cn_subset:79300,C#CC12C3CN1C(C)C32,0.2526
qm9_cn_subset:18135,CC1C2CC(C#N)C12,0.3052
qm9_cn_subset:123886,c1ncc(N2CC2)nn1,0.167
qm9_cn_subset:832,Cc1c[nH]c(C)c1,0.2421
qm9_cn_subset:68795,CC12CC(C#N)C1(C)C2,0.2939
qm9_cn_subset:31509,CCc1cc(N)c(C)[nH]1,0.2192
qm9_cn_subset:20352,C1=Cn2nncc2C1,0.2113
qm9_cn_subset:106435,CCC12CN(C1)C2C#N,0.2543
qm9_cn_subset:66788,CC12C3C4C3N3C(C41)C32,0.3082
qm9_cn_subset:53254,C#CC1(C)NC1C#CC,0.2519
qm9_cn_subset:105368,CCC1(CN2CC2)CC1,0.3139
qm9_cn_subset:717,C1C2C3CN1C23,0.3121
qm9_cn_subset:123191,CCCCCNCC#N,0.2701
qm9_cn_subset:28963,C#Cc1ccncc1C,0.2027
qm9_cn_subset:69828,CC12CCC3NC3C1N2,0.2915
qm9_cn_subset:4534,Cc1cn(C)cc1N,0.2264
qm9_cn_subset:30384,CN=c1cc(C)[nH]cn1,0.1851
qm9_cn_subset:29799,C#Cc1cc(C)cn1C,0.1973
qm9_cn_subset:41045,C1CC23CC4C5C(N52)C143,0.2589
qm9_cn_subset:32521,CCc1c[nH]cc1NC,0.2278
qm9_cn_subset:104510,CCC1(CC#N)CN1C,0.2743
qm9_cn_subset:13536,CC(C#N)C1CC1C,0.3231
qm9_cn_subset:33722,N#CC12CC(C#N)(C1)C2,0.3167
qm9_cn_subset:20636,C#Cc1cc(C)[nH]n1,0.2246
qm9_cn_subset:92821,CC1CN=C2NC=NC21,0.2267
qm9_cn_subset:67261,CC12C3CC1N1C3CC12,0.3141
qm9_cn_subset:5680,C1=Cn2cccc2C1,0.1986
qm9_cn_subset:3103,CCN1C(C)C1C,0.2906
qm9_cn_subset:36270,C#CCN1C2C3NC3C21,0.2642
qm9_cn_subset:100879,CCC(C)C(C#N)NC,0.2733
qm9_cn_subset:70817,CC12CC3(C)N1CC23C,0.3054
qm9_cn_subset:26361,Cc1ccn(C(C)C)c1,0.2477
qm9_cn_subset:39910,C1CC12N=C1NC3C1C32,0.1582
qm9_cn_subset:67652,CC12C3CC4CN1C2C43,0.3122
qm9_cn_subset:34882,N#CC1C2CC2C12CN2,0.2767
qm9_cn_subset:53102,CC#CC1C(N)C1C#N,0.2481
qm9_cn_subset:5145,C#CCc1cc[nH]c1,0.2503
qm9_cn_subset:24185,C1=CC2Cn3ccc1c32,0.1798
qm9_cn_subset:36591,N#CCCC1(C#N)CN1,0.2947
qm9_cn_subset:70965,CC12CC3(C#N)NC1C32,0.2419
qm9_cn_subset:35076,N#CC1C=C2CN3C2C13,0.1718
qm9_cn_subset:34529,N#CC1=CC2C=CC1N2,0.1742
qm9_cn_subset:34161,C#CC12CN3C4C(C41)C32,0.2544
qm9_cn_subset:20427,c1n[nH]nc1N1CC1,0.2248
qm9_cn_subset:28678,Cc1cnc(CC#N)[nH]1,0.2399
qm9_cn_subset:83768,CC1C2C3CN2CCN13,0.2814
qm9_cn_subset:61307,CN(CC#N)CC1CN1,0.2601
qm9_cn_subset:106382,CCC12CC(C1)N1CC12,0.3152
qm9_cn_subset:19240,N#CC1C(N)C2NC12,0.268
qm9_cn_subset:126143,CCC(C)c1cn[nH]c1,0.2584
qm9_cn_subset:24402,C1=Cc2cc[nH]c2NC1,0.1837
qm9_cn_subset:117789,CNCC(C)(C#N)NC,0.2628
qm9_cn_subset:127292,Cn1cc2nn[nH]c2c1,0.18
qm9_cn_subset:126220,CCc1[nH]nc(C)c1N,0.2312
qm9_cn_subset:123538,c1nnn2nccc2n1,0.1587
qm9_cn_subset:58072,CC(N)C(N)(C#N)C#N,0.2567
qm9_cn_subset:42214,N#CC(=N)N1C2CC1C2,0.207
qm9_cn_subset:745,Cn1ccnn1,0.2591
qm9_cn_subset:21348,N#CCn1ncnn1,0.2596
qm9_cn_subset:39360,C1=C2CCC23NC3CC1,0.228
qm9_cn_subset:36390,N#CCC1CC1CC#N,0.3317
qm9_cn_subset:30135,CC1NC1c1c[nH]cn1,0.2457
qm9_cn_subset:105428,CCC1(C#N)CC=CC1,0.2646
qm9_cn_subset:35156,C#CC1CC1(C#N)C#N,0.2537
qm9_cn_subset:124872,CC1(n2nnnn2)CC1,0.2616
qm9_cn_subset:79368,CC1C2C3CC2(C#N)C13,0.3191
qm9_cn_subset:18898,CC12C3C1N1C3C12C,0.2786
qm9_cn_subset:30543,NC=Nc1ncccn1,0.1928
qm9_cn_subset:127434,Cc1ccc(=N)n(C)n1,0.1522
qm9_cn_subset:21163,CNc1nn[nH]c1N,0.2283
qm9_cn_subset:31287,C#Cc1[nH]ccc1CC,0.2004
qm9_cn_subset:72308,CC12CC=C3CN1C32C,0.172
qm9_cn_subset:39706,C1NC12C1C3C4C3N1C42,0.291
qm9_cn_subset:20149,CC1C2C3C2C2C3N12,0.2981
qm9_cn_subset:65126,CC1(C2C3CN2C3)CN1,0.3009
qm9_cn_subset:39835,C1C2C3CN3C3(CC3)C12,0.2928
qm9_cn_subset:20680,Cc1nc(=N)cn[nH]1,0.1837
qm9_cn_subset:71310,CC12CC3C1C(C#N)C32,0.3247
qm9_cn_subset:40662,C1=CC(C2CN2)N2CC12,0.2288
qm9_cn_subset:32121,CNc1nccc(C)n1,0.1901
qm9_cn_subset:28836,N=c1cncc(N)nc1,0.132
qm9_cn_subset:52872,CC#CC1(C(C)C)CN1,0.2707
qm9_cn_subset:56357,N#CCCN=C(N)C#N,0.222
qm9_cn_subset:1077,CCn1cccc1,0.247
qm9_cn_subset:130181,Nc1n[nH]c2[nH]nnc12,0.2007
qm9_cn_subset:127359,Cn1cnc2n[nH]cc21,0.21
qm9_cn_subset:109722,CC#CC1C(CC)N1C,0.2552
qm9_cn_subset:127219,C#Cc1cn(C)nc1N,0.2051
qm9_cn_subset:123993,c1nncc(C2CN2)n1,0.1667
qm9_cn_subset:70329,CC12CC1CN1CC12C,0.2953
qm9_cn_subset:83674,N#CC1C(N)C2CCN12,0.2329
qm9_cn_subset:88229,CC1NC1C#CC1CC1,0.2714
qm9_cn_subset:127646,Cn1nccc1CC#N,0.2543
qm9_cn_subset:106843,CCC12CC1(C#N)CN2,0.2606
qm9_cn_subset:41278,C1CC23CN4CC12CC43,0.3092
qm9_cn_subset:32102,CCc1cc(C)ncn1,0.2129
qm9_cn_subset:30184,CN1Cc2nc[nH]c2C1,0.232
qm9_cn_subset:64762,CC1(CC#N)C=CCC1,0.2632
qm9_cn_subset:75178,CC1=CCC(C#N)NC1,0.251
qm9_cn_subset:84813,CC1C=CCC1CC#N,0.2639
qm9_cn_subset:68341,CC12CC(C=C1C#N)N2,0.1945
qm9_cn_subset:124439,CC(C)(C)c1cnn[nH]1,0.2534
qm9_cn_subset:67606,CC12C3CC4C3CC1N42,0.332
qm9_cn_subset:29446,CC1=CCc2[nH]cnc21,0.1987
qm9_cn_subset:128918,N#CCCn1cccn1,0.2575
qm9_cn_subset:25479,N=CNc1ccccn1,0.1893
qm9_cn_subset:32,N#CCN,0.2855
qm9_cn_subset:68622,CC12CCN(C1)C2C#N,0.2547
qm9_cn_subset:123318,C#Cc1n[nH]nc1C#C,0.2121
qm9_cn_subset:123598,c1nc2n(n1)C1CN2C1,0.2462
qm9_cn_subset:124948,Cc1[nH]ncc1C1CN1,0.2512
qm9_cn_subset:82839,CN1C2CN3CC1C23C,0.2666
qm9_cn_subset:88537,CN1CC1C12CN(C1)C2,0.2959
qm9_cn_subset:5270,CCCn1ccnc1,0.2535
qm9_cn_subset:35604,N#CC1CC=C2CNC21,0.2293
qm9_cn_subset:74475,CC1=CC2(CN2)C2NC12,0.2245
qm9_cn_subset:28213,Cc1nc2c([nH]1)CCN2,0.2041
qm9_cn_subset:28636,C#Cc1cnc(C)cn1,0.1882
qm9_cn_subset:126754,CCn1nc(C)c(N)n1,0.2188
qm9_cn_subset:62052,N#CC(N)CCN1CC1,0.2676
qm9_cn_subset:5339,C#Cc1cccnc1,0.2017
qm9_cn_subset:27207,Cc1ccn2c1C=CC2,0.1739
qm9_cn_subset:71488,CC12CN3C1C=CC32C,0.2066
qm9_cn_subset:62957,CC1(C)N2CC2C12CN2,0.3062
qm9_cn_subset:65048,CC1(C2(C#N)CC2)CN1,0.2949
qm9_cn_subset:32381,CNc1c[nH]c(C#N)c1,0.1792
qm9_cn_subset:66705,CC12C3C4C(N41)C32C#N,0.2389
qm9_cn_subset:12629,CC1N=CN(C)C1=N,0.2217
qm9_cn_subset:93632,CC1CCC(C#N)N1C,0.2618
qm9_cn_subset:5150,N#CCc1c[nH]cn1,0.255
qm9_cn_subset:81731,C#CC12CN1C(C)C2C,0.2531
qm9_cn_subset:125664,Cc1n[nH]cc(N)c1=N,0.1706
qm9_cn_subset:24296,c1cn2c(n1)N1CC1C2,0.2383
qm9_cn_subset:14580,N#CCCNCC#N,0.2771
qm9_cn_subset:28271,CC1=Cc2cncn2C1,0.1803
qm9_cn_subset:67719,CC12C=C3CC4C3C1N42,0.1775
qm9_cn_subset:34916,N#CC1C2CC2C2CC12,0.3045
qm9_cn_subset:83902,C#CC12CCCC1N2C,0.2696
qm9_cn_subset:2610,N#CC#CCC#N,0.2453
qm9_cn_subset:6276,CC(C)CC(N)C#N,0.2964
qm9_cn_subset:24717,c1cn2c(n1)C1NCC12,0.2405
qm9_cn_subset:4536,Cn1cc(N)c(N)c1,0.2254
qm9_cn_subset:109523,C#CC1C(C#N)N1CC,0.2468
qm9_cn_subset:128416,CNCc1ncn(C)n1,0.2252
qm9_cn_subset:126603,CCCCn1nnnn1,0.2732
qm9_cn_subset:120087,CCCC1C2C3CN3C12,0.2843
qm9_cn_subset:21199,CNc1ccn(C)n1,0.2205
qm9_cn_subset:34498,N#CC1=CC2(CC1)CN2,0.1957
qm9_cn_subset:8422,CN1C2CC(C)(C)C21,0.3054
qm9_cn_subset:124133,CC#Cc1cn(C)nn1,0.2199
qm9_cn_subset:126822,CCc1ncnn1CC,0.2633
qm9_cn_subset:34650,N#CC1=NCCN=CN1,0.1966
qm9_cn_subset:24495,c1ncc2[nH]ccc2n1,0.1984
qm9_cn_subset:28098,CC1=Cc2[nH]ccc2C1,0.1763
qm9_cn_subset:84524,C#CC1C2C=CC(C)N12,0.2225
qm9_cn_subset:106041,CCC12C(C)C3CN1C32,0.3123
qm9_cn_subset:61174,C#CC(C)N(C)CC#N,0.2473
qm9_cn_subset:123527,c1cc2ncnn2cn1,0.1988
qm9_cn_subset:118684,CCCC1(C)C(C)N1C,0.2866
qm9_cn_subset:33709,C#CC12N=CN3CC1C32,0.2158
qm9_cn_subset:123872,c1n[nH]cc1N1CCC1,0.2155
qm9_cn_subset:70042,CC12CC(C#N)=CC1C2,0.206
qm9_cn_subset:35722,N#CC1NCC1C1CC1,0.2666
qm9_cn_subset:6697,CN(C)CC#CC#N,0.1928
qm9_cn_subset:14462,CC12CC3CC1N2C3,0.323
qm9_cn_subset:33524,N#CC1(C#N)CN=CN1,0.2396
qm9_cn_subset:38008,C1=C2CN3C4CC1C4C23,0.1803
qm9_cn_subset:28020,C#CCc1c[nH]c(C)n1,0.246
qm9_cn_subset:30364,CN1CCn2ccnc21,0.2306
qm9_cn_subset:15609,CN=C1NC=NC1C,0.2213
qm9_cn_subset:81109,CC1C2C=CC1(C#N)C2,0.242
qm9_cn_subset:69680,CC12NC1C1C(C#N)C12,0.2525
qm9_cn_subset:74598,CC1=CC2C3C1N1C2C31,0.2365
qm9_cn_subset:19907,CCC1C2C3NC3C12,0.2766
qm9_cn_subset:52485,CC#CC#CC1CN1C,0.2043
qm9_cn_subset:74883,CC1=CC2NC2C=CC1,0.226
qm9_cn_subset:78968,CC1C2C3CC1N1C3C21,0.3281
qm9_cn_subset:62316,C#CC1(C)C2C3NC3C21,0.2505
qm9_cn_subset:53006,CC#CC12C=CCC1N2,0.2274
qm9_cn_subset:21516,N#Cc1cn[nH]c1N,0.23
qm9_cn_subset:39172,C1CC2C3CC24C1CN34,0.2497
qm9_cn_subset:10373,N#CC1(C#N)CCN1,0.2509
qm9_cn_subset:38116,C1=CC23CN2C=NC3C1,0.2343
qm9_cn_subset:34667,N#CC1=NCCCCN1,0.2114
qm9_cn_subset:32223,CCc1ncncc1N,0.1947
qm9_cn_subset:62971,CC1(C)C(C#N)C2CC21,0.3064
qm9_cn_subset:5317,CC(C)c1cc[nH]c1,0.2507
qm9_cn_subset:26061,C#CC(C)c1cc[nH]c1,0.25
qm9_cn_subset:128875,N#Cc1cn[nH]c1C#N,0.2065
qm9_cn_subset:64846,C#CC1(C)CC(C#N)C1,0.2857
qm9_cn_subset:94745,C#CC12CCC(C)C1N2,0.2673
qm9_cn_subset:94127,CC1CCC1(C#N)C#N,0.3091
qm9_cn_subset:20868,CCCc1cn[nH]c1,0.2583
qm9_cn_subset:64709,C#CCC1(C)CN2CC21,0.2803
qm9_cn_subset:80312,CC1C2C=C(C#N)CC12,0.2046
qm9_cn_subset:127073,Cc1[nH]nnc1N(C)C,0.2048
qm9_cn_subset:24169,c1cn(CC2CN2)cn1,0.2527
qm9_cn_subset:14425,CC1C2CN3C1C23C,0.3238
qm9_cn_subset:220,CC(C)(C)C#N,0.3594
qm9_cn_subset:78305,CC1C2C3CC(C)(C3)N12,0.3007
qm9_cn_subset:26772,Cc1[nH]c(C#N)nc1N,0.1744
qm9_cn_subset:72952,CC1(C#N)C2NCC21N,0.2613
qm9_cn_subset:24280,c1[nH]cc2c1CC1CC21,0.2415
qm9_cn_subset:28768,Cc1ccc2n1CC=C2,0.1716
qm9_cn_subset:57325,CC(C)(N)C(C#N)C#N,0.2605
qm9_cn_subset:127398,CN1Cc2n[nH]nc2C1,0.2068
qm9_cn_subset:123436,c1cc(CC2CN2)n[nH]1,0.2636
qm9_cn_subset:24555,c1ccncc[nH]cc1,0.1502
qm9_cn_subset:68835,CC12CC3(CN3)C1(C)N2,0.2909
qm9_cn_subset:32620,CCn1cnc(C#N)c1,0.2301
qm9_cn_subset:5745,CC1Cc2cncn21,0.256
qm9_cn_subset:64891,CC1(C#N)CC1(N)C#N,0.285
qm9_cn_subset:5943,CCC(C)(C)CC#N,0.3439
qm9_cn_subset:87150,CN1CC1(C)C1(C)CN1,0.3026
qm9_cn_subset:102995,CCC1(C#N)C(N)C1N,0.2636
qm9_cn_subset:77539,CC1C2(C)CC1(C#N)C2,0.326
qm9_cn_subset:84340,Cn1cc[c-](C#N)c1=[NH2+],0.2133
qm9_cn_subset:17818,CC1CN1C1CCC1,0.3027
qm9_cn_subset:128888,N#Cc1n[nH]nc1C#N,0.2332
qm9_cn_subset:10372,N#CC1(C#N)CCC1,0.314
qm9_cn_subset:66332,N#CC1(N)C=CCNC1,0.2239
qm9_cn_subset:108681,CCC1=C(C#N)CCC1,0.2155
qm9_cn_subset:61098,C#CCC(C)(C#N)C#N,0.2768
qm9_cn_subset:90303,CN1CC2=CC3NC3C21,0.2171
qm9_cn_subset:38023,C1=CC2C(=CC3NC32)C1,0.2391
qm9_cn_subset:66437,CC12C3C4C(C)(N31)C42C,0.2791
qm9_cn_subset:124150,CC#Cc1nccnn1,0.1641
qm9_cn_subset:19789,CC1C2NC2C2NC12,0.2878
qm9_cn_subset:3224,CC12CC1C1CN12,0.2921
qm9_cn_subset:133883,C1N2C3C2C2N4CC12C34,0.2953
qm9_cn_subset:124716,CC(N)=Nc1nc[nH]n1,0.2085
qm9_cn_subset:67747,CC12C=CC34CN(C13)C24,0.2206
qm9_cn_subset:5904,C#CCC(C)(C)C#N,0.3005
qm9_cn_subset:78346,CC1C2C(N2C)C12CC2,0.3066
qm9_cn_subset:10442,C#CCC1(C#C)CN1,0.2812
qm9_cn_subset:93593,CC1CN=C(C#N)NC1,0.2077
qm9_cn_subset:40370,C1CC1C12CC1N1CC12,0.2817
qm9_cn_subset:35372,N#CC1CN2C3CC1C32,0.2863
qm9_cn_subset:91983,C#CC1C2NC2CN1C,0.2572
qm9_cn_subset:8360,CCCC12CN(C1)C2,0.3021
qm9_cn_subset:11773,N#CC12CCC(C1)N2,0.2772
qm9_cn_subset:87858,CC1NC12CC1CN1C2,0.3056
qm9_cn_subset:33633,N#CC12C3=CCC1C2C3,0.1784
qm9_cn_subset:35920,N#CC1NCCC2NC12,0.2658
qm9_cn_subset:34386,N#CC12C=CCN1CC2,0.2317
qm9_cn_subset:8635,CCC(N)(C#N)C#N,0.2779
qm9_cn_subset:99434,C#CC#CC(C#N)CC,0.2279
qm9_cn_subset:75438,CC1=CCCC(C#N)C1,0.2601
qm9_cn_subset:68721,CC12NC1(C#N)C1CC12,0.2885
qm9_cn_subset:102720,C#CC(CC)CN1CC1,0.2942
qm9_cn_subset:86517,CC1CN(C(=N)C#N)C1,0.1985
qm9_cn_subset:93873,CC1CCN(C)C1C#N,0.2597
qm9_cn_subset:123333,C#CCc1cnnnn1,0.1643
qm9_cn_subset:123285,C#CC#Cc1nn[nH]n1,0.1913
qm9_cn_subset:28275,Cc1nc2c[nH]cc2[nH]1,0.1986
qm9_cn_subset:66791,CC12C3C4C5C(C1N43)N52,0.2623
qm9_cn_subset:92940,C#CC1(C)N=CNC1C,0.247
qm9_cn_subset:127126,CN(C)c1n[nH]c(N)n1,0.2266
qm9_cn_subset:124568,CC(C)Cc1cc[nH]n1,0.2621
qm9_cn_subset:110711,CCC1C2C=CC1N2C,0.2137
qm9_cn_subset:125987,CC1Cn2nc(N)nc21,0.2259
qm9_cn_subset:10485,CCC1(CC#N)CN1,0.2921
qm9_cn_subset:124539,CC(C)c1n[nH]c(N)n1,0.2551
qm9_cn_subset:125878,CC1CC1c1cn[nH]n1,0.2414
qm9_cn_subset:113464,CCN1CC12CC1NC12,0.3016
qm9_cn_subset:126195,CCc1c(N)n[nH]c1C,0.2331
qm9_cn_subset:35149,C#CC1(C#N)CC1C#N,0.2548
qm9_cn_subset:52912,CC#CC1(C#N)CNC1,0.2577
qm9_cn_subset:21086,Cn1ncnc1C#N,0.2243
qm9_cn_subset:127353,Cn1cnc2cn[nH]c21,0.2282
qm9_cn_subset:107075,CCC12CC(C#N)C1N2,0.2926
qm9_cn_subset:8634,C#CC(N)(C#N)CC,0.2702
qm9_cn_subset:34897,C#CC1C(C#C)N2CC12,0.2602
qm9_cn_subset:4583,Nc1ccc(N)nc1,0.1739
qm9_cn_subset:129183,[NH2+]=C1NCc2nn[n-]c21,0.1845
qm9_cn_subset:69313,CC1(C)C=CC2(C)NC12,0.245
qm9_cn_subset:123862,c1nnn2c1CCCC2,0.2498
qm9_cn_subset:127268,Cn1cc(NC=N)nn1,0.2164
qm9_cn_subset:105809,CCC12C3CC3C1N2C,0.2748
qm9_cn_subset:129903,Nc1cnc2[nH]nnn12,0.1903
qm9_cn_subset:37392,C1C2C3CN2C1C1CN31,0.2866
qm9_cn_subset:102293,CC(C)NC(C#N)CN,0.2636
qm9_cn_subset:20788,CCc1[nH]ncc1C,0.2503
qm9_cn_subset:100882,CCC(N)C(C#N)NC,0.2787
qm9_cn_subset:128058,CNC(=N)c1nc[nH]n1,0.1958
qm9_cn_subset:35074,N#CC1C=C2CC3C2C13,0.177
qm9_cn_subset:105975,CCC12C3C4N1C4(C)C32,0.2818
qm9_cn_subset:24788,C#Cc1cc(=N)nc[nH]1,0.1625
qm9_cn_subset:38552,C1=CC23CC2CN2C1C23,0.205
qm9_cn_subset:7518,CC1NC1(C)CC#N,0.2817
qm9_cn_subset:24470,c1cc2nc[nH]cc-2n1,0.1638
qm9_cn_subset:33796,N#CC12CNCC(C1)N2,0.2569
qm9_cn_subset:67620,CC12C3CC4N1C4(C)C32,0.3042
qm9_cn_subset:32017,CCc1ncnc(=N)[nH]1,0.1783
qm9_cn_subset:933,Cc1cnccn1,0.1969
qm9_cn_subset:1615,CC(C)C(C)C#N,0.3497
qm9_cn_subset:38028,C1=C2CCC=C2C2NC12,0.1908
qm9_cn_subset:27250,Cc1[nH]cc2c1NCC2,0.2215
qm9_cn_subset:33128,CCNc1c[nH]cc1N,0.2311
qm9_cn_subset:36334,N#CCC1CC(C#N)C1,0.3299
qm9_cn_subset:33820,N#CC12CNC1(C#N)C2,0.2232
qm9_cn_subset:126328,C#Cc1n[nH]cc1CC,0.2245
qm9_cn_subset:39516,C1=CC2C3C(=CCN23)C1,0.2155
qm9_cn_subset:34616,N#CC1=NCC2CCN12,0.1938
qm9_cn_subset:78306,CC1C2N1C1CC2(C)C1,0.3158
qm9_cn_subset:4653,C#Cc1c[nH]c(N)n1,0.2077
qm9_cn_subset:80807,CC1N2CC1(C#N)C2C,0.2702
qm9_cn_subset:17697,CC12C3C4CC(C31)N42,0.3117
qm9_cn_subset:28962,Cc1ccncc1C#N,0.2116
qm9_cn_subset:20782,CC1Cc2ccnn21,0.2672
qm9_cn_subset:24813,N#Cc1c[nH]ccc1=N,0.1694
qm9_cn_subset:103925,CCC1(C)CC2(C)NC12,0.3005
qm9_cn_subset:33081,CCNc1c[nH]c(C)c1,0.2223
qm9_cn_subset:123783,C1CC1N=c1[nH]nn[nH]1,0.1927
qm9_cn_subset:20579,Cc1[nH]nc(N)c1C,0.2344
qm9_cn_subset:33801,N#CC12CN(CCN1)C2,0.2411
qm9_cn_subset:36216,N#CCC1=CC2NC2C1,0.2373
qm9_cn_subset:125943,CC1CCc2[nH]ncc21,0.2477
qm9_cn_subset:78959,CC1C2C3C4N3C2C14C,0.3036
qm9_cn_subset:130035,NC1=NCc2[nH]nnc21,0.2188
qm9_cn_subset:127383,CN1CC1c1ncn[nH]1,0.2323
qm9_cn_subset:31295,C#Cc1[nH]ccc1NC,0.1818
qm9_cn_subset:129994,NC1=[NH+]c2[n-]ncc2C1,0.1297
qm9_cn_subset:19494,C#CC1C2CCCN12,0.2577
qm9_cn_subset:127468,C#Cc1nn(C)nc1N,0.1946
qm9_cn_subset:38095,C1=NCC23CC2N=CN13,0.2243
qm9_cn_subset:124400,C#CC(C)c1cn[nH]n1,0.253
qm9_cn_subset:127481,Cn1nc(N)cc1C#N,0.1835
qm9_cn_subset:126850,CCc1cnnn1CC,0.249
qm9_cn_subset:128200,CNc1cc(C)nn1C,0.2394
qm9_cn_subset:5748,CC1Cn2ccnc21,0.2566
qm9_cn_subset:123868,c1cc(N2CCC2)[nH]n1,0.234
qm9_cn_subset:126896,CCNc1[nH]ncc1C,0.2331
qm9_cn_subset:14574,C#CCCNCC#N,0.2727
qm9_cn_subset:124877,CC1(c2cn[nH]c2)CN1,0.2508
qm9_cn_subset:112766,CCC1CC(C)C1C#N,0.3281
qm9_cn_subset:5495,C#Cc1c[nH]cc1N,0.2031
qm9_cn_subset:97625,CCC#CC(C#N)NC,0.2562
qm9_cn_subset:36044,N#CCC1(C2CN2)CN1,0.2662
qm9_cn_subset:82344,CN1C(C#N)CC2CC21,0.2508
qm9_cn_subset:30238,Cc1cc2n(c1)CC2C,0.2468
qm9_cn_subset:35579,N#CC1NC2CCCC12,0.2657
qm9_cn_subset:90815,CC1CC2C3C1C1C2N31,0.3143
qm9_cn_subset:4946,CCn1cnc(C)c1,0.2486
qm9_cn_subset:33652,C#CC12C3CN1CC2N3,0.2372
qm9_cn_subset:81113,C#CC12C=CC(C1)N2C,0.2163
qm9_cn_subset:30059,Cn1ccnc1C1CC1,0.2357
qm9_cn_subset:112514,CCC1CC(C#N)N1C,0.2557
qm9_cn_subset:20906,CCn1ncc(N)n1,0.22
qm9_cn_subset:126049,CC1NC1c1cc[nH]n1,0.2527
qm9_cn_subset:34963,N#CC1C2CC3CN1C32,0.2358
qm9_cn_subset:99849,CC(N)C(N)(C#N)CN,0.261
qm9_cn_subset:35591,C#CC1CC=C(C#N)C1,0.2204
qm9_cn_subset:77615,CC12NCC1(C#N)C2N,0.2458
qm9_cn_subset:254,CN(C)CC#N,0.2588
qm9_cn_subset:52474,CC#CC#CC(N)C#N,0.2188
qm9_cn_subset:82096,CC1C2NC2C1N1CC1,0.2913
qm9_cn_subset:113026,CCC1C=CC(C#N)C1,0.2619
qm9_cn_subset:127068,Cc1cn[nH]c1N(C)C,0.2324
qm9_cn_subset:91055,CC1C=C2C(C1)C1NC21,0.2355
qm9_cn_subset:62374,CC1(C#N)C2C=CC1N2,0.2175
qm9_cn_subset:53410,CC#CC1CCC2NC12,0.2924
qm9_cn_subset:67666,CC12C3=CCN1C2C=C3,0.1719
qm9_cn_subset:124560,CC(C)Cc1cnn[nH]1,0.251
qm9_cn_subset:85746,CC1NC(C#N)C2NC12,0.2674
qm9_cn_subset:123917,c1[nH]nc2c1NCCN2,0.222
qm9_cn_subset:41774,C1=NCCC2=NCCN12,0.2114
qm9_cn_subset:65354,CC1(C#N)NC1C1CN1,0.2633
qm9_cn_subset:6026,CN(C)C(C)(C)C#N,0.2622
qm9_cn_subset:57066,CN1CCC1C(N)C#N,0.2534
qm9_cn_subset:53098,C#CC1C(C#CC)N1C,0.2408
qm9_cn_subset:129197,N#Cc1cn[nH]c(=N)c1,0.1427
qm9_cn_subset:28185,Nc1nc2nc[nH]c2[nH]1,0.2159
qm9_cn_subset:65295,N#CC1(N)CC12CCN2,0.2478
qm9_cn_subset:125161,Cc1nnn2c1C1CC12,0.2281
qm9_cn_subset:119195,C#CC1(CCC)NC1C,0.2746
qm9_cn_subset:128189,CNc1cc(C#N)n[nH]1,0.2045
qm9_cn_subset:13661,CC1CC1NCC#N,0.2587
qm9_cn_subset:35173,N#CC1CC12C1CC2C1,0.3103
qm9_cn_subset:77997,CC1NC2(C#N)C(N)C12,0.2348
qm9_cn_subset:120088,CCCC1C2C3NC3C12,0.2765
qm9_cn_subset:58071,C#CC(N)(C#N)C(C)N,0.2602
qm9_cn_subset:91675,CC1CN2CC1C2C#N,0.2659
qm9_cn_subset:20716,Cc1ccc(=N)[nH]n1,0.1573
qm9_cn_subset:5646,c1nc2c[nH]cc2[nH]1,0.1981
qm9_cn_subset:76923,CN1C(C2CN2)C1(C)C,0.2974
qm9_cn_subset:20793,CCc1nn[nH]c1C,0.2439
qm9_cn_subset:62972,C#CC1N2CC2C1(C)C,0.2617
qm9_cn_subset:127890,CN=c1nn[nH]cc1N,0.155
qm9_cn_subset:91988,N#CC1C(N)CN2CC12,0.2653
qm9_cn_subset:127072,Cc1[nH]ncc1N(C)C,0.2378
qm9_cn_subset:40984,C1=CC2N3C1C21CCC31,0.1935
qm9_cn_subset:125425,Cc1nc(N2CC2)n[nH]1,0.2347
qm9_cn_subset:986,Cc1c[nH]cc1C,0.2512
qm9_cn_subset:89690,CC1CC2(C#N)CC1C2,0.3299
qm9_cn_subset:24525,c1c[nH]c2cncc-2c1,0.1248
qm9_cn_subset:33960,N#CC12NC1CN1CC12,0.2465
qm9_cn_subset:69486,CC12CC1C1(C)CN1C2,0.299
qm9_cn_subset:125627,Cc1n[nH]c(N)cc1=N,0.1813
qm9_cn_subset:12794,CC12CCC=CC1N2,0.2279
qm9_cn_subset:70379,CC1(C#N)CC2CC21C,0.3034
qm9_cn_subset:36739,N#CCNC1CCCC1,0.2652
qm9_cn_subset:123643,c1cc2n(n1)CC1NC21,0.2478
qm9_cn_subset:58064,CC(C)C(C)(C#N)C#N,0.3222
qm9_cn_subset:128021,CN=CNc1cn[nH]c1,0.2154
qm9_cn_subset:35095,N#CC1N=CN2CCC12,0.2358
qm9_cn_subset:7275,CC(CC#N)N(C)C,0.2568
qm9_cn_subset:77628,CC1C2(N)CNC12C#N,0.2351
qm9_cn_subset:15551,CC1NC=NC1C#N,0.25
qm9_cn_subset:20452,c1cc(C2CN2)n[nH]1,0.2561
qm9_cn_subset:24172,c1ccn2cccc2c1,0.164
qm9_cn_subset:24275,c1cn2c(n1)CC1CC12,0.2459
qm9_cn_subset:17985,N#CC1CC2CCC12,0.3167
qm9_cn_subset:107914,CCC12CC3C(C)C1N32,0.3201
qm9_cn_subset:110604,CCC1C2C1C1(C)CN21,0.2897
qm9_cn_subset:9574,N#CC1CC1(N)C#N,0.2759
qm9_cn_subset:721,c1ccnnc1,0.1826
qm9_cn_subset:19215,N#CC1C(=N)N2CC12,0.2483
qm9_cn_subset:35132,N#CC1CC(N2CC2)C1,0.2796
qm9_cn_subset:74504,CC1=NC2(C#N)CC2N1,0.2475
qm9_cn_subset:20869,CCCc1c[nH]nn1,0.2512
qm9_cn_subset:118371,C#CC(CC#N)CCC,0.3061
qm9_cn_subset:106853,CNC12CNC1(C#N)C2,0.2341
qm9_cn_subset:79950,C#CC1C=CC2C(C)N12,0.2249
qm9_cn_subset:31882,C#Cc1ncc(CC)[nH]1,0.1986
qm9_cn_subset:17691,C1CN1C12CN(C1)C2,0.3094
qm9_cn_subset:75269,CC1=NCC2C(C#N)N12,0.2412
qm9_cn_subset:87807,CC1C2N1CC21NC1C,0.2883
qm9_cn_subset:58,N#CC(=N)N,0.2301
qm9_cn_subset:15099,N#CC#CCC1CC1,0.2455
qm9_cn_subset:20977,CN(C)c1cn[nH]n1,0.2067
qm9_cn_subset:32890,CCCc1cn(C)cn1,0.2481
qm9_cn_subset:39932,C1=CC=CC2(C=C1)CN2,0.1694
qm9_cn_subset:28762,Cc1ccc2n1C1CC21,0.213
qm9_cn_subset:29543,CC1=CCc2nccn21,0.203
qm9_cn_subset:79290,CC1C2CC3C1N3C2C,0.3215
qm9_cn_subset:5432,Cc1[nH]ccc1C#N,0.2231
qm9_cn_subset:34276,N#CC12CN=C3CC1N32,0.1933
qm9_cn_subset:30070,C#CCc1cncn1C,0.246
qm9_cn_subset:11092,N#CC1CC(C#N)N1,0.2621
qm9_cn_subset:19335,N#CC12NC1C1CC12,0.2372
qm9_cn_subset:1085,CC(C)(C)CC#N,0.3453
qm9_cn_subset:25712,CC#CCn1cccc1,0.2358
qm9_cn_subset:26364,Cc1cn(C(C)C)cn1,0.2487
qm9_cn_subset:21033,Cc1nc(N)n(C)n1,0.2515
qm9_cn_subset:126884,CCN=c1[nH]nnn1C,0.195
qm9_cn_subset:79209,CC1C2C3CC1(C#N)N32,0.263
qm9_cn_subset:3875,Nc1nccnn1,0.1667
qm9_cn_subset:34484,N#CC1=C2CN3C(C1)C23,0.1515
qm9_cn_subset:123537,c1cc2ncnn2nn1,0.1848
qm9_cn_subset:20921,CCn1nncc1N,0.2352
qm9_cn_subset:27440,N=c1ccncc(N)n1,0.1499
qm9_cn_subset:62616,CC1(C)C2C3CC1(C)N32,0.314
qm9_cn_subset:61472,C#CC(C)CC(C)C#N,0.2976
qm9_cn_subset:19543,N#CC12C3CC1C2N3,0.261
qm9_cn_subset:89658,CC1CC2(C#N)CC12C,0.2815
qm9_cn_subset:37218,C1CN=C2C(C1)C1CN21,0.2392
qm9_cn_subset:40990,C1CN2C3C1C21CCC31,0.3009
qm9_cn_subset:71522,CC12CC3N1CC32C#N,0.2701
qm9_cn_subset:34977,N#CC1C2CC3CN2C31,0.2702
qm9_cn_subset:17026,C#CC1C2CC1N2C,0.2614
qm9_cn_subset:1013,N#Cc1cnc[nH]1,0.2175
qm9_cn_subset:33618,C#CC12C3NC1C1C3N12,0.2453
qm9_cn_subset:125573,Cc1n[nH]c(=N)c(=N)[nH]1,0.1881
qm9_cn_subset:68224,CC12CC(C1)C1CN1C2,0.3
qm9_cn_subset:128126,CNc1[nH]nc(N)c1N,0.2397
qm9_cn_subset:103020,C#CC1(CC)C2CN1C2,0.2573
qm9_cn_subset:91976,CC1CC2NC2C1C#N,0.2936
qm9_cn_subset:129617,N#CCc1[nH]nnc1N,0.2139
qm9_cn_subset:79541,CC1C2C3CC3(C#N)C12,0.2958
qm9_cn_subset:27283,Nc1ccn2c1CCC2,0.2225
qm9_cn_subset:3307,N#CC1NC2CC12,0.2536
qm9_cn_subset:74853,CC1=CC2NC2C12CN2,0.2335
qm9_cn_subset:91541,CC1CN2CC12C1CN1,0.2985
qm9_cn_subset:16043,N#CC12CNC1C2N,0.2531
qm9_cn_subset:130029,C#CCn1ncnc1N,0.2387
qm9_cn_subset:125605,Cc1n[nH]c(C#N)c1N,0.1891
qm9_cn_subset:125645,Cc1n[nH]c2c1CCN2,0.2337
qm9_cn_subset:91036,CC1CC2C3NC3C12C,0.2979
qm9_cn_subset:17554,CC12CN1CC21CN1,0.2905
qm9_cn_subset:10937,C#CC1CC2(C)CN12,0.2711
qm9_cn_subset:26947,Cc1[nH]cnc1N1CC1,0.2377
qm9_cn_subset:32675,CCC1Cc2nccn21,0.2555
qm9_cn_subset:27244,Cc1[nH]cc2c1CCN2,0.2163
qm9_cn_subset:105082,CCC1(C2NC2C)CN1,0.3117
qm9_cn_subset:40692,C1CC1C1CN1C1CC1,0.3169
qm9_cn_subset:65413,C#CCC1NC1(C)C#N,0.277
qm9_cn_subset:2592,N#CC1(CN)CN1,0.2834
qm9_cn_subset:115415,CCC1CNC(C#N)C1,0.2711
qm9_cn_subset:82680,CC1N2CC3C2C31C#N,0.2606
qm9_cn_subset:73971,CC1=C2C(CC1)C1NC21,0.2323
qm9_cn_subset:40474,C1C2C3CC2(N2CC2)C13,0.3191
qm9_cn_subset:11285,CC1CCC(C#N)N1,0.2725
qm9_cn_subset:35695,N#CC1NCC12CCC2,0.2634
qm9_cn_subset:37198,C1CC23CCC12C1NC13,0.2869
qm9_cn_subset:3497,N#CC1C2CC1C2,0.3299
qm9_cn_subset:33871,N#CC12CC3CC3N1C2,0.2692
qm9_cn_subset:24184,c1ncn2cncc2n1,0.1579
qm9_cn_subset:2836,CCN1CC1C#N,0.2692
qm9_cn_subset:37645,C1C2C3C4C(C5C2N45)N13,0.2674
qm9_cn_subset:58149,CC(C#CC#N)N(C)C,0.1878
qm9_cn_subset:65406,C#CC1(C)CC1CC#N,0.2799
qm9_cn_subset:71521,C#CC12CN3C1CC32C,0.2725
qm9_cn_subset:80056,CC1C2C=CC3N2C13C,0.211
qm9_cn_subset:124581,CC(C)Cn1nccn1,0.256
qm9_cn_subset:53554,CC#CCC12CCC1N2,0.297
qm9_cn_subset:1737,CC1(CC#N)CN1,0.2946
qm9_cn_subset:88012,CN1CC12CCC21CC1,0.3039
qm9_cn_subset:21181,CNc1cnncn1,0.1779
qm9_cn_subset:125176,Cc1[nH]nc2c1CCN2,0.2193
qm9_cn_subset:89135,CC1CC2(C)C(C#N)N12,0.259
qm9_cn_subset:11513,N#CC(N)CC1CN1,0.275
qm9_cn_subset:99678,N#CC(CN)N1CCC1,0.2668
qm9_cn_subset:35275,C#CC1NC1CN1CC1,0.2652
qm9_cn_subset:26939,Cc1[nH]ccc1N1CC1,0.2381
qm9_cn_subset:32670,CCn1cncnc1=N,0.1775
qm9_cn_subset:31132,CCc1c(N)c[nH]c1N,0.2298
qm9_cn_subset:30704,CCC(C)n1cccc1,0.2495
qm9_cn_subset:125877,CC1CC1c1nc[nH]n1,0.2488
qm9_cn_subset:126590,CCCCc1cn[nH]n1,0.2567
qm9_cn_subset:37897,C1CC23CN4C2CC1C43,0.3022
qm9_cn_subset:80109,CN1C2C=CCC21C#N,0.2339
qm9_cn_subset:24873,N#Cc1cncc(=N)[nH]1,0.1378
qm9_cn_subset:62939,CC1(C)C2NC2C1(C)C,0.3096
qm9_cn_subset:15106,N#CCC#CC1CC1,0.2719
qm9_cn_subset:28655,N#Cc1ccc(N)nc1,0.1932
qm9_cn_subset:127430,C#Cc1cc(C)nn1C,0.2111
qm9_cn_subset:53563,CC#CCN1C(C)C1C,0.2715
qm9_cn_subset:109191,CNC1=NCC(C#N)N1,0.2404
qm9_cn_subset:128065,CNC(=N)n1nnnn1,0.1834
qm9_cn_subset:126548,CCCc1ncnn1C,0.2627
qm9_cn_subset:5384,CCc1ccccn1,0.2276
qm9_cn_subset:34745,N#CC1C2CCN3C1C23,0.2857
qm9_cn_subset:31830,CNc1cnc(N)nc1,0.1636
qm9_cn_subset:33689,C#CC12C3CN4C(C31)C42,0.2532
qm9_cn_subset:24088,C#CCNc1c[nH]cn1,0.2223
qm9_cn_subset:3842,N=c1nccn[nH]1,0.1473
qm9_cn_subset:126564,CCCc1n[nH]nc1C,0.2512
qm9_cn_subset:124866,CC1(n2ccnn2)CC1,0.2563
qm9_cn_subset:125303,CC1=CCc2cnnn21,0.2127
qm9_cn_subset:7517,C#CCC1(C)NC1C,0.2868
qm9_cn_subset:99896,CCC(N)(C#N)C1CC1,0.2914
qm9_cn_subset:3336,C1=CC2NC2CC1,0.2498
qm9_cn_subset:124841,CC1(C)Cc2ccnn21,0.2687
qm9_cn_subset:35071,C#CC1N=C2CC3C1N23,0.1919
qm9_cn_subset:2368,CC(C)N1CC1C,0.3051
qm9_cn_subset:69613,C#CC12CC1C1(C)CN12,0.2426
qm9_cn_subset:52775,CC#CC1(C)C2CCN21,0.2626
qm9_cn_subset:20288,C12C3C4C3N3C1C2C43,0.2984
qm9_cn_subset:34736,N#CC1C2=NCC3C1N23,0.1898
qm9_cn_subset:32680,CCC1Cn2ccnc21,0.2559
qm9_cn_subset:80506,CC1NC2C(N)C12C#N,0.2477
qm9_cn_subset:127796,C#CCc1cnnn1C,0.2526
qm9_cn_subset:11223,CC1=CC(C#N)NC1,0.2381
qm9_cn_subset:14492,CC1(C#N)C2CC1C2,0.3282
qm9_cn_subset:80066,CN1C2C=CC3CC2C31,0.2147
qm9_cn_subset:95735,CC1C=C(C#N)CCC1,0.2234
qm9_cn_subset:109051,CCC1=CC2NC2CC1,0.2371
qm9_cn_subset:24494,c1cc2cc[nH]c2cn1,0.1964
qm9_cn_subset:127116,CN(C)c1ncnnn1,0.1663
qm9_cn_subset:90182,CC1CC23CC4C2C1N43,0.3131
qm9_cn_subset:34743,C#CC1C2CCC3C2N13,0.2566
qm9_cn_subset:129687,Nc1cn[nH]c1C1CN1,0.2186
qm9_cn_subset:97801,CCC#CC1NC1CC,0.2766
qm9_cn_subset:125514,Cc1nnn(CC#N)n1,0.2546
qm9_cn_subset:9783,CC(C#N)C1(C)CN1,0.2789
qm9_cn_subset:127725,Cc1nnn(C)c(=N)n1,0.1633
qm9_cn_subset:128996,c1cnc2[nH]ncc2c1,0.1945
qm9_cn_subset:126946,CCNc1ncn(C)n1,0.2194
qm9_cn_subset:37767,C1=CC2C3C1C1CN2C13,0.2013
qm9_cn_subset:58296,CC(C)C(C)CN1CC1,0.315
qm9_cn_subset:126908,CCNc1cn[nH]c1N,0.2394
qm9_cn_subset:109813,CCC1C(C)N1CC#N,0.2682
qm9_cn_subset:52886,CC#CC1(C#N)CC1C,0.2647
qm9_cn_subset:29626,Cc1ncnc(=N)n1C,0.179
qm9_cn_subset:57682,C#CCCC(C)(C)C#N,0.3039
qm9_cn_subset:36692,N#CCCC1CC2CC12,0.3042
qm9_cn_subset:38554,C1=CC23NC2CN2C1C23,0.2047
qm9_cn_subset:62181,C#CC(C)CNCC#N,0.2714
qm9_cn_subset:20355,c1nn[nH]c1C1CC1,0.2442
qm9_cn_subset:124120,CC#Cc1nn[nH]c1N,0.2155
qm9_cn_subset:31953,CCc1ccc(NC)[nH]1,0.2285
qm9_cn_subset:24181,c1cn2cncnc2n1,0.1745
qm9_cn_subset:4341,Cc1cccc(N)c1,0.2074
qm9_cn_subset:941,Nc1cccnc1,0.1987
qm9_cn_subset:35222,N#CC1CC12C=CCC2,0.2414
qm9_cn_subset:29280,Nc1c[nH]c(C2CC2)c1,0.2175
qm9_cn_subset:94216,CC1CCC1(C)CC#N,0.3288
qm9_cn_subset:36069,N#CCC12C3C4C(C31)N42,0.2531
qm9_cn_subset:25130,C#Cc1nc[nH]c(=N)n1,0.1617
qm9_cn_subset:35518,N#CC1CC2CCN1C2,0.2667
qm9_cn_subset:38156,C1=CC=CC2NC2C=C1,0.1647
qm9_cn_subset:126245,CCc1nn[nH]c1NC,0.2248
qm9_cn_subset:8693,N#CC(N)(CN)CN,0.2751
qm9_cn_subset:77957,C#CC1C2C(C)N1C2C,0.2564
qm9_cn_subset:125216,Cc1cc(=N)[nH]nc1C,0.1596
qm9_cn_subset:5388,CCc1ncncn1,0.2187
qm9_cn_subset:79305,C#CC12C3CC1N2C3C,0.2592
qm9_cn_subset:19894,N#CC1C2C3NC3C12,0.2553
qm9_cn_subset:124508,CC(C)c1ccnn1C,0.2558
qm9_cn_subset:16034,CC1C2NCC12C#N,0.2525
qm9_cn_subset:7062,CN(CC#N)CC#N,0.2529
qm9_cn_subset:36813,C#CCCCNCC#N,0.2709
qm9_cn_subset:3730,CCn1cccn1,0.2626
qm9_cn_subset:125362,Cc1c[nH]c2cn[nH]c12,0.2125
qm9_cn_subset:29381,N#CCc1cc(N)c[nH]1,0.2123
qm9_cn_subset:123591,C1C2CN1c1nn[nH]c12,0.2268
qm9_cn_subset:21365,c1cn2cnnc2[nH]1,0.2196
qm9_cn_subset:56698,C#CC(C)C1(C#N)CN1,0.2844
qm9_cn_subset:17673,CC1CC1(C)N1CC1,0.309
qm9_cn_subset:79163,CC1=C2CC3C2N3C1C,0.1612
qm9_cn_subset:31339,CNc1ncn2c1CC2,0.2154
qm9_cn_subset:24156,c1nc(CN2CC2)c[nH]1,0.2521
qm9_cn_subset:56368,CC(C#N)(C#N)C1CN1,0.2575
qm9_cn_subset:28981,N#Cc1ncncc1N,0.168
qm9_cn_subset:72045,C#CC12C3CN1C2(C)C3,0.2538
qm9_cn_subset:127902,CN=c1nn[nH]c(=N)[nH]1,0.1691
qm9_cn_subset:77636,C#CC12CCC1(C)N2C,0.2679
qm9_cn_subset:17654,CC1(N2CC2)CCC1,0.3077
qm9_cn_subset:32970,CCCc1cccn1C,0.2388
qm9_cn_subset:4363,Nc1cc(N)ncn1,0.2255
qm9_cn_subset:82568,CC1C2N1CC21CCC1,0.3016
qm9_cn_subset:127689,Cn1nnc(=N)cc1N,0.1577
qm9_cn_subset:102994,CCC1(C#N)C(C)N1C,0.2696
qm9_cn_subset:71115,CC12C=CC3C(C1)N3C2,0.2378
qm9_cn_subset:39007,C1=NC23CC2CN=C3N1,0.2087
qm9_cn_subset:34724,C#CC1C2CC3C(C2)N13,0.2867
qm9_cn_subset:129926,Nc1c[nH]nc1C1CC1,0.2232
qm9_cn_subset:127686,Cc1nn(C)nnc1=N,0.1732
qm9_cn_subset:36827,C(#CC1CC1)CN1CC1,0.2709
qm9_cn_subset:53197,CC#CC1C=CC2NC12,0.2366
qm9_cn_subset:124594,CC(C)n1cnc(N)n1,0.2308
qm9_cn_subset:66740,CC12C3=CCC1N1C3C12,0.1615
qm9_cn_subset:79046,CN1C2C3C4CCC31C42,0.2939
qm9_cn_subset:872,Nc1ccc(N)[nH]1,0.2327
qm9_cn_subset:125999,Cc1nnn2c1C(C)C2,0.2501
qm9_cn_subset:74600,CC1=CC2C3C4C1N2C34,0.2247
qm9_cn_subset:33822,N#CC12CCC1(C#N)N2,0.2632
qm9_cn_subset:20584,Cc1[nH]ncc1C#N,0.2394
qm9_cn_subset:19689,CCC1C2CC3C1N23,0.3118
qm9_cn_subset:126389,CCc1nc(C)n(C)n1,0.2563
qm9_cn_subset:126588,CCCCc1cc[nH]n1,0.2665
qm9_cn_subset:33987,N#CC12NC1CC21CN1,0.2527
qm9_cn_subset:76584,CC1C(C#CC#N)N1C,0.1968
qm9_cn_subset:90102,CN1CC23CC(C12)N3C,0.2752
qm9_cn_subset:23940,C#CC#Cc1cc[nH]c1,0.185
qm9_cn_subset:5744,CC1Cc2cccn21,0.2493
qm9_cn_subset:24640,c1ccc(C2CC2)nc1,0.2215
qm9_cn_subset:28930,Cc1cncn1C1CC1,0.2437
qm9_cn_subset:38519,C1=C2CN3CC(CC1)C23,0.2288
qm9_cn_subset:109019,CCC1=CC2NC2(C)C1,0.2397
qm9_cn_subset:79477,C#CC12C(C)C3C1CN32,0.254
qm9_cn_subset:28653,N#Cc1ncc(N)cn1,0.1886
qm9_cn_subset:126019,CC1CNc2n[nH]nc21,0.2084
qm9_cn_subset:70383,CC1(C#N)NC2CC21C,0.2515
qm9_cn_subset:91953,CC1CN2CC2C12CN2,0.2889
qm9_cn_subset:32572,CCn1c(C)ccc1N,0.2281
qm9_cn_subset:16038,CC1N2CCC12C#N,0.2529
qm9_cn_subset:26473,CC1(c2cnc[nH]2)CC1,0.2479
qm9_cn_subset:34183,N#CC12CN3C4C3C1C42,0.2719
qm9_cn_subset:37867,C1=CC23CC4C2CC1N43,0.2318
qm9_cn_subset:28844,N=c1cnc(N)ncn1,0.1725
qm9_cn_subset:62296,C#CC1(C)C2C3CC2N31,0.2647
qm9_cn_subset:83427,CC1N2CCC12C1CN1,0.2877
qm9_cn_subset:36876,C1C2CC1C2CN1CC1,0.3197
qm9_cn_subset:126928,CCNc1cnnn1C,0.2303
qm9_cn_subset:126557,CCCc1n[nH]c(C)n1,0.2613
qm9_cn_subset:78185,C#CC1C(C)C2C(C)N12,0.257
qm9_cn_subset:56492,C#CC(N)C(C#C)C#N,0.2704
qm9_cn_subset:124950,Cc1[nH]ncc1N1CC1,0.2452
qm9_cn_subset:33809,C#CC12CCC1(C#N)C2,0.2426
qm9_cn_subset:30583,CCC#Cc1c[nH]cn1,0.2191
qm9_cn_subset:8611,N#CC(N)(C#N)C#N,0.2645
qm9_cn_subset:49352,N#CC1C(C#N)N1C=N,0.2492
qm9_cn_subset:117502,CC#CC(C#N)NCC,0.2615
qm9_cn_subset:34184,N#CC12NC3C4C3C1C42,0.2639
qm9_cn_subset:125290,CC1=Cc2n[nH]cc2C1,0.2046
qm9_cn_subset:129001,c1nc2cn[nH]nc-2n1,0.1781
qm9_cn_subset:78895,CC1C2CC3C2C2C1N32,0.2957
qm9_cn_subset:24383,C1=NCc2nc[nH]c2N1,0.2024
qm9_cn_subset:88235,CN1CC1C#CC1CC1,0.2552
qm9_cn_subset:115983,CNC1CCC=C1C#N,0.1899
qm9_cn_subset:32994,CCNc1cccnc1,0.1911
qm9_cn_subset:34961,N#CC1C2CC3CC1C32,0.3059
qm9_cn_subset:78767,CC1C2N3C1(C)CC23C,0.3184
qm9_cn_subset:126371,CCc1nc(N)nn1C,0.2267
qm9_cn_subset:69865,CC12CC1N1CC12C#N,0.2397
qm9_cn_subset:19644,CCC12C3C4C1N4C32,0.2777
qm9_cn_subset:19457,N#CC1C2CCC1C2,0.3307
qm9_cn_subset:102388,CNC(C#N)(CN)CN,0.2699
qm9_cn_subset:127475,Cc1c(N)c(N)nn1C,0.2182
qm9_cn_subset:129902,Nc1cnc2[nH]cnn12,0.2094
qm9_cn_subset:36805,N#CCNCCC1CC1,0.2699
qm9_cn_subset:64848,C#CC1CC(C)(C#N)N1,0.2628
qm9_cn_subset:34380,C#CC12C=CCN1CC2,0.2317
qm9_cn_subset:24297,c1ncn2c1C1CC1C2,0.2393
qm9_cn_subset:17331,CC12CN1CC1NC12,0.2922
qm9_cn_subset:125295,Cc1ccnn1CC#N,0.2471
qm9_cn_subset:40017,C1=CC2(CN2)CC2CC12,0.229
qm9_cn_subset:52983,CC#CC12CC=CC1N2,0.2263
qm9_cn_subset:57229,C#CC#CC(C)(N)C#N,0.2257
qm9_cn_subset:126390,CCc1cc(N)n(C)n1,0.2434
qm9_cn_subset:74002,CC1=C2CN3CC(C1)C23,0.2021
qm9_cn_subset:35879,C#CC1CCNC1C#N,0.2665
qm9_cn_subset:70234,C#CC1=CC2(C)NC2C1,0.2009
qm9_cn_subset:105920,CCC12C3C4CC1N4C32,0.2956
qm9_cn_subset:33343,N#CC#CC1CC2CN12,0.2052
qm9_cn_subset:32731,CCCc1[nH]ccc1N,0.2218
qm9_cn_subset:28929,Cc1cccn1C1CC1,0.2348
qm9_cn_subset:32788,CCCc1cc[nH]c1N,0.2458
qm9_cn_subset:92786,CC1CC=C(CC#N)C1,0.2543
qm9_cn_subset:87302,CC1NC1(C#N)CC#N,0.2847
qm9_cn_subset:20306,C#Cc1cncnn1,0.1614
qm9_cn_subset:127161,CN(C=N)c1c[nH]nn1,0.2014
qm9_cn_subset:33441,N#CC1(C#N)C2CN1C2,0.2356
qm9_cn_subset:21085,C#Cc1ncnn1C,0.2157
qm9_cn_subset:67785,CC12C=CC3C4C1N4C32,0.243
qm9_cn_subset:88353,C#CC(C#C)C1NC1C,0.2861
qm9_cn_subset:122,CCCC#N,0.355
qm9_cn_subset:18393,C1=CC2NC2CCC1,0.2506
qm9_cn_subset:71732,CC12CN3C4C3C1(C)C42,0.296
qm9_cn_subset:123889,c1cnc(N2CC2)nn1,0.165
qm9_cn_subset:17141,C#CC12CC3C1CN32,0.2553
qm9_cn_subset:24004,N#Cc1cnc2n1CC2,0.2152
qm9_cn_subset:66832,CC12C3CC4C1C2(C)N43,0.3044
qm9_cn_subset:64707,C#CCC1(C)CC2NC21,0.2827
qm9_cn_subset:129776,Nc1[nH]nc2c1CCN2,0.228
qm9_cn_subset:99416,CCC(C#N)(C#N)C#N,0.3235
qm9_cn_subset:126500,CCC1Cn2ncnc21,0.2728
qm9_cn_subset:17757,CC12C3C4C3C1(C)N42,0.2825
qm9_cn_subset:104742,C#CC1NC1(CC)CC,0.2764
qm9_cn_subset:101053,C#CC1(C(C)CC)CN1,0.2856
qm9_cn_subset:73802,CC1=C(C)C(C#N)NC1,0.2405
qm9_cn_subset:34237,N#CC12CC3CC1NC32,0.2747
qm9_cn_subset:81603,CC1C2CC1N2CC#N,0.2675
qm9_cn_subset:65940,CC1(C#N)NCC12CN2,0.2637
qm9_cn_subset:127835,CN=C(N)n1nnnn1,0.1983
qm9_cn_subset:65135,CC1(C2C3CCN32)CN1,0.2956
qm9_cn_subset:78784,CN1C2C3C2C(C)(C)C31,0.2798
qm9_cn_subset:128222,CNc1cnc(N)nn1,0.1464
qm9_cn_subset:33729,C#CC12CC(C1)N1CC12,0.2726
qm9_cn_subset:33934,C#CC12CC1CC1NC12,0.2794
qm9_cn_subset:97013,CN=C1CN=C(C#N)N1,0.1817
qm9_cn_subset:3251,C1NC12CC1NC12,0.3049
qm9_cn_subset:18183,C#CC1C=CC2NC12,0.2401
qm9_cn_subset:94906,C#CC1C2CCC(C)N12,0.2565
qm9_cn_subset:129016,c1cc2n[nH]nnc-2n1,0.1543
qm9_cn_subset:17531,CC1C2N1CC21CN1,0.2928
qm9_cn_subset:3378,N#CC1C2CCC12,0.3186
qm9_cn_subset:78396,CN1C2C1C1C2C1(C)C,0.264
qm9_cn_subset:34803,N#CC1C2CC1C1CC21,0.3057
qm9_cn_subset:69082,CC12CCCC1(C#N)C2,0.304
qm9_cn_subset:21066,Cc1cnn(C)c1C,0.2472
qm9_cn_subset:72604,CC12CCC1(C)N1CC12,0.3117
qm9_cn_subset:11645,N#CC12CC(N1)C2N,0.2548
qm9_cn_subset:33280,C#CC1(C#CC#N)CC1,0.214
qm9_cn_subset:127955,CN=c1nc(N)nn[nH]1,0.1548
qm9_cn_subset:128988,c1ncc2n[nH]nc2n1,0.1775
qm9_cn_subset:36283,N#CCC1C2C=CC1C2,0.2414
qm9_cn_subset:35301,C#CC1CC2(C#C)CN12,0.2426
qm9_cn_subset:34551,N#CC1=CC2CN3C1C23,0.1981
qm9_cn_subset:88774,CC1CN1C1CC=CC1,0.2521
qm9_cn_subset:3741,Cn1cc(N)nn1,0.2155
qm9_cn_subset:125927,Cc1nc2n(n1)C(C)C2,0.2657
qm9_cn_subset:109622,CNC1C(C)C1(N)C#N,0.2638
qm9_cn_subset:126432,C#Cc1c[nH]nc1CC,0.2261
qm9_cn_subset:35122,N#CC1C=CCNC=N1,0.217
qm9_cn_subset:18376,C1=CC2NC2C=CC1,0.2303
qm9_cn_subset:20052,C1=CCC(N2CC2)C1,0.2606
qm9_cn_subset:32118,CNc1cncc(N)n1,0.1776
qm9_cn_subset:79655,C#CC12C3CC3N1C2C,0.23
qm9_cn_subset:36693,N#CCCC1CC2CN12,0.2834
qm9_cn_subset:16490,CC1C2CC3N2C13C,0.3228
qm9_cn_subset:20343,C1=Cc2ccnn2C1,0.1901
qm9_cn_subset:129211,N=c1nccn[nH]c1=N,0.159
qm9_cn_subset:32103,CCc1ncnc(C)n1,0.2188
qm9_cn_subset:3843,N=c1cncn[nH]1,0.1563
qm9_cn_subset:88013,CN1CC12CCC21CN1,0.3038
qm9_cn_subset:52594,C#CC(C)(C#N)C#CC,0.2808
qm9_cn_subset:38497,C1C2N1CC13CCC21N3,0.2931
qm9_cn_subset:27593,N#Cc1ccnc(N)n1,0.1734
qm9_cn_subset:2612,C#CCCCC#N,0.2953
qm9_cn_subset:118843,CCCC1(C)CN1CC,0.3025
qm9_cn_subset:123613,c1n[nH]c2c1C1CN1C2,0.2349
qm9_cn_subset:75309,CC1=CCC2CC12C#N,0.2463
qm9_cn_subset:12127,CC12NC1C1(C)NC21,0.2726
qm9_cn_subset:127701,Cn1nnc(C2CN2)n1,0.2173
qm9_cn_subset:129559,N#CC(N)c1cn[nH]c1,0.2511
qm9_cn_subset:34523,N#CC1=CC2CN(C1)C2,0.1861
qm9_cn_subset:37612,C1C2C3C4C5C(C1N35)N24,0.2613
qm9_cn_subset:58818,CC(C)C12CC1N1CC12,0.2866
qm9_cn_subset:20607,C#Cc1nn[nH]c1C,0.2256
qm9_cn_subset:50601,N#CC1=NCCN1C=N,0.184
qm9_cn_subset:129842,N=CNc1cc(N)[nH]n1,0.2151
qm9_cn_subset:125168,Cc1cnn2c1CC=C2,0.2001
qm9_cn_subset:125448,Cc1nc(N=CN)n[nH]1,0.2109
qm9_cn_subset:97899,CCC#CCC(C)C#N,0.2856
qm9_cn_subset:23936,N#CC#Cc1cnc[nH]1,0.177
qm9_cn_subset:26512,CC1(n2ccnc2)CC1,0.2518
qm9_cn_subset:57079,CC(C#N)C1C=CCC1,0.2641
qm9_cn_subset:15120,N#CCNCC1CC1,0.2677
qm9_cn_subset:65488,N#CC1(N)CC2(CN2)C1,0.277
qm9_cn_subset:82341,CC1C(C#N)CC2NC21,0.2915
qm9_cn_subset:125675,Cc1n[nH]cc1N1CC1,0.2315
qm9_cn_subset:36755,C#CC#CCCCC#N,0.2293
qm9_cn_subset:64620,N#CC1(N)C=CC2CC21,0.2401
qm9_cn_subset:88894,C#CC#CCN1CC1C,0.2089
qm9_cn_subset:45766,N#CCC1N=CNC1=N,0.2263
qm9_cn_subset:34513,C#CC1=CC2C3CN2C13,0.1772
qm9_cn_subset:25688,CC#Cc1c[nH]c(C)n1,0.2154
qm9_cn_subset:25698,CC#Cc1c[nH]cc1N,0.2049
qm9_cn_subset:30204,CC1Cc2c[nH]cc2C1,0.2427
qm9_cn_subset:33609,N#CC12C3C4CC(C31)N42,0.2507
qm9_cn_subset:124602,Cc1ccnn1C(C)C,0.2551
qm9_cn_subset:79405,CC1N2C3CC2(C)C13C,0.3104
qm9_cn_subset:20996,Cc1cn(C)nc1N,0.2299
qm9_cn_subset:86477,C#CC1(C#N)CN(C)C1,0.246
qm9_cn_subset:38122,C1=CC2NC23CCC1C3,0.2302
qm9_cn_subset:737,Cc1nc[nH]n1,0.27
qm9_cn_subset:121801,CCCCC(C)(N)C#N,0.301
qm9_cn_subset:118794,CCCC1(C)CC1C#N,0.3105
qm9_cn_subset:125581,Cc1n[nH]c(=N)cc1N,0.1596
qm9_cn_subset:29800,Cc1cc(C#N)n(C)c1,0.2041
qm9_cn_subset:71158,CC12CN3C1C3C21CC1,0.3066
qm9_cn_subset:65805,CC1(CCC#N)CCC1,0.3357
qm9_cn_subset:10544,CNCC1(C#N)CN1,0.2636
qm9_cn_subset:36029,N#CCC1(CC#N)CN1,0.285
qm9_cn_subset:108023,CCC12CN3C4C3C1C42,0.2966
qm9_cn_subset:13296,N#CCC1=CCCC1,0.2557
qm9_cn_subset:29271,Cc1c[nH]c(N2CC2)n1,0.2446
qm9_cn_subset:88700,CC1CC1N1CC1C#N,0.2677
qm9_cn_subset:56816,CC(C#N)N1C(C)C1C,0.2711
qm9_cn_subset:119048,CCCC1(CC)CN1C,0.3044
qm9_cn_subset:114288,CCC1CC2C(C#N)N12,0.2612
qm9_cn_subset:78967,CC1C2CC3C1C1C2N31,0.3131
qm9_cn_subset:33501,C#CC1(CN2CC2)CN1,0.268
qm9_cn_subset:127448,Cn1nc(C#N)cc1N,0.2133
qm9_cn_subset:30000,Cn1ccc2nc[nH]c21,0.2208
qm9_cn_subset:41069,C1CC23C4C5C4N(C12)C53,0.2786
qm9_cn_subset:75470,CC1=CCCC1N1CC1,0.2565
qm9_cn_subset:34249,C#CC12CC3CCC1N32,0.255
qm9_cn_subset:6912,CC1(C)NC1CC#N,0.2963
qm9_cn_subset:12124,CC12CC1C1(C)NC21,0.2838
qm9_cn_subset:103021,CCC1(C#N)C2CC1C2,0.3263
qm9_cn_subset:27685,Cc1cc(C)c(C#N)[nH]1,0.2032
qm9_cn_subset:10740,CC(C)(C#N)N1CC1,0.2835
qm9_cn_subset:27532,Cc1nc(C2CN2)c[nH]1,0.2319
qm9_cn_subset:56352,N#CC(N)=NCC1CC1,0.2166
qm9_cn_subset:20262,C1C2C3CN4C2C4C13,0.3375
qm9_cn_subset:24276,c1cc2n(c1)C1CC1N2,0.2256
qm9_cn_subset:61474,C#CC(C)CC(N)C#N,0.294
qm9_cn_subset:127958,CN=c1[nH]nncc1N,0.1653
qm9_cn_subset:32433,CNc1c[nH]c(N)c1C,0.2287
qm9_cn_subset:123992,c1ncc(C2CN2)nn1,0.1662
qm9_cn_subset:70865,CC12CC3(C)N1C3(C)C2,0.3249
qm9_cn_subset:74766,CC1=CC2NC1C2C#N,0.212
qm9_cn_subset:15104,C#CCC#CC1CN1,0.265
qm9_cn_subset:126634,CCCn1nncc1C,0.2503
qm9_cn_subset:32647,C#Cc1cccn1CC,0.1996
qm9_cn_subset:17699,CC12C3C4CN(C41)C32,0.2973
qm9_cn_subset:69405,CC12C=CC(C#N)C1C2,0.2459
qm9_cn_subset:14905,N#CC1C=CCCC1,0.264
qm9_cn_subset:5135,C#CCc1cnc[nH]1,0.2498
qm9_cn_subset:126333,CCc1c[nH]nc1NC,0.227
qm9_cn_subset:130202,C#CCc1c[nH]nc1N,0.2297
qm9_cn_subset:33685,C#CC12C3CC4C(C31)N42,0.2503
qm9_cn_subset:27417,Cc1cnccc(=N)n1,0.152
qm9_cn_subset:21578,N=c1[nH]nccc1N,0.1675
qm9_cn_subset:124436,CC(C#N)n1nnnn1,0.2668
qm9_cn_subset:126365,CCc1nc(C)nn1C,0.2576
qm9_cn_subset:125908,CC1Cc2nn[nH]c2N1,0.2174
qm9_cn_subset:21392,c1nc2[nH]ncn2n1,0.2329
qm9_cn_subset:68718,C#CC12NC1(C)C1CC12,0.2737
qm9_cn_subset:34546,C#CC1=CC2CN3C1C23,0.1946
qm9_cn_subset:39130,C1CC2(C1)CCN1CC12,0.3053
qm9_cn_subset:66810,CC12C3C4C5C4N(C51)C32,0.2974
qm9_cn_subset:123282,C#CC#Cc1cc[nH]n1,0.1896
qm9_cn_subset:53097,CC#CC1N(C)C1(C)C,0.2546
qm9_cn_subset:33674,N#CC12C3CCC1N2C3,0.2553
qm9_cn_subset:27572,Cc1cccc(C#N)n1,0.2085
qm9_cn_subset:40371,C1CC1C12CN1C1CC12,0.2913
qm9_cn_subset:34606,N#CC1=CCN2CC2C1,0.2003
qm9_cn_subset:28306,Cc1cn2c(n1)C=CC2,0.1757
qm9_cn_subset:62975,CC1(C)C(C#N)C2NC21,0.2775
qm9_cn_subset:3642,C#Cc1nc[nH]n1,0.2292
qm9_cn_subset:66942,CC12C3CC(N31)C21CN1,0.2951
qm9_cn_subset:36218,N#CCC1=NC2CC2N1,0.2272
qm9_cn_subset:2693,CCCCCC#N,0.3523
qm9_cn_subset:1704,N#CC1(N)CCC1,0.2934
qm9_cn_subset:52620,CC#CC(C)(C)CC#N,0.2831
qm9_cn_subset:83665,CC1C(C#N)N2CCC12,0.2394
qm9_cn_subset:89698,CN1CC2(C#N)CC1C2,0.2484
qm9_cn_subset:124913,CC12CC1n1nncc12,0.2357
qm9_cn_subset:35466,N#CC1NC2C=CC1C2,0.2446
qm9_cn_subset:40799,C1=CCC(N2CC2)CC1,0.262
qm9_cn_subset:102503,CCC(CC)C(C)C#N,0.3441
qm9_cn_subset:35085,N#CC1C=CC2CN1C2,0.2221
qm9_cn_subset:21454,N=CNc1cc[nH]n1,0.2207
qm9_cn_subset:66183,CC1(N2CC2)C=CCC1,0.2422
qm9_cn_subset:9133,CCC#CC(C)C#N,0.2867
qm9_cn_subset:75658,CC1C(=N)N2CC12C#N,0.2477
qm9_cn_subset:78424,CN1C2C3C4CC3C4C21,0.3084
qm9_cn_subset:35041,C#CC1C2C=CCCN12,0.2254
qm9_cn_subset:5506,C#Cc1cccn1C,0.1994
qm9_cn_subset:23968,C#Cc1c[nH]c(C#C)c1,0.1972
qm9_cn_subset:30254,Cc1ncn2c1C(C)C2,0.2495
qm9_cn_subset:62304,N#CC1(N)C2C3CN2C31,0.2724
qm9_cn_subset:88872,CN1CC1C1CCCC1,0.2957
qm9_cn_subset:10039,CCC(C#N)CC#N,0.3421
qm9_cn_subset:36011,C#CCC(C#N)N1CC1,0.2745
qm9_cn_subset:125187,Cc1[nH]cc2[nH]nnc12,0.175
qm9_cn_subset:34451,C#CC12CCC3CC1N32,0.2704
qm9_cn_subset:52465,CC#CC#CC#CC#N,0.1628
qm9_cn_subset:88882,CC1CC1N=C(N)C#N,0.1997
qm9_cn_subset:37146,C1C2C3C4C5CC4(C12)N53,0.3044
qm9_cn_subset:30004,Cn1cnc2cc[nH]c21,0.2207
qm9_cn_subset:58369,CC(N)C(C#N)CC#N,0.2832
qm9_cn_subset:38560,C1=CC23CC4CN2C1C43,0.2178
qm9_cn_subset:34588,N#CC1=CCC2(CC2)C1,0.2189
qm9_cn_subset:71054,CC12CN=C3NC1(C)C32,0.1733
qm9_cn_subset:34171,N#CC12NC3C4C(C31)C42,0.253
qm9_cn_subset:69777,CC12CC1N1CC1(C)C2,0.3026
qm9_cn_subset:15206,C#CC1C(C#N)N1C,0.2472
qm9_cn_subset:68198,CC12CC(C#N)N(C1)C2,0.2686
qm9_cn_subset:17006,C1CC23CCC2(C1)N3,0.3027
qm9_cn_subset:34438,N#CC12CCN3C1CC32,0.2721
qm9_cn_subset:20889,CCCn1nnnn1,0.2731
qm9_cn_subset:129199,N=c1cn[nH]c(=N)cn1,0.1606
qm9_cn_subset:92820,CC1CN=C2CN=CN21,0.2097
qm9_cn_subset:86883,CC1CC(C#N)NC1C,0.2712
qm9_cn_subset:90312,CC1CC2=NCC(=N)N21,0.2208
qm9_cn_subset:126300,CCc1cc(CC)[nH]n1,0.257
qm9_cn_subset:127115,CN(C)c1ncnn1C,0.2399
qm9_cn_subset:35629,C#CC1CC=CC2CN12,0.232
qm9_cn_subset:62814,CC1(N)C2CC1(C#N)N2,0.2656
qm9_cn_subset:40636,C1=CC2C(C3CN3)N2C1,0.2232
qm9_cn_subset:87564,CC1CC12C(C)C1NC12,0.3046
qm9_cn_subset:15922,N#CC12CCC1CN2,0.2527
qm9_cn_subset:127880,CN=c1ncnnn1C,0.15
qm9_cn_subset:128130,CNc1c(N)cnn1C,0.2144
qm9_cn_subset:35440,C#CC12CN1CC2C#N,0.2522
qm9_cn_subset:113318,CCC1NC1(C#N)CN,0.2691
qm9_cn_subset:83018,CN1C2CC=C(C#N)C21,0.1914
qm9_cn_subset:33777,N#CC12C=CCC(C1)N2,0.2268
qm9_cn_subset:3744,Cc1ccn(C)n1,0.2589
qm9_cn_subset:34069,C#CC12CC3C(C1)N3C2,0.2873
qm9_cn_subset:343,CN=C(N)C#N,0.2223
qm9_cn_subset:56986,N#CC(N)C1CC2NC21,0.2663
qm9_cn_subset:27431,N=c1cncnc(N)c1,0.1361
qm9_cn_subset:63914,CC1(C)CC2CC3C1N23,0.3117
qm9_cn_subset:36962,C(CC1CC1)CN1CC1,0.3209
qm9_cn_subset:126749,CCn1cnc(NC)n1,0.2201
qm9_cn_subset:56491,C#CC(C#N)C(C)C#N,0.2935
qm9_cn_subset:31835,CNc1ncc(C)cn1,0.1843
qm9_cn_subset:34001,N#CC12CC=CCC1N2,0.2623
qm9_cn_subset:125956,CC1CCc2n[nH]cc21,0.2505
qm9_cn_subset:36026,C#CCC1(CC#N)CN1,0.2844
qm9_cn_subset:124558,CC(C)Cc1ccn[nH]1,0.2558
qm9_cn_subset:40843,C1=NCC(=NC2CC2)N1,0.2123
qm9_cn_subset:2835,C#CC1CN1CC,0.2634
qm9_cn_subset:96775,CN=C1N2CC2C12CN2,0.241
qm9_cn_subset:105133,CNC1(C#N)CC1C#N,0.2357
qm9_cn_subset:33316,N#CC#CC1C2CC1C2,0.2357
qm9_cn_subset:3685,Cc1nc(N)n[nH]1,0.2339
qm9_cn_subset:3781,CNc1cnn[nH]1,0.2295
qm9_cn_subset:10639,CNC1(C#N)CC1C,0.2658
qm9_cn_subset:123652,c1n[nH]c2c1C1CC1N2,0.228
qm9_cn_subset:29835,C#Cc1cc(N)n(C)c1,0.2085
qm9_cn_subset:56348,N#CC(N)=NC1CCC1,0.2159
qm9_cn_subset:21703,NC=[NH+]c1cnn[n-]1,0.1356
qm9_cn_subset:123666,C1C2Nc3n[nH]nc3C12,0.2075
qm9_cn_subset:1017,C#Cc1cc[nH]c1,0.2222
qm9_cn_subset:35616,N#CC1NC=NC12CC2,0.2329
qm9_cn_subset:102330,CCC(C#N)(C#N)CN,0.2598
qm9_cn_subset:73912,C#CC1=C(C)C2NC2C1,0.1986
qm9_cn_subset:128980,c1nc2cc[nH]nc-2n1,0.1726
qm9_cn_subset:20286,C12C3C4C1C1C4N1C23,0.3079
qm9_cn_subset:7514,CC1CC1(C)CC#N,0.3152
qm9_cn_subset:61921,CC(NCC#N)C1CN1,0.2695
qm9_cn_subset:125046,Cc1c(N)[nH]nnc1=N,0.1614
qm9_cn_subset:62189,CC(C#N)NCCC#N,0.2776
qm9_cn_subset:75270,N#CC1C2CN=C(N)N12,0.2351
qm9_cn_subset:58047,CC(C)C(C#N)C1CN1,0.2808
qm9_cn_subset:35304,C#CC1CC2(C#N)NC12,0.2558
qm9_cn_subset:9649,CNC1CC1(N)C#N,0.2656
qm9_cn_subset:75850,C#CC1=NCC(=N)N1C,0.1826
qm9_cn_subset:21395,c1cn2nn[nH]c2n1,0.1968
qm9_cn_subset:4348,Cc1cncc(N)c1,0.1968
qm9_cn_subset:9047,CC(C#N)CCC#N,0.3361
qm9_cn_subset:88756,CC1NC1C1CC2CN21,0.3013
qm9_cn_subset:120070,CCCN1C2C3NC2C31,0.2834
qm9_cn_subset:125164,Cc1cnn2c1C=CC2,0.1846
qm9_cn_subset:33260,CCCCn1cccc1,0.2466
qm9_cn_subset:56924,C#CC(C)C1NC1C#N,0.2821
qm9_cn_subset:32082,CCc1cccc(C)n1,0.2239
qm9_cn_subset:10682,CC(C)C1(C#N)CC1,0.3196
qm9_cn_subset:57274,CC(C)(C#N)C1CCC1,0.3421
qm9_cn_subset:3690,Cc1ncnnn1,0.1613
qm9_cn_subset:101275,CCC(C)N1CC1C#N,0.2682
qm9_cn_subset:64041,CC1(C)CC=CC2NC21,0.2408
qm9_cn_subset:38088,C1=NC2CC3N=CN1C23,0.2173
qm9_cn_subset:36095,C#CCC12CC1C1CN12,0.2728
qm9_cn_subset:124842,CC1(C)Cc2cnnn21,0.2619
qm9_cn_subset:28867,Cc1ncnc(N)c1C,0.2165
qm9_cn_subset:56415,CC(C#N)C#CCC#N,0.2854
qm9_cn_subset:16622,CC1=CC2NC2C1C,0.2432
qm9_cn_subset:127891,CN=c1nn[nH]nc1C,0.17
qm9_cn_subset:32650,CCn1ccnc1C#N,0.2086
qm9_cn_subset:36604,N#CCNC12CC(C1)C2,0.2673
qm9_cn_subset:123357,C#CCCn1cnnc1,0.2609
qm9_cn_subset:37744,C1CC2C3N4CC3(C1)C24,0.2974
qm9_cn_subset:126926,CCNc1cncnn1,0.1672
qm9_cn_subset:1395,C#CCC(C)C#N,0.3019
qm9_cn_subset:53550,CC#CCC12CN(C1)C2,0.2775
qm9_cn_subset:24099,N#CCNc1cc[nH]c1,0.217
qm9_cn_subset:77540,CC1C2(C)CC1(C#N)N2,0.2683
qm9_cn_subset:123839,C1=Cn2nncc2CC1,0.2106
qm9_cn_subset:24625,c1cn2c(n1)CC21CC1,0.2557
qm9_cn_subset:76415,CC1N(C)C1(C)C1CC1,0.2939
qm9_cn_subset:20337,c1nnn2c1C1CC12,0.2369
qm9_cn_subset:38013,C1=C2CC3C2C2CC1N32,0.175
qm9_cn_subset:26216,CN(C)c1cn(C)cn1,0.2114
qm9_cn_subset:29314,C#Cc1[nH]cc(C)c1C,0.1996
qm9_cn_subset:31225,CCc1nc[nH]c1CC,0.2432
qm9_cn_subset:129689,Nc1cn[nH]c1N1CC1,0.2221
qm9_cn_subset:53706,CC#CCNCCC#N,0.2797
qm9_cn_subset:113734,C#CC(C)C1CN1CC,0.268
qm9_cn_subset:18488,N#CCC1CC2CN12,0.2783
qm9_cn_subset:34863,N#CC1C2CCCN1C2,0.2516
qm9_cn_subset:63378,CC1(C)CC(C)(C#N)C1,0.333
qm9_cn_subset:58631,CC(C)C1(N2CC2)CC1,0.3045
qm9_cn_subset:33719,C#CC12CC(C#N)(C1)N2,0.2586
qm9_cn_subset:7521,C#CCC1(C)CN1C,0.2794
qm9_cn_subset:130093,Nc1nc2n(n1)CCC2,0.2319
qm9_cn_subset:79537,C#CC12CN1C1C(C)C12,0.2359
qm9_cn_subset:32785,CCCc1nc[nH]c1C,0.2434
qm9_cn_subset:37231,C1CC2(C1)C1C3CN3C12,0.3117
qm9_cn_subset:65507,CC1(C2CC2)CC2NC21,0.3106
qm9_cn_subset:15050,CNC(C#N)C1CC1,0.2779
qm9_cn_subset:8609,C#CC(N)(C#C)C#N,0.2595
qm9_cn_subset:86787,CC1CN(CC#N)C1C,0.2598
qm9_cn_subset:124413,CC(C#N)c1ccn[nH]1,0.2578
qm9_cn_subset:4545,Cn1cc(N)cc1N,0.2221
qm9_cn_subset:36128,C#CCC12C=CCC1N2,0.2484
qm9_cn_subset:125668,Cc1n[nH]cc1C1CC1,0.2432
qm9_cn_subset:13081,CN1CCC1CC#N,0.2595
qm9_cn_subset:26668,Cc1[nH]c(C)c(N)c1N,0.212
qm9_cn_subset:35018,C#CC1N2CCC12C#C,0.2402
qm9_cn_subset:33588,C#CC12C3CN4C3C1C42,0.2466
qm9_cn_subset:34383,N#CC12C=CCC1CC2,0.2598
qm9_cn_subset:65576,CC1(C#N)CC2CC2N1,0.2687
qm9_cn_subset:107970,CCC12CN3C1CC32C,0.3076
qm9_cn_subset:126397,CCc1nn(C)nc1C,0.2426
qm9_cn_subset:14479,CC12CC3C(C1)N3C2,0.3107
qm9_cn_subset:128237,CNc1c[nH]nnc1=N,0.1565
qm9_cn_subset:29523,Nc1c[nH]c2c1NCC2,0.2225
qm9_cn_subset:66845,CC12C3CC1C1C2N1C3,0.3142
qm9_cn_subset:128310,CNc1n[nH]c(C#N)n1,0.1727
qm9_cn_subset:32216,CCc1ncccc1C,0.2266
qm9_cn_subset:19610,CC1C2C(C)C3C1N23,0.3106
qm9_cn_subset:97528,C#CC(C#N)C#CCC,0.2836
qm9_cn_subset:82113,CC1C(CC#N)C2CN12,0.2768
qm9_cn_subset:124450,CC(C)(C)c1nn[nH]n1,0.2609
qm9_cn_subset:60181,CC(C)CC1NC1C#N,0.2908
qm9_cn_subset:26070,N#CC(N)c1cc[nH]c1,0.247
qm9_cn_subset:36289,N#CCC1C2CCC1C2,0.3418
qm9_cn_subset:10930,CC12CC(C#N)C1N2,0.294
qm9_cn_subset:35046,N#CC1C2C=CCCN12,0.2324
qm9_cn_subset:123423,c1cnn(CC2CC2)n1,0.2568
qm9_cn_subset:82683,N#CC12C(N)C3CC1N32,0.2582
qm9_cn_subset:70575,CC12NC1CCC1NC12,0.2957
qm9_cn_subset:69778,CC12CC3(C)NC3C1N2,0.2965
qm9_cn_subset:80793,C#CC12CC(C1C)N2C,0.2462
qm9_cn_subset:8341,C#CCC12CN(C1)C2,0.2766
qm9_cn_subset:17020,CC1C2CC1C2C#N,0.33
qm9_cn_subset:95098,CC1NCC2NC12C#N,0.2435
qm9_cn_subset:711,N1C2C1C1NC21,0.2717
qm9_cn_subset:40811,C1=CC(N2CC2)CCC1,0.2544
qm9_cn_subset:3783,CNc1cn[nH]c1,0.2174
qm9_cn_subset:18205,N#CC1NCC2CC21,0.2726
qm9_cn_subset:26997,C#CCc1[nH]ccc1N,0.2309
qm9_cn_subset:4693,N#Cc1ncc(N)[nH]1,0.1897
qm9_cn_subset:124494,CC(C)c1nn[nH]c1N,0.2297
qm9_cn_subset:84462,CC1C=CC2(C#N)NC12,0.2388
qm9_cn_subset:120046,CCCC1C2CC3C1N23,0.3123
qm9_cn_subset:35912,N#CC1CNCC2CN12,0.2532
qm9_cn_subset:76113,CC12NC1C(C#N)C2N,0.2691
qm9_cn_subset:10410,CNC1(C#N)CNC1,0.2626
qm9_cn_subset:33740,N#CC12CC(N1)C1NC12,0.2462
qm9_cn_subset:88589,CC1C(C2CN2C)N1C,0.2872
qm9_cn_subset:58039,CC(N)C(C#N)N(C)C,0.2577
qm9_cn_subset:3183,CC1(C2CN2)CN1,0.3037
qm9_cn_subset:56762,CC(C#N)C12CCC1C2,0.2996
qm9_cn_subset:69808,CC12C=CC3CN3C1C2,0.24
qm9_cn_subset:40592,C1CN1C1C2C3CN2C31,0.3049
qm9_cn_subset:127941,CN=c1[nH]nccc1N,0.1659
qm9_cn_subset:67091,CC12C3C=CC14CN2C34,0.2185
qm9_cn_subset:118373,C#CCC(C#N)NCC,0.2605
qm9_cn_subset:92182,CN1CC2CC3C1CN23,0.2876
qm9_cn_subset:36201,N#CCC12CCN1CC2,0.2548
qm9_cn_subset:34595,N#CC1=CCC2CC1C2,0.2129
qm9_cn_subset:91465,CC1CC2CC1(C#N)C2,0.3272
qm9_cn_subset:29461,Nc1c[nH]c2[nH]cnc12,0.2087
qm9_cn_subset:36788,C#CCCCCN1CC1,0.2906
qm9_cn_subset:5780,c1nc(C2CC2)c[nH]1,0.2397
qm9_cn_subset:3641,C#Cc1cc[nH]n1,0.2274
qm9_cn_subset:21551,Nc1nnn2c1CC2,0.2198
qm9_cn_subset:125543,Cc1nn2c(c1C)CC2,0.2583
qm9_cn_subset:76640,CC1C(C2CCC2)N1C,0.2859
qm9_cn_subset:24502,c1cc2nc[nH]c2cn1,0.2084
qm9_cn_subset:128415,CNCc1ncnnn1,0.1429
qm9_cn_subset:129696,Nc1nn[nH]c1C1CN1,0.21
qm9_cn_subset:109524,CCN1C(C#N)C1C#N,0.2528
qm9_cn_subset:27210,Nc1ncn2c1C=CC2,0.1623
qm9_cn_subset:123360,C#CCCn1ncnn1,0.2496
qm9_cn_subset:31768,CCc1ccc(C)n1C,0.2312
qm9_cn_subset:123628,C1C2NC1c1[nH]nnc12,0.2182
qm9_cn_subset:5224,CCCc1ncc[nH]1,0.25
qm9_cn_subset:5608,CNc1cccn1C,0.2359
qm9_cn_subset:102348,N#CC(C#N)(CN)CN,0.2563
qm9_cn_subset:85717,C#CC1CN(C)C1C#N,0.2481
qm9_cn_subset:13369,CCN=C1CN=CN1,0.2204
qm9_cn_subset:21557,N=c1cc(N)nn[nH]1,0.1542
qm9_cn_subset:82314,CC1C2CN2CC12CN2,0.2916
qm9_cn_subset:60663,CC(C#N)N=C(N)C#N,0.2234
qm9_cn_subset:113830,CCN1CC1C1CN1C,0.3024
qm9_cn_subset:36165,C#CCC12CN3C1CC32,0.2786
qm9_cn_subset:73304,CC12CCC3(C)C1N3C2,0.3022
qm9_cn_subset:30545,NC=Nc1ncncn1,0.1981
qm9_cn_subset:10632,C#CC1(CC)NC1C,0.2751
qm9_cn_subset:2584,CCC1(C#N)CC1,0.3207
qm9_cn_subset:64849,C#CC1(C)CC(C#N)N1,0.262
qm9_cn_subset:57288,CC(C)(C)C#CC1CN1,0.2693
qm9_cn_subset:4782,CNc1cc(C)c[nH]1,0.2368
qm9_cn_subset:123450,c1nnn(CC2CN2)n1,0.2191
qm9_cn_subset:89059,CC1CN1CCN1CC1,0.3159
qm9_cn_subset:36099,C#CCC12CN1C1CC12,0.2729
qm9_cn_subset:86612,CC1CC(N2CC2)C1C,0.3062
qm9_cn_subset:127319,Cn1ccc2[nH]nnc21,0.2064
qm9_cn_subset:129834,C#CCc1cc(N)[nH]n1,0.2414
qm9_cn_subset:17317,CC1C2N3CC3C12C,0.2844
qm9_cn_subset:21335,N#CCc1ncn[nH]1,0.2705
qm9_cn_subset:124393,C#CC(C)c1c[nH]nn1,0.2513
qm9_cn_subset:17403,CC1NC12CC1NC12,0.303
qm9_cn_subset:20423,c1n[nH]c(N2CC2)n1,0.2571
qm9_cn_subset:65364,N#CC1(N)CC1C1CN1,0.2694
qm9_cn_subset:21185,CNc1c[nH]nc1N,0.2212
qm9_cn_subset:82005,CC1N2CC2C1(N)C#N,0.2658
qm9_cn_subset:8533,CC1C2C3CC2(C)N13,0.3171
qm9_cn_subset:753,N=c1[nH]nn[nH]1,0.2045
qm9_cn_subset:4814,CCc1cn(C)cn1,0.2484
qm9_cn_subset:126874,CCN=c1nn[nH]nn1,0.1591
qm9_cn_subset:79469,CC1N2C3CC2C1(C)C3,0.3068
qm9_cn_subset:33315,C#CC#CC1C2CN1C2,0.2067
qm9_cn_subset:90190,CN1CC23CN4C2C1C43,0.2908
qm9_cn_subset:103852,CCC1(C)CC1N1CC1,0.3212
qm9_cn_subset:82923,CN1C2CC3CC3(C)C21,0.3017
qm9_cn_subset:65509,CC1(N2CC2)CC2NC21,0.3108
qm9_cn_subset:71063,CC12CC3=CCN1C32C,0.1634
qm9_cn_subset:28057,Cc1nc(NC=N)c[nH]1,0.2137
qm9_cn_subset:24643,c1cc(C2CC2)ncn1,0.2147
qm9_cn_subset:6816,CC1(N)CNC1C#N,0.2645
qm9_cn_subset:43520,N#C[c-]1[nH]c(=[NH2+])[nH]c1=N,0.1497
qm9_cn_subset:123283,C#CC#Cc1nc[nH]n1,0.1907
qm9_cn_subset:41114,C1=NC23CCC2C2C3N12,0.2281
qm9_cn_subset:34884,N#CC1C2CN2C12CC2,0.2724
qm9_cn_subset:64109,CC1(C)C=C(C#N)CC1,0.2203
qm9_cn_subset:80367,CC1C2N1CC2(N)C#N,0.2623
qm9_cn_subset:33624,N#CC12C3CN1C1C3C12,0.2418
qm9_cn_subset:126923,CCNc1ccnn1C,0.2381
qm9_cn_subset:26634,Cc1c(C#N)c[nH]c1N,0.2209
qm9_cn_subset:30361,CC1CCn2ccnc21,0.25
qm9_cn_subset:124461,CC(C)(C)n1ncnn1,0.2665
qm9_cn_subset:37172,C1CC23CC(C4CN42)C13,0.3012
qm9_cn_subset:33327,C#CC#CC1NC1C#C,0.215
qm9_cn_subset:3058,CC#CCN1CC1,0.2787
qm9_cn_subset:36583,C#CCCC1(C#C)CN1,0.2853
qm9_cn_subset:69064,CC12C=CCC1(C#N)C2,0.2494
qm9_cn_subset:4337,Cc1cncc(C)c1,0.2239
qm9_cn_subset:126710,CCn1cc(C)c(N)n1,0.23
qm9_cn_subset:34507,N#CC1=CC2C3CC1C23,0.1996
qm9_cn_subset:80951,CC1N2CC1(C)C2C#N,0.255
qm9_cn_subset:79771,CC1C2C3CC4C1N2C34,0.2694
qm9_cn_subset:3702,Cc1n[nH]nc1N,0.224
qm9_cn_subset:35402,N#CC1CC2C3CC3N12,0.2454
qm9_cn_subset:35837,N#CC1=CCNC1C#N,0.206
qm9_cn_subset:113724,CCC1CN1C(C)C#N,0.2783
qm9_cn_subset:65939,CC1(C#N)NCC12CC2,0.2666
qm9_cn_subset:5211,CC#Cc1cc[nH]c1,0.2192
qm9_cn_subset:105458,CCC1(CCC#N)CN1,0.2996
qm9_cn_subset:57008,CC(C#N)N1CC=CC1,0.2359
qm9_cn_subset:35072,C#CC1N=C2NC3C2C13,0.1699
qm9_cn_subset:27070,N=CNc1nc[nH]c1N,0.1998
qm9_cn_subset:83554,CC1C2CCN1C2C#N,0.268
qm9_cn_subset:68998,CC12CCC1(C1CN1)N2,0.3073
qm9_cn_subset:105125,C#CC1(CC)NC1C#N,0.259
qm9_cn_subset:35141,C#CC1C=CC(C#N)C1,0.2568
qm9_cn_subset:2873,N#CC1=NCCN1,0.1989
qm9_cn_subset:63537,CC1(C)NC12CN1CC12,0.2876
qm9_cn_subset:39627,C1CC(C23CN(C2)C3)C1,0.3012
qm9_cn_subset:24871,N#Cc1ccnc(=N)[nH]1,0.1343
qm9_cn_subset:66944,CC12C3CN(C31)C21CC1,0.3082
qm9_cn_subset:21120,CN=c1cn[nH]cn1,0.1792
qm9_cn_subset:127366,Cn1cnn2ncnc12,0.2413
qm9_cn_subset:29988,Cn1cnc2[nH]cnc21,0.2102
qm9_cn_subset:70770,C#CC12NC3(C)C1NC32,0.2461
qm9_cn_subset:127492,Cn1nc(N)ncc1=N,0.1272
qm9_cn_subset:18904,CC12C3CN1C1C3C12,0.3022
qm9_cn_subset:26287,CN(C)c1cncnc1,0.1805
qm9_cn_subset:24051,C#CCCc1cnc[nH]1,0.2455
qm9_cn_subset:90211,CN1CC23CC4N2CC413,0.2502
qm9_cn_subset:20232,C1CC2C3C1C1C2N31,0.3128
qm9_cn_subset:123517,c1ncc2cncn2n1,0.1621
qm9_cn_subset:58654,CC(C)C1(C#N)NC1C,0.2845
qm9_cn_subset:24348,c1[nH]cc2c1CCCN2,0.2223
qm9_cn_subset:34356,N#CC12NCC1C1NC12,0.2388
qm9_cn_subset:21350,c1nc2c[nH]nc2[nH]1,0.2125
qm9_cn_subset:56749,N#CC(N)C12CN(C1)C2,0.2592
qm9_cn_subset:35188,C#CC1NC12CC1NC12,0.2682
qm9_cn_subset:126721,CCn1cc(N)c(N)n1,0.2185
qm9_cn_subset:114926,CCC1CN=C(C#N)N1,0.1983
qm9_cn_subset:123312,C#Cc1cc2n(n1)CC2,0.2207
qm9_cn_subset:5620,CNc1c[nH]cc1N,0.2325
qm9_cn_subset:81798,CC1C2NC2(C)C12CC2,0.3232
qm9_cn_subset:80107,CC1N2C=NCC12C#N,0.2374
qm9_cn_subset:24012,C#CC1Cc2cccn21,0.2209
qm9_cn_subset:127885,CN=c1nnn(C)nn1,0.1578
qm9_cn_subset:17093,N#CC1CN2CC1C2,0.2762
qm9_cn_subset:130386,[NH3+]CC#Cc1cnn[n-]1,0.1272
qm9_cn_subset:130090,Nc1nc2n(n1)CC=C2,0.1666
qm9_cn_subset:111711,CNC1C2CNC21C#N,0.2273
qm9_cn_subset:39881,C1C2CN3C1C1(CN1)C23,0.3032
qm9_cn_subset:27284,Nc1ncn2c1CCC2,0.218
qm9_cn_subset:9572,C#CC1CC1(N)C#N,0.2674
qm9_cn_subset:3678,Cc1c[nH]nc1N,0.2361
qm9_cn_subset:105642,CNC1(C#N)CCC1N,0.2685
qm9_cn_subset:38101,C1=CC2NC2C2CC1C2,0.2426
qm9_cn_subset:87296,C#CCC1(C#N)CC1C,0.3008
qm9_cn_subset:62320,CC1(C#N)C2C3CN3C21,0.2571
qm9_cn_subset:100876,CCC(C)C(C#N)CC,0.3469
qm9_cn_subset:25200,N=c1ncnc[nH]c1=N,0.1855
qm9_cn_subset:105899,CCC12C(C)N3C1CC32,0.3046
qm9_cn_subset:36886,C1CC2C1C2CN1CC1,0.3093
qm9_cn_subset:127418,Cc1nn(C)nc1C#N,0.228
qm9_cn_subset:119018,CCCC1(CC#N)CN1,0.2919
qm9_cn_subset:31338,CNc1ccn2c1CC2,0.2159
qm9_cn_subset:16433,CC1N2C3CC2C13C,0.3161
qm9_cn_subset:24298,c1cc2n(c1)CC1NC21,0.2305
qm9_cn_subset:79650,CC1C2C3NC3C12C#N,0.2403
qm9_cn_subset:126426,CCc1cc(NC)[nH]n1,0.2381
qm9_cn_subset:28978,C#Cc1ccncc1N,0.1716
qm9_cn_subset:67194,C#CC1C2CN3C1C23C,0.2812
qm9_cn_subset:75219,CC1=CCC2(C#N)CC12,0.2474
qm9_cn_subset:36723,N#CCNC1C=CCC1,0.2548
qm9_cn_subset:17735,C1C2C3N1C2C31CC1,0.311
qm9_cn_subset:79378,CN1C2C3NC2(C#N)C31,0.2352
qm9_cn_subset:120515,CCCC1CC(C#N)N1,0.2653
qm9_cn_subset:85720,N#CC1CC(N)C1C#N,0.2656
qm9_cn_subset:74366,CC1=CC(C#N)NCC1,0.2437
qm9_cn_subset:128878,N#Cc1cnn2c1CC2,0.2437
qm9_cn_subset:65344,CC1(C#N)CC1C1CN1,0.2877
qm9_cn_subset:3121,N#CC12CCN1C2,0.2591
qm9_cn_subset:24503,c1ncc2[nH]cnc2n1,0.1999
qm9_cn_subset:124435,CC(C#N)n1ncnn1,0.2581
qm9_cn_subset:125419,Cc1nc(=N)[nH]nc1N,0.1406
qm9_cn_subset:34695,N#CC1C2C3C2N2C1C32,0.2762
qm9_cn_subset:82684,N#CC12C(N)C3CN1C32,0.2647
qm9_cn_subset:78515,CC1C2C3(C)CC2(C)N13,0.3172
qm9_cn_subset:20652,Cc1ccn[nH]c1=N,0.1618
qm9_cn_subset:20836,CCc1ccn(C)n1,0.2576
qm9_cn_subset:122459,C#CC1CN1CCCC,0.2631
qm9_cn_subset:64691,N#CCC1(N)CC1C#N,0.2718
qm9_cn_subset:40716,C1CN1C1CC2(CC2)C1,0.3105
qm9_cn_subset:71726,CC12CC3C4C1C2(C)N34,0.297
qm9_cn_subset:14539,N#CC1(N)C2CNC21,0.2497
qm9_cn_subset:62428,C#CC1(C)C2C=CCN21,0.2167
qm9_cn_subset:129119,N=C1Cn2nncc2N1,0.2112
qm9_cn_subset:726,Cc1ccn[nH]1,0.2577
qm9_cn_subset:125879,CC1CC1c1nn[nH]n1,0.2353
qm9_cn_subset:36018,C#CCC(C#N)CC#C,0.2919
qm9_cn_subset:71601,CC12CN3C1CCC32C,0.3019
qm9_cn_subset:25222,N=C1NCc2[nH]cnc21,0.2249
qm9_cn_subset:133850,CC12C3=CC4CC3N1C42,0.1805
qm9_cn_subset:33149,CCCn1ccc(C)c1,0.2453
qm9_cn_subset:124390,C#CC(C)c1cnn[nH]1,0.255
qm9_cn_subset:127196,Cn1c(=N)nn[nH]c1=N,0.1757
qm9_cn_subset:56834,CC(C#N)N1C2CC1C2,0.2708
qm9_cn_subset:13236,N#CCCC1CCC1,0.3412
qm9_cn_subset:70152,CC12CCCC=CC1N2,0.2308
qm9_cn_subset:67798,NC12C=CN3C=NC1C32,0.1987
qm9_cn_subset:13427,C#CCN1C(C)C1C,0.2701
qm9_cn_subset:78669,CC1C2C(C)C3(C)C2N13,0.3187
qm9_cn_subset:85817,CC1CC(C)(C#N)C1C,0.3303
qm9_cn_subset:67244,CC12C3CN1C1(CC1)C32,0.3103
qm9_cn_subset:116548,CCN=C(C#N)NC=N,0.1969
qm9_cn_subset:64021,CC1(C)CC=CC12CN2,0.2458
qm9_cn_subset:123509,c1cc2cncnn2c1,0.165
qm9_cn_subset:49318,N=CN1C(=N)C=CC1=N,0.1641
qm9_cn_subset:29490,Nc1c[nH]c2c1CC=C2,0.1698
qm9_cn_subset:33631,C#CC12C3=NCC1C2N3,0.1642
qm9_cn_subset:53099,CC#CC1C(C#N)N1C,0.2437
qm9_cn_subset:127588,C#CCc1cnn(C)n1,0.2465
qm9_cn_subset:69069,C#CC12CC=CC1(C)N2,0.2348
qm9_cn_subset:34140,C#CC12CC3C1CCN32,0.2638
qm9_cn_subset:130438,N=c1cn[n-]nc1C[NH3+],0.1461
qm9_cn_subset:34355,N#CC12NCC1C1CC12,0.2468
qm9_cn_subset:95527,CC1CCC=CC1C#N,0.2641
qm9_cn_subset:26514,CC12CC1c1cncn12,0.2311
qm9_cn_subset:78997,CC1C2=CC3C4C1C2N34,0.1763
qm9_cn_subset:68531,CC12C=CC(C1)N1CC12,0.2328
qm9_cn_subset:125183,Cc1[nH]nc2[nH]cnc12,0.2066
qm9_cn_subset:61583,CC(CN1CC1)C1CC1,0.3219
qm9_cn_subset:65420,C#CCC1CC1(N)C#N,0.2861
qm9_cn_subset:41265,C1C2C3N1CC31CCN21,0.2789
qm9_cn_subset:19631,C#CC12C3C4C(C31)N42,0.2365
qm9_cn_subset:24649,c1ccc(N2CC2)nc1,0.2019
qm9_cn_subset:70764,C#CC12CC3(C)C1CN32,0.256
qm9_cn_subset:29922,Cc1ccn(C)c1C#N,0.2072
qm9_cn_subset:24035,N#CCc1ccncc1,0.2265
qm9_cn_subset:80057,CC1C2N=CN3C2C13C,0.2347
qm9_cn_subset:12200,CC1NC(C#N)C1C,0.2688
qm9_cn_subset:71471,C#CC12CC3(C)CN1C32,0.2686
qm9_cn_subset:14690,CCCC#CCC#N,0.2885
qm9_cn_subset:66600,CC12C3=CC4C(C3)C1N42,0.1195
qm9_cn_subset:127380,CN1CC1c1c[nH]nn1,0.2148
qm9_cn_subset:3791,CNc1cn[nH]n1,0.2135
qm9_cn_subset:9609,CCC1(C)CC1C#N,0.3117
qm9_cn_subset:5301,CC(C)c1ccc[nH]1,0.2426
qm9_cn_subset:115979,CCC1CCC=C1C#N,0.2194
qm9_cn_subset:36680,N#CCCC1NC1C#N,0.2946
qm9_cn_subset:7834,CC(C)CC1CN1C,0.3031
qm9_cn_subset:84526,CC1C=CC2C(C#N)N12,0.2307
qm9_cn_subset:89768,CC1NC2(CC2)C1C#N,0.2546
qm9_cn_subset:31,CCC#N,0.3553
qm9_cn_subset:20277,C1C2C3C4CC3N4C12,0.3216
qm9_cn_subset:35457,N#CC1CN2CC12C#N,0.2597
qm9_cn_subset:73023,CC12CCN1C2C1CN1,0.3043
qm9_cn_subset:27590,C#Cc1cccc(N)n1,0.1784
qm9_cn_subset:11842,N#CC1CC2(CC2)N1,0.252
qm9_cn_subset:80103,CC1C2N=CNC12C#N,0.236
qm9_cn_subset:57504,CC(C)(C)NC(=N)C#N,0.2096
qm9_cn_subset:97023,CN=C1NC=NC12CC2,0.2071
qm9_cn_subset:29519,Nc1c[nH]c2c1CCC2,0.2263
qm9_cn_subset:126837,CCc1nnn(CC)n1,0.2573
qm9_cn_subset:62978,CC1(N)C(C#N)N2CC21,0.2596
qm9_cn_subset:113817,CCC1CC1N1CC1C,0.3099
qm9_cn_subset:24248,c1nc2c([nH]1)C1CC1C2,0.2333
qm9_cn_subset:79007,CN1C2C3C4C=CC31C42,0.2102
qm9_cn_subset:34943,C#CC1C2CC3C2CN13,0.2708
qm9_cn_subset:739,Cc1nn[nH]n1,0.264
qm9_cn_subset:76110,CC12CN1C(C#N)C2N,0.2521
qm9_cn_subset:130362,NC=Nc1cnncn1,0.1604
qm9_cn_subset:36360,C#CCC1NC1C1CN1,0.2927
qm9_cn_subset:99549,C#CC(C)C(C#N)NC,0.277
qm9_cn_subset:69087,CC12CCNC1(C#N)C2,0.2548
qm9_cn_subset:91941,CC1CN2CC2C1(C)C,0.2985
qm9_cn_subset:123571,c1[nH]nc2c1CC1CC21,0.2469
qm9_cn_subset:128869,N#CC#Cc1cn[nH]n1,0.1979
qm9_cn_subset:95089,CC1CCC2CC12C#N,0.309
qm9_cn_subset:78393,CC1C2C1N1C2C1(C)C,0.2736
qm9_cn_subset:87299,C#CCC1(C#C)NC1C,0.2741
qm9_cn_subset:4908,CCc1c[nH]c(N)c1,0.2374
qm9_cn_subset:5382,CCc1cnccn1,0.1966
qm9_cn_subset:68980,C#CCC12CCC1(C)N2,0.2692
qm9_cn_subset:20247,C1=C2CN3C2C2C1C23,0.1814
qm9_cn_subset:40601,C1CC1C1C2C3CC3N12,0.274
qm9_cn_subset:30162,CC1Cc2nc[nH]c2C1,0.2389
qm9_cn_subset:108065,CCC12CN3CC1(C)C32,0.2933
qm9_cn_subset:18828,CC1=C2CN3C(C1)C23,0.1681
qm9_cn_subset:2035,CC1(C)CC2NC21,0.3129
qm9_cn_subset:5333,Nc1cc2n(c1)CC2,0.22
qm9_cn_subset:116958,CCCC#CCN1CC1,0.2792
qm9_cn_subset:34704,N#CC1C2C3C4C3N1C24,0.2542
qm9_cn_subset:53300,CC#CC1CN1CC#N,0.2539
qm9_cn_subset:29841,C#Cc1cn(C)c(N)n1,0.2067
qm9_cn_subset:81495,CC1C2CC1C2(C)C#N,0.3286
qm9_cn_subset:67311,C#CC1C2C3CN2C13C,0.275
qm9_cn_subset:59140,CC(C)C1C2C3CC3N12,0.2783
qm9_cn_subset:126730,CCn1ccc(=N)nn1,0.1645
qm9_cn_subset:126631,CCCn1nnc(C)n1,0.2577
qm9_cn_subset:33955,N#CC12CN1CC1NC12,0.265
qm9_cn_subset:79657,C#CC12C3CC3C1N2C,0.2384
qm9_cn_subset:130354,NC=Nc1nn[nH]c1N,0.1922
qm9_cn_subset:24653,c1ncnc(N2CC2)n1,0.212
qm9_cn_subset:42312,N#CC(=N)N1CCCC1,0.2057
qm9_cn_subset:82878,CN1C2CC3CC2(C)C31,0.2904
qm9_cn_subset:20967,CN(C)c1cnn[nH]1,0.2247
qm9_cn_subset:74564,N#CC1C2N=C(N)NC12,0.2531
qm9_cn_subset:66508,CC12C3C4=CCN1C4C32,0.1568
qm9_cn_subset:26633,C#Cc1c[nH]c(N)c1C,0.2174
qm9_cn_subset:20637,Cc1cc(C#N)n[nH]1,0.2352
qm9_cn_subset:57324,CC(C)(C)C(C#N)C#N,0.3225
qm9_cn_subset:29836,Cn1cc(C#N)cc1N,0.2097
qm9_cn_subset:56372,C#CC(N)(C#N)C1CN1,0.2484
qm9_cn_subset:78900,CN1C2CN3C2C2C1C23,0.257
qm9_cn_subset:24084,C#CCCc1c[nH]cn1,0.2527
qm9_cn_subset:122347,CCCCN1C(C)C1C,0.289
qm9_cn_subset:73565,CC12CCCC1N1CC12,0.3038
qm9_cn_subset:1363,CC1N(C)C1(C)C,0.2917
qm9_cn_subset:68259,CC12CC(C1)C2(N)C#N,0.2925
qm9_cn_subset:24315,c1nc2n3c1CC3CC2,0.1861
qm9_cn_subset:129578,NC(N)=[NH+]c1cnn[n-]1,0.1813
qm9_cn_subset:124852,CC1(c2c[nH]nn2)CC1,0.2354
qm9_cn_subset:128144,CNc1cn[nH]c1NC,0.2325
qm9_cn_subset:18865,CC1C2=CCC3C2N13,0.1746
qm9_cn_subset:126906,CCNc1[nH]nnc1N,0.2196
qm9_cn_subset:31019,CCc1cc(N)[nH]c1C,0.228
qm9_cn_subset:36211,C#CCC1=CC2NC2C1,0.2409
qm9_cn_subset:59373,CC(C)C1CC(C#N)N1,0.2643
qm9_cn_subset:35580,N#CC1NC2CCNC12,0.2561
qm9_cn_subset:29833,C#Cc1cc(C)n(C)c1,0.216
qm9_cn_subset:81824,C#CC1C(C)C2NC12C,0.2764
qm9_cn_subset:61579,CC(CC1CC1)N1CC1,0.3095
qm9_cn_subset:35454,N#CC1CC2CC12C#N,0.2856
qm9_cn_subset:18890,CC12CC3C4C3N1C42,0.2964
qm9_cn_subset:128019,CN=CNc1cnn[nH]1,0.2119
qm9_cn_subset:84049,CC1C=C(C#N)C2CC12,0.208
qm9_cn_subset:9644,CCC1NC1(C)C#N,0.2848
qm9_cn_subset:33856,C#CC12CN3CC3C1N2,0.2526
qm9_cn_subset:130059,C#CCn1ncc(N)n1,0.2166
qm9_cn_subset:97815,CCC#CC1CC2NC12,0.2801
qm9_cn_subset:67492,N#CC1C2N3CC3C12N,0.2483
qm9_cn_subset:124970,Cc1[nH]ncc1CC#N,0.2555
qm9_cn_subset:35254,N#CC1CC1C1CCC1,0.3118
qm9_cn_subset:27649,Cc1nc(C#N)c(N)[nH]1,0.2145
qm9_cn_subset:83061,C#CC12N=CNC1C2N,0.2267
qm9_cn_subset:86087,CC1=CC2(CN2)C(C)C1,0.2441
qm9_cn_subset:33678,N#CC12C3CN1C2CN3,0.2374
qm9_cn_subset:32128,CNc1ncnc(N)n1,0.2207
qm9_cn_subset:36997,C1=C2C3C4C1C4N1C2C31,0.1898
qm9_cn_subset:5822,CC(C)(C)C(N)C#N,0.2958
qm9_cn_subset:17449,CC1C2C3NC3(C)C12,0.3414
qm9_cn_subset:40562,C1=C(C2CN2)CCCC1,0.2464
qm9_cn_subset:35592,C#CC1=NCC(C#C)N1,0.2049
qm9_cn_subset:63530,CC1(C)CC12CC1CN12,0.3119
qm9_cn_subset:24603,c1cc(C2CCC2)c[nH]1,0.2432
qm9_cn_subset:80719,CC1C2CC(CC#N)N12,0.2717
qm9_cn_subset:84512,CC1C=CC23CCC12N3,0.2124
qm9_cn_subset:78855,CC1C2C3N2C2C1C32C,0.2971
qm9_cn_subset:128152,C#Cc1[nH]nnc1NC,0.175
qm9_cn_subset:68790,C#CC1CC2(C)NC12C,0.2735
qm9_cn_subset:36009,C#CCC(C#N)C1CN1,0.2805
qm9_cn_subset:118001,CCCC(N)C(N)C#N,0.2591
qm9_cn_subset:115545,CNC1CNC1(C)C#N,0.2582
qm9_cn_subset:128905,N#CCCc1cn[nH]c1,0.2608
qm9_cn_subset:127470,Cc1c(N)nn(C)c1C,0.2276
qm9_cn_subset:126191,CCc1cnn(C)c1C,0.2492
qm9_cn_subset:15381,C#CC1NC1CCC,0.2821
qm9_cn_subset:15539,CC1N=CNC1C#N,0.2449
qm9_cn_subset:18249,CCC1C=CC2NC12,0.2438
qm9_cn_subset:129214,C#Cc1ncn[nH]c1=N,0.1384
qm9_cn_subset:68340,CC12CC(C=C1C#N)C2,0.1991
qm9_cn_subset:77740,CC1C2=CCN3C2C13C,0.1666
qm9_cn_subset:2658,CCC#CCC#N,0.2895
qm9_cn_subset:111928,CCC1C=C2CN3C2C13,0.1745
qm9_cn_subset:125085,Cc1cn[nH]c1N1CC1,0.2353
qm9_cn_subset:123278,C#CC#Cc1c[nH]nn1,0.1912
qm9_cn_subset:36176,N#CCC12NC3C1NC32,0.2682
qm9_cn_subset:10308,CNC(C#N)C(C)N,0.2847
qm9_cn_subset:126157,CCC(C)n1cccn1,0.2634
qm9_cn_subset:72295,CC12CC=C3C4C1N4C32,0.1605
qm9_cn_subset:130110,Nc1nnc2[nH]nnn12,0.1724
qm9_cn_subset:88550,CC1NC1C12CCN1C2,0.3004
qm9_cn_subset:127761,Cn1nnc2c1CCN2,0.2009
qm9_cn_subset:31044,CNc1cc(N)[nH]c1C,0.2125
qm9_cn_subset:119158,CCCC1(C2CN2)CN1,0.3044
qm9_cn_subset:84099,CC1=CC(C)C2NC12C,0.247
qm9_cn_subset:68982,CC12CCC1(CC#N)N2,0.2637
qm9_cn_subset:129593,Nc1[nH]ncc1C1CN1,0.2402
qm9_cn_subset:36899,C1C2CC2C1CN1CC1,0.3184
qm9_cn_subset:107428,CCC12NC1CN1CC12,0.2915
qm9_cn_subset:75007,CC1=NC2CCN=C2N1,0.232
qm9_cn_subset:15578,CC1CCNC1C#N,0.2701
qm9_cn_subset:89057,CC1CN1CCC1CC1,0.3116
qm9_cn_subset:34604,N#CC1=CCC2NC2C1,0.2201
qm9_cn_subset:40476,C1C2N3CC2(N2CC2)C13,0.3123
qm9_cn_subset:39978,C1C2C3CC4(CN4)C1N23,0.3061
qm9_cn_subset:70824,CC12NC3(C)C1NC23C,0.2892
qm9_cn_subset:34703,N#CC1C2C3C1C1C2C31,0.2893
qm9_cn_subset:79757,CC1C2C3C4C(CN23)N14,0.2972
qm9_cn_subset:24489,C1=Cc2ncccc2C1,0.1953
qm9_cn_subset:71666,CC12CC3C4C(CC31)N42,0.3272
qm9_cn_subset:68428,N#CC1NC2CC1(N)C2,0.2607
qm9_cn_subset:96763,CN=C1C(C)N=CN1C,0.2149
qm9_cn_subset:89924,CC1CC2(C#N)CCN12,0.2394
qm9_cn_subset:57278,CC(N)(C#N)C1CCC1,0.3018
qm9_cn_subset:34402,N#CC12CCCC1CC2,0.3235
qm9_cn_subset:127760,Cn1nnc2c1CCC2,0.2373
qm9_cn_subset:80501,C#CC12C(C)CN1C2C,0.2448
qm9_cn_subset:62395,N#CC1(N)C2CCC1N2,0.2714
qm9_cn_subset:56363,C#CC(C)(C#N)C1CC1,0.298
qm9_cn_subset:70892,CC12CC3N(C1)C3(C)C2,0.3082
qm9_cn_subset:125223,Cc1cc(C2CN2)n[nH]1,0.2329
qm9_cn_subset:77193,CC1C(C#N)CC1C#N,0.3163
qm9_cn_subset:32995,CCNc1cnccn1,0.1791
qm9_cn_subset:53586,CC#CCC1CC1C#N,0.2768
qm9_cn_subset:17766,N#CCC1C2CC1C2,0.3475
qm9_cn_subset:18185,C#CC1N=CN2CC12,0.2451
qm9_cn_subset:26314,Cc1nc(C(C)C)c[nH]1,0.2457
qm9_cn_subset:73392,CC12CCN3C1C=CC32,0.2231
qm9_cn_subset:31638,CCc1cc(N)n(C)c1,0.2343
qm9_cn_subset:24194,c1cc2c([nH]1)N1CC2C1,0.2275
qm9_cn_subset:34701,N#CC1C2C3C1C1C2N31,0.2704
qm9_cn_subset:35922,N#CC1NCCN2CC12,0.2539
qm9_cn_subset:68796,CC12CC1(C)C(C#N)N2,0.2488
qm9_cn_subset:27894,Cc1nc(C)nc(C)n1,0.2228
qm9_cn_subset:126412,CCc1cnc(=N)[nH]n1,0.1459
qm9_cn_subset:20534,CC(C)c1ccn[nH]1,0.2588
qm9_cn_subset:9938,CC1N(C)C1(C)C#N,0.2715
qm9_cn_subset:106434,C#CC1N2CC1(CC)C2,0.254
qm9_cn_subset:26481,CC1(c2ncc[nH]2)CN1,0.2444
qm9_cn_subset:124710,CC(N)=[NH+]c1ccn[n-]1,0.1608
qm9_cn_subset:123550,C1C2CC1c1n[nH]nc12,0.2393
qm9_cn_subset:125961,CC1CCn2ncnc21,0.2664
qm9_cn_subset:15829,CCCC(C)N1CC1,0.3187
qm9_cn_subset:69093,CC12CCCC1(C#N)N2,0.2896
qm9_cn_subset:82535,CC1N2CC3(CN3)C12C,0.2923
qm9_cn_subset:93870,CC1CCC(C)C1C#N,0.3361
qm9_cn_subset:5760,c1c[nH]c(C2CC2)n1,0.2433
qm9_cn_subset:34374,N#CC12CCN1C=NC2,0.2422
qm9_cn_subset:123605,c1nc2n(n1)CC1CC21,0.2551
qm9_cn_subset:89691,CC1CC2(C#N)CC1N2,0.2651
qm9_cn_subset:36227,N#CCC1=NCC2CN12,0.2392
qm9_cn_subset:18489,N#CCC1CC2NC12,0.2863
qm9_cn_subset:35195,N#CC1CC12CC1CC12,0.2913
qm9_cn_subset:90092,CC1CC23CC(C2C)N13,0.282
qm9_cn_subset:123649,C1c2n[nH]nc2C2NC12,0.2397
qm9_cn_subset:5905,C#CC(C)(C)CC#N,0.2964
qm9_cn_subset:57277,CC(C)(C#N)N1CCC1,0.2706
qm9_cn_subset:34878,C#CC1N2CC2C12CC2,0.2571
qm9_cn_subset:87040,C#CC1(N2CC2)CC1C,0.2796
qm9_cn_subset:37642,C1C2C3C4C3N3C1C2C43,0.2824
qm9_cn_subset:33518,C#CC1(C#N)CC=CC1,0.2635
qm9_cn_subset:6702,CC(C)CCCC#N,0.3506
qm9_cn_subset:37519,C1=C2C3C(C1)C1CN3C21,0.1616
qm9_cn_subset:71417,C#CC1C2CC3(C)C2N13,0.2769
qm9_cn_subset:66501,CC12C3C4=CC(C31)N2C4,0.1065
qm9_cn_subset:125338,Cc1cn2nnnc2[nH]1,0.2262
qm9_cn_subset:80628,CC1C(C#N)C2CN1C2,0.2757
qm9_cn_subset:15276,C#CC1CN1CC#N,0.2582
qm9_cn_subset:14844,CNC1CNC1C#N,0.2464
qm9_cn_subset:27432,N=c1cc(N)cncn1,0.145
qm9_cn_subset:124200,CC#CCn1cnnn1,0.265
qm9_cn_subset:36621,N#CCNC12CCC1C2,0.266
qm9_cn_subset:84607,CN1C=NC2CC21C#N,0.2285
qm9_cn_subset:16100,N#CC12CC1NC=N2,0.2476
qm9_cn_subset:84211,CC1N=C2C3C1C1C3N21,0.1569
qm9_cn_subset:33713,N#CC12C=CC3NC1C32,0.2223
qm9_cn_subset:126150,CCC(C)c1nc[nH]n1,0.2693
qm9_cn_subset:19229,CC1C(C#N)C2CN12,0.2729
qm9_cn_subset:66941,CC12C3CC(N31)C21CC1,0.3134
qm9_cn_subset:125172,Cc1cnn2c1CCC2,0.252
qm9_cn_subset:3528,CC1C2C3CN2C13,0.3091
qm9_cn_subset:126104,CCC#Cc1cn[nH]c1,0.2224
qm9_cn_subset:105799,CCC12C(C)C1C1CN12,0.2817
qm9_cn_subset:19542,N#CC12C3CC1N2C3,0.2652
qm9_cn_subset:80955,CN1C2CC1(C)C2C#N,0.2416
qm9_cn_subset:124158,CC#Cc1cc(C)[nH]n1,0.2199
qm9_cn_subset:20462,C1NCc2n[nH]nc21,0.2272
qm9_cn_subset:3482,CC12C3C4C3N1C42,0.2821
qm9_cn_subset:17351,CC1NC1C1CN1C,0.29
qm9_cn_subset:37586,C1=CC2C3CN4C(C13)C24,0.227
qm9_cn_subset:69407,CC12C=CC(C#N)N1C2,0.2312
qm9_cn_subset:58934,CC(C)C12CC3CN1C32,0.3164
qm9_cn_subset:72200,CC12CN3CC4C3C1N42,0.2733
qm9_cn_subset:28311,Cc1c(N)cn2c1CC2,0.2202
qm9_cn_subset:125860,CC1C=Cc2ncnn21,0.196
qm9_cn_subset:53302,CC#CC1NC1CC#N,0.2741
qm9_cn_subset:125606,C#Cc1c(C)n[nH]c1C,0.2237
qm9_cn_subset:31289,C#Cc1[nH]cnc1CC,0.2049
qm9_cn_subset:39034,C1=C2CCCC23NC3C1,0.2363
qm9_cn_subset:118238,CCCC(C)CN1CC1,0.3168
qm9_cn_subset:74472,CC1=CC2(CC2)C2NC12,0.2358
qm9_cn_subset:82925,CN1C2CC3NC3(C)C21,0.3078
qm9_cn_subset:34779,N#CC1NC2C(C#N)C12,0.2618
qm9_cn_subset:14635,CC#CC#CCC#N,0.2238
qm9_cn_subset:18905,CC12C3CC1C1C3N12,0.3116
qm9_cn_subset:129139,N=c1nnn2c(n1)CC2,0.1784
qm9_cn_subset:90511,CC1CN2C(CC#N)C12,0.2751
qm9_cn_subset:29033,Cc1cncncc1=N,0.1584
qm9_cn_subset:34804,N#CC1C2CC1C1NC21,0.2822
qm9_cn_subset:33503,N#CC1(NC2CC2)CC1,0.2567
qm9_cn_subset:107971,CCC12NC3C1NC32C,0.2944
qm9_cn_subset:123726,c1cc(C2CCC2)[nH]n1,0.251
qm9_cn_subset:71977,N#CC12NC3CC1(N)C32,0.2409
qm9_cn_subset:40603,C1CC1C1C2C3NC3C12,0.2772
qm9_cn_subset:24259,c1nc2c([nH]1)C1NC1C2,0.2329
qm9_cn_subset:20555,CC(C)n1cnnc1,0.2688
qm9_cn_subset:69523,CC12NC1C1(C)NC21C,0.2643
qm9_cn_subset:65094,CC1(C23CCN2C3)CC1,0.3152
qm9_cn_subset:77103,N#CC1NC2(CC2)C1N,0.2495
qm9_cn_subset:11236,CC1=CCC(C#N)C1,0.2607
qm9_cn_subset:127881,CN=c1nc[nH]nc1C,0.1842
qm9_cn_subset:35434,N#CC1CN2CC(C2)N1,0.2515
qm9_cn_subset:5026,N=c1nc[nH]cc1N,0.1841
qm9_cn_subset:68255,CC1(C#N)N2CC1(N)C2,0.2624
qm9_cn_subset:485,C#CC#CC#N,0.199
qm9_cn_subset:34257,N#CC12CC3CCC1C32,0.2922
qm9_cn_subset:40312,C1CC1C1(N2CC2)CC1,0.3086
qm9_cn_subset:24219,c1cc2c([nH]1)CC1CC21,0.2328
qm9_cn_subset:53483,C#CC(C#N)CC#CC,0.2688
qm9_cn_subset:107516,CCC12NC1CC2C#N,0.2742
qm9_cn_subset:14571,N#CC#CCCC#N,0.2449
qm9_cn_subset:35486,N#CC1CC2CC3C1C23,0.3106
qm9_cn_subset:23938,N#CC#Cc1ncc[nH]1,0.1729
qm9_cn_subset:18193,C#CC1CCC2NC12,0.2952
qm9_cn_subset:129912,Nc1c[nH]c2[nH]ncc12,0.2087
qm9_cn_subset:33717,C#CC12CC(C#N)(C1)C2,0.2876
qm9_cn_subset:53144,CC#CC1C2CC(C)N12,0.2568
qm9_cn_subset:64650,CC1(CC#N)C2CC1C2,0.342
qm9_cn_subset:35011,C#CC1C2CCC12C#N,0.2678
qm9_cn_subset:5639,CCn1cncc1C,0.2455
qm9_cn_subset:78896,CC1C2CC3C2N2C1C32,0.2987
qm9_cn_subset:100626,N#C[C-](C#N)C(N)C[NH3+],0.186
qm9_cn_subset:34272,C#CC12CN=C3NC1C32,0.1708
qm9_cn_subset:53003,CC#CC12CC1NC=N2,0.2426
qm9_cn_subset:99436,C#CC(C#CC#N)NC,0.2069
qm9_cn_subset:24013,C#CC1Cc2cncn21,0.2301
qm9_cn_subset:126015,CC1CNc2c[nH]nc21,0.2141
qm9_cn_subset:65411,CC1(C#N)CN1CC#N,0.2719
qm9_cn_subset:123639,c1n[nH]c2c1C1NC1C2,0.2451
qm9_cn_subset:74537,CC1=CC23CC4C2C1N43,0.2143
qm9_cn_subset:124843,CC1(C)Cc2ncnn21,0.275
qm9_cn_subset:36242,C#CCN1C2CC3C2C31,0.2596
qm9_cn_subset:128180,CNc1cc(=N)cn[nH]1,0.1678
qm9_cn_subset:79586,CN1C2C3NC3(C)C21C,0.2998
qm9_cn_subset:32383,CNc1c[nH]c(C#N)n1,0.1701
qm9_cn_subset:123505,c1cnn2cccc2c1,0.1565
qm9_cn_subset:109819,CCN1C(C)C1CC#N,0.2633
qm9_cn_subset:37672,C1C2C3C4C2C2C(C34)N12,0.2936
qm9_cn_subset:83903,CN1C2CCCC21C#N,0.2709
qm9_cn_subset:37924,C1CC2C3CC4C1C2N43,0.2919
qm9_cn_subset:38022,C1=NC2C(=NC3CC32)N1,0.2162
qm9_cn_subset:107881,CCC12NC3C1N(C)C32,0.2808
qm9_cn_subset:101052,CCC(C)C1(C#N)CC1,0.3187
qm9_cn_subset:83557,CN1C2CCC1C2C#N,0.2611
qm9_cn_subset:102999,CNC1(C#N)C(C)C1N,0.2605
qm9_cn_subset:33949,N#CC12CC1CC1CN12,0.2809
qm9_cn_subset:125993,CC1Cc2ccnn2C1,0.2604
qm9_cn_subset:37096,C1NC12C1NC1C21CN1,0.2769
qm9_cn_subset:21011,C#Cc1ccn(C)n1,0.2221
qm9_cn_subset:67656,CC12C3CC4CC1N4C32,0.3001
qm9_cn_subset:102883,C#CC(CC)CCC#N,0.3062
qm9_cn_subset:72961,C#CC1(C)N2CCC21C,0.2706
qm9_cn_subset:2810,C#CC1NC1C#C,0.266
qm9_cn_subset:128894,N#CC1Cn2ncnc21,0.2685
qm9_cn_subset:89819,CC1=CC2(CN2)CC1C,0.2433
qm9_cn_subset:84899,N#CC1NCC=CC1N,0.2415
qm9_cn_subset:113878,CC#CCC1CN1CC,0.2804
qm9_cn_subset:60069,CC(C)CC1(C#N)CC1,0.3181
qm9_cn_subset:70075,CC12CC1C=CC1NC12,0.2411
qm9_cn_subset:130363,NC=Nc1cnnnn1,0.1613
qm9_cn_subset:84243,CC1N=C2NC3C2C13C,0.1724
qm9_cn_subset:126529,CCCc1cnn(C)c1,0.2518
qm9_cn_subset:124135,CC#Cc1cnncn1,0.1565
qm9_cn_subset:5689,c1cc2c([nH]1)CCN2,0.2134
qm9_cn_subset:19080,CN1C2C1C1C2N1C,0.2548
qm9_cn_subset:126320,CCc1cnc(C)nn1,0.162
qm9_cn_subset:14392,CC1(C)C2C3NC3C21,0.2732
qm9_cn_subset:6592,CC12CC(C#N)(C1)N2,0.2697
qm9_cn_subset:126642,CCCN=c1[nH]nn[nH]1,0.1957
qm9_cn_subset:58909,CC(C)C12CC3C1N3C2,0.2998
qm9_cn_subset:127810,Cn1nnn2nnnc12,0.2157
qm9_cn_subset:118372,CCCC(C#N)CC#N,0.3403
qm9_cn_subset:61309,N#CCC(N)CN1CC1,0.2844
qm9_cn_subset:88236,CN1CC1C#CC1CN1,0.254
qm9_cn_subset:34929,C#CC1C2N1CC21CC1,0.2664
qm9_cn_subset:102899,N#CCNC(C#N)CN,0.2648
qm9_cn_subset:100224,CNC(C)(C#N)CC#N,0.2687
qm9_cn_subset:127425,Cc1nn(C)c(N)c1N,0.2405
qm9_cn_subset:40535,C1=C(C2CN2)CC2CC12,0.2325
qm9_cn_subset:16291,N#CC12CN1CC2N,0.2542
qm9_cn_subset:128985,c1ccc2n[nH]nc2c1,0.1807
qm9_cn_subset:20440,c1nnn2c1NCC2,0.2306
qm9_cn_subset:75148,CC1=CCC(C)(C#N)C1,0.2616
qm9_cn_subset:125197,Cc1cnn2c1NCC2,0.2337
qm9_cn_subset:127485,Cn1nc(N)cnc1=N,0.1297
qm9_cn_subset:33600,N#CC12C3CC4C3N1C42,0.2547
qm9_cn_subset:32992,CCCc1ncncn1,0.2187
qm9_cn_subset:123518,c1cnn2cncc2n1,0.1425
qm9_cn_subset:83890,CC1C2CCCC12C#N,0.306
qm9_cn_subset:24425,c1cc2c([nH]1)NCCC2,0.2274
qm9_cn_subset:40180,C1CC2(CC2)CN2CC12,0.3003
qm9_cn_subset:38492,C1C2CC34CCC3(N4)C12,0.2963
qm9_cn_subset:72380,CC12CC=CC3C1CN32,0.228
qm9_cn_subset:20911,CCn1ncnc1C,0.2627
qm9_cn_subset:58084,CN(C)C(C)(C#N)C#N,0.2441
qm9_cn_subset:127923,CN=c1ncc(C)n[nH]1,0.1368
qm9_cn_subset:125951,CC1CCc2ccnn21,0.2613
qm9_cn_subset:56618,C#CC(C)N(C=N)C=N,0.2246
qm9_cn_subset:318,CC12CN(C1)C2,0.3091
qm9_cn_subset:3737,CCn1nnnn1,0.273
qm9_cn_subset:127808,Cn1nnn2cnnc12,0.1992
qm9_cn_subset:75439,CC1=CCNC(C#N)C1,0.2529
qm9_cn_subset:9378,CCCCC(C)C#N,0.3499
qm9_cn_subset:84047,C#CC1=CC(C)C2NC12,0.2021
qm9_cn_subset:66874,CC12C3N=C4NC1C4C32,0.1623
qm9_cn_subset:97744,CCC#CC1C2CN1C2,0.2583
qm9_cn_subset:34077,C#CC12C=CC3C(C1)N32,0.2162
qm9_cn_subset:12036,CC1(C#N)NC2CC21,0.2563
qm9_cn_subset:9239,CCC(C)C#CC#N,0.2462
qm9_cn_subset:58063,C#CC(C)(C#N)C(C)C,0.296
qm9_cn_subset:56937,C#CC1CC1C(N)C#N,0.2816
qm9_cn_subset:84216,CC1C=C2C=CC3C2N13,0.1726
qm9_cn_subset:27365,Cc1nc(=N)[nH+]c(N)[n-]1,0.1943
qm9_cn_subset:68858,CC12CC3NC3C1(C)N2,0.31
qm9_cn_subset:111180,CCN1C2CC1C2C#N,0.2428
qm9_cn_subset:3817,N#Cc1c[nH]nn1,0.2453
qm9_cn_subset:66669,CC12C3C4N1C4(C#N)C32,0.2373
qm9_cn_subset:123737,c1nc(C2CCC2)n[nH]1,0.2596
qm9_cn_subset:81830,CN1C(C#N)C2(N)CC12,0.2337
qm9_cn_subset:5758,c1ncc(C2CC2)[nH]1,0.2451
qm9_cn_subset:708,C1C2C1C1NC21,0.2857
qm9_cn_subset:79215,C#CC12CC3C1N3C2C,0.2641
qm9_cn_subset:79370,CC1C2C3NC2(C#N)C13,0.2538
qm9_cn_subset:106791,CCC12C=CCC1(C)N2,0.2331
qm9_cn_subset:110471,CCC1C2C3C1N1C2C31,0.3001
qm9_cn_subset:5355,N#Cc1ccncn1,0.1918
qm9_cn_subset:32098,CCc1nccc(C)n1,0.2092
qm9_cn_subset:52711,CC#CC(C)CN1CC1,0.2971
qm9_cn_subset:20599,Cc1[nH]nc(N)c1N,0.2358
qm9_cn_subset:32674,CCC1Cc2cncn21,0.2556
qm9_cn_subset:4623,Cn1cnc(=N)nc1,0.1882
qm9_cn_subset:19586,CC1C2CC1N1CC21,0.3227
qm9_cn_subset:24332,C1=NCc2c[nH]cc2N1,0.2147
qm9_cn_subset:72958,CC12CCC1C2(N)C#N,0.2813
qm9_cn_subset:34622,N#CC1=CCC=CCC1,0.214
qm9_cn_subset:3864,Nc1cncnn1,0.1679
qm9_cn_subset:111521,CCC1C2N1CC21CN1,0.2928
qm9_cn_subset:82303,CC1C2CN2CC1(C)C,0.2945
qm9_cn_subset:103510,CCC1(C)C=CC2NC21,0.2451
qm9_cn_subset:92022,CC1CN2CC2C2NC12,0.2798
qm9_cn_subset:78819,C#CC1C2C(C)C3C2N13,0.2654
qm9_cn_subset:36480,N#CCN1CCC1C#N,0.253
qm9_cn_subset:119790,CCCC1=CC2NC2C1,0.2424
qm9_cn_subset:4969,Cc1cncnc1N,0.2176
qm9_cn_subset:20196,C1=CC2C3C1N=CN23,0.2271
qm9_cn_subset:124002,C1=Cc2[nH]nnc2NC1,0.156
qm9_cn_subset:68712,C#CC12CC1(C)C1CN12,0.2532
qm9_cn_subset:65287,CC1(C#N)NC12CCC2,0.2758
qm9_cn_subset:963,Cc1[nH]ccc1N,0.2267
qm9_cn_subset:126504,CCCc1[nH]nnc1C,0.2434
qm9_cn_subset:130073,Nc1cnn(C2CC2)n1,0.2127
qm9_cn_subset:14908,N#CC1C=CCCN1,0.2466
qm9_cn_subset:36021,N#CCC(C#N)CC#N,0.3248
qm9_cn_subset:15767,CC#CC(C)N1CC1,0.2807
qm9_cn_subset:41229,C1CC23CC4C(C2)N4C13,0.3119
qm9_cn_subset:41028,C1CC23C4CC2(C4)CN13,0.2642
qm9_cn_subset:56676,CC1(C(N)C#N)CCC1,0.2809
qm9_cn_subset:126528,CCCc1ccnn1C,0.255
qm9_cn_subset:89094,CN1CC1CCCC#N,0.2662
qm9_cn_subset:123822,C1=Cc2cn[nH]c2CC1,0.1973
qm9_cn_subset:27256,Nc1[nH]cc2c1CCC2,0.236
qm9_cn_subset:36293,N#CCN1C2CCC1C2,0.2604
qm9_cn_subset:127379,CN1CC1c1cn[nH]c1,0.2362
qm9_cn_subset:30408,CN=c1nc[nH]cc1N,0.1778
qm9_cn_subset:30240,CC1Cn2cc(N)cc21,0.2182
qm9_cn_subset:21116,CN=c1cc[nH]nc1,0.1669
qm9_cn_subset:114147,CCC1NC2(C#N)CC12,0.2441
qm9_cn_subset:112589,CCN1CC(N)(C#N)C1,0.2513
qm9_cn_subset:31895,CNc1cnc(C#N)[nH]1,0.1839
qm9_cn_subset:84208,CC1C=C2C3C1N1C2C31,0.1612
qm9_cn_subset:71527,CC12NC3C1NC32C#N,0.2433
qm9_cn_subset:79073,CC12C3N=CN1C2C3N,0.2357
qm9_cn_subset:80733,CC1C2CC(C#N)CN12,0.2694
qm9_cn_subset:109616,C#CC1(C)C(CC)N1C,0.2686
qm9_cn_subset:24497,c1cnc2[nH]ccc2n1,0.183
qm9_cn_subset:126549,CCCc1ncnnn1,0.1622
qm9_cn_subset:20999,Cn1cc(C#N)cn1,0.24
qm9_cn_subset:38080,C1=CC2C3CC24C1CN34,0.187
qm9_cn_subset:85832,CC1NC(C)(C#N)C1N,0.2687
qm9_cn_subset:117997,CCCC(C)C(C)C#N,0.3469
qm9_cn_subset:71357,CC12CN3C1C1CC1C32,0.3016
qm9_cn_subset:31834,CNc1ccc(C)cn1,0.1872
qm9_cn_subset:15059,N#CC(CN)N1CC1,0.279
qm9_cn_subset:33476,C#CC1(C#N)CC2CN21,0.2479
qm9_cn_subset:37662,C1C2C3C1C1C2C2C3N12,0.3114
qm9_cn_subset:79069,CC1N2C3C=CC1(C)C32,0.227
qm9_cn_subset:67564,CC12C3CC1C3C1NC12,0.3135
qm9_cn_subset:35110,C#CC1C=CCC2NC12,0.2619
qm9_cn_subset:11902,CC1C=CC2(CN2)C1,0.2447
qm9_cn_subset:17708,CC1C2C3C1C2N3C,0.2954
qm9_cn_subset:4540,Cc1cc(N)n(C)c1,0.2355
qm9_cn_subset:40457,C1CC1C12CC3C1N3C2,0.3111
qm9_cn_subset:71095,C#CC12C3CC1(C)CN32,0.2546
qm9_cn_subset:28943,N#CCn1cccc1N,0.2147
qm9_cn_subset:64928,CC1(C#CC2CN2)CC1,0.2651
qm9_cn_subset:79308,CC1C2CN3C1C23C#N,0.2649
qm9_cn_subset:130373,NC=Nc1n[nH]cc1N,0.182
qm9_cn_subset:12042,N#CC1(N)CN2CC21,0.2679
qm9_cn_subset:63626,CC1(C)NC1C1(C)CN1,0.2992
qm9_cn_subset:116584,CCN=C1CN=CN1C,0.2144
qm9_cn_subset:129896,Nc1cn2nn[nH]c2n1,0.1778
qm9_cn_subset:15026,N#CC(C#N)N1CC1,0.2608
qm9_cn_subset:9927,CC1C(C)C1(N)C#N,0.2975
qm9_cn_subset:36451,N#CCC1CCC12CN2,0.2858
qm9_cn_subset:66962,CC12C3CN(C1C#N)C32,0.2522
qm9_cn_subset:108382,CCC12CCN1C2C#N,0.2632
qm9_cn_subset:33326,C#CC#CC1CC1C#N,0.2177
qm9_cn_subset:24817,N#Cc1c[nH]cnc1=N,0.171
qm9_cn_subset:104916,CNC1(C#N)CC1(C)C,0.2641
qm9_cn_subset:128093,CNc1[nH]nc(N)c1C,0.2408
qm9_cn_subset:126847,C#Cc1cnnn1CC,0.2128
qm9_cn_subset:123578,C1c2n[nH]nc2C2CC12,0.2359
qm9_cn_subset:102301,CCC(C#N)CC(C)C,0.3446
qm9_cn_subset:35578,N#CC1CN2CCCC12,0.2541
qm9_cn_subset:18061,C#CCN1C2CCC21,0.287
qm9_cn_subset:3733,CCn1cnnc1,0.2664
qm9_cn_subset:66886,CC12C(=N)N3C=NC1C32,0.213
qm9_cn_subset:1241,CC(C)NCC#N,0.2706
qm9_cn_subset:56413,C#CC(C)C#CCC#N,0.2799
qm9_cn_subset:36819,N#CCCCCCC#N,0.3454
qm9_cn_subset:127290,Cn1cc2[nH]cnc2n1,0.2116
qm9_cn_subset:25676,CC#Cc1ncccn1,0.2003
qm9_cn_subset:34578,N#CC1=CC=CC=CC1,0.1647
qm9_cn_subset:7469,CC1(CC#N)CCC1,0.3349
qm9_cn_subset:128132,CNc1nnn(C)c1N,0.2262
qm9_cn_subset:123519,c1nnn2cncc2n1,0.1367
qm9_cn_subset:37268,C1C2C3C4C(C5C4N35)N12,0.2981
qm9_cn_subset:33954,N#CC12CN1CC1CC12,0.2619
qm9_cn_subset:40209,C1=CCCC2(C=C1)CN2,0.1824
qm9_cn_subset:27595,N#Cc1cncc(N)n1,0.1712
qm9_cn_subset:63002,CC1(C)C2NC2C2CN21,0.2918
qm9_cn_subset:5444,N#Cc1nc[nH]c1N,0.2189
qm9_cn_subset:124459,CC(C)(C)n1cnnn1,0.2682
qm9_cn_subset:33839,N#CC12CC3(CC3)C1N2,0.2825
qm9_cn_subset:90899,CN1CC2C3N2CC31C,0.2814
qm9_cn_subset:78642,CN1C2=NCC3(N)C2C13,0.1696
qm9_cn_subset:3675,Cc1cnncn1,0.17
qm9_cn_subset:88996,CC1CN1CC1CCC1,0.31
qm9_cn_subset:35300,C#CC1CC2(C#N)CC12,0.2785
qm9_cn_subset:124578,CC(C)Cn1cncn1,0.2707
qm9_cn_subset:30102,CC1NC1c1ccc[nH]1,0.2335
qm9_cn_subset:119638,CCCC12CC3C1N3C2,0.3041
qm9_cn_subset:73755,CC1=C(C#N)C2CC2C1,0.2057
qm9_cn_subset:87571,CC1NC12C(C)C1NC12,0.3009
qm9_cn_subset:601,CC1NC1C#N,0.2936
qm9_cn_subset:79584,CN1C2C3CC3(C)C21C,0.3158
qm9_cn_subset:127282,Cn1cc2c(n1)CCC2,0.2417
qm9_cn_subset:71517,CC12CC3C1CC32C#N,0.3118
qm9_cn_subset:128251,CNc1nc(=N)nn[nH]1,0.1771
qm9_cn_subset:123997,C1=Cc2nn[nH]c2NC1,0.1906
qm9_cn_subset:9565,C#CC1NC1(C)C#N,0.2627
qm9_cn_subset:2489,CC12CC3C1N3C2,0.314
qm9_cn_subset:81854,CC1=CC2(C)NC2C1C,0.2437
qm9_cn_subset:4581,Nc1ccc(N)cc1,0.1817
qm9_cn_subset:20507,CC#Cc1nn[nH]n1,0.2191
qm9_cn_subset:40634,C1=CC2C(C1)C2N1CC1,0.2475
qm9_cn_subset:40693,C1CC1C1NC1C1CN1,0.2979
qm9_cn_subset:123507,c1cc2nccnn2c1,0.1456
qm9_cn_subset:127334,Cn1cnc(C2CN2)n1,0.234
qm9_cn_subset:37993,C1=C2CC3N=C1N1C2C31,0.1449
qm9_cn_subset:26367,Cc1cccn1C(C)C,0.2394
qm9_cn_subset:34181,N#CC12CC3C4C3C1C42,0.2762
qm9_cn_subset:35408,N#CC1NC2C3CN3C12,0.2504
qm9_cn_subset:28971,C#Cc1cncnc1C,0.1986
qm9_cn_subset:14186,CC12NC3C1NC32C,0.2966
qm9_cn_subset:101054,CCC(C)C1(C#N)CN1,0.2943
qm9_cn_subset:86224,CC1CC(N)C(C#N)N1,0.2737
qm9_cn_subset:73976,CC1=C2C=CC3C2N3C1,0.1712
qm9_cn_subset:20307,C#Cc1cnncn1,0.1546
qm9_cn_subset:13646,C#CC#CC1NC1C,0.2176
qm9_cn_subset:3654,Cc1nn[nH]c1C,0.2436
qm9_cn_subset:27699,Cc1nc(N)c(C#N)[nH]1,0.1908
qm9_cn_subset:24793,N#Cc1nc(=N)cc[nH]1,0.1558
qm9_cn_subset:78580,C#CC1C2C3C1C2N3C,0.2609
qm9_cn_subset:24429,c1nc2c([nH]1)CCCN2,0.2154
qm9_cn_subset:130085,Nc1nc2[nH]ncn2n1,0.2206
qm9_cn_subset:16718,N#CC1=CC2CC2C1,0.2074
qm9_cn_subset:99668,CCC(C#N)N1CCC1,0.2679
qm9_cn_subset:948,Nc1ncncn1,0.2191
qm9_cn_subset:24679,C1=Cn2cccc2NC1,0.1869
qm9_cn_subset:24816,C#Cc1c[nH]cnc1=N,0.1683
qm9_cn_subset:123558,C1c2[nH]nnc2N2CC12,0.2208
qm9_cn_subset:62949,CC1(C)C2CN2C12CC2,0.3127
qm9_cn_subset:68305,CC12CN(C1)C2C1CN1,0.3027
qm9_cn_subset:56701,C#CC1(C(C)C#N)CC1,0.2833
qm9_cn_subset:71765,CC12CC3C4CC1C2N43,0.3188
qm9_cn_subset:28327,Nc1cc2n(c1)CCN2,0.2198
qm9_cn_subset:74862,C#CC1C(C)=CC2NC21,0.2412
qm9_cn_subset:5046,N=c1cnccnc1,0.166
qm9_cn_subset:126018,CC1CNc2n[nH]cc21,0.2209
qm9_cn_subset:83907,N#CC12NCCC1C2N,0.2454
qm9_cn_subset:125423,Cc1nc(C2CN2)n[nH]1,0.2337
qm9_cn_subset:59937,CC(C)CC(C)(C)C#N,0.3457
qm9_cn_subset:36890,C1NC1CN1C2CCC21,0.3032
qm9_cn_subset:88691,CN1CC1C1NC1(C)C,0.2897
qm9_cn_subset:30252,CC1Cn2ccc(N)c21,0.2231
qm9_cn_subset:5343,C#Cc1ncccn1,0.2006
qm9_cn_subset:45669,N=C1CN=C2CC=CN12,0.1987
qm9_cn_subset:106191,CCC12C3C4CN1C2C43,0.302
qm9_cn_subset:30542,NC=Nc1cnccn1,0.1757
qm9_cn_subset:76015,CC1C(C#N)C1(N)C#N,0.2528
qm9_cn_subset:62314,C#CC1(C)C2C3CC3N21,0.2497
qm9_cn_subset:126597,CCCCn1ccnn1,0.2581
qm9_cn_subset:129567,N#CC(N)c1cn[nH]n1,0.2468
qm9_cn_subset:24782,N=c1ncnc2n1CC2,0.1841
qm9_cn_subset:122345,CCCCC1C(C)N1C,0.2872
qm9_cn_subset:66787,CC12C3C4C3C1N1C4C12,0.2867
qm9_cn_subset:20745,Cc1n[nH]ncc1=N,0.18
qm9_cn_subset:78953,CC1C2C3C4C(N24)C13C,0.3018
qm9_cn_subset:90840,CN1CC2C3N4CC31C24,0.2873
qm9_cn_subset:78957,CC1C2C3C4C3C1(C)N24,0.3019
qm9_cn_subset:83013,CC1C2CC=C(C#N)C12,0.207
qm9_cn_subset:24132,c1c[nH]c(CN2CC2)n1,0.2501
qm9_cn_subset:24027,C#CCc1cnccn1,0.1947
qm9_cn_subset:125607,Cc1n[nH]c(C)c1C#N,0.2378
qm9_cn_subset:27584,N#Cc1ccnc(N)c1,0.1724
qm9_cn_subset:129143,C#Cc1n[nH]nnc1=N,0.1556
qm9_cn_subset:84527,C#CC1C2C(C)N=CN12,0.2288
qm9_cn_subset:40501,C1NC1C12CC3CN1C32,0.3063
qm9_cn_subset:125059,Cc1[nH]nnc1C1CN1,0.2203
qm9_cn_subset:29908,Cn1cnc(N2CC2)c1,0.2422
qm9_cn_subset:4259,Cc1cc(=N)nc[nH]1,0.1923
qm9_cn_subset:69672,C#CC1C2C3CC3(C)N12,0.2415
qm9_cn_subset:21044,Cn1nc(N)nc1N,0.2337
qm9_cn_subset:38766,C1=CC2CN2CC2NC12,0.2293
qm9_cn_subset:129220,N#Cc1cc(=N)[nH]nn1,0.155
qm9_cn_subset:18915,CC12C3CN4C(C31)C42,0.3002
qm9_cn_subset:33228,CCCCc1cc[nH]c1,0.2502
qm9_cn_subset:35593,C#CC1CN=C(C#N)N1,0.2037
qm9_cn_subset:35130,N#CC1CC(C2CC2)C1,0.3159
qm9_cn_subset:64847,CC1(C#N)CC(C#N)C1,0.3174
qm9_cn_subset:36008,C#CCC(C#N)C1CC1,0.3037
qm9_cn_subset:56364,C#CC(C)(C#N)C1CN1,0.2632
qm9_cn_subset:3813,N#Cc1ccn[nH]1,0.2236
qm9_cn_subset:20459,C1NCc2[nH]nnc21,0.2311
qm9_cn_subset:35183,C#CC1CC12CC1NC12,0.2749
qm9_cn_subset:12903,N#CC1C2NCC12N,0.2671
qm9_cn_subset:21481,N=C(N)c1c[nH]nn1,0.2205
qm9_cn_subset:34496,N#CC1=CC2(CC1)CC2,0.204
qm9_cn_subset:92727,CC1=CCC(C)C2NC12,0.2428
qm9_cn_subset:28974,N#Cc1ccccc1N,0.1796
qm9_cn_subset:13426,CC1C(C)C1CC#N,0.3188
qm9_cn_subset:110419,CCN1C2CC3(C)C2C13,0.2936
qm9_cn_subset:125327,Cc1cn2cnnc2[nH]1,0.22
qm9_cn_subset:29839,C#Cc1cn(C)c(C)n1,0.2174
qm9_cn_subset:40549,C1=C(C2CN2)C2CC2C1,0.2352
qm9_cn_subset:67781,CC12C=CC3C1C1C2N31,0.2309
qm9_cn_subset:16094,C#CC12CC1NC=N2,0.2473
qm9_cn_subset:20970,CN(C)c1c[nH]nn1,0.2013
qm9_cn_subset:128964,c1cnc2n[nH]cc2c1,0.1761
qm9_cn_subset:82817,CC1C2CC3CC1(C)N32,0.2973
qm9_cn_subset:61145,C#CCN(C)C(=N)C#N,0.2014
qm9_cn_subset:127341,Cn1cnc(CC#N)n1,0.2669
qm9_cn_subset:36292,N#CCC1C2CCN1C2,0.2758
qm9_cn_subset:35331,N#CC1CC2(CCC2)N1,0.2636
qm9_cn_subset:15045,C#CC(CC)N1CC1,0.2829
qm9_cn_subset:33858,N#CC12CC3CC3C1C2,0.2902
qm9_cn_subset:76404,CC1C(C)C1(C)N1CC1,0.3006
qm9_cn_subset:32840,CCCc1nc(C)c[nH]1,0.2458
qm9_cn_subset:8963,C#CCNC(=N)C#N,0.213
qm9_cn_subset:99532,CC(C#N)C(C#N)CN,0.2733
qm9_cn_subset:126882,CCN=c1ccnn[nH]1,0.1575
qm9_cn_subset:87298,CC1CC1(C#N)CC#N,0.3094
qm9_cn_subset:127497,Cn1nc(C#N)nc1N,0.2168
qm9_cn_subset:11515,N#CC(N)CN1CC1,0.2772
qm9_cn_subset:75357,CC1=NCC2CN=CN12,0.233
qm9_cn_subset:9564,C#CC1NC1(C)C#C,0.255
qm9_cn_subset:217,c1cncnc1,0.2116
qm9_cn_subset:21008,Cn1cc(C#N)nn1,0.242
qm9_cn_subset:111175,C#CC1C2CN1C2CC,0.2555
qm9_cn_subset:736,Cc1cc[nH]n1,0.2689
qm9_cn_subset:27674,Cc1nc(N)[nH]c1C#N,0.1989
qm9_cn_subset:54876,CC(=N)N1C=NCC1=N,0.2203
qm9_cn_subset:35611,C#CC1NC=NC12CC2,0.2337
qm9_cn_subset:34549,N#CC1=CC2CC3C1N23,0.1814
qm9_cn_subset:33399,N#CC(C#N)C1CCC1,0.317
qm9_cn_subset:77008,CC1C(CC#N)C1(C)C,0.3113
qm9_cn_subset:125919,CC1Cc2cc(N)nn21,0.2272
qm9_cn_subset:19132,N#CC1(C2CC2)CN1,0.2842
qm9_cn_subset:84579,CC1N=CN2C=NCC12,0.2343
qm9_cn_subset:97814,CCC#CC1CC2CN12,0.2652
qm9_cn_subset:101165,CCC(C)C1C(C)N1C,0.2839
qm9_cn_subset:39533,C1=CC23C=CCN2C3C1,0.212
qm9_cn_subset:105990,CCC12C3C4C3C1(C)N42,0.2803
qm9_cn_subset:79548,CC1C2N1C1CC12C#N,0.2495
qm9_cn_subset:71402,CC12CC3N1C2C31CC1,0.31
qm9_cn_subset:100967,CCC(C)C1(C)CN1C,0.2964
qm9_cn_subset:128205,CNc1cc(N)nn1C,0.2317
qm9_cn_subset:31816,CCc1ccc(N)cn1,0.1931
qm9_cn_subset:21106,C#Cc1cnnn1C,0.2123
qm9_cn_subset:33320,C#CC#CC1C2CCN12,0.2039
qm9_cn_subset:30069,Cn1ccnc1CC#N,0.241
qm9_cn_subset:26517,CC12CC1n1ccnc12,0.2246
qm9_cn_subset:75450,CC1=CCCC1(N)C#N,0.255
qm9_cn_subset:66429,CC12C3N1C1(C)C2C31C,0.2809
qm9_cn_subset:32793,CCNc1cc[nH]c1C,0.2168
qm9_cn_subset:17991,N#CC1NC2CNC12,0.2536
qm9_cn_subset:26960,Nc1[nH]cnc1N1CC1,0.2279
qm9_cn_subset:117563,CCNC(C#N)C1CN1,0.2734
qm9_cn_subset:62280,CC1(C#N)C2CC3C2N31,0.2846
qm9_cn_subset:32087,CCc1ccnc(C)n1,0.209
qm9_cn_subset:129215,N#Cc1ncn[nH]c1=N,0.1365
qm9_cn_subset:24496,c1cnc2[nH]ccc2c1,0.1915
qm9_cn_subset:73594,CC12CCCC1C2C#N,0.3087
qm9_cn_subset:24065,N#CCCc1ccc[nH]1,0.2346
qm9_cn_subset:36315,C#CCC1C=CC2NC12,0.2448
qm9_cn_subset:15018,C#CC(C#C)C1CN1,0.2712
qm9_cn_subset:123881,C1CN(c2nn[nH]n2)C1,0.2017
qm9_cn_subset:24464,c1cc2cc[nH]cc-2c1,0.1477
qm9_cn_subset:69618,CC12NC1C1(C#N)NC21,0.2274
qm9_cn_subset:127431,Cc1cc(C#N)n(C)n1,0.2179
qm9_cn_subset:7589,CC(C)C1(C)CN1C,0.2973
qm9_cn_subset:61917,CC(CCC#N)C1CC1,0.3253
qm9_cn_subset:68385,CC12CC(CN3CC31)C2,0.3026
qm9_cn_subset:1396,C#CC(C)CC#N,0.2994
qm9_cn_subset:5461,N#Cc1[nH]cnc1N,0.1932
qm9_cn_subset:111708,CCC1N2CCC12C#N,0.2524
qm9_cn_subset:52486,CC#CC#CC1NC1C,0.2147
qm9_cn_subset:78998,CC1C2=CC3C4C2N1C34,0.1819
qm9_cn_subset:92941,CC1NC=NC1(C)C#N,0.2457
qm9_cn_subset:17705,CC1C2C3C(C)N2C13,0.3085
qm9_cn_subset:39178,C1CN2CC3N4CC32C14,0.1887
qm9_cn_subset:121772,CCCCC(C#N)C#N,0.3248
qm9_cn_subset:36025,C#CCC1(CC#N)CC1,0.3029
qm9_cn_subset:5665,C1=Cc2nc[nH]c2C1,0.1951
qm9_cn_subset:28282,Cc1cc2n(c1)C1CC21,0.2178
qm9_cn_subset:77079,CC1C(C#N)NC1(C)C,0.2642
qm9_cn_subset:16430,CC1C2C3CN2C13C,0.3108
qm9_cn_subset:18440,CN1CC2C(C#N)C21,0.2479
qm9_cn_subset:215,c1ccncc1,0.2293
qm9_cn_subset:55620,N#C[C-](C#N)NC(N)=[NH2+],0.1557
qm9_cn_subset:62577,CC1(C)C2C3CC(C3)N21,0.3057
qm9_cn_subset:28983,N#Cc1cccnc1N,0.1767
qm9_cn_subset:23987,C#Cc1ccc(C#C)[nH]1,0.1754
qm9_cn_subset:33656,N#CC12C3CC1NC2C3,0.2533
qm9_cn_subset:57804,CC(C)C#CCN1CC1,0.2761
qm9_cn_subset:78860,CC1C2C3C(N13)C21CN1,0.3054
qm9_cn_subset:12116,CC1(C2(C)CN2)CN1,0.3091
qm9_cn_subset:126938,CCNc1nc(N)n[nH]1,0.2424
qm9_cn_subset:29036,Cc1ncccnc1=N,0.169
qm9_cn_subset:126957,CCNc1n[nH]cc1C,0.2285
qm9_cn_subset:88358,C#CC(C#N)C1CN1C,0.2575
qm9_cn_subset:61192,C#CCC(N)C(N)C#N,0.2595
qm9_cn_subset:67915,CC12CC(=N)N1C2C#N,0.2448
qm9_cn_subset:24134,c1c[nH]c(NC2CC2)c1,0.2302
qm9_cn_subset:95459,CC1CCC=C1CC#N,0.2536
qm9_cn_subset:2418,CC12CC3C1CN32,0.3268
qm9_cn_subset:125100,Cc1nn[n-]c1[NH+]=CN,0.1337
qm9_cn_subset:12032,CC1(C#N)CC2NC21,0.2849
qm9_cn_subset:94139,C#CC1(C#N)CCN1C,0.2382
qm9_cn_subset:27445,N=c1ncncc(N)n1,0.1565
qm9_cn_subset:67784,CC12C=CC3C4C(C41)N32,0.2215
qm9_cn_subset:56713,N#CC(N)C1(C#N)CN1,0.2749
qm9_cn_subset:10737,CC(C)(C#N)C1CC1,0.3407
qm9_cn_subset:105918,CCC12C3C4CN1C4C32,0.2947
qm9_cn_subset:4918,CNc1c[nH]c(N)c1,0.2231
qm9_cn_subset:129225,N#Cc1nn[nH]c(=N)n1,0.1477
qm9_cn_subset:91304,CN1CC2CC(C#N)C21,0.2516
qm9_cn_subset:129878,N#CCn1cc(N)cn1,0.2112
qm9_cn_subset:849,Nc1c[nH]c(N)c1,0.225
qm9_cn_subset:126613,CCCn1cnc(C)n1,0.2643
qm9_cn_subset:46167,C#CC1(C#N)CNC1=N,0.2591
qm9_cn_subset:73837,CC1=C(C)C2C3CC1N32,0.2188
qm9_cn_subset:127242,Cn1cc(CC#N)cn1,0.2565
qm9_cn_subset:126880,CCN=c1nccn[nH]1,0.1386
qm9_cn_subset:79407,CN1C2C3CC2(C)C31C,0.2869
qm9_cn_subset:17312,CC1C2C3CN3C12C,0.2846
qm9_cn_subset:28958,Cc1ccccc1C#N,0.21
qm9_cn_subset:84606,C#CC12CC1N=CN2C,0.2287
qm9_cn_subset:34304,N#CC12CCC(CC1)C2,0.3382
qm9_cn_subset:8632,C#CC(C)(C#N)CC,0.2963
qm9_cn_subset:33693,N#CC12C3CC4C(C41)C32,0.2627
qm9_cn_subset:112523,CCN1CC(C#N)C1C,0.2603
qm9_cn_subset:4965,Cc1ccncc1N,0.2013
qm9_cn_subset:34081,N#CC12C=CC3C(C1)C32,0.2379
qm9_cn_subset:30375,CN=c1ncncn1C,0.1702
qm9_cn_subset:945,Nc1ncccn1,0.1989
qm9_cn_subset:127313,Cn1ccc(NC=N)n1,0.2163
qm9_cn_subset:129919,Nc1c[nH]c2ncnn12,0.2363
qm9_cn_subset:105178,CC#CC1(CC)NC1C,0.2706
qm9_cn_subset:31657,CCc1cn(C)cc1C,0.2433
qm9_cn_subset:56833,CC(C#N)C1C2CN1C2,0.2789
qm9_cn_subset:33695,N#CC12C3CC4C1N4C32,0.2579
qm9_cn_subset:79042,CC1C2C3N4CCC13C24,0.2957
qm9_cn_subset:73750,CC1=C(C#N)C2CC1N2,0.201
qm9_cn_subset:127261,Cn1cc(C(=N)N)nn1,0.2196
qm9_cn_subset:17719,C1=CC23CN4C2C1C43,0.2205
qm9_cn_subset:5459,N#Cc1[nH]ccc1N,0.1941
qm9_cn_subset:13664,C#CCCN1CC1C,0.2859
qm9_cn_subset:129773,Nc1cnn2c1CCC2,0.2226
qm9_cn_subset:94910,CC1CCN2C(C#N)C12,0.2618
qm9_cn_subset:37130,C1CC23NC2(C1)C1CC13,0.3322
qm9_cn_subset:52588,C#CC(C#CC)N1CC1,0.267
qm9_cn_subset:91842,CN1CC2CC2(C#N)C1,0.2473
qm9_cn_subset:18914,CC12C3CC4C1N4C32,0.3002
qm9_cn_subset:64799,CC1(NC(=N)C#N)CC1,0.2099
qm9_cn_subset:88486,CC1CN1C1(C#N)CC1,0.263
qm9_cn_subset:33664,C#CC12C3CCC1N2C3,0.251
qm9_cn_subset:11222,CC1=CC(C#N)CC1,0.2598
qm9_cn_subset:71701,CC12CN3C4C1C2C43C,0.2975
qm9_cn_subset:26144,Cc1[nH]ccc1C(C)C,0.2402
qm9_cn_subset:79748,CC1C2N3CC3CC12C,0.3023
qm9_cn_subset:5352,N#Cc1ccccn1,0.2139
qm9_cn_subset:103668,CCC1(C)CC(C#N)N1,0.2672
qm9_cn_subset:35712,N#CC1CCC1C1CC1,0.3116
qm9_cn_subset:59833,CC(C)CC#CC1CN1,0.2657
qm9_cn_subset:58815,CC(C)C12CC1C1CN12,0.2907
qm9_cn_subset:78425,CN1C2C1C1C3CN1C32,0.2977
qm9_cn_subset:56797,N#CC(N)C1=NCCN1,0.2397
qm9_cn_subset:85630,CC1C=C(C#N)CC1C,0.2195
qm9_cn_subset:1340,CCN1CC1(C)C,0.3063
qm9_cn_subset:94820,CC1C=CC2(CC1)CN2,0.2499
qm9_cn_subset:125547,Cc1nc2n(n1)CCC2,0.2624
qm9_cn_subset:17212,C1CN2CC3(CN3)C12,0.2772
qm9_cn_subset:35164,N#CC1NC1(C#N)C#N,0.2609
qm9_cn_subset:81825,CC1C(C#N)C2(C)NC12,0.273
qm9_cn_subset:127794,Cn1nncc1C1CN1,0.2404
qm9_cn_subset:21537,N#Cc1[nH]ncc1N,0.1897
qm9_cn_subset:60185,CC(C)CN1CC1C#N,0.2685
qm9_cn_subset:24310,c1nc2c3n1CC3NC2,0.1802
qm9_cn_subset:16097,C#CC12C=CCC1N2,0.2319
qm9_cn_subset:37722,C1CC2C3C4CC(C14)N23,0.3062
qm9_cn_subset:76694,CC1C(C)C1NCC#N,0.2499
qm9_cn_subset:123302,C#Cc1cc(C#C)[nH]n1,0.2048
qm9_cn_subset:30131,CC1CN1c1c[nH]cn1,0.2281
qm9_cn_subset:61946,CC(CC#N)CCC#N,0.3444
qm9_cn_subset:21645,N=c1ncc(N)n[nH]1,0.1303
qm9_cn_subset:69408,C#CC1C=CC2(C)NC12,0.2435
qm9_cn_subset:74722,CC1=CC2CC1(C#N)C2,0.2386
qm9_cn_subset:9687,CCN1CC1(C)CC,0.3019
qm9_cn_subset:24030,C#CCc1ncccn1,0.2093
qm9_cn_subset:123856,c1nnn2c1C1CCC12,0.255
qm9_cn_subset:26407,CC(C)Nc1cc[nH]c1,0.223
qm9_cn_subset:28942,C#CCn1cccc1N,0.2113
qm9_cn_subset:67587,CC12C3CN4C(C31)C42C,0.2988
qm9_cn_subset:33931,N#CC12CCN=CN1C2,0.2343
qm9_cn_subset:95107,N#CC12NC1CCC2N,0.2546
qm9_cn_subset:67408,CC12C3CN1CC32C#N,0.2606
qm9_cn_subset:107078,CCC12CC(C#N)C1C2,0.3009
qm9_cn_subset:40043,C1=CC2N(C1)CC21CN1,0.2288
qm9_cn_subset:127480,C#Cc1cc(N)nn1C,0.1877
qm9_cn_subset:62654,CC12C3CC1N3C2(C)C,0.305
qm9_cn_subset:66598,CC12C3=CC4C1C2N4C3,0.1064
qm9_cn_subset:725,c1cnnnn1,0.166
qm9_cn_subset:70456,CC12CC1CC2CC#N,0.2999
qm9_cn_subset:34870,C#CC1C2CC2C12CN2,0.2795
qm9_cn_subset:58907,CC(C)C12CC3C(C1)N32,0.3129
qm9_cn_subset:33508,N#CC1(CC2CN2)CC1,0.2799
qm9_cn_subset:17143,C#CC12CN3C1CC32,0.2744
qm9_cn_subset:106416,CCC12CN(C1)C21CC1,0.3079
qm9_cn_subset:92016,CC1CC2NC2C2NC12,0.2925
qm9_cn_subset:112062,CCN1C=NCC1C#N,0.2428
qm9_cn_subset:129698,Nc1nn[nH]c1N1CC1,0.2101
qm9_cn_subset:88683,CC1NC1C1NC1(C)C,0.3073
qm9_cn_subset:75177,CC1=CCC(C#N)CC1,0.2598
qm9_cn_subset:60346,CC(C)CCC(C)C#N,0.3485
qm9_cn_subset:32234,CNc1cncnc1N,0.2007
qm9_cn_subset:56820,CC1C(C)C1C(N)C#N,0.2792
qm9_cn_subset:123294,C#Cc1nn[nH]c1C#C,0.1894
qm9_cn_subset:20270,C1C2C3CN4C2C1C34,0.3014
qm9_cn_subset:21357,c1cc2[nH]ncc2[nH]1,0.2143
qm9_cn_subset:108034,CCC12CC3C=CC1N32,0.2135
qm9_cn_subset:56848,CC(C#N)C1C2CCN21,0.2753
qm9_cn_subset:86266,CC1CC(N)C1(N)C#N,0.2713
qm9_cn_subset:26257,CC(C)c1cncn1C,0.2467
qm9_cn_subset:28102,Cc1cc2c([nH]1)C=CC2,0.1746
qm9_cn_subset:64713,CC1(CC#N)CC2NC21,0.2753
qm9_cn_subset:3757,Cn1nccc1N,0.2438
qm9_cn_subset:125945,CC1CCc2[nH]nnc21,0.2379
qm9_cn_subset:39858,C1NC12C1NC3C1NC32,0.2774
qm9_cn_subset:24361,C1=Cc2[nH]cnc2CC1,0.1777
qm9_cn_subset:126237,CCc1[nH]nnc1C#N,0.2407
qm9_cn_subset:62979,CC1(N)C(C#N)C2NC21,0.2763
qm9_cn_subset:67763,CC12C=CC3C(C=C1)N32,0.2105
qm9_cn_subset:28879,Cc1c(N)cccc1N,0.2079
qm9_cn_subset:125510,C#CCn1nnc(C)n1,0.2568
qm9_cn_subset:123317,C#Cc1n[nH]cc1C#N,0.2218
qm9_cn_subset:18199,N#CC1CCC2CC12,0.3273
qm9_cn_subset:19085,C1C2NC2CN2CC12,0.2906
qm9_cn_subset:1157,CC(N)(C#N)C#N,0.2785
qm9_cn_subset:42413,N#CC(=N)NC1CCC1,0.2053
qm9_cn_subset:19233,CC1C(C#N)N2CC12,0.2637
qm9_cn_subset:28577,Cc1ncc(C2CN2)[nH]1,0.2395
qm9_cn_subset:62639,CC1(C)C2C3CC2(C)N31,0.3153
qm9_cn_subset:34886,N#CC1C2NC2C12CN2,0.2675
qm9_cn_subset:129648,N#Cc1n[nH]c(N)c1N,0.2013
qm9_cn_subset:82679,C#CC12C3CN(C1C)C32,0.2589
qm9_cn_subset:126043,CC1NC1c1cn[nH]c1,0.2477
qm9_cn_subset:33758,N#CC12CC(N1)C21CC1,0.2633
qm9_cn_subset:42382,C#CC(=N)NC(=N)C#N,0.1911
qm9_cn_subset:82946,CN1C2CC3NC3C21C,0.2734
qm9_cn_subset:20150,CC1C2C3C2N2C1C32,0.2993
qm9_cn_subset:33629,C#CC12C3=CCN1C2C3,0.1663
qm9_cn_subset:52799,CC#CC1(C)NC1C#N,0.262
qm9_cn_subset:5906,CC(C)(C#N)CC#N,0.3302
qm9_cn_subset:33756,N#CC12CC(C1)C21CN1,0.2707
qm9_cn_subset:125170,Cc1[nH]nc2c1CCC2,0.2452
qm9_cn_subset:24727,c1cn2c(n1)CCCC2,0.2451
qm9_cn_subset:34848,N#CC1C2C=CCC1N2,0.2434
qm9_cn_subset:11087,C#CC1CC(C#N)C1,0.2891
qm9_cn_subset:69674,CC12CC1C1C(C#N)N12,0.242
qm9_cn_subset:17347,CC1CC1C1CN1C,0.3013
qm9_cn_subset:939,Cc1ncncn1,0.2184
qm9_cn_subset:70258,CC12CC1CC(C#N)N2,0.2615
qm9_cn_subset:35814,N#CC1CCN2CCC12,0.2618
qm9_cn_subset:38511,C1=C2CC3CC1C1C2N31,0.1724
qm9_cn_subset:3298,C#CC1CC2CN12,0.2647
qm9_cn_subset:17194,CN1C2CC1C21CN1,0.2925
qm9_cn_subset:83205,CC1C2CCC(C#N)C12,0.3208
qm9_cn_subset:127540,Cn1nc2nc[nH]c2n1,0.2099
qm9_cn_subset:105330,N#CC1(CN)CC2CN21,0.2665
qm9_cn_subset:9018,N#CCN=C(N)C#N,0.2242
qm9_cn_subset:87235,CC1NC1(C)CCC#N,0.2881
qm9_cn_subset:88600,CC1NC1C1C(C)N1C,0.2796
qm9_cn_subset:20339,C1=Cc2[nH]ncc2C1,0.192
qm9_cn_subset:70766,CC12CC3(C#N)C1CC23,0.3159
qm9_cn_subset:65286,C#CC1(C)NC12CCC2,0.2677
qm9_cn_subset:40611,C1NC1C1C2C3CC3N12,0.2676
qm9_cn_subset:38196,C1=CC23CC(C2)N2C1C23,0.1731
qm9_cn_subset:96965,CN=C1NC2CC12C#N,0.2471
qm9_cn_subset:20405,c1[nH]nc2c1NCC2,0.2141
qm9_cn_subset:91952,CC1CN2CC2C12CC2,0.299
qm9_cn_subset:90835,CC1CN2C3C4NC13C42,0.2718
qm9_cn_subset:21183,CNc1cnnnn1,0.171
qm9_cn_subset:68792,CC12CC(C#N)C1(C)N2,0.2701
qm9_cn_subset:39236,C1CC2CN2CC2NC12,0.2923
qm9_cn_subset:65410,C#CC1(C)CN1CC#N,0.2681
qm9_cn_subset:20936,CCNc1c[nH]nn1,0.2091
qm9_cn_subset:66323,CC1(C#N)C=CCCC1,0.2609
qm9_cn_subset:65481,CC1(C#N)CC2(CC2)N1,0.2589
qm9_cn_subset:124112,CC#Cc1nn[nH]c1C,0.2195
qm9_cn_subset:34178,C#CC12CN3C4C3C1C42,0.2731
qm9_cn_subset:63713,CC1(C)NC2(C#N)CC12,0.2441
qm9_cn_subset:17464,CC12CC3NC3C1N2,0.2976
qm9_cn_subset:10195,CNCC(C#N)NC,0.266
qm9_cn_subset:19239,N#CC1C(N)C2CN12,0.2515
qm9_cn_subset:63058,CC1(C)C2CC3CN2C31,0.3098
qm9_cn_subset:17238,CCC12CC3CC1N32,0.3305
qm9_cn_subset:126227,CCc1cnn(C)c1N,0.2379
qm9_cn_subset:17094,N#CC1NC2CC1C2,0.2756
qm9_cn_subset:32656,CCc1cccn1CC,0.2377
qm9_cn_subset:38451,C1CCC2(C1)CC1NC12,0.3086
qm9_cn_subset:17460,CC12CC1C1CN1C2,0.2977
qm9_cn_subset:17225,N#CC12CC3CN1C32,0.2765
qm9_cn_subset:8687,CNC(C)(C#N)CN,0.2725
qm9_cn_subset:26972,C#CCc1cc[nH]c1C,0.2364
qm9_cn_subset:35450,C#CC1CN2CC12C#N,0.2543
qm9_cn_subset:128984,c1nc2nc[nH]nc-2n1,0.1738
qm9_cn_subset:124614,Cc1cnnn1C(C)C,0.2499
qm9_cn_subset:73988,CC1=C2CN3C(CC1)C23,0.2123
qm9_cn_subset:8274,CC1CN(CC#N)C1,0.2596
qm9_cn_subset:36013,N#CCC(C#N)C1CN1,0.2756
qm9_cn_subset:123156,CCCCCCN1CC1,0.3185
qm9_cn_subset:26066,CC(C#N)c1c[nH]cn1,0.2545
qm9_cn_subset:17027,CN1C2CC1C2C#N,0.2576
qm9_cn_subset:107241,CCC12CC1C1NC12C,0.2805
qm9_cn_subset:943,Nc1cncnc1,0.1943
qm9_cn_subset:67195,CC12C3CN1C2C3C#N,0.2817
qm9_cn_subset:25131,N#Cc1nc[nH]c(=N)n1,0.1595
qm9_cn_subset:58194,CC(C)C(C)C(C)C#N,0.3447
qm9_cn_subset:45632,N#CCC1=NCC(=N)N1,0.2297
qm9_cn_subset:87415,CC1NC12C1CC3C2N31,0.3074
qm9_cn_subset:122724,CCCCCC#CC#N,0.2461
qm9_cn_subset:42465,N#CC(=N)NCC1CC1,0.211
qm9_cn_subset:5909,CC(N)(C#N)CC#N,0.275
qm9_cn_subset:73757,CC1=C(C#N)C2NC2C1,0.2077
qm9_cn_subset:79544,CC1C2C3NC3(C#N)C12,0.2905
qm9_cn_subset:127853,CN=c1cnn(C)nc1,0.167
qm9_cn_subset:35477,N#CC1C=CC2CN2C1,0.2257
qm9_cn_subset:106045,CCC12C(C)C3CC1N32,0.3176
qm9_cn_subset:24828,N=c1cc[nH]cnc1=N,0.1829
qm9_cn_subset:37081,C1=C2CC3=NC1C1C2N31,0.105
qm9_cn_subset:28979,N#Cc1ccncc1N,0.17
qm9_cn_subset:39049,C1=CC2NC2C2CN2C1,0.2232
qm9_cn_subset:11644,CN1C2CC1(C#N)C2,0.2459
qm9_cn_subset:65347,C#CC1(C)CC1N1CC1,0.2874
qm9_cn_subset:78714,CC1C2CC3(C#N)C1C23,0.2891
qm9_cn_subset:89594,CC1CC2(CC#N)CC12,0.301
qm9_cn_subset:25629,CC#Cc1cc[nH]c1C,0.2144
qm9_cn_subset:5330,CC(C)n1ccnc1,0.2544
qm9_cn_subset:10375,N#CC1(C#N)CNC1,0.2512
qm9_cn_subset:21655,Nc1n[nH]c(N)c1N,0.2408
qm9_cn_subset:125965,CC1CN1c1cnn[nH]1,0.2307
qm9_cn_subset:87801,CC1CC12CC1C2N1C,0.3046
qm9_cn_subset:123488,c1cc(CN2CC2)n[nH]1,0.235
qm9_cn_subset:28320,Cc1cc2n(c1)CCC2,0.2429
qm9_cn_subset:35151,C#CC1(C#N)NC1C#N,0.2486
qm9_cn_subset:87837,CN1CC12CC1CC12C,0.3127
qm9_cn_subset:88351,C#CC(C#N)N1CC1C,0.257
qm9_cn_subset:38892,C1=C2CCC2CC2NC12,0.2462
qm9_cn_subset:125012,Cc1[nH]nc(C#N)c1N,0.1967
qm9_cn_subset:15118,N#CCCCN1CC1,0.282
qm9_cn_subset:52951,CC#CC12CCC1(C)N2,0.2466
qm9_cn_subset:66599,CC12C3=CC4C(C3)N1C42,0.1222
qm9_cn_subset:39560,C1=CC2N3C=NCC23C1,0.2188
qm9_cn_subset:14384,CC1(C)C2CC3C2N31,0.3239
qm9_cn_subset:66022,C#CC1(C)CNC1C#N,0.2596
qm9_cn_subset:33390,N#CC(C#N)(C#N)C#N,0.3249
qm9_cn_subset:56938,N#CC(N)C1CC1C#N,0.2899
qm9_cn_subset:76019,C#CC1N(C)C1(C)C#N,0.2459
qm9_cn_subset:123419,c1cn(CC2CC2)nn1,0.2585
qm9_cn_subset:53182,CC#CC1C2CN=CN12,0.2267
qm9_cn_subset:67104,CC12C3CCC14CN2C34,0.3014
qm9_cn_subset:126689,CCN(C)c1cc[nH]n1,0.2166
qm9_cn_subset:2140,CN1C=NCC1=N,0.2182
qm9_cn_subset:8594,CC1CC23CC(C2)N13,0.2871
qm9_cn_subset:33153,CCCn1cnc(N)c1,0.2204
qm9_cn_subset:118007,CCCN(C)C(C)C#N,0.2652
qm9_cn_subset:67777,CC12C=CC3C1CCN32,0.2242
qm9_cn_subset:30261,CC1Cc2cccn2C1,0.2433
qm9_cn_subset:3839,N=c1nn[nH]nn1,0.1668
qm9_cn_subset:37004,C1=CC23C=CC4C2C1N43,0.1914
qm9_cn_subset:124926,Cc1nn[nH]c(=N)c1C,0.1643
qm9_cn_subset:104625,CCC1(C#N)CC(C)C1,0.3354
qm9_cn_subset:29265,Cc1c[nH]c(C2CN2)c1,0.2329
qm9_cn_subset:128253,CNc1nn[nH]c(=N)n1,0.1564
qm9_cn_subset:116956,CCCC#CCC1CN1,0.2922
qm9_cn_subset:65484,CC1(C#N)CC2(CN2)C1,0.2881
qm9_cn_subset:105318,CNC1(C#N)CC2CC21,0.2661
qm9_cn_subset:19106,CC1C2C3C1N1C2C31,0.3017
qm9_cn_subset:56374,N#CC(N)(C#N)C1CC1,0.2647
qm9_cn_subset:102305,CCC(C#N)NC(C)C,0.2699
qm9_cn_subset:34050,N#CC12CCCCN1C2,0.2677
qm9_cn_subset:40531,C1=C(C2CC2)CC2NC12,0.2324
qm9_cn_subset:34120,N#CC12CC3CC1C3C2,0.318
qm9_cn_subset:99897,CCC(N)(C#N)C1CN1,0.2707
qm9_cn_subset:3833,N=c1cn[nH]nn1,0.1763
qm9_cn_subset:34710,C#CC1C2C=CC3C2N13,0.2276
qm9_cn_subset:24168,c1cn(CC2CC2)cn1,0.2523
qm9_cn_subset:99637,CCC(C#N)C1CC1C,0.3203
qm9_cn_subset:221,CC(C)(N)C#N,0.3024
qm9_cn_subset:60662,C#CC(C)N=C(N)C#N,0.2178
qm9_cn_subset:168,c1nnc[nH]1,0.2715
qm9_cn_subset:107424,CCC12CN1CC1NC12,0.2911
qm9_cn_subset:125094,Cc1nn[n-]c1C(N)=[NH2+],0.1814
qm9_cn_subset:62666,CC1(C)C2C3NC3(C)C21,0.3367
qm9_cn_subset:21182,CNc1cnnn1C,0.2302
qm9_cn_subset:16086,C#CC12CN=CN1C2,0.2401
qm9_cn_subset:30028,CC1C=Cc2c[nH]cc21,0.1991
qm9_cn_subset:6288,CN(C)CC(N)C#N,0.2606
qm9_cn_subset:36642,N#CCCC1C2CC1C2,0.3432
qm9_cn_subset:218,c1ncncn1,0.2214
qm9_cn_subset:71785,CC12CN3C4CN1C4C32,0.2576
qm9_cn_subset:20122,CC(C1CC1)N1CC1,0.3146
qm9_cn_subset:34200,C#CC12CN3CC(N1)C32,0.2304
qm9_cn_subset:26748,Cc1cc2n(c1N)CC2,0.2397
qm9_cn_subset:33311,N#CC#CC1=NCCN1,0.1647
qm9_cn_subset:66029,C#CC1(C)NCC1C#N,0.2542
qm9_cn_subset:63219,CC1(C)C=CCC1C#N,0.2649
qm9_cn_subset:127657,Cn1ncn2ncnc12,0.2253
qm9_cn_subset:123794,c1n[nH]c(NC2CC2)n1,0.2511
qm9_cn_subset:126367,CCc1n[nH]c(CC)n1,0.2646
qm9_cn_subset:123400,c1cc(CC2CC2)[nH]n1,0.2568
qm9_cn_subset:126236,C#Cc1nn[nH]c1CC,0.2253
qm9_cn_subset:10476,CC#CC1(C#N)CN1,0.2529
qm9_cn_subset:100890,CCN(C)C(C#N)CN,0.2655
qm9_cn_subset:3644,C#Cc1nn[nH]n1,0.2273
qm9_cn_subset:124431,CC(C#N)n1cncn1,0.2702
qm9_cn_subset:123584,c1nn2c3c1CCC3C2,0.1976
qm9_cn_subset:555,N#CC1CCN1,0.267
qm9_cn_subset:119485,CCCC12CC1N1CC12,0.2877
qm9_cn_subset:20888,CCCn1ncnn1,0.2663
qm9_cn_subset:39564,C1=NCC2C3N=CN1C23,0.217
qm9_cn_subset:123569,c1cc2n(n1)C1CC1C2,0.257
qm9_cn_subset:120090,CCCN1C2C3CC3C21,0.2776
qm9_cn_subset:129884,Nc1cnn(C2CC2)c1,0.218
qm9_cn_subset:14573,C#CCCCCC#N,0.3027
qm9_cn_subset:17224,N#CC12CC3CC1N32,0.2702
qm9_cn_subset:97302,CN=CN1CC(N)C1=N,0.2154
qm9_cn_subset:33684,C#CC12C3C4CN1C2C43,0.252
qm9_cn_subset:2609,C#CCC#CC#N,0.2386
qm9_cn_subset:87057,C#CC1(C2CC2)CN1C,0.2613
qm9_cn_subset:30104,CC1NC1c1cnc[nH]1,0.24
qm9_cn_subset:91535,CC1CC2CC12N1CC1,0.3074
qm9_cn_subset:5062,Cc1[nH]cc(N)c1C,0.2267
qm9_cn_subset:68315,CC12CC(C1)N2CC#N,0.267
qm9_cn_subset:61481,CC(C#N)NC(C)C#N,0.2708
qm9_cn_subset:23976,C#Cc1c[nH]c(C#C)n1,0.1944
qm9_cn_subset:124855,CC1(c2ncn[nH]2)CC1,0.2573
qm9_cn_subset:87856,CC1CC12CC1CN1C2,0.3138
qm9_cn_subset:29930,Cn1cnc(N)c1C#N,0.1914
qm9_cn_subset:32126,CNc1ncnc(C)n1,0.2127
qm9_cn_subset:43602,C#CC1(C#N)CC(=N)N1,0.2466
qm9_cn_subset:5678,C1=Cc2cncn2C1,0.182
qm9_cn_subset:24562,c1c[nH]cncncn1,0.198
qm9_cn_subset:33388,C#CC(C#C)(C#N)C#N,0.2875
qm9_cn_subset:3082,CC1C(C#N)N1C,0.2614
qm9_cn_subset:10136,CCCC(C#N)C#N,0.3274
qm9_cn_subset:124163,CC#Cc1n[nH]cc1C,0.2196
qm9_cn_subset:129770,Nc1nnn2c1CC=C2,0.1772
qm9_cn_subset:75316,N#CC12NC1CN=C2N,0.2328
qm9_cn_subset:70843,CC12CC3(C)C4C1N4C23,0.3006
qm9_cn_subset:125631,Cc1n[nH]c(NC=N)n1,0.2149
qm9_cn_subset:24536,c1cc2[nH]cncc-2n1,0.1619
qm9_cn_subset:6142,CC1(C)CC(C#N)N1,0.2695
qm9_cn_subset:105321,CNC1(C#N)CN2CC21,0.2565
qm9_cn_subset:35133,N#CC1CC(C2CC2)N1,0.2696
qm9_cn_subset:13952,N#CCC12CCC1C2,0.3021
qm9_cn_subset:91466,CC1CC2CC1(C#N)N2,0.2645
qm9_cn_subset:117559,CCCC(C#N)C1CN1,0.2806
qm9_cn_subset:3634,C#Cc1cnn[nH]1,0.2135
qm9_cn_subset:88072,CC1CC12CCN1CC12,0.3105
qm9_cn_subset:77192,C#CC1CC(C#N)C1C,0.2868
qm9_cn_subset:32619,C#Cc1cn(CC)cn1,0.2194
qm9_cn_subset:74824,N#CC12CC1N=C(N)N2,0.2433
qm9_cn_subset:21107,Cn1nncc1C#N,0.2234
qm9_cn_subset:49373,C#CC1CC(=N)N1C=N,0.2246
qm9_cn_subset:21393,c1n[nH]c2nnnn12,0.2229
qm9_cn_subset:123486,c1n[nH]c(CN2CC2)n1,0.2675
qm9_cn_subset:24316,c1cc2n3c1CC3CN2,0.177
qm9_cn_subset:76155,CC1(N)C(N)C1(C)C#N,0.2702
qm9_cn_subset:90523,CC1CC2C(C#N)NC12,0.261
qm9_cn_subset:36383,C#CCC1CN1CC#C,0.2683
qm9_cn_subset:126524,CCCc1cc(N)n[nH]1,0.2319
qm9_cn_subset:101282,CCN(C)C1CC1C#N,0.2439
qm9_cn_subset:17263,CC12CN(C1)C21CC1,0.3165
qm9_cn_subset:62416,N#CC1(N)C(=N)N2CC21,0.2236
qm9_cn_subset:128391,CNC1Cn2nncc21,0.2498
qm9_cn_subset:123372,C#CCNc1c[nH]nn1,0.2137
qm9_cn_subset:126866,CCN=c1cn[nH]cn1,0.179
qm9_cn_subset:39548,C1=CC2C3C4C(C1)N2C34,0.2365
qm9_cn_subset:36243,N#CCC1C2CN3C1C23,0.2827
qm9_cn_subset:19674,N#CC1C2CC3C1C23,0.2962
qm9_cn_subset:88895,CC1CN1CC#CC#N,0.1987
qm9_cn_subset:1389,CC#CC(N)C#N,0.2661
qm9_cn_subset:52891,CC#CC1(C#N)CN1C,0.2469
qm9_cn_subset:67022,CC12C=CC3N(C1)C32C,0.2286
qm9_cn_subset:130083,Nc1nn2cnnc2[nH]1,0.2413
qm9_cn_subset:79960,CN1C2C=CC(C)(C)C21,0.2289
qm9_cn_subset:53652,CC#CCNC(C)C#N,0.2637
qm9_cn_subset:119486,CCCC12CN1C1CC12,0.292
qm9_cn_subset:17410,CN1CC12CC1NC12,0.3019
qm9_cn_subset:66527,CC12C3C1C1C3C12C#N,0.252
qm9_cn_subset:34046,N#CC12CCCCC1N2,0.2859
qm9_cn_subset:124909,CC12CC1c1cnnn12,0.2357
qm9_cn_subset:25702,CC#CCc1ccc[nH]1,0.2432
qm9_cn_subset:72766,CC12CCC1=CC1NC12,0.2362
qm9_cn_subset:64110,CC1(C)CNC(C#N)=N1,0.1991
qm9_cn_subset:94364,CC1CCC12CC1NC12,0.3066
qm9_cn_subset:37646,C1C2C3C4C(C5C4N25)N13,0.2725
qm9_cn_subset:100613,CCN(C)C(C#N)=NC,0.1911
qm9_cn_subset:126297,CCc1cc(C)nn1C,0.255
qm9_cn_subset:39703,C1CC12C1C3C4C3N2C41,0.3021
qm9_cn_subset:99905,CNC(C)(C#N)C1CC1,0.2814
qm9_cn_subset:23972,C#Cc1c[nH]c(C#N)c1,0.1994
qm9_cn_subset:35090,C#CC1N=CN2CCC12,0.238
qm9_cn_subset:127828,CN=C(N)c1nc[nH]n1,0.2067
qm9_cn_subset:74596,CC1=CC2C3C1C1C3N21,0.2344
qm9_cn_subset:34439,N#CC12CNC3C1NC32,0.2598
qm9_cn_subset:52597,C#CC(N)(C#N)C#CC,0.2539
qm9_cn_subset:72296,CC12CN=C3C1C1C2N31,0.1557
qm9_cn_subset:20018,CCC1NC1C1CN1,0.3016
qm9_cn_subset:40499,C1C2C3N1CC23N1CC1,0.2933
qm9_cn_subset:124974,Cc1cn[nH]c1CC#N,0.253
qm9_cn_subset:127328,Cc1nn(C)cnc1=N,0.1836
qm9_cn_subset:24386,C1=NCc2[nH]cnc2N1,0.2059
qm9_cn_subset:82783,CN1C2CC3C4C1C2N34,0.2744
qm9_cn_subset:128337,C#Cc1n[nH]nc1NC,0.1891
qm9_cn_subset:58723,CC(C)C12C3C4C1N4C32,0.2783
qm9_cn_subset:19331,N#CC12CC1C1NC12,0.2471
qm9_cn_subset:68262,CC12CC(N1)C2(C)C#N,0.2769
qm9_cn_subset:35596,N#CC1=CCC(C#N)C1,0.2214
qm9_cn_subset:32836,CCCc1cc(N)c[nH]1,0.2229
qm9_cn_subset:89077,CC1CC1CCCC#N,0.3141
qm9_cn_subset:105756,CNC1(C#N)CCCC1,0.2661
qm9_cn_subset:129894,Nc1cn2nnnc2[nH]1,0.2241
qm9_cn_subset:749,Cn1nccn1,0.2577
qm9_cn_subset:30166,CC1Cc2[nH]cnc2N1,0.2076
qm9_cn_subset:205,Nc1cc[nH]c1,0.2299
qm9_cn_subset:35499,N#CC1CC2CC=CC12,0.2596
qm9_cn_subset:105803,CCC12C3CC3N1C2C,0.2791
qm9_cn_subset:124603,CC(C)n1nccc1N,0.2442
qm9_cn_subset:66456,CC12C3CC1C1(C)C3N21,0.3122
qm9_cn_subset:66865,CC12C3N=C4NC(C41)C32,0.1647
qm9_cn_subset:112971,CCC1CC(N2CC2)C1,0.31
qm9_cn_subset:36557,C#CCC#CCCC#N,0.2814
qm9_cn_subset:125947,CC1CCc2cn[nH]c21,0.2474
qm9_cn_subset:33957,N#CC12NC1CC1CC12,0.2706
qm9_cn_subset:24531,c1c[nH]c2ccnc-2n1,0.146
qm9_cn_subset:80636,N#CC1C(N)C2CN1C2,0.2483
qm9_cn_subset:18960,CCN1C2C3CC2C31,0.2966
qm9_cn_subset:77844,CC1C(=N)N2C(C#N)C12,0.247
qm9_cn_subset:34970,C#CC1C2CC3CC2N31,0.2624
qm9_cn_subset:35360,N#CC1NC2=NCCC21,0.2455
qm9_cn_subset:24678,C1=Cn2ccnc2CC1,0.1991
qm9_cn_subset:34680,N#CC1C2C3CC(C3)N12,0.2574
qm9_cn_subset:32915,CCNc1ccc(C)[nH]1,0.2305
qm9_cn_subset:35400,N#CC1CC2C1C1CN21,0.2681
qm9_cn_subset:35656,C#CC1C=C(C#N)CN1,0.204
qm9_cn_subset:105564,CNC1(C#N)CNC1=N,0.2498
qm9_cn_subset:111174,CCC1C2CC1C2C#N,0.3294
qm9_cn_subset:110109,CCC1C(C#N)N1CC,0.2606
qm9_cn_subset:34763,C#CC1C2C(C#N)CN12,0.2634
qm9_cn_subset:88529,CC1CN1C12CC(C1)C2,0.3098
qm9_cn_subset:67603,CC12C3CC4C3CN1C42,0.3328
qm9_cn_subset:128140,C#Cc1nn[nH]c1NC,0.2133
qm9_cn_subset:34177,C#CC12CC3C4C3N1C42,0.2606
qm9_cn_subset:34992,N#CC1C2CC3CC3N12,0.2548
qm9_cn_subset:31636,CCc1cc(C)n(C)c1,0.2399
qm9_cn_subset:78264,CC1C2C1C1(C)C2N1C,0.2726
qm9_cn_subset:91475,N#CC12CN(CC1N)C2,0.2636
qm9_cn_subset:127738,Cn1nnc(N)c1C#N,0.1867
qm9_cn_subset:71677,CC12CC3C1C1CC2N13,0.3046
qm9_cn_subset:40419,C1=CC2(C3CN3)CN2C1,0.23
qm9_cn_subset:56983,CC(C#N)N1CC2CC21,0.2594
qm9_cn_subset:19590,CN1C2CC1C1NC12,0.2771
qm9_cn_subset:35070,C#CC1C=C2CN3C2C13,0.1717
qm9_cn_subset:3621,C1C2C3C1C1C2N31,0.3043
qm9_cn_subset:36654,N#CCCC1C2CCC12,0.3032
qm9_cn_subset:20735,C#Cc1c[nH]nc1C,0.2258
qm9_cn_subset:88243,C#CCC#CC1NC1C,0.2714
qm9_cn_subset:5762,c1c[nH]c(N2CC2)c1,0.2328
qm9_cn_subset:37816,C1=CC23CC4N2CC43C1,0.2159
qm9_cn_subset:5118,Cc1ccn(C)c1N,0.2388
qm9_cn_subset:130144,C#CCc1cc(N)n[nH]1,0.233
qm9_cn_subset:68178,CC12C=C(C#N)C(C1)N2,0.1951
qm9_cn_subset:6558,CC(C)(C)CN1CC1,0.3093
qm9_cn_subset:73965,CC1=C2C3C(C1)C1C2N31,0.1574
qm9_cn_subset:194,Nc1ccc[nH]1,0.2406
qm9_cn_subset:16037,C#CC12CCN1C2C,0.2475
qm9_cn_subset:5450,C#Cc1[nH]ccc1C,0.2012
qm9_cn_subset:52858,CC#CC1(CC#N)CC1,0.272
qm9_cn_subset:61125,C#CCN=C(N)CC#N,0.2585
qm9_cn_subset:16031,CC1C2CNC12C#N,0.2416
qm9_cn_subset:124481,Cc1cn[nH]c1C(C)C,0.2512
qm9_cn_subset:1540,CCCC(C)C#N,0.3516
qm9_cn_subset:5154,C#CCn1ccnc1,0.2443
qm9_cn_subset:12897,CC12CCN1C2C#N,0.2636
qm9_cn_subset:79135,CC1C2C3C(CN2C)N13,0.2769
qm9_cn_subset:35190,C#CC1NC12CN1CC12,0.2563
qm9_cn_subset:93604,CC1=C(C#N)CCC1C,0.2158
qm9_cn_subset:33815,C#CC12CCC1(C#C)N2,0.2395
qm9_cn_subset:29986,Cn1cnc2[nH]ccc21,0.2079
qm9_cn_subset:21200,CNc1ncn(C)n1,0.2195
qm9_cn_subset:23941,C#CC#Cc1c[nH]cn1,0.1858
qm9_cn_subset:35829,C#CC1=CCNC1C#N,0.2061
qm9_cn_subset:126898,CCNc1[nH]nnc1C,0.2229
qm9_cn_subset:20154,C1C2C3CC1N1C2C31,0.34
qm9_cn_subset:20229,C1=C2C3C4C2N(C1)C34,0.1587
qm9_cn_subset:11264,CN1CC=C(C#N)C1,0.1776
qm9_cn_subset:79162,CC1=C2CN3C2C3C1C,0.1667
qm9_cn_subset:125279,Cc1cc2nn[nH]c2[nH]1,0.2096
qm9_cn_subset:125650,Cc1n[nH]c2cc[nH]c12,0.215
qm9_cn_subset:63397,CC1(C)CC(N2CC2)C1,0.3107
qm9_cn_subset:3119,N#CC12CCC1N2,0.2902
qm9_cn_subset:25639,CC#Cc1cc(C)c[nH]1,0.1982
qm9_cn_subset:133817,C1N2C3C4C2C12CN4C32,0.2851
qm9_cn_subset:21155,CNc1nn[nH]c1C,0.2051
qm9_cn_subset:107821,CCC12CCN3C(C1)C32,0.3143
qm9_cn_subset:28987,N#Cc1cncnc1N,0.1931
qm9_cn_subset:45731,N=C1NC=NC12CCC2,0.2212
qm9_cn_subset:81321,CN1C2C=C(C#N)C1C2,0.1779
qm9_cn_subset:11894,CC1=CC2(CC1)CN2,0.2359
qm9_cn_subset:64897,C#CC1(C)NC1(C)C#N,0.2637
qm9_cn_subset:91830,CC1CC2CC2(C#N)C1,0.305
qm9_cn_subset:11680,N#CC12CC(=N)N1C2,0.2434
qm9_cn_subset:37619,C1=CC2C3CC1C1C2N31,0.2453
qm9_cn_subset:38816,C1=CC2C3NC3CN2C1,0.2261
qm9_cn_subset:21705,NC=Nc1c[nH]nn1,0.2077
qm9_cn_subset:71157,CC12CC3C1N3C21CC1,0.3173
qm9_cn_subset:10443,C#CCC1(C#N)CN1,0.2916
qm9_cn_subset:133837,CC12C3=CC4=NC3C1N42,0.1101
qm9_cn_subset:66553,CC12C3C=CC4C3C1N42,0.2299
qm9_cn_subset:53141,CC#CC1C2C(C)CN12,0.2594
qm9_cn_subset:52972,CC#CC12CC1N1CC12,0.2437
qm9_cn_subset:111331,CCC1N2CC2C12CC2,0.3066
qm9_cn_subset:33644,N#CC12C3C=CC1C2C3,0.2312
qm9_cn_subset:11924,CC12CNC1(C#N)C2,0.238
qm9_cn_subset:20912,CCn1ncnc1N,0.2499
qm9_cn_subset:66484,CC12CC3C4N1C4(C)C32,0.3075
qm9_cn_subset:38083,C1=CC2C3NC24C1NC34,0.1694
qm9_cn_subset:24485,C1=Cc2cccnc2C1,0.1936
qm9_cn_subset:63068,CC1(C)C2CC3CN3C21,0.3018
qm9_cn_subset:88487,CC1NC1C1(C#N)CC1,0.2908
qm9_cn_subset:79061,CC1=CC2C3C(C)N2C13,0.2114
qm9_cn_subset:73180,N#CC1NC2CCC12N,0.2517
qm9_cn_subset:35060,N#CC1C2CCCCN12,0.2536
qm9_cn_subset:128998,c1ncc2cn[nH]c2n1,0.2003
qm9_cn_subset:34697,C#CC1C2C3C1N1C2C31,0.2769
qm9_cn_subset:35091,N#CC1C=CC2CCC12,0.2594
qm9_cn_subset:2493,C#CC(C#C)C#N,0.2959
qm9_cn_subset:23948,C#Cc1cc[nH]c1C#C,0.183
qm9_cn_subset:66933,CC12C3CN(C31)C2(C)C,0.3041
qm9_cn_subset:76356,CC1C(N)C1(C#N)C#N,0.2517
qm9_cn_subset:33299,N#CC#CC12CCC1C2,0.2121
qm9_cn_subset:76051,C#CC1N(C)C12CCC2,0.2552
qm9_cn_subset:26974,C#CCc1nc[nH]c1C,0.2424
qm9_cn_subset:125096,Cc1nn[nH]c1C1CC1,0.2318
qm9_cn_subset:34389,N#CC12C=CCC1CN2,0.2323
qm9_cn_subset:8556,CC12CN3CC1(C)C32,0.2939
qm9_cn_subset:128269,CNc1nc(N)nn1C,0.2317
qm9_cn_subset:124912,CC12CC1n1ncnc12,0.2381
qm9_cn_subset:99984,CCC(C)(C)C(N)C#N,0.2954
qm9_cn_subset:26500,CC1(c2c[nH]cn2)CN1,0.246
qm9_cn_subset:31603,CCc1cc(C)cn1C,0.2369
qm9_cn_subset:70634,CC12CC1CNC2C#N,0.2735
qm9_cn_subset:20897,CCn1ccc(N)n1,0.2304
qm9_cn_subset:82776,CC1C2CC3C4C1C2N34,0.2993
qm9_cn_subset:94128,C#CC1(C#N)NCC1C,0.2524
qm9_cn_subset:111549,CCC1N2CC3C2C31C,0.3014
qm9_cn_subset:34792,N#CC1C2CC1(C#N)C2,0.3078
qm9_cn_subset:26763,C#Cc1nc(C)c(C)[nH]1,0.1941
qm9_cn_subset:100212,C#CCC(C)(C#N)CC,0.3051
qm9_cn_subset:40768,C1CC2(CN2)C1N1CC1,0.3118
qm9_cn_subset:125326,Cc1cn(C2CC2)nn1,0.2454
qm9_cn_subset:62808,CC1(C)C2CC1(C#N)C2,0.3224
qm9_cn_subset:56977,CC(C#N)C1CC2CC21,0.3059
qm9_cn_subset:124964,C#CCc1nn[nH]c1C,0.245
qm9_cn_subset:29053,N=c1cncncc1N,0.1321
qm9_cn_subset:36373,N#CCC1NC1C1CN1,0.2848
qm9_cn_subset:19491,N#CC1C2CN=CN12,0.2387
qm9_cn_subset:24118,c1ncc(CC2CN2)[nH]1,0.2473
qm9_cn_subset:125868,CC1CC1c1cnn[nH]1,0.245
qm9_cn_subset:20330,C#CCn1cncn1,0.2713
qm9_cn_subset:105126,CCC1(C#N)NC1C#N,0.2719
qm9_cn_subset:21665,C#Cc1n[nH]nc1N,0.1973
qm9_cn_subset:85903,CC1CC(C)(C)C2CN12,0.3055
qm9_cn_subset:20998,C#Cc1cnn(C)c1,0.225
qm9_cn_subset:41047,C1CC23C4C5C4C12CN53,0.2572
qm9_cn_subset:30582,CCC#Cc1cc[nH]c1,0.219
qm9_cn_subset:82682,CN1C2CC3C2C31C#N,0.2399
qm9_cn_subset:65160,C#CC1NC1C1(C)CC1,0.2731
qm9_cn_subset:29906,Cn1cnc(C2CN2)c1,0.2326
qm9_cn_subset:40993,C1CC2C3C1C21CCN31,0.2831
qm9_cn_subset:24320,c1ccc2c[nH]cc2c1,0.1615
qm9_cn_subset:11643,C#CC12CC(C1)N2C,0.247
qm9_cn_subset:25641,CC#Cc1cc(N)c[nH]1,0.1846
qm9_cn_subset:87229,CC1CC1(C)CCC#N,0.3135
qm9_cn_subset:5149,N#CCc1cc[nH]c1,0.2483
qm9_cn_subset:107511,CCC12CC1NC2C#N,0.2489
qm9_cn_subset:124152,CC#Cc1ncnnn1,0.1574
qm9_cn_subset:26315,CC(C)c1c[nH]c(N)c1,0.2374
qm9_cn_subset:29686,Cc1cc(C)n(C)c1N,0.2371
qm9_cn_subset:74765,CC1=CC2CC1C2C#N,0.2281
qm9_cn_subset:34981,C#CC1C2C3CC3CN12,0.2445
qm9_cn_subset:31808,CCc1cnc(N)cn1,0.1823
qm9_cn_subset:74414,CC1=CC2(C)NC2(C)C1,0.2407
qm9_cn_subset:28793,Nc1ccc2n1CCN2,0.2274
qm9_cn_subset:129390,N=C(N)c1n[nH]cc1N,0.2003
qm9_cn_subset:23930,C#CC#Cc1cnc[nH]1,0.174
qm9_cn_subset:32891,CCNc1ccn(C)c1,0.2167
qm9_cn_subset:90634,C#CC1(C)C2CC(C)N21,0.2743
qm9_cn_subset:21424,N=c1[nH]nn[nH]c1=N,0.2019
qm9_cn_subset:52925,CC#CC12C3CN1CC32,0.2486
qm9_cn_subset:125493,Cc1ncn(C2CC2)n1,0.2608
qm9_cn_subset:26099,CC(C)(C)c1c[nH]cn1,0.2528
qm9_cn_subset:130214,Nc1n[nH]nc1C1CN1,0.2116
qm9_cn_subset:126050,CC1NC1c1nc[nH]n1,0.2469
qm9_cn_subset:79262,CC1N2C3CC1(C)CC32,0.3094
qm9_cn_subset:35437,C#CC12CC1CC2C#N,0.2641
qm9_cn_subset:34007,C#CC12C=CCCN1C2,0.2296
qm9_cn_subset:14577,C#CCNCCC#N,0.2826
qm9_cn_subset:120682,CC#CC1NC1CCC,0.2765
qm9_cn_subset:34575,N#CC1=NC2CCC2N1,0.1939
qm9_cn_subset:84050,CC1C=C(C#N)C2CN12,0.1915
qm9_cn_subset:4266,Cc1nc(=N)nc[nH]1,0.1968
qm9_cn_subset:123844,C1=Cn2ncnc2CC1,0.206
qm9_cn_subset:9563,CC1(C#N)CC1C#N,0.2908
qm9_cn_subset:28273,CC1=Cc2c[nH]cc2C1,0.1978
qm9_cn_subset:33500,C#CC1(CN2CC2)CC1,0.2661
qm9_cn_subset:86020,CC1C=CC(C)(C#N)N1,0.2327
qm9_cn_subset:8739,CC(C#N)C(N)C#N,0.2913
qm9_cn_subset:1021,N#Cc1cc[nH]c1,0.2296
qm9_cn_subset:34051,N#CC12CNCCN1C2,0.2638
qm9_cn_subset:73165,CC12CCC1NC2C#N,0.258
qm9_cn_subset:72052,CC12NC3CC1C32C#N,0.2437
qm9_cn_subset:105897,CCC12C(C)C3C1CN32,0.3072
qm9_cn_subset:12197,CC1CC(C#N)C1C,0.3324
qm9_cn_subset:123402,c1nn[nH]c1CC1CC1,0.2522
qm9_cn_subset:113220,CCC1NC1(C)C1CN1,0.3044
qm9_cn_subset:110632,CCC1C2C3NC3C12C,0.2772
qm9_cn_subset:63221,CC1(C)N=CNC1C#N,0.2458
qm9_cn_subset:27672,C#Cc1[nH]c(N)cc1C,0.1878
qm9_cn_subset:31027,CCc1cc(C)[nH]c1N,0.2369
qm9_cn_subset:119976,CCCC1C(CC)N1C,0.2868
qm9_cn_subset:81750,CC1C(N)C2(C#N)NC12,0.2521
qm9_cn_subset:37546,C1=CC2N3C4CC3C24C1,0.224
qm9_cn_subset:437,N=C1CN=CN1,0.2275
qm9_cn_subset:61398,CC(C#N)NC(C)(C)C,0.2757
qm9_cn_subset:107646,CCC12C=CCCC1N2,0.25
qm9_cn_subset:78818,CC1C2C(C#N)C3C2N13,0.286
qm9_cn_subset:59376,CC(C)N1CC(C#N)C1,0.2583
qm9_cn_subset:128307,CNc1ncc(=N)[nH]n1,0.1257
qm9_cn_subset:105131,C#CC1CC1(C#N)NC,0.2401
qm9_cn_subset:29451,Cc1c[nH]c2[nH]cnc12,0.2212
qm9_cn_subset:15779,N#CCC(N)C1CN1,0.2837
qm9_cn_subset:82115,CC1C(CC#N)C2CC12,0.3086
qm9_cn_subset:124406,C#CC(C)n1ccnn1,0.2562
qm9_cn_subset:63652,CC1(C)CN1CC1CN1,0.3098
qm9_cn_subset:35444,C#CC1CC2CC12C#N,0.2814
qm9_cn_subset:36459,N#CCN1CCC12CC2,0.2499
qm9_cn_subset:33536,N#CC1(C2CC2)CCC1,0.3147
qm9_cn_subset:52589,CC#CC(C#N)C1CC1,0.2875
qm9_cn_subset:32987,CCCc1cncnc1,0.21
qm9_cn_subset:61603,CC(C#N)CC1CN1C,0.2699
qm9_cn_subset:24191,c1nc2c([nH]1)C1CC2C1,0.2251
qm9_cn_subset:29572,Cc1c[nH]cc1N1CC1,0.2374
qm9_cn_subset:76922,CN1C(C2CC2)C1(C)C,0.2899
qm9_cn_subset:89631,CC1CC2(N3CC3)CC12,0.2955
qm9_cn_subset:59393,C#CC1(C)NC1C(C)C,0.2742
qm9_cn_subset:28448,Cc1cnc(C)c(C)c1,0.2223
qm9_cn_subset:527,CCNCC#N,0.2706
qm9_cn_subset:101494,CCC(C)N=C(N)C#N,0.2215
qm9_cn_subset:34833,C#CC1C2CC1C2C#N,0.2865
qm9_cn_subset:88624,CC1NC1C1C2CCN21,0.2881
qm9_cn_subset:5771,c1c[nH]c(C2CN2)n1,0.2418
qm9_cn_subset:126230,CCc1c(C)n[nH]c1N,0.2396
qm9_cn_subset:94142,C#CC1(C#N)NCC1N,0.2428
qm9_cn_subset:1950,CC1CC(C#N)N1,0.2672
qm9_cn_subset:26449,CN(C=N)c1c[nH]cn1,0.2152
qm9_cn_subset:20876,CCCc1cn[nH]n1,0.2569
qm9_cn_subset:21136,CN=c1ccnn[nH]1,0.1583
qm9_cn_subset:26746,Cc1nc2n(c1C)CC2,0.2453
qm9_cn_subset:70313,CC12CC3CN3CC1N2,0.298
qm9_cn_subset:62432,CC1(C#N)C2C=CCN21,0.2231
qm9_cn_subset:121435,CCCN=C(C#N)NC,0.2026
qm9_cn_subset:36859,C1CC2(CN3CC3)NC12,0.3263
qm9_cn_subset:99550,CNC(C#N)C(C)C#N,0.2743
qm9_cn_subset:24113,c1ncc(CC2CC2)[nH]1,0.2487
qm9_cn_subset:37732,C1CC2C3C4CC3(C1)N24,0.3074
qm9_cn_subset:108529,CCC12CCN3C1CC32,0.3112
qm9_cn_subset:52862,CC#CC1(C#CC)CN1,0.2499
qm9_cn_subset:34460,N#CC12CCC3CN1C32,0.2716
qm9_cn_subset:16888,CC1=CC2NC2CC1,0.2392
qm9_cn_subset:24211,c1cc2n(c1)C1CN2C1,0.2338
qm9_cn_subset:37423,C1C2CC3C4NC4C1N23,0.2733
qm9_cn_subset:108881,CCC1=CC(C#N)CC1,0.2584
qm9_cn_subset:33680,N#CC12C3CNC1C2N3,0.239
qm9_cn_subset:125569,Cc1cc(C2CC2)[nH]n1,0.2468
qm9_cn_subset:21552,N=c1cn[nH]c(N)c1,0.1726
qm9_cn_subset:34598,N#CC1=CCN2CC1C2,0.1838
qm9_cn_subset:36113,N#CCC12NC1C1NC12,0.2384
qm9_cn_subset:1765,C#CC1(C)NC1C,0.2753
qm9_cn_subset:11920,CC12CCC1(C#N)C2,0.2811
qm9_cn_subset:16082,C#CC12CC1N=CN2,0.2382
qm9_cn_subset:33269,N#CC#CC#CC1CC1,0.1809
qm9_cn_subset:57227,CC(C)(C#N)C#CC#N,0.2429
qm9_cn_subset:19924,C1=C2CCC2C2NC12,0.2373
qm9_cn_subset:59990,CC(C)CC(C)N1CC1,0.3082
qm9_cn_subset:28457,Cc1ncc(C)c(N)n1,0.2158
qm9_cn_subset:36323,C#CC1CC(CC#N)C1,0.2946
qm9_cn_subset:32998,CCNc1ncccn1,0.1894
qm9_cn_subset:125028,Cc1c(N)cn[nH]c1=N,0.1588
qm9_cn_subset:33692,N#CC12C3CC4C(C31)N42,0.2555
qm9_cn_subset:24698,c1cnc2c(n1)CCC2,0.1928
qm9_cn_subset:125968,CC1CN1c1c[nH]nn1,0.2156
qm9_cn_subset:79580,CC1C2N3CC3(C)C12C,0.3115
qm9_cn_subset:125383,Cc1c[nH]nc1NC=N,0.2208
qm9_cn_subset:110636,CCC1C2N3CC3C12C,0.2837
qm9_cn_subset:33827,C#CC12CC3(CC3)C1N2,0.2719
qm9_cn_subset:27698,C#Cc1[nH]c(C)nc1N,0.1843
qm9_cn_subset:34624,N#CC1=NCC=CCN1,0.2143
qm9_cn_subset:130183,Nc1n[nH]c2cc[nH]c12,0.2056
qm9_cn_subset:26107,CC(C)(C)n1ccnc1,0.2548
qm9_cn_subset:34435,N#CC12CCC3C1CN32,0.2575
qm9_cn_subset:128868,N#CC#Cc1nc[nH]n1,0.1992
qm9_cn_subset:53299,C#CCN1CC1C#CC,0.2546
qm9_cn_subset:28159,Cc1cc2cc[nH]c2[nH]1,0.2198
qm9_cn_subset:71092,CC12CC3C(N1)C32C#N,0.2597
qm9_cn_subset:15098,C#CC#CCN1CC1,0.2188
qm9_cn_subset:123316,C#Cc1cc(C#N)[nH]n1,0.2026
qm9_cn_subset:36080,N#CCC12C3CN1CC32,0.2704
qm9_cn_subset:102177,C#CCC(CC)N1CC1,0.2844
qm9_cn_subset:88227,CC1CC1C#CC1CN1,0.2629
qm9_cn_subset:19893,N#CC1C2C3CN3C12,0.2584
qm9_cn_subset:35023,N#CC1C2NCC12C#N,0.2452
qm9_cn_subset:68022,CC12CC(C)(C1)N1CC12,0.3184
qm9_cn_subset:35168,C#CC1CC12C1CN2C1,0.2844
qm9_cn_subset:66578,CC12C3=CCC4C3N1C42,0.16
qm9_cn_subset:80060,CN1C2C=CC3C2C31C,0.2126
qm9_cn_subset:15237,CNC1C(N)C1C#N,0.2475
qm9_cn_subset:13895,CC(C)C1C(C)N1C,0.2851
qm9_cn_subset:37756,C1=C2CCC34CN(C13)C24,0.1456
qm9_cn_subset:45,CN1CC1,0.3271
qm9_cn_subset:125997,CC1Cn2ncnc2N1,0.2466
qm9_cn_subset:24229,c1nc2c([nH]1)CN1CC21,0.2305
qm9_cn_subset:129130,C#Cc1n[nH]cnc1=N,0.1646
qm9_cn_subset:36657,N#CCCN1C2CCC21,0.2884
qm9_cn_subset:123358,C#CCCn1cnnn1,0.2632
qm9_cn_subset:63814,CC1(C)CC2C3CN3C21,0.2947
qm9_cn_subset:57619,CC(N)(CC#N)CC#N,0.2681
qm9_cn_subset:24144,c1cc(CC2CC2)c[nH]1,0.2499
qm9_cn_subset:126151,CCC(C)c1cn[nH]n1,0.2571
qm9_cn_subset:89665,CC1NC2(C#N)CC12C,0.2402
qm9_cn_subset:99790,CC#CC(N)(C#N)CN,0.2498
qm9_cn_subset:36564,C#CC(C#N)NCC#N,0.2593
qm9_cn_subset:81437,CN1C2CC1C1(C)NC21,0.2734
qm9_cn_subset:19419,C1=CC2(CN2)C2CC12,0.2369
qm9_cn_subset:56371,C#CC(N)(C#N)C1CC1,0.2719
qm9_cn_subset:4303,Cc1nc[nH]c(=N)n1,0.1817
qm9_cn_subset:21117,CN=c1cc[nH]nn1,0.1611
qm9_cn_subset:77025,CN1C(C#N)C1CC#N,0.259
qm9_cn_subset:83443,CC1C2CCC12CC#N,0.298
qm9_cn_subset:21207,CNc1cc(N)[nH]n1,0.2286
qm9_cn_subset:94019,CC1C=CC(C#N)CC1,0.2619
qm9_cn_subset:60043,CC(C)CC1(C)CN1C,0.2957
qm9_cn_subset:4727,N#Cc1cc(N)c[nH]1,0.1835
qm9_cn_subset:5205,CC#Cc1ccc[nH]1,0.2
qm9_cn_subset:80812,N#CC12NC(C1N)C2N,0.2471
qm9_cn_subset:21162,CNc1cn[nH]c1N,0.2204
qm9_cn_subset:37319,C1C2C3CC3N3CC3C12,0.2858
qm9_cn_subset:28200,Cc1cc2c([nH]1)CCN2,0.2079
qm9_cn_subset:126222,CCc1[nH]nc(N)c1N,0.2239
qm9_cn_subset:24592,c1c[nH]c(N2CCC2)c1,0.2255
qm9_cn_subset:107246,CCC12NC1C1CC12C,0.2738
qm9_cn_subset:124612,CC(C)n1nnc(N)n1,0.2191
qm9_cn_subset:30383,CN=c1nccncn1,0.1443
qm9_cn_subset:19637,N#CC12C3C4C3C1C42,0.2577
qm9_cn_subset:124566,CC(C)Cc1ncn[nH]1,0.269
qm9_cn_subset:34607,N#CC1=NCC2CC2N1,0.2054
qm9_cn_subset:120066,CCCC1C2C3CC2N13,0.3144
qm9_cn_subset:105251,CCC1(N2CC2)CC1C,0.3063
qm9_cn_subset:110800,CCC1C2C(C#N)CN12,0.2716
qm9_cn_subset:81993,CC1C2CN2C1(C)C#N,0.277
qm9_cn_subset:56984,N#CC(N)C1CC2CC21,0.2906
qm9_cn_subset:71182,N#CC1N2C3CC1(N)C32,0.2496
qm9_cn_subset:35627,N#CC1N=CNC1C#N,0.247
qm9_cn_subset:79377,C#CC12NC3C1N(C)C32,0.2359
qm9_cn_subset:125487,Cc1ncnn1CC#N,0.2578
qm9_cn_subset:13168,CC(C#N)C1CCC1,0.3399
qm9_cn_subset:110510,CCC1N2C3CC1(C)C32,0.3148
qm9_cn_subset:87825,CC1CC12CN1CC12C,0.3035
qm9_cn_subset:100214,CCC(C)(C#N)CC#N,0.3379
qm9_cn_subset:31259,CNc1nc[nH]c1NC,0.2197
qm9_cn_subset:27754,Cc1cc(N)n2c1CC2,0.2217
qm9_cn_subset:17746,CC12CC3C4C1N4C32,0.3019
qm9_cn_subset:23934,N#CC#Cc1ccc[nH]1,0.1706
qm9_cn_subset:61100,C#CC(C)(C#N)CC#N,0.2918
qm9_cn_subset:24636,c1cc(C2CC2)ccn1,0.2297
qm9_cn_subset:6911,C#CCC1NC1(C)C,0.2981
qm9_cn_subset:77637,CN1C2(C)CCC12C#N,0.2718
qm9_cn_subset:25678,CC#Cc1ccncn1,0.1964
qm9_cn_subset:18434,CC1CC2C(C#N)C12,0.3143
qm9_cn_subset:83891,CC1C2CCNC12C#N,0.2542
qm9_cn_subset:125311,CC1=CCn2nncc21,0.1969
qm9_cn_subset:3303,N#CC1CC2CN12,0.2653
qm9_cn_subset:23949,C#Cc1[nH]ccc1C#N,0.187
qm9_cn_subset:38775,C1C2NC2C2C3CC1N32,0.285
qm9_cn_subset:33387,C#CC(C#C)(C#C)C#N,0.2877
qm9_cn_subset:35446,C#CC1CC2NC12C#N,0.2581
qm9_cn_subset:129821,Nc1cc(N2CC2)n[nH]1,0.2405
qm9_cn_subset:56635,CC(C#N)C1(C)CN1C,0.2683
qm9_cn_subset:36697,N#CCNC1CC2CC21,0.2638
qm9_cn_subset:91078,CC1CC2C1=CC1NC12,0.2376
qm9_cn_subset:53250,CC#CC1CC1(C)C#N,0.2619
qm9_cn_subset:110486,CCC1C2C=CC3C1N23,0.2124
qm9_cn_subset:90809,CN1CC2C3C4C1C4N23,0.2609
qm9_cn_subset:36248,N#CCC1C2CC3C2N13,0.2905
qm9_cn_subset:125614,Cc1n[nH]c(CC#N)n1,0.264
qm9_cn_subset:37780,C1=CC2C3C(=CC1)CN23,0.1965
qm9_cn_subset:111710,CCN1C2CCC21C#N,0.2718
qm9_cn_subset:5795,c1ccn(C2CC2)c1,0.2455
qm9_cn_subset:28493,Cc1ncc(N)cc1N,0.1919
qm9_cn_subset:124867,CC1(n2cncn2)CC1,0.2689
qm9_cn_subset:129668,Nc1[nH]nnc1N1CC1,0.2209
qm9_cn_subset:34040,N#CC12CC1NCCN2,0.2604
qm9_cn_subset:71643,CC12CC3C4C(C31)N4C2,0.3127
qm9_cn_subset:65050,CC1(C2(C#N)CN2)CN1,0.2826
qm9_cn_subset:59839,CC(C)CC#CCC#N,0.2865
qm9_cn_subset:26797,C#Cc1nc(N)c(N)[nH]1,0.1809
qm9_cn_subset:127855,CN=c1cn[nH]c(C)c1,0.1661
qm9_cn_subset:111024,CNC1C2CC1(C#N)N2,0.2428
qm9_cn_subset:5604,CCc1nccn1C,0.245
qm9_cn_subset:24038,N#CCc1cncnc1,0.2079
qm9_cn_subset:126789,C#Cc1cnn(CC)n1,0.2199
qm9_cn_subset:123661,c1nnn2c1NC1CC12,0.2296
qm9_cn_subset:75144,CC1(C#N)CN=C(N)N1,0.2568
qm9_cn_subset:79628,CC1C2NC2C2C(C)N12,0.2788
qm9_cn_subset:78575,C#CC1C2C3C(C)N2C13,0.2747
qm9_cn_subset:82121,CN1C(CC#N)C2CC21,0.2506
qm9_cn_subset:27145,Cc1cc[nH]c1C1CN1,0.2392
qm9_cn_subset:35163,N#CC1CC1(C#N)C#N,0.2741
qm9_cn_subset:10041,C#CC(CC#N)NC,0.2661
qm9_cn_subset:68177,CC12C=C(C#N)C(C1)C2,0.1992
qm9_cn_subset:9266,CCC(C)NCC#N,0.2675
qm9_cn_subset:8639,C#CC(C)(C#N)NC,0.2506
qm9_cn_subset:78939,CC1C2C3C4N2C1C34C,0.2981
qm9_cn_subset:124408,C#CC(C)n1cnnc1,0.2633
qm9_cn_subset:75172,CC1=CCC(CC#N)C1,0.261
qm9_cn_subset:127674,Cn1ncnc1NC=N,0.222
qm9_cn_subset:64850,CC1(C#N)CC(C#N)N1,0.2636
qm9_cn_subset:82213,CC1N2CC2C2CC21C,0.299
qm9_cn_subset:38551,C1=CC23CC2CC2C1N23,0.1935
qm9_cn_subset:126534,CCCc1cnnnn1,0.1657
qm9_cn_subset:129181,N=C1NCc2[nH]nnc21,0.2216
qm9_cn_subset:130401,C#Cc1[n-]nnc1C[NH3+],0.2257
qm9_cn_subset:60563,CC(C1CN1C)N1CC1,0.2989
qm9_cn_subset:81994,C#CC1(C)C(C)C2NC21,0.2865
qm9_cn_subset:65098,CC1(C23CCN2C3)CN1,0.3026
qm9_cn_subset:127936,CN=c1nc(C)cn[nH]1,0.1512
qm9_cn_subset:53023,CC#CC12CC3C1CN32,0.2565
qm9_cn_subset:53180,CC#CC1C2C=CCN12,0.2204
qm9_cn_subset:100472,CCC(C)C#CC1CN1,0.2691
qm9_cn_subset:119209,CNCC1(C#N)NC1C,0.245
qm9_cn_subset:28937,Cc1cccn1CC#N,0.2191
qm9_cn_subset:94909,C#CC1C2C(C)CCN12,0.2567
qm9_cn_subset:125845,CC1c2ncnn2C1C,0.2719
qm9_cn_subset:37656,C1C2C3C4C1C1C2N1C34,0.3165
qm9_cn_subset:129117,N=C1Cn2ncnc2N1,0.2174
qm9_cn_subset:21171,CNc1cc(C)n[nH]1,0.2399
qm9_cn_subset:3816,N#Cc1cn[nH]c1,0.2433
qm9_cn_subset:37695,C1=CC2C3C4CC3(C1)N24,0.2315
qm9_cn_subset:33688,C#CC12C3CC4C1N4C32,0.2522
qm9_cn_subset:62899,CC1(C)C2NC1C2C#N,0.282
qm9_cn_subset:97926,CCC#CCC1(C)CN1,0.2903
qm9_cn_subset:68126,CC12C=CC(C#N)(C1)C2,0.24
qm9_cn_subset:126834,CCn1nnc(C)c1N,0.2292
qm9_cn_subset:3111,C#CC12CCC1N2,0.275
qm9_cn_subset:103108,CNC1(C)C(N)C1C#N,0.2672
qm9_cn_subset:77026,N#CCC1C(N)C1C#N,0.2676
qm9_cn_subset:130186,Nc1n[nH]c2cn[nH]c12,0.1951
qm9_cn_subset:37260,N1C2C1C1C3C4C2C4N13,0.2826
qm9_cn_subset:99934,CCC(C)(C)C#CC#N,0.2464
qm9_cn_subset:42487,C#CCCNC(=N)C#N,0.2061
qm9_cn_subset:53570,CC#CCN1C2CCC21,0.2869
qm9_cn_subset:9722,CC1(C#N)CCCN1,0.2834
qm9_cn_subset:70440,CC12CC1CC2N1CC1,0.3005
qm9_cn_subset:45611,N=C1CN=C(C2CC2)N1,0.2204
qm9_cn_subset:110417,CCC1C2CC3(C)C2N13,0.3238
qm9_cn_subset:13535,C#CC(C)N1CC1C,0.277
qm9_cn_subset:18943,C#CC1C2C3CN2C13,0.2796
qm9_cn_subset:38536,C1=C2CC3NC23CCC1,0.2486
qm9_cn_subset:24652,c1cc(N2CC2)ncn1,0.2139
qm9_cn_subset:36308,N#CCC1C2CCCN12,0.2705
qm9_cn_subset:30308,CC1CNc2cc[nH]c21,0.2126
qm9_cn_subset:20717,Cc1ncc(=N)[nH]n1,0.1476
qm9_cn_subset:123554,c1n[nH]c2c1N1CC1C2,0.2311
qm9_cn_subset:42288,N#CC(=N)N1CCC1=N,0.1966
qm9_cn_subset:31879,CCc1ccc(C#N)[nH]1,0.2031
qm9_cn_subset:64639,N#CC1(N)C=CNC1=N,0.2025
qm9_cn_subset:3658,Cc1[nH]nnc1N,0.2164
qm9_cn_subset:123665,c1[nH]nc2c1C1CC1N2,0.2197
qm9_cn_subset:37001,C1=C2C3C4C1C4C1C2N31,0.1746
qm9_cn_subset:33941,C#CC12NC1CC1NC12,0.2563
qm9_cn_subset:35416,C#CC1CC2C=CCN12,0.2361
qm9_cn_subset:41064,C1CC23C1C1C4C2N4C13,0.2933
qm9_cn_subset:20024,CCN1CC1C1CN1,0.2986
qm9_cn_subset:69365,CC12CC(N3CC3)C1N2,0.3223
qm9_cn_subset:124530,CC(C)c1ccn(C)n1,0.2575
qm9_cn_subset:66796,CC12C3C4C5C(C1N53)N42,0.2261
qm9_cn_subset:36019,C#CCC(C#C)CC#N,0.2871
qm9_cn_subset:129377,N=C(N)c1cncnn1,0.1675
qm9_cn_subset:30034,CC1C=Cn2cccc21,0.1972
qm9_cn_subset:6935,CCCN1CC1(C)C,0.3057
qm9_cn_subset:87218,CN1CC1(C)CN1CC1,0.3125
qm9_cn_subset:24322,c1cc2c[nH]cc2cn1,0.1629
qm9_cn_subset:111154,CCN1C2CC1C21CN1,0.2926
qm9_cn_subset:24190,c1cc2c([nH]1)C1CC2C1,0.2254
qm9_cn_subset:36911,C1=CCC(CN2CC2)C1,0.2613
qm9_cn_subset:62303,N#CC1(N)C2C3CC2C31,0.2947
qm9_cn_subset:19676,N#CC1C2C3CN1C32,0.2566
qm9_cn_subset:129040,C#Cc1n[nH]ccc1=N,0.1608
qm9_cn_subset:69609,C#CC12NC1C1(C)CC12,0.2316
qm9_cn_subset:104525,CCC1(CC#N)CCC1,0.3319
qm9_cn_subset:74861,CC1=CC2CN2C1C#N,0.232
qm9_cn_subset:20241,C1C2C3CN4C1C4C23,0.3113
qm9_cn_subset:127678,Cn1nc[nH]c(=N)c1=N,0.1805
qm9_cn_subset:99917,N#CC(N)(CN)C1CC1,0.2665
qm9_cn_subset:26082,C#CC(C)n1cccc1,0.2368
qm9_cn_subset:8499,CC12CC3(C)C1CN23,0.3202
qm9_cn_subset:106190,CCC12C3C4CC1N2C43,0.3038
qm9_cn_subset:102167,CCC(CC#N)C(C)C,0.3358
qm9_cn_subset:78810,CC1C2C3N2C(C)C13C,0.3065
qm9_cn_subset:108924,CCC1=CC2(C)NC2C1,0.2431
qm9_cn_subset:97261,N#C[C-](N=CN)C(N)=[NH2+],0.1808
qm9_cn_subset:35015,C#CC1C2NCC12C#N,0.2461
qm9_cn_subset:72182,CC12CC3CN4C(C31)C42,0.3101
qm9_cn_subset:56670,CC(C#N)C1(C)CCC1,0.3331
qm9_cn_subset:67245,CC12C3CN1C2C31CC1,0.3178
qm9_cn_subset:21083,Cn1nccnc1=N,0.1476
qm9_cn_subset:71221,CC12C=CC3CC1N3C2,0.2217
qm9_cn_subset:21128,CN=c1nn[nH]nn1,0.1599
qm9_cn_subset:74285,CC1(C#N)CNC(N)=N1,0.2596
qm9_cn_subset:126807,C#Cc1ccnn1CC,0.2118
qm9_cn_subset:1322,C#CC1NC1(C)C,0.2793
qm9_cn_subset:15608,CN=C1CN=CN1C,0.2146
qm9_cn_subset:34836,C#CC1C2NC1C2C#N,0.2721
qm9_cn_subset:5326,CN(C)c1c[nH]cn1,0.2145
qm9_cn_subset:106380,CCC12CC(C1)C1CN12,0.318
qm9_cn_subset:41637,C1=C2C3C(CC1)N1C2C31,0.2055
qm9_cn_subset:74323,CC1=CC(CC#N)CC1,0.2589
qm9_cn_subset:106209,CCC12C=CC3C1CN32,0.2072
qm9_cn_subset:74816,CC1=CC2CC2(C#N)C1,0.2444
qm9_cn_subset:77200,C#CC1CC(C#N)N1C,0.2442
qm9_cn_subset:52811,CC#CC1(C)CC2CN21,0.2684
qm9_cn_subset:62283,N#CC1(N)C2CC3C1N32,0.2751
qm9_cn_subset:57687,CC(C)(C#N)NCC#N,0.2714
qm9_cn_subset:35614,N#CC1CC=CC12CN2,0.2456
qm9_cn_subset:91187,CC1CC2N=CNC2=N1,0.2289
qm9_cn_subset:112063,CNC1C=CCC1C#N,0.2302
qm9_cn_subset:126039,CC1NC1c1ccn[nH]1,0.2497
qm9_cn_subset:36419,N#CCC1CC2CC2C1,0.3128
qm9_cn_subset:79801,CC1C2=CCC3N1C23C,0.1738
qm9_cn_subset:3230,CC12NC1C1NC12,0.2714
qm9_cn_subset:69617,C#CC12NC1C1(C)NC12,0.2263
qm9_cn_subset:106335,CCC12CC(C#N)(C1)N2,0.2694
qm9_cn_subset:24071,N#CCNc1ccc[nH]1,0.2293
qm9_cn_subset:17782,CC#CC1C2CN1C2,0.258
qm9_cn_subset:71693,CC12C3CC4(C)C1N4C32,0.295
qm9_cn_subset:71681,CC12CN3C4C(CC41)C32,0.2963
qm9_cn_subset:103878,CCC1(C)CC1CC#N,0.3181
qm9_cn_subset:63105,CC1(C)C2CNC21C#N,0.2399
qm9_cn_subset:128396,CNC=Nc1c[nH]nn1,0.2052
qm9_cn_subset:112516,CCC1NC(C#N)C1N,0.2636
qm9_cn_subset:127309,C#CCc1ccn(C)n1,0.2559
qm9_cn_subset:84361,CN1C=NC(C)(C)C1=N,0.224
qm9_cn_subset:80010,CN1C2C=CC1C1CC12,0.2149
qm9_cn_subset:52496,CC#CC#CCC1CN1,0.2257
qm9_cn_subset:76170,CC1C(C)(C)C1(C)C#N,0.3088
qm9_cn_subset:34911,C#CC1C2NC2C2CN12,0.2737
qm9_cn_subset:35082,N#CC1C=CC2CC1C2,0.2511
qm9_cn_subset:57759,CC(C)C#CC(C)C#N,0.2849
qm9_cn_subset:127700,Cn1nnc(C2CC2)n1,0.238
qm9_cn_subset:74427,CC1=CC2(C)NC2CC1,0.2495
qm9_cn_subset:28770,Cc1ncc2n1CC=C2,0.1785
qm9_cn_subset:129879,N#CCn1cc(N)nn1,0.2064
qm9_cn_subset:84465,C#CC12CC1N(C)C=N2,0.2383
qm9_cn_subset:36712,N#CCNC1CC=CC1,0.257
qm9_cn_subset:88077,CC1NC12CCC1NC12,0.3059
qm9_cn_subset:97900,CCC#CCC(N)C#N,0.276
qm9_cn_subset:73749,CC1=C(C#N)C2CC1C2,0.198
qm9_cn_subset:27661,N#Cc1cc(N)[nH]c1N,0.2034
qm9_cn_subset:31802,CCc1ccc(N)cc1,0.2024
qm9_cn_subset:31697,CCc1cc(NC)c[nH]1,0.2209
qm9_cn_subset:20892,CCn1cc(N)cn1,0.2208
qm9_cn_subset:64845,C#CC1CC(C)(C#N)C1,0.2861
qm9_cn_subset:16112,C#CC12CCCN1C2,0.2733
qm9_cn_subset:86111,CC1=CC2NC2C(C)C1,0.2392
qm9_cn_subset:72630,N#CC1C2(N)CCC12N,0.2631
qm9_cn_subset:91903,CC1=CC(C)CC2NC12,0.2473
qm9_cn_subset:17544,C1C2CC3(CC3)CN12,0.3204
qm9_cn_subset:27534,Cc1nc(N2CC2)c[nH]1,0.2392
qm9_cn_subset:32673,CCC1Cc2cccn21,0.2484
qm9_cn_subset:53542,CC#CCC1(C#N)CN1,0.2798
qm9_cn_subset:113603,CCN1CC1C#CC#N,0.2034
qm9_cn_subset:13624,CCC(C)C1CN1C,0.3014
qm9_cn_subset:34191,N#CC12CC3C=CC1N32,0.2103
qm9_cn_subset:5652,C1=Cc2[nH]cnc2C1,0.1842
qm9_cn_subset:45745,N=C1NC=NC1C1CC1,0.2264
qm9_cn_subset:87435,CC1NC12C1C3CN1C32,0.3042
qm9_cn_subset:57810,CC(C)C#CCCC#N,0.2857
qm9_cn_subset:113820,CCC1NC1C1CN1C,0.2902
qm9_cn_subset:82511,CC1C2C3NC3(C)CN12,0.3091
qm9_cn_subset:36106,N#CCC12CC1C1CC12,0.2561
qm9_cn_subset:128270,CNc1n[nH]c(NC)n1,0.2396
qm9_cn_subset:125852,CC1C=Cc2[nH]ncc21,0.1899
qm9_cn_subset:33626,N#CC12C3NC1C1C3N12,0.2433
qm9_cn_subset:24558,c1cnccnc[nH]c1,0.1636
qm9_cn_subset:124179,CC#CCc1ccn[nH]1,0.2607
qm9_cn_subset:35053,C#CC1C2CCCCN12,0.2513
qm9_cn_subset:85661,CC1=CC(C)CC1C#N,0.2583
qm9_cn_subset:21397,c1nc2[nH]nnn2n1,0.2235
qm9_cn_subset:60004,CC(C)CC(C)CC#N,0.3455
qm9_cn_subset:78519,CN1C2C3(C)CC2(C)C13,0.2978
qm9_cn_subset:127240,C#CCc1cnn(C)c1,0.2536
qm9_cn_subset:24493,c1cnc2cc[nH]c2c1,0.1936
qm9_cn_subset:6897,CCN1C(C)C1(C)C,0.289
qm9_cn_subset:17824,CN1CC1C1CCC1,0.3018
qm9_cn_subset:123359,C#CCCn1nccn1,0.2515
qm9_cn_subset:41241,C1CC23CN4C(CC42)C13,0.3073
qm9_cn_subset:32243,CNc1ncncc1N,0.2001
qm9_cn_subset:33768,N#CC12CC=CC(C1)C2,0.2494
qm9_cn_subset:79947,C#CC1N=CN2C(C)C12,0.2366
qm9_cn_subset:88348,C#CC(C#N)C1CC1C,0.2981
qm9_cn_subset:24324,c1cnc2c[nH]cc2n1,0.1507
qm9_cn_subset:33834,N#CC12CC1C1(CC1)C2,0.283
qm9_cn_subset:75315,CC1=CCN2CC12C#N,0.2357
qm9_cn_subset:23983,C#Cc1cc2n(c1)CC2,0.2158
qm9_cn_subset:15448,N#C[c-]1cc[nH]c1=[NH2+],0.2135
qm9_cn_subset:31781,CNc1ccc(C)n1C,0.2323
qm9_cn_subset:64505,CC1(N2CC2)C2CCC21,0.3097
qm9_cn_subset:13538,CC(C#N)C1CN1C,0.2702
qm9_cn_subset:57051,CC(C#N)C1CCN1C,0.2663
qm9_cn_subset:30155,Cc1ncn2c1CC2C,0.25
qm9_cn_subset:56575,CC(C#N)C(C)C1CC1,0.3231
qm9_cn_subset:33958,N#CC12NC1CC1NC12,0.258
qm9_cn_subset:4489,Cc1cc(N)c(C)[nH]1,0.2213
qm9_cn_subset:78308,CN1C2C3CC(C)(C3)C21,0.307
qm9_cn_subset:76361,C#CC1(C#N)C(C)N1C,0.2444
qm9_cn_subset:33646,N#CC12C3CN1C=NC32,0.2216
qm9_cn_subset:14538,N#CC1(N)C2CCC21,0.2969
qm9_cn_subset:13957,N#CCC12CCN1C2,0.2757
qm9_cn_subset:95911,CC1CCNC1(C)C#N,0.2708
qm9_cn_subset:41438,C1CC23CCC24CC3N14,0.2814
qm9_cn_subset:68271,C#CC1(C)N2CC1(C)C2,0.2576
qm9_cn_subset:74859,CC1=CC2CC2C1C#N,0.2438
qm9_cn_subset:56633,CC(C#N)C1(C)CC1C,0.3141
qm9_cn_subset:124629,CC(C)Nc1cn[nH]c1,0.2166
qm9_cn_subset:15326,CC#CC1NC1C#N,0.2602
qm9_cn_subset:74538,CC1=CC23CN4C2C1C43,0.2245
qm9_cn_subset:63479,C#CCC1(C)NC1(C)C,0.2838
qm9_cn_subset:37234,C1CC2(C1)C1C3NC3C12,0.2686
qm9_cn_subset:123745,c1cn(C2CCC2)nn1,0.2566
qm9_cn_subset:18790,CC1C2CC3CC1N32,0.2954
qm9_cn_subset:125527,Cc1cc2n(n1)C1CC21,0.2325
qm9_cn_subset:126305,CCc1cc(NC)n[nH]1,0.2216
qm9_cn_subset:126927,CCNc1cnncn1,0.178
qm9_cn_subset:52967,CC#CC12CC(C)N1C2,0.2514
qm9_cn_subset:65319,CC1(C2CN2)CC1C#N,0.2813
qm9_cn_subset:108380,CCC12CCC1C2C#N,0.3082
qm9_cn_subset:11504,CC(C#N)CC1CN1,0.2904
qm9_cn_subset:5383,CCc1cncnc1,0.2099
qm9_cn_subset:14487,CC12C3C4N1C4(C)C32,0.2824
qm9_cn_subset:31891,CNc1ccc(C#N)[nH]1,0.1867
qm9_cn_subset:130125,Nc1n[n-]c(=[NH2+])nc1N,0.1724
qm9_cn_subset:13572,CC1CN1C(=N)C#N,0.2075
qm9_cn_subset:124514,CC(C)c1cnnnn1,0.1677
qm9_cn_subset:66877,NC12C3N=C4NC1C4C32,0.1615
qm9_cn_subset:35430,N#CC1CC2CC(C1)C2,0.3333
qm9_cn_subset:2274,N#CCC1CCC1,0.3408
qm9_cn_subset:92802,CC1CC=C2C3NC3C21,0.237
qm9_cn_subset:24087,C#CCNc1cc[nH]c1,0.2245
qm9_cn_subset:88480,CC1CC1C1(C#N)CC1,0.2953
qm9_cn_subset:117501,CC#CC(C#N)CCC,0.2868
qm9_cn_subset:24469,c1cc2c[nH]cnc-2c1,0.1465
qm9_cn_subset:35781,N#CC1CC2CC2CN1,0.2692
qm9_cn_subset:73996,CC1=C2CC3C2C2C1N32,0.1762
qm9_cn_subset:124183,CC#CCc1cn[nH]c1,0.2565
qm9_cn_subset:127577,C#Cc1c(C)cnn1C,0.2087
qm9_cn_subset:127618,Cn1ncc2c1CCN2,0.2105
qm9_cn_subset:74017,CC1=C2CCC2C2NC12,0.2343
qm9_cn_subset:36435,N#CCC1CC2CCN12,0.2506
qm9_cn_subset:28941,Cc1nccn1CC#N,0.2294
qm9_cn_subset:81607,CN1C2CC1C2CC#N,0.2504
qm9_cn_subset:36132,N#CCC12C=CCN1C2,0.2344
qm9_cn_subset:21643,N#Cc1cc(N)n[nH]1,0.1867
qm9_cn_subset:105258,CCC1(C2CN2)NC1C,0.3081
qm9_cn_subset:33909,N#CC12CN1C1CNC12,0.2416
qm9_cn_subset:62677,CC1(C)C2C3CN3C21C,0.2816
qm9_cn_subset:5635,CCn1cccc1N,0.2368
qm9_cn_subset:33380,C#CC#CCCN1CC1,0.229
qm9_cn_subset:20976,CN(C)c1nc[nH]n1,0.2152
qm9_cn_subset:17462,CC12CC3CN3C1C2,0.3096
qm9_cn_subset:32739,CCNc1[nH]ccc1C,0.2329
qm9_cn_subset:19322,C#CC12CN1C1CC12,0.2377
qm9_cn_subset:35997,N#CCC#CCC1CC1,0.2873
qm9_cn_subset:126102,CCC#Cc1cnn[nH]1,0.2095
qm9_cn_subset:5654,c1cc2[nH]ccc2[nH]1,0.2078
qm9_cn_subset:82171,CC1C2CC2(C)C2CN12,0.3172
qm9_cn_subset:62502,CC1(C)C(C#N)C1C#N,0.2942
qm9_cn_subset:130385,NC=[NH+]Cc1nn[n-]n1,0.1478
qm9_cn_subset:9863,CC1(C#CC#N)CN1,0.2258
qm9_cn_subset:5120,Cc1c(N)ccn1C,0.2252
qm9_cn_subset:32373,CCc1c[nH]c(C#N)c1,0.2065
qm9_cn_subset:125465,Cc1nc2cn[nH]c2[nH]1,0.2247
qm9_cn_subset:15386,CCCN1CC1C#N,0.2689
qm9_cn_subset:107392,CCC12C=C(C)CC1N2,0.2436
qm9_cn_subset:70401,N#CC1(N)CC2CC21N,0.2676
qm9_cn_subset:34993,N#CC1C2CC3CN3C12,0.2595
qm9_cn_subset:83212,CN1C2CCC(C#N)C21,0.2696
qm9_cn_subset:34008,C#CC12C=CCCC1N2,0.2344
qm9_cn_subset:33404,C#CC(C1CC1)N1CC1,0.2839
qm9_cn_subset:77417,CC1C2(C)C3NC3C12C,0.2776
qm9_cn_subset:125692,Cc1n[nH]nc1NC=N,0.2153
qm9_cn_subset:35689,N#CC1CCC12CCC2,0.314
qm9_cn_subset:73413,CC12CCC3C4C1N4C32,0.311
qm9_cn_subset:90823,CN1CC2C3C1C1C2N31,0.2795
qm9_cn_subset:70460,CC12CN1CC2CC#N,0.2767
qm9_cn_subset:19905,CCC1C2C3CC3N12,0.2783
qm9_cn_subset:84656,CC1C=CC2NC2C1C,0.2438
qm9_cn_subset:68136,CC12CNC(C#N)(C1)C2,0.2654
qm9_cn_subset:91843,CN1CC2NC2(C#N)C1,0.2318
qm9_cn_subset:94129,CC1CNC1(C#N)C#N,0.2498
qm9_cn_subset:37641,C1C2C3C4C3C3C4C1N23,0.288
qm9_cn_subset:33562,N#CC1(C#N)CNC=N1,0.2469
qm9_cn_subset:26477,CC1(c2ccc[nH]2)CN1,0.238
qm9_cn_subset:114287,CCC1CC2C(C#N)C12,0.3122
qm9_cn_subset:12108,CC1(CN2CC2)CN1,0.315
qm9_cn_subset:124125,CC#Cc1cc(C)n[nH]1,0.2099
qm9_cn_subset:5397,CNc1ncncn1,0.2091
qm9_cn_subset:53176,CC#CC1C(C)C2NC12,0.2806
qm9_cn_subset:20366,C1CC1c1nn[nH]n1,0.2397
qm9_cn_subset:126315,CCc1cn(C)nc1C,0.2504
qm9_cn_subset:88373,CC1CN1C(C)(C)C#N,0.2705
qm9_cn_subset:27531,Cc1nc(C2CC2)c[nH]1,0.2334
qm9_cn_subset:21638,Nc1cc2n(n1)CC2,0.2295
qm9_cn_subset:20353,c1cc(C2CC2)[nH]n1,0.2455
qm9_cn_subset:20358,c1[nH]nnc1C1CC1,0.2371
qm9_cn_subset:61920,CC(NCC#N)C1CC1,0.268
qm9_cn_subset:105315,CCC1(C#N)NC2CC21,0.2559
qm9_cn_subset:88622,CC1CN1C1C2CCC21,0.3115
qm9_cn_subset:3766,Cn1nnc(N)n1,0.2182
qm9_cn_subset:65564,CC1(CN2CC2)CCC1,0.3109
qm9_cn_subset:70567,CC12CC1CCN1CC12,0.2999
qm9_cn_subset:28641,Cc1ccc(C#N)cn1,0.2092
qm9_cn_subset:129566,N#CC(N)c1nc[nH]n1,0.2519
qm9_cn_subset:77024,C#CC1C(CC#N)N1C,0.2543
qm9_cn_subset:36372,N#CCC1NC1C1CC1,0.2967
qm9_cn_subset:6591,CC12CC(C#N)(C1)C2,0.3343
qm9_cn_subset:126282,CCc1cn[nH]c(=N)c1,0.1598
qm9_cn_subset:70143,CC12CC1N=CNC=N2,0.2041
qm9_cn_subset:15102,N#CC#CCN1CC1,0.2155
qm9_cn_subset:71462,CC12CC3(C#N)C(N1)C23,0.2614
qm9_cn_subset:37002,N1=C2C3C4C1C4C1C3N21,0.1646
qm9_cn_subset:105120,C#CC1CC1(C#N)CC,0.2701
qm9_cn_subset:34095,N#CC12CCC3C(C1)C32,0.3067
qm9_cn_subset:129221,N=c1ccc(=N)[nH]nn1,0.1723
qm9_cn_subset:8920,CCN(C)C(C)C#N,0.2656
qm9_cn_subset:31823,CNc1ccc(N)cc1,0.1785
qm9_cn_subset:104937,CCC1(C#CC#N)CN1,0.2249
qm9_cn_subset:33661,C#CC12C3CCN1C2C3,0.2703
qm9_cn_subset:128153,CNc1nn[nH]c1C#N,0.1767
qm9_cn_subset:27191,Nc1ncn2c1C1CC12,0.1976
qm9_cn_subset:942,Nc1cnccn1,0.1881
qm9_cn_subset:124630,CC(C)Nc1c[nH]nn1,0.2063
qm9_cn_subset:34198,C#CC12CC3CN(C1)C32,0.2453
qm9_cn_subset:40526,C1=C(C2CN2)C2CC1C2,0.2248
qm9_cn_subset:61179,CC(C#N)N(C)CC#N,0.2496
qm9_cn_subset:28040,N#CCn1ccc(N)c1,0.2018
qm9_cn_subset:88452,CN1CC1C1(C)CN1C,0.3043
qm9_cn_subset:110608,CCC1C2C3NC3(C)C12,0.3392
qm9_cn_subset:37579,C1C2C3C2N2C4C1C4C32,0.2803
qm9_cn_subset:5220,CCCc1ccc[nH]1,0.2422
qm9_cn_subset:66872,CC12C3CC4=CC1N2C43,0.1717
qm9_cn_subset:66668,C#CC12C3C4C1C4(C)N32,0.2349
qm9_cn_subset:123375,C#CCNc1ncn[nH]1,0.239
qm9_cn_subset:53196,CC#CC1C=CC2CN12,0.231
qm9_cn_subset:3555,CN1C2CC3C2C31,0.2979
qm9_cn_subset:30360,CC1CCn2cccc21,0.2429
qm9_cn_subset:15230,CCC1C(C)C1C#N,0.3112
qm9_cn_subset:126901,CCNc1nn[nH]c1C,0.205
qm9_cn_subset:35626,N#CC1C=CCC1C#N,0.2634
qm9_cn_subset:125513,Cc1cnn(CC#N)n1,0.247
qm9_cn_subset:64715,CC1(CC#N)CN2CC21,0.2729
qm9_cn_subset:123483,c1[nH]nnc1CN1CC1,0.2425
qm9_cn_subset:31194,CCc1[nH]cnc1C#N,0.2279
qm9_cn_subset:107073,C#CC1CC2(CC)NC12,0.2923
qm9_cn_subset:129998,NC1=Nc2nn[nH]c2C1,0.193
qm9_cn_subset:34956,C#CC1C2CC3CC1N32,0.2652
qm9_cn_subset:53582,CC#CCC1NC1(C)C,0.2955
qm9_cn_subset:29963,C#CCc1ccn(C)c1,0.2453
qm9_cn_subset:124202,CC#CCn1ncnn1,0.244
qm9_cn_subset:111701,CCC1C2CNC12C#N,0.2407
qm9_cn_subset:74328,N#CCC1CNC(N)=N1,0.2644
qm9_cn_subset:13767,CC(C)N1CC1C#N,0.2614
qm9_cn_subset:24696,c1cnc2c(c1)NCC2,0.1867
qm9_cn_subset:126532,CCCc1cnncn1,0.1662
qm9_cn_subset:10933,CC12CC(C#N)C1C2,0.3028
qm9_cn_subset:78870,CN1C2C3C2C2(CN2)C31,0.283
qm9_cn_subset:128028,CN=CNc1nc[nH]n1,0.2195
qm9_cn_subset:61238,CC(CC#N)C1NC1C,0.2939
qm9_cn_subset:124014,c1cc2n(n1)C1CNC21,0.2457
qm9_cn_subset:35783,N#CC1CC2NC2CN1,0.2792
qm9_cn_subset:66606,CC12C3C4C=CC(C31)N42,0.2212
qm9_cn_subset:991,Nc1c[nH]cc1N,0.2348
qm9_cn_subset:24042,N#CCc1ccncn1,0.2116
qm9_cn_subset:123434,c1n[nH]c(CC2CN2)n1,0.2681
qm9_cn_subset:9379,CCCCC(N)C#N,0.2865
qm9_cn_subset:165,c1cn[nH]c1,0.2677
qm9_cn_subset:68624,N#CC1N2CCC1(N)C2,0.2555
qm9_cn_subset:74501,CC1=CC2(C#N)NC2C1,0.2368
qm9_cn_subset:113125,C#CC1(C#C)CN1CC,0.2478
qm9_cn_subset:61516,CC(C#N)CC1(C)CN1,0.2767
qm9_cn_subset:70423,CC12CN1CC21CCC1,0.3023
qm9_cn_subset:29685,Cc1cc(C)n(C)c1C,0.2317
qm9_cn_subset:126582,CCCCc1cn[nH]c1,0.2583
qm9_cn_subset:21063,Cn1ncc(C#N)n1,0.2349
qm9_cn_subset:128029,CN=CNc1cn[nH]n1,0.2118
qm9_cn_subset:3651,c1nc2n(n1)CC2,0.2752
qm9_cn_subset:129041,N#Cc1n[nH]ccc1=N,0.1553
qm9_cn_subset:78715,CC1C2NC3(C#N)C1C23,0.2442
qm9_cn_subset:103094,CCC1(C)C(C#N)N1C,0.2594
qm9_cn_subset:127263,Cn1cc(C2CC2)nn1,0.2349
qm9_cn_subset:13307,N#CCC1C=CCC1,0.2643
qm9_cn_subset:126936,CCNc1nc(C)n[nH]1,0.2526
qm9_cn_subset:123915,c1nc2n(n1)CCCN2,0.2434
qm9_cn_subset:59928,CC(C)NC(C#N)C#N,0.2499
qm9_cn_subset:40985,C1=CC2C3C1C21CCN31,0.2089
qm9_cn_subset:130030,N#CCn1ncnc1N,0.233
qm9_cn_subset:380,N#CC(N)CN,0.28
qm9_cn_subset:36333,C#CCN1CC(C#N)C1,0.2628
qm9_cn_subset:26116,CC(C)c1[nH]cnc1N,0.2205
qm9_cn_subset:83736,CC1C2N1CCC21CC1,0.3106
qm9_cn_subset:9926,CC1C(C)C1(C)C#N,0.3118
qm9_cn_subset:37087,C1CC12C1NC1C21CN1,0.2945
qm9_cn_subset:65808,CC1(NCC#N)CCC1,0.267
qm9_cn_subset:67849,C#CC1N2CC=CC12C,0.2245
qm9_cn_subset:126653,CCCNc1ncn[nH]1,0.2506
qm9_cn_subset:35878,C#CC1CCCC1C#N,0.2964
qm9_cn_subset:85831,CC1NC(C)(C#N)C1C,0.2712
qm9_cn_subset:124930,Cc1[nH]nc(C#N)c1C,0.2292
qm9_cn_subset:24781,N=c1ccnc2n1CC2,0.1829
qm9_cn_subset:124115,CC#Cc1[nH]ncc1N,0.1877
qm9_cn_subset:5156,N#CCn1ccnc1,0.2383
qm9_cn_subset:37650,C1C2C3C4C2C2C4N2C13,0.3059
qm9_cn_subset:36669,C#CCCC1CC1C#N,0.2932
qm9_cn_subset:105124,C#CC1NC1(C#N)CC,0.2621
qm9_cn_subset:17468,CC12CN3CC3C1N2,0.2811
qm9_cn_subset:20269,C1C2C3C1N1C2CC31,0.3147
qm9_cn_subset:12097,CN1CC1C1(C)CC1,0.3036
qm9_cn_subset:124010,C1=Cc2c[nH]nc2NC1,0.1788
qm9_cn_subset:57429,C#CC1NC1C(C)(C)C,0.2799
qm9_cn_subset:9970,C#CC(C#C)CC#N,0.2871
qm9_cn_subset:69677,C#CC1C2C1C1(C)CN21,0.2575
qm9_cn_subset:34649,N#CC1=NCCC=CN1,0.18
qm9_cn_subset:37773,C1=CC2CC3C(C=C1)N23,0.1845
qm9_cn_subset:5370,CN=c1nc[nH]cn1,0.1848
qm9_cn_subset:80490,CC1CC2C(C)C12C#N,0.2828
qm9_cn_subset:26953,Nc1[nH]ccc1C1CN1,0.2331
qm9_cn_subset:70960,CC12CC3(C#N)CC1C32,0.2856
qm9_cn_subset:74678,CC1=CC2N=CN3C1C23,0.23
qm9_cn_subset:78815,C#CC1C2C(C)C3C1N23,0.2857
qm9_cn_subset:5755,c1cn2c(n1)C1CC12,0.2246
qm9_cn_subset:80734,CC1C2CC(C#N)NC12,0.259
qm9_cn_subset:5350,N#Cc1cnccn1,0.1901
qm9_cn_subset:24612,c1nc(N2CCC2)c[nH]1,0.2153
qm9_cn_subset:125643,Cc1n[nH]c2c1CC=C2,0.1917
qm9_cn_subset:730,Cc1cn[nH]c1,0.2601
qm9_cn_subset:99409,CNC(C#N)=NC1CC1,0.1886
qm9_cn_subset:106700,CCC12CC1(C)C1CN12,0.3113
qm9_cn_subset:30271,CC1CCc2[nH]ccc21,0.2379
qm9_cn_subset:4649,C#Cc1c[nH]c(N)c1,0.2104
qm9_cn_subset:125485,Cc1ncnn1C1CC1,0.2544
qm9_cn_subset:71124,CC12CCC3C(C1)N3C2,0.2906
qm9_cn_subset:109522,C#CC1C(C#C)N1CC,0.2424
qm9_cn_subset:92920,CC1CC=CC(C#N)N1,0.2405
qm9_cn_subset:29578,Nc1c[nH]cc1C1CN1,0.226
qm9_cn_subset:21448,N=CNc1cn[nH]c1,0.2185
qm9_cn_subset:34714,N#CC1C2C3N=CN1C32,0.2253
qm9_cn_subset:34885,N#CC1C2NC2C12CC2,0.2735
qm9_cn_subset:79483,CC1N2C3CC2C13C#N,0.2694
qm9_cn_subset:34225,C#CC12CC3CC1CN32,0.2572
qm9_cn_subset:8599,CN1CC23CC(C2)C13,0.2834
qm9_cn_subset:108381,C#CC1N2CCC12CC,0.2586
qm9_cn_subset:125061,Cc1[nH]nnc1N1CC1,0.2353
qm9_cn_subset:33082,CCNc1c[nH]c(C)n1,0.2161
qm9_cn_subset:110365,CCN1C2C3CC(C3)C21,0.3077
qm9_cn_subset:57380,CC(C)(C)C12CN(C1)C2,0.2847
qm9_cn_subset:21211,CNc1n[nH]cc1C,0.2288
qm9_cn_subset:110808,CCN1C2CC(C#N)C21,0.2724
qm9_cn_subset:87046,C#CC1(C2CN2)NC1C,0.2667
qm9_cn_subset:28451,Cc1cnc(C)c(N)n1,0.1873
qm9_cn_subset:123966,C1=NCc2[nH]ncc2N1,0.2107
qm9_cn_subset:110393,CCN1C2C3C1C2N3C,0.2839
qm9_cn_subset:17553,CC12CN1CC21CC1,0.3055
qm9_cn_subset:17172,CCC12CN3C1CC32,0.3101
qm9_cn_subset:53290,CC#CC1CN1C1CC1,0.2632
qm9_cn_subset:33302,N#CC#CC12CCC1N2,0.2198
qm9_cn_subset:130200,Nc1n[nH]cc1C1CN1,0.2305
qm9_cn_subset:33794,N#CC12CCCC(C1)N2,0.2694
qm9_cn_subset:1953,CN1CC(C#N)C1,0.2593
qm9_cn_subset:15162,CCC#CCN1CC1,0.2791
qm9_cn_subset:61321,N#CC#CCC(N)C#N,0.2215
qm9_cn_subset:20425,c1cc(N2CC2)n[nH]1,0.2373
qm9_cn_subset:124875,CC1(c2cnn[nH]2)CN1,0.2483
qm9_cn_subset:21596,N=c1cn[nH]cc1N,0.163
qm9_cn_subset:19133,N#CC1(C2CN2)CN1,0.2585
qm9_cn_subset:106850,CCC12CCC1(C#N)N2,0.2838
qm9_cn_subset:29902,Cn1ccc(C2CN2)c1,0.2413
qm9_cn_subset:24798,C#Cc1nc(=N)nc[nH]1,0.1676
qm9_cn_subset:13171,CC(C#N)N1CCC1,0.2676
qm9_cn_subset:124005,C1=Cn2nccc2NC1,0.1867
qm9_cn_subset:83058,CC1N2CC=CC12C#N,0.2269
qm9_cn_subset:130098,Nc1nn2ncnc2[nH]1,0.2418
qm9_cn_subset:38999,C1=CC2=CCC3NC23C1,0.19
qm9_cn_subset:4728,C#Cc1nc(N)c[nH]1,0.1777
qm9_cn_subset:23992,C#Cc1cnc(C#N)[nH]1,0.1834
qm9_cn_subset:127415,CN1CCn2ncnc21,0.2385
qm9_cn_subset:32997,CCNc1ccccn1,0.1923
qm9_cn_subset:7506,CC#CC1(C)CN1C,0.2636
qm9_cn_subset:105081,CCC1(C2CN2C)CN1,0.2904
qm9_cn_subset:69965,CC12CCC1N1CC12C,0.2918
qm9_cn_subset:107340,CCC12CCC=CC1N2,0.2279
qm9_cn_subset:70391,CC1(C#N)CC2NC21C,0.2782
qm9_cn_subset:123731,c1[nH]nnc1C1CCC1,0.2465
qm9_cn_subset:373,CCC(N)C#N,0.298
qm9_cn_subset:17279,CN1CC1CC1CC1,0.3061
qm9_cn_subset:69519,CC12CN1C1(C)CC21C,0.2905
qm9_cn_subset:3241,C1CC1CN1CC1,0.322
qm9_cn_subset:84608,N#CC12NC1C=CC2N,0.226
qm9_cn_subset:17154,N#CC12NC3C1CC32,0.2548
qm9_cn_subset:31237,CCc1[nH]cnc1NC,0.2083
qm9_cn_subset:35990,N#CCC#CC1CCC1,0.2809
qm9_cn_subset:8744,N#CC(N)C(N)C#N,0.2656
qm9_cn_subset:27758,Cc1cc(N)c2n1CC2,0.2165
qm9_cn_subset:125486,C#CCn1ncnc1C,0.2603
qm9_cn_subset:66780,CC12C3C4C3C3C4C1N32,0.284
qm9_cn_subset:30126,CC1CC1c1cc[nH]c1,0.2476
qm9_cn_subset:68844,CC12CN3CC3C1(C)C2,0.3078
qm9_cn_subset:27363,Cc1nc(=N)nc(C)[nH]1,0.1994
qm9_cn_subset:40500,C1NC1C12CC3CC1N32,0.3095
qm9_cn_subset:124151,CC#Cc1ncnn1C,0.213
qm9_cn_subset:78986,CC1C2C3C4C3C2(C)N14,0.2974
qm9_cn_subset:21486,N=C(N)c1nc[nH]n1,0.2135
qm9_cn_subset:66638,CC12C3CC4CC3C1N42,0.3313
qm9_cn_subset:63667,C#CCCN1CC1(C)C,0.2851
qm9_cn_subset:105973,CCC12C3C4N1C2C43C,0.2753
qm9_cn_subset:99541,CCC(C#N)C(C)C#N,0.3371
qm9_cn_subset:3304,N#CC1CC2NC12,0.28
qm9_cn_subset:76004,CC1(C#N)C(N)C1C#N,0.2461
qm9_cn_subset:32679,CCC1Cn2cccc21,0.2482
qm9_cn_subset:107846,CCC12CC3CC1N3C2,0.3023
qm9_cn_subset:28430,Cc1ccc(N)c(N)c1,0.2015
qm9_cn_subset:37995,C1=CC2=CC3NC3C2C1,0.1917
qm9_cn_subset:10131,CCNC(C#N)=NC,0.2033
qm9_cn_subset:24579,C1=CCn2ccnc2C1,0.2246
qm9_cn_subset:85628,CC1C=C(C#N)CN1C,0.1775
qm9_cn_subset:78217,CC1C2C(N2C)C1(C)C,0.2997
qm9_cn_subset:126826,CCn1ncncc1=N,0.1479
qm9_cn_subset:126000,CC1Cn2nnc(N)c21,0.2194
qm9_cn_subset:85737,C#CC1CC(C)C2NC12,0.2944
qm9_cn_subset:5436,Cc1[nH]cnc1C#N,0.2285
qm9_cn_subset:71994,CC12CN3CC1(C)C32C,0.2889
qm9_cn_subset:24904,N=C1Cc2[nH]cnc2N1,0.1989
qm9_cn_subset:36016,C#CC(CC#N)CC#N,0.2902
qm9_cn_subset:124146,CC#Cc1nc(N)n[nH]1,0.1888
qm9_cn_subset:33699,C#CC12C=CC3C1CN32,0.2054
qm9_cn_subset:53588,CC#CCC1NC1C#N,0.2651
qm9_cn_subset:24155,c1cc(CN2CC2)c[nH]1,0.2465
qm9_cn_subset:39078,C1=CCC2NC2C=CC1,0.2428
qm9_cn_subset:111021,C#CC12CN(C1)C2CC,0.2749
qm9_cn_subset:34375,N#CC12CC=CC1NC2,0.2408
qm9_cn_subset:15227,C#CC1C(CC)N1C,0.2564
qm9_cn_subset:127841,CN=c1cccnn1C,0.1462
qm9_cn_subset:3575,CC1C2C3NC3C12,0.2763
qm9_cn_subset:126770,CCn1nc(N)nc1C,0.227
qm9_cn_subset:68427,CC12CN(CC1C#N)C2,0.2707
qm9_cn_subset:66711,CC12C3C4C3C1(C#N)N42,0.2344
qm9_cn_subset:35541,N#CC1C=C2CCC2N1,0.2248
qm9_cn_subset:35303,C#CC1CC2(C#C)NC12,0.248
qm9_cn_subset:17567,CC12CC(C1)C1CN12,0.3214
qm9_cn_subset:33122,CCCc1c[nH]cc1C,0.249
qm9_cn_subset:35106,N#CC1N=CNC12CC2,0.2389
qm9_cn_subset:52655,CC#CC(C)C(N)C#N,0.2746
qm9_cn_subset:33520,C#CC1(C#N)CN=CN1,0.2423
qm9_cn_subset:20160,C1=C2CN3CC(C1)C23,0.2037
qm9_cn_subset:81070,CC1N2CC1(C1CC1)C2,0.3063
qm9_cn_subset:10537,C#CC1(CCC)CN1,0.2869
qm9_cn_subset:10571,C#CC1(C#C)NC1C,0.2534
qm9_cn_subset:65932,C#CC1(C)CCC12CN2,0.2792
qm9_cn_subset:90483,CC1CC2C1C2N1CC1,0.324
qm9_cn_subset:82675,CC1C2CN3C2C13C#N,0.2758
qm9_cn_subset:88616,CN1CC1C1C2CC1C2,0.3103
qm9_cn_subset:8914,CCC(N)C(N)C#N,0.2848
qm9_cn_subset:35644,N#CC1CN=CNC=N1,0.222
qm9_cn_subset:69809,CC12C=CC3CC3C1N2,0.2448
qm9_cn_subset:126757,CCn1nc(C)cc1N,0.2427
qm9_cn_subset:129223,N=c1ncc(=N)[nH]nn1,0.1669
qm9_cn_subset:126820,CCn1ncnc1C#N,0.2241
qm9_cn_subset:53401,CC#CC1NCC1C#N,0.2636
qm9_cn_subset:56356,C#CCCN=C(N)C#N,0.2156
qm9_cn_subset:63379,CC1(C)CC(C)(C#N)N1,0.2727
qm9_cn_subset:60392,CC(C)CCN1CC1C,0.3043
qm9_cn_subset:9872,CC1(NCC#N)CC1,0.2631
qm9_cn_subset:76638,CC1C(C)N1C1CCC1,0.2872
qm9_cn_subset:104626,CCC1(C#N)CC(C)N1,0.2688
qm9_cn_subset:127400,CN1CCc2[nH]ncc21,0.2068
qm9_cn_subset:81147,CN1C2CCC1(C#N)C2,0.2428
qm9_cn_subset:69409,CC12C=CC(C#N)C1N2,0.2417
qm9_cn_subset:95422,CN1CCC=C(C#N)C1,0.1919
qm9_cn_subset:101506,CCC(C)CC#CC#N,0.2452
qm9_cn_subset:34691,C#CC1C2C3C2C2C3N12,0.2772
qm9_cn_subset:75557,N#CC1NCCN=C1N,0.2454
qm9_cn_subset:34062,N#CC12CC3=CCC1C32,0.1792
qm9_cn_subset:66706,C#CC12C3C4C(N41)C32C,0.2323
qm9_cn_subset:34466,N#CC12NCC3CC1C32,0.2482
qm9_cn_subset:108933,CCC1=CC2(CC1)CN2,0.2345
qm9_cn_subset:64159,CC1(C)CCC1(C)C#N,0.3261
qm9_cn_subset:18309,N=C1CN=C2CCN12,0.2228
qm9_cn_subset:38395,C1C2CC3(CC4NC43)N12,0.3041
qm9_cn_subset:33749,C#CC12CC(N1)C21CN1,0.2601
qm9_cn_subset:125900,CC1Cc2[nH]ncc2N1,0.2121
qm9_cn_subset:39537,C1=CC23CN=CN2C3C1,0.231
qm9_cn_subset:34996,N#CC1C2CN3CC3C12,0.2503
qm9_cn_subset:52918,CC#CC12C3C4C(C31)N42,0.2379
qm9_cn_subset:76048,CC1C(C#N)C12CCC2,0.3028
qm9_cn_subset:3480,CC12C3C4C1N4C32,0.2784
qm9_cn_subset:16436,CN1C2C3NC2C31C,0.2871
qm9_cn_subset:92118,CC1CN2CC3(CN3)C12,0.2758
qm9_cn_subset:24188,C1=CC2Cc3ncc1n32,0.1506
qm9_cn_subset:124491,CC(C)c1[nH]nnc1N,0.2166
qm9_cn_subset:71394,CC1(C)C2CC3(C)C1N23,0.319
qm9_cn_subset:97090,CN=C1NCC1(N)C#N,0.2399
qm9_cn_subset:27873,Cc1cc(C)nc(C)c1,0.225
qm9_cn_subset:4777,CCc1nc(C)c[nH]1,0.247
qm9_cn_subset:130062,N#CCn1cnc(N)n1,0.2195
qm9_cn_subset:34162,C#CC12NC3C4C1N4C32,0.2463
qm9_cn_subset:8680,CCC(N)(C#N)CN,0.2885
qm9_cn_subset:3601,CN1CC1C1CC1,0.3122
qm9_cn_subset:125570,Cc1cc(C2CN2)[nH]n1,0.2412
qm9_cn_subset:78184,CC1C(C#N)C2C(C)N12,0.2637
qm9_cn_subset:28317,Nc1cn2c(c1N)CC2,0.218
qm9_cn_subset:123380,C#CCNc1nn[nH]n1,0.2116
qm9_cn_subset:37685,C1C2C3C4C5CC14C2N53,0.283
qm9_cn_subset:3731,CCn1ccnn1,0.2585
qm9_cn_subset:21135,CN=c1cncn[nH]1,0.1524
qm9_cn_subset:74248,CC1=CC(C#N)C2CC12,0.2467
qm9_cn_subset:62642,CC1(C)C2N3CC2(C)C31,0.3077
qm9_cn_subset:127556,Cn1ncc(C2CN2)n1,0.2214
qm9_cn_subset:108833,CCC1=CC(C)C2NC12,0.2444
qm9_cn_subset:4754,Cn1cnc(C#N)c1,0.2297
qm9_cn_subset:26045,N#CC(N)c1cnc[nH]1,0.2372
qm9_cn_subset:17508,C#CC12CC3C1N3C2,0.2646
qm9_cn_subset:30020,Cn1cnc2c1CCN2,0.2065
qm9_cn_subset:38110,C1=CC2NC3=NCC1C32,0.2252
qm9_cn_subset:20874,CCCc1cc[nH]n1,0.2666
qm9_cn_subset:34325,N#CC12CCC=C1CN2,0.2335
qm9_cn_subset:90046,CN1CC23CC(C)(C2)C13,0.2823
qm9_cn_subset:129002,c1cc2cc[nH+][n-]c-2n1,0.1515
qm9_cn_subset:124851,CC1(c2cn[nH]c2)CC1,0.2566
qm9_cn_subset:91670,CC1CC2CC1C2C#N,0.33
qm9_cn_subset:129857,Nc1cc2[nH]nnc2[nH]1,0.1951
qm9_cn_subset:35341,C#CC1NC23CN(C2)C13,0.2368
qm9_cn_subset:96705,CN=C(C#N)NC(C)C,0.2009
qm9_cn_subset:19459,N#CC1C2CCC1N2,0.271
qm9_cn_subset:125369,Cc1c[nH]nc(C)c1=N,0.1777
qm9_cn_subset:24,C#CC#N,0.2559
qm9_cn_subset:63759,C#CC1C2CC(C)(C)N12,0.2566
qm9_cn_subset:76507,CC1N(C)C12CC1NC12,0.294
qm9_cn_subset:3028,N#CC#CC1CN1,0.2142
qm9_cn_subset:17223,N#CC12CC3CC1C32,0.2899
qm9_cn_subset:35321,N#CC1C=CC2(CN2)C1,0.2405
qm9_cn_subset:129023,C#Cc1cc(=N)nn[nH]1,0.1601
qm9_cn_subset:3860,Nc1cc(N)[nH]n1,0.2376
qm9_cn_subset:30255,CC1Cn2cnc(N)c21,0.2227
qm9_cn_subset:32220,CCc1nccnc1N,0.1876
qm9_cn_subset:127612,Cn1ncc2[nH]ccc21,0.2119
qm9_cn_subset:57802,CC(C)C#CCC1CN1,0.2931
qm9_cn_subset:18698,CC1=CCCC2NC12,0.2489
qm9_cn_subset:120759,CCCN1CC1C1CN1,0.2983
qm9_cn_subset:10640,CNC1(C#N)CC1N,0.2566
qm9_cn_subset:36350,N#CCC1NC12CCC2,0.295
qm9_cn_subset:5125,Cc1ncn(C)c1C,0.2435
qm9_cn_subset:73861,CC1=C(C)CC(C#N)C1,0.2545
qm9_cn_subset:36061,N#CCC1(C#N)CCN1,0.26
qm9_cn_subset:86986,CC1CN(CCC#N)C1,0.267
qm9_cn_subset:24349,c1[nH]cc2c1NCCN2,0.2238
qm9_cn_subset:36267,C#CCC1C2C3NC3C12,0.2721
qm9_cn_subset:21669,N=c1cn[nH]nc1N,0.1651
qm9_cn_subset:5713,c1[nH]cc2c1CCC2,0.2416
qm9_cn_subset:70107,CC12CC1C=CC2C#N,0.2455
qm9_cn_subset:86784,CC1CC(CC#N)C1C,0.3339
qm9_cn_subset:53484,CC#CCC(C#N)C#N,0.2597
qm9_cn_subset:16121,N#CC12CCCC1N2,0.2934
qm9_cn_subset:36122,N#CCC12CC=CC1C2,0.2495
qm9_cn_subset:1474,CCN(C)CC#N,0.2589
qm9_cn_subset:1770,CN1CC1(C)C#N,0.2784
qm9_cn_subset:129021,c1cc2[nH]nncc-2n1,0.1533
qm9_cn_subset:1493,CCNC(=N)C#N,0.2115
qm9_cn_subset:15927,N#CC12CNC1CN2,0.2499
qm9_cn_subset:49772,C#CC1CN=CN1C=N,0.2143
qm9_cn_subset:97661,CCC#CC1(C)NC1C,0.2809
qm9_cn_subset:127349,Cn1cnc2[nH]ncc21,0.2177
qm9_cn_subset:39857,C1C2C3CN2C1C31CN1,0.3036
qm9_cn_subset:28967,C#Cc1cccnc1C,0.1982
qm9_cn_subset:16090,N#CC12CC=CC1N2,0.2381
qm9_cn_subset:32219,CCc1nccnc1C,0.1997
qm9_cn_subset:88586,CC1C(C)C1C1CN1C,0.2935
qm9_cn_subset:94140,CN1CCC1(C#N)C#N,0.2349
qm9_cn_subset:78942,CC1C2C3C1C1(C)C2N31,0.2981
qm9_cn_subset:78955,CC1C2C3C4C2C1(C)N34,0.3028
qm9_cn_subset:126552,CCCc1cnn(C)n1,0.2479
qm9_cn_subset:31886,C#Cc1cnc(CC)[nH]1,0.2031
qm9_cn_subset:32663,CCc1cncn1CC,0.2436
qm9_cn_subset:125602,C#Cc1[nH]nc(C)c1C,0.2106
qm9_cn_subset:83053,C#CC12N=CNC1C2C,0.2442
qm9_cn_subset:74584,CC1=CC2N3C1CC23C,0.215
qm9_cn_subset:130076,Nc1nc2n(n1)C1CC21,0.202
qm9_cn_subset:128060,CNC(=N)c1nn[nH]n1,0.1802
qm9_cn_subset:81128,C#CCC12CN(C1)C2C,0.2754
qm9_cn_subset:128890,N#CC1Cc2ccnn21,0.2464
qm9_cn_subset:34580,N#CC1=CC=CCC=C1,0.1701
qm9_cn_subset:9940,N#CC1(N)C(N)C1N,0.2474
qm9_cn_subset:129964,Nc1nc(C2CC2)n[nH]1,0.2428
qm9_cn_subset:14470,CC12CC3N(C1)C32C,0.3098
qm9_cn_subset:4985,Nc1nccnc1N,0.1831
qm9_cn_subset:78971,CC1C2CC3C1N1C2C31,0.307
qm9_cn_subset:34949,N#CC1C2CC3C2CN13,0.2703
qm9_cn_subset:19910,CCN1C2C3NC3C21,0.2637
qm9_cn_subset:127944,CN=c1[nH]ncnc1C,0.1577
qm9_cn_subset:38150,C1=CC2NC23CCCC13,0.2371
qm9_cn_subset:29750,CC1c2cccn2C1C,0.2479
qm9_cn_subset:34263,N#CC12NC3CCC1C32,0.2434
qm9_cn_subset:90859,CC1C=C2CN3C(C1)C23,0.2139
qm9_cn_subset:89724,CC1=CC(C)CC12CN2,0.2444
qm9_cn_subset:27213,Cc1[nH]cc2c1CC=C2,0.1961
qm9_cn_subset:714,C1C2CN3C1C23,0.3294
qm9_cn_subset:79083,CC1C2C3C=CC2(C)N13,0.2066
qm9_cn_subset:107999,CCC12CC3C1C1C2N31,0.2954
qm9_cn_subset:125003,Cc1[nH]ncc(=N)c1N,0.1619
qm9_cn_subset:20347,C1=Cc2ncnn2C1,0.1965
qm9_cn_subset:64163,CC1(C)CNC1(C)C#N,0.2725
qm9_cn_subset:1081,c1cn2c(n1)CC2,0.259
qm9_cn_subset:30116,CN1CC1c1cnc[nH]1,0.238
qm9_cn_subset:29912,Cc1c(C#N)ccn1C,0.2215
qm9_cn_subset:17149,N#CC12CC3C1CC32,0.3191
qm9_cn_subset:58596,CC(C)C1(CC#N)CC1,0.3203
qm9_cn_subset:19358,CCC12CN1C1CC12,0.292
qm9_cn_subset:3376,C#CC1C2CCN12,0.2619
qm9_cn_subset:10259,C#CC(C#N)N(C)C,0.2391
qm9_cn_subset:79818,CC1C2C3N2CCC13C,0.311
qm9_cn_subset:34196,C#CC12CC3CC(C1)N32,0.2506
qm9_cn_subset:71664,CC12CC3C1CC1C2N31,0.3232
qm9_cn_subset:36408,N#CCC1CC2CC1C2,0.3461
qm9_cn_subset:20801,CCc1nn[nH]c1N,0.2304
qm9_cn_subset:63852,C#CC12NC1CC2(C)C,0.2533
qm9_cn_subset:28819,Cc1cnc(=N)ccn1,0.1526
qm9_cn_subset:34187,C#CC12CC3C=CC1N32,0.2052
qm9_cn_subset:66805,CC12C3C4C5C(C1N42)N53,0.2626
qm9_cn_subset:110108,C#CC1C(CC)N1CC,0.2561
qm9_cn_subset:79648,CC1C2C3CN3C12C#N,0.2447
qm9_cn_subset:56747,N#CC(N)C12CC(C1)N2,0.2742
qm9_cn_subset:86756,CC1=CC(C#N)NC1C,0.2387
qm9_cn_subset:88247,C#CCC#CC1CN1C,0.2552
qm9_cn_subset:106732,CCC12CC=CC1(C)N2,0.2415
qm9_cn_subset:126787,CCn1ncc(=N)cn1,0.1748
qm9_cn_subset:88695,C#CC1NC1C1CC1C,0.278
qm9_cn_subset:38769,C1=CC2NC2CC2CC12,0.2552
qm9_cn_subset:124576,CC(C)Cn1cccn1,0.2621
qm9_cn_subset:37161,C1N2C3C4C5NC5C13C42,0.2942
qm9_cn_subset:24053,C#CCCc1ncc[nH]1,0.2493
qm9_cn_subset:34218,N#CC12CC3CC1N2C3,0.2853
qm9_cn_subset:99892,CCC(C)(C#N)C1CC1,0.3385
qm9_cn_subset:72050,C#CC12C3CN1CC32C,0.2481
qm9_cn_subset:124712,CC(N)=[NH+]c1cnn[n-]1,0.162
qm9_cn_subset:127495,Cc1nc(C#N)nn1C,0.2349
qm9_cn_subset:79784,CC1C2C3CC4C3C1N42,0.3017
qm9_cn_subset:127669,C#CCc1ncnn1C,0.2608
qm9_cn_subset:53328,CC#CC1CC2NC12C,0.2785
qm9_cn_subset:69092,C#CC12CCCC1(C)N2,0.2807
qm9_cn_subset:35239,N#CC1NC12CCCC2,0.2821
qm9_cn_subset:113128,C#CC1(C#N)CC1NC,0.2403
qm9_cn_subset:35653,C#CC1CNC(C#N)=N1,0.2015
qm9_cn_subset:56584,CC(C(N)C#N)C1CC1,0.2802
qm9_cn_subset:18946,N#CC1C2C3CC2N13,0.2645
qm9_cn_subset:20361,c1n[nH]c(C2CC2)n1,0.2577
qm9_cn_subset:35606,N#CC1CN=C2CCN21,0.2382
qm9_cn_subset:79030,CN1C2C3C1C2N1CC31,0.2971
qm9_cn_subset:88184,CC1NC12C=CCCC2,0.2387
qm9_cn_subset:21344,N#CCn1cncn1,0.265
qm9_cn_subset:3530,CN1C2C3CC2C31,0.2987
qm9_cn_subset:77984,CC1CC2(C#N)C(C)C12,0.2843
qm9_cn_subset:58151,CC(C)C(C)C#CC#N,0.2455
qm9_cn_subset:18860,NC1C2N=CN3C1C23,0.2175
qm9_cn_subset:87823,CC1CC12CC1NC12C,0.2978
qm9_cn_subset:101065,CNC(C)C1(C#N)CN1,0.2612
qm9_cn_subset:125353,Cc1cnnn1C1CC1,0.2495
qm9_cn_subset:35270,C#CC1CN1CC1CC1,0.2632
qm9_cn_subset:87310,CN1CC1(C#N)CC#N,0.2698
qm9_cn_subset:58702,CC(N)C1(C#N)CCN1,0.2596
qm9_cn_subset:115022,CCC1CC=CC1C#N,0.2628
qm9_cn_subset:36587,C#CCNC1(C#N)CC1,0.2627
qm9_cn_subset:72602,CC12CCC1(C)C1NC12,0.3165
qm9_cn_subset:32658,CCn1cccc1NC,0.2292
qm9_cn_subset:26202,CN(C)c1cc(N)c[nH]1,0.2175
qm9_cn_subset:37256,C1C2C1N1C3C4C(C31)N24,0.2638
qm9_cn_subset:71043,CC12CC3=CC4C(C31)N42,0.1758
qm9_cn_subset:66966,N#CC1N2CC3C2C31N,0.2493
qm9_cn_subset:93004,CC1CC=CC2(C)NC12,0.2431
qm9_cn_subset:82671,CC1C2CC3C2C13C#N,0.2894
qm9_cn_subset:37282,C1CC2C3C1C2N1CC31,0.318
qm9_cn_subset:37157,C1C2C3C4N5CC4(C35)N12,0.2972
qm9_cn_subset:65363,N#CC1(N)CC1C1CC1,0.2923
qm9_cn_subset:20436,c1nc2n(n1)CCC2,0.2677
qm9_cn_subset:109790,CCN1C(C)C1C1CN1,0.2915
qm9_cn_subset:24049,C#CCCc1ccc[nH]1,0.2376
qm9_cn_subset:18436,C#CC1C2C(C)CN12,0.2606
qm9_cn_subset:52763,CC#CC1(C)C(C)N1C,0.2581
qm9_cn_subset:130092,Nc1cc2n(n1)CCC2,0.2312
qm9_cn_subset:126286,C#Cc1cc(CC)[nH]n1,0.2251
qm9_cn_subset:122896,CCCCCC(N)C#N,0.2864
qm9_cn_subset:28564,Cc1ccc(C2CN2)[nH]1,0.2326
qm9_cn_subset:125531,Cc1nn2ccnc2[nH]1,0.2171
qm9_cn_subset:29458,Nc1c[nH]c2c1C=CC2,0.1879
qm9_cn_subset:127825,C[NH+]=C(N)c1ncn[n-]1,0.1766
qm9_cn_subset:95545,CC1CCC=CC2NC12,0.2341
qm9_cn_subset:123751,C1CC(n2nnnn2)C1,0.2698
qm9_cn_subset:40373,C1CC1C12NC1C1NC12,0.2648
qm9_cn_subset:121962,CCCCN(C)CC#N,0.2584
qm9_cn_subset:20790,CCc1[nH]nnc1C,0.2434
qm9_cn_subset:127146,CN(C)Cc1cnn[nH]1,0.2398
qm9_cn_subset:24180,c1cc2ncncn2c1,0.161
qm9_cn_subset:2878,N#CC1CN=CN1,0.2458
qm9_cn_subset:128924,N#CCCn1ncnn1,0.2615
qm9_cn_subset:81499,C#CC1(C)C2CN1C2C,0.2589
qm9_cn_subset:80064,CC1C2C=CC3CN2C31,0.2219
qm9_cn_subset:21213,CNc1n[nH]nc1C,0.2162
qm9_cn_subset:85673,CC1NC(C#N)C1(C)C,0.2682
qm9_cn_subset:127357,Cn1cnc2c[nH]nc21,0.2104
qm9_cn_subset:20225,C1=CC2C3C4C1N2C43,0.2205
qm9_cn_subset:39795,C1NC12C1NC2C12CN2,0.3022
qm9_cn_subset:30056,Cn1cccc1C1CN1,0.2329
qm9_cn_subset:69868,C#CC12CC1C1NC12C,0.2405
qm9_cn_subset:127267,Cn1cc(NC=N)cn1,0.2146
qm9_cn_subset:124975,Cc1nn[nH]c1CC#N,0.2483
qm9_cn_subset:85708,CC1CC(C#N)C1C#N,0.321
qm9_cn_subset:34685,N#CC1C2C3CCC3C12,0.2938
qm9_cn_subset:128179,CNc1nnn2c1CC2,0.2101
qm9_cn_subset:5575,CNc1cc[nH]c1C,0.2162
qm9_cn_subset:122455,C#CC1NC1CCCC,0.2819
qm9_cn_subset:21208,CNc1n[nH]c(N)n1,0.2349
qm9_cn_subset:128970,c1nncc2c[nH]cc12,0.1726
qm9_cn_subset:99844,CC(C)C(N)(C#N)CN,0.2854
qm9_cn_subset:36670,C#CCCC1NC1C#C,0.2794
qm9_cn_subset:123964,C1=NCc2nn[nH]c2N1,0.2054
qm9_cn_subset:116585,CCN=C1NC=NC1C,0.2211
qm9_cn_subset:130207,N=CNc1c[nH]nc1N,0.2154
qm9_cn_subset:58632,CC(C)C1(C2CN2)CN1,0.3005
qm9_cn_subset:124203,CC#CCn1nnnn1,0.2341
qm9_cn_subset:126514,CCCc1cn[nH]c1N,0.2395
qm9_cn_subset:67850,CC12C=CCN1C2C#N,0.2315
qm9_cn_subset:56400,CC(C#N)C#CC1CC1,0.2687
qm9_cn_subset:124409,C#CC(C)n1cnnn1,0.2656
qm9_cn_subset:32595,CCn1cc(N)nc1C,0.2154
qm9_cn_subset:128978,c1cc2cncc-2n[nH]1,0.1263
qm9_cn_subset:88696,CC1CC1C1NC1C#N,0.2829
qm9_cn_subset:39975,C1C2C3C1C1(CC1)CN23,0.3237
qm9_cn_subset:128899,N#CCc1nccnn1,0.1647
qm9_cn_subset:3790,CNc1nc[nH]n1,0.2251
qm9_cn_subset:123773,c1nc2n(n1)C1(CC1)C2,0.2677
qm9_cn_subset:127787,Cc1cnnn(C)c1=N,0.1667
qm9_cn_subset:127253,C#Cc1nn(C)cc1N,0.1962
qm9_cn_subset:34544,C#CC1=CC2CC3C1N23,0.1827
qm9_cn_subset:75495,CC1=CCCC2NC12C,0.2527
qm9_cn_subset:129665,Nc1[nH]nnc1C1CC1,0.2237
qm9_cn_subset:17170,CCC12CC3C1CN32,0.3197
qm9_cn_subset:39936,C1=CC2(CC2)C2CN2C1,0.2386
qm9_cn_subset:61178,C#CCN(C)C(C)C#N,0.2481
qm9_cn_subset:123879,c1nc(N2CCC2)n[nH]1,0.2186
qm9_cn_subset:81510,C#CC1(C)C2CC1N2C,0.2463
qm9_cn_subset:40025,C1C2CC3(CC3)C3C1N23,0.3144
qm9_cn_subset:18092,C1=NCC2CN=CN12,0.2373
qm9_cn_subset:65586,N#CC1(N)CC2CN2C1,0.264
qm9_cn_subset:57683,C#CC(C)(C)CCC#N,0.3036
qm9_cn_subset:56504,C#CC(C)(C)C(C)C#N,0.2981
qm9_cn_subset:35338,C#CC1CC23CC(C2)N13,0.2431
qm9_cn_subset:19355,CCC12CC1C1NC12,0.2821
qm9_cn_subset:9857,CC#CCC1(C)CN1,0.2902
qm9_cn_subset:111363,C#CC1C(CC)C2NC12,0.2789
qm9_cn_subset:79257,CC1C2C3CC1(C)CN32,0.3054
qm9_cn_subset:127926,CN=c1ncc(N)n[nH]1,0.1238
qm9_cn_subset:39030,C1CC23NC2CN=C3N1,0.2484
qm9_cn_subset:35020,N#CC1C2CCC12C#N,0.2813
qm9_cn_subset:69434,C#CC1CCC2(C)NC12,0.2927
qm9_cn_subset:39700,C1CC12C1C3C4C2C1N34,0.3077
qm9_cn_subset:128886,N#Cc1nc2n(n1)CC2,0.2346
qm9_cn_subset:34772,C#CC1CC2C(C#N)N12,0.2563
qm9_cn_subset:70497,CC12NC1CC=C2C#N,0.2063
qm9_cn_subset:79369,CC1C2C3CC2(C#N)N13,0.2553
qm9_cn_subset:70768,CC12CC3(C#N)C1NC23,0.2632
qm9_cn_subset:75221,CC1=CCC2(C#N)NC12,0.2449
qm9_cn_subset:52596,C#CC(N)(C#C)C#CC,0.2556
qm9_cn_subset:119650,CCCC12CC3C1CN32,0.3177
qm9_cn_subset:128991,c1ccc2[nH]ncc2c1,0.1934
qm9_cn_subset:20059,C1=CC(N2CC2)CC1,0.254
qm9_cn_subset:125948,CC1CCc2nn[nH]c21,0.2379
qm9_cn_subset:28103,Cc1cc2[nH]ccc2[nH]1,0.2027
qm9_cn_subset:35004,C#CC12CCC1C2C#N,0.2602
qm9_cn_subset:80362,CC1C2CC(C)(C#N)N12,0.2638
qm9_cn_subset:32989,CCCc1ncccn1,0.2086
qm9_cn_subset:37250,C1C2C3CC4(CN4)C3N12,0.2846
qm9_cn_subset:40575,C1CN1C1C2CN3C2C13,0.3204
qm9_cn_subset:67489,CC12C(C#N)C1C1NC12,0.2548
qm9_cn_subset:126159,CCC(C)n1cncn1,0.2709
qm9_cn_subset:96654,CN=C(C)NC(=N)C#N,0.1884
qm9_cn_subset:35037,N#CC1C2CNC1CN2,0.2667
qm9_cn_subset:76053,CN1C(C#N)C12CCC2,0.2594
qm9_cn_subset:26273,CC(C)c1ncncn1,0.218
qm9_cn_subset:8737,CC(C#N)C(C)C#N,0.338
qm9_cn_subset:126192,CCc1nnn(C)c1C,0.2437
qm9_cn_subset:70445,CC12NC1CC2N1CC1,0.2813
qm9_cn_subset:31769,CCc1ccc(N)n1C,0.2293
qm9_cn_subset:125562,Cc1nnc2[nH]ncn12,0.2055
qm9_cn_subset:69065,C#CC12CC1(C)N=CN2,0.2375
qm9_cn_subset:78700,CN1C2C3C1C2C31CN1,0.2953
qm9_cn_subset:129799,Nc1[nH]cc2nn[nH]c12,0.1775
qm9_cn_subset:34752,N#CC1C2NCC3C2N13,0.2563
qm9_cn_subset:102671,CCC(CC)CCC#N,0.3477
qm9_cn_subset:9056,N#CCCC(N)C#N,0.2841
qm9_cn_subset:66937,CC12C3C(CN31)C21CN1,0.3071
qm9_cn_subset:126586,CCCCc1ncn[nH]1,0.2695
qm9_cn_subset:129787,Nc1[nH]cc2[nH]nnc12,0.1771
qm9_cn_subset:24313,c1cc2n3c1CCC3C2,0.1843
qm9_cn_subset:30378,CN=c1ccncnc1,0.1657
qm9_cn_subset:21377,c1cn2nc[nH]c2n1,0.216
qm9_cn_subset:2421,CC12NC3C1NC32,0.2914
qm9_cn_subset:33167,CCCn1cncc1C,0.2454
qm9_cn_subset:124132,CC#Cc1cnn(C)c1,0.2199
qm9_cn_subset:107173,CCC12CC1C1C(C)N12,0.2772
qm9_cn_subset:36662,C#CC1CC1CCC#N,0.2873
qm9_cn_subset:37676,C1C2C3C4C2C2C1N2C34,0.3035
qm9_cn_subset:58915,CC(C)C12CC3C1CN32,0.3092
qm9_cn_subset:119285,CCNC1(C#N)CCC1,0.2664
qm9_cn_subset:109625,CNC1C(N)C1(N)C#N,0.2583
qm9_cn_subset:127150,CN(C)Cc1ncn[nH]1,0.2481
qm9_cn_subset:71091,CC12CC3C(C1)C32C#N,0.2742
qm9_cn_subset:97539,CCC#CC(C)(C)C#N,0.282
qm9_cn_subset:9562,C#CC1(C)CC1C#N,0.2692
qm9_cn_subset:126047,CC1NC1c1ncn[nH]1,0.2574
qm9_cn_subset:71465,CC12CC3C1C3(C#N)C2,0.2903
qm9_cn_subset:2505,CCC(C#N)C#N,0.3284
qm9_cn_subset:64730,CC1(CC#N)CC=CC1,0.2647
qm9_cn_subset:129065,N#Cc1cc(=N)cn[nH]1,0.1603
qm9_cn_subset:33283,N#CC#CC1(C#N)CC1,0.2235
qm9_cn_subset:21383,c1n[nH]c2cn[nH]c12,0.2132
qm9_cn_subset:671,C1=CC2NC2C1,0.247
qm9_cn_subset:62938,CC1(C)C2CN2C1(C)C,0.302
qm9_cn_subset:34097,N#CC12CC3C(CN1)C32,0.2604
qm9_cn_subset:57255,CC(C)(C#N)C1(C)CN1,0.282
qm9_cn_subset:62437,N#CC1(N)C2C=CCC21,0.2222
qm9_cn_subset:33636,N#CC12C3=NCC1C2N3,0.1674
qm9_cn_subset:5511,Cn1cncc1C#N,0.2151
qm9_cn_subset:67312,CC12C(C#N)C3C1CN32,0.2715
qm9_cn_subset:127241,C#CCc1cn(C)nn1,0.2497
qm9_cn_subset:24021,N#CC1Cn2cccc21,0.2342
qm9_cn_subset:41437,C1CC23CCC24CN3C14,0.2644
qm9_cn_subset:95090,C#CC12NC1CCC2C,0.2666
qm9_cn_subset:99419,C#CC(C#N)(C#N)NC,0.246
qm9_cn_subset:130130,Nc1n[nH]c(N2CC2)n1,0.232
qm9_cn_subset:78608,CC1C2N3C(C)C2(C)C13,0.3135
qm9_cn_subset:125541,Cc1cc2n(n1)CC=C2,0.1889
qm9_cn_subset:5372,CN=c1ccnc[nH]1,0.175
qm9_cn_subset:123855,c1nc2n(n1)C1CCC21,0.2634
qm9_cn_subset:35235,N#CC1CC12CCCC2,0.307
qm9_cn_subset:127649,Cn1nccc1N1CC1,0.2414
qm9_cn_subset:63709,C#CC12CC(C)(C)C1N2,0.2545
qm9_cn_subset:31827,CNc1cnc(C)nc1,0.1828
qm9_cn_subset:76096,CN1C(C#N)C1C1CC1,0.2581
qm9_cn_subset:127688,Cc1cc(=N)nnn1C,0.165
qm9_cn_subset:65044,C#CC1(C2(C)CC2)CN1,0.2863
qm9_cn_subset:36144,N#CCC12CCCC1C2,0.3144
qm9_cn_subset:40674,C1CC2(C1)CC2N1CC1,0.3087
qm9_cn_subset:114144,CCC1CC2(C#N)NC12,0.2616
qm9_cn_subset:17722,C1CC23CC4C2C1N43,0.321
qm9_cn_subset:1175,CCC(C)(C)C#N,0.3551
qm9_cn_subset:119194,CCCC1(C#N)CN1C,0.2767
qm9_cn_subset:87408,CC1CC12C1CN3C1C32,0.3167
qm9_cn_subset:15385,C#CC1CN1CCC,0.2632
qm9_cn_subset:20554,CC(C)n1cncn1,0.2716
qm9_cn_subset:20244,C1=C2CC3C2C2C1N32,0.1776
qm9_cn_subset:57609,CC(C)(CC#N)N1CC1,0.278
qm9_cn_subset:20164,C1=CC2CC3CC1N23,0.2203
qm9_cn_subset:88350,C#CC(C#C)N1CC1C,0.2595
qm9_cn_subset:128882,N#Cc1c[nH]nc1C#N,0.2319
qm9_cn_subset:105800,CCC12C(C)C1C1NC12,0.2735
qm9_cn_subset:30118,CN1CC1c1ncc[nH]1,0.2322
qm9_cn_subset:8272,CC1CC(CC#N)C1,0.3364
qm9_cn_subset:73412,CC12CCC3C4C(C41)N32,0.3008
qm9_cn_subset:113313,CCC1CC1(C#N)NC,0.266
qm9_cn_subset:64930,CC1(C#CC2CC2)CN1,0.2733
qm9_cn_subset:26148,CC(C)c1cc[nH]c1N,0.2466
qm9_cn_subset:38411,C1=CCC2(C1)CN1CC12,0.2528
qm9_cn_subset:94627,CC1CCC1CCC#N,0.3353
qm9_cn_subset:88825,CC1CCC1N1CC1C,0.2989
qm9_cn_subset:82012,N#CC1(N)C(N)C2CC21,0.268
qm9_cn_subset:37245,C1C2C3CC4(CC4)C3N12,0.2909
qm9_cn_subset:81500,CC1C2CN1C2(C)C#N,0.2603
qm9_cn_subset:82448,CC1C2CC3(C)N2C13C,0.3176
qm9_cn_subset:29374,Cc1c[nH]c(CC#N)n1,0.2426
qm9_cn_subset:24630,c1cn2c(n1)C1(CN1)C2,0.2453
qm9_cn_subset:78696,CC1C2C3N1C2C31CC1,0.3102
qm9_cn_subset:5733,Cc1ccn2c1CC2,0.2502
qm9_cn_subset:20437,c1nc2n(n1)CCN2,0.2464
qm9_cn_subset:20712,Cc1nc2n(n1)CC2,0.2693
qm9_cn_subset:36182,C#CCC12CC3CC1N32,0.2954
qm9_cn_subset:56837,N#CC(N)C1C2CN1C2,0.2654
qm9_cn_subset:97800,CCC#CC1CN1CC,0.2605
qm9_cn_subset:60455,CC(C)CCCN1CC1,0.3144
qm9_cn_subset:35384,N#CC1CC2C3CC2N13,0.2814
qm9_cn_subset:128397,CNC=[NH+]c1ncn[n-]1,0.134
qm9_cn_subset:36584,C#CCCC1(C#N)CN1,0.2888
qm9_cn_subset:29328,N#Cc1[nH]cc(N)c1N,0.1921
qm9_cn_subset:8646,C#CC(N)(C#N)CN,0.2624
qm9_cn_subset:29771,Cc1cn(C)c(C)c1N,0.2403
qm9_cn_subset:99895,CCC(C)(C#N)N1CC1,0.2819
qm9_cn_subset:88102,CC1=CCCC12NC2C,0.2406
qm9_cn_subset:64615,CC1(C#N)C=CC2NC21,0.241
qm9_cn_subset:83664,CC1C(C#N)C2CCC12,0.3114
qm9_cn_subset:40865,C1CC2(C1)C1CC3C1N32,0.3182
qm9_cn_subset:33163,CCCn1cccc1N,0.2369
qm9_cn_subset:126160,CCC(C)n1cnnc1,0.2689
qm9_cn_subset:125058,Cc1[nH]nnc1C1CC1,0.2303
qm9_cn_subset:117863,CCCC(C)C#CC#N,0.2458
qm9_cn_subset:28293,Cc1cc2n(c1)C=CC2,0.195
qm9_cn_subset:20381,C1Cc2nn[nH]c2C1,0.2382
qm9_cn_subset:34904,N#CC1C(C#N)N2CC12,0.264
qm9_cn_subset:12019,CC1(C)NC1C1CN1,0.301
qm9_cn_subset:127419,Cc1nn(C)c(C)c1C,0.2512
qm9_cn_subset:114141,C#CC12CC(CC)N1C2,0.2528
qm9_cn_subset:23977,C#Cc1nc(C#N)c[nH]1,0.205
qm9_cn_subset:108332,CCC12CCC1N1CC12,0.2927
qm9_cn_subset:67721,CC12N=C3NC4C3C1C42,0.1657
qm9_cn_subset:2304,CC#CC1CN1C,0.2611
qm9_cn_subset:66636,CC12C3CC4CC3N1C42,0.3173
qm9_cn_subset:84459,C#CC12C=CC(C)N1C2,0.2283
qm9_cn_subset:3769,Cn1nncc1N,0.2368
qm9_cn_subset:52856,C#CCC1(C#CC)CN1,0.2705
qm9_cn_subset:34053,N#CC12CNCCC1N2,0.262
qm9_cn_subset:23991,C#Cc1cnc(C#C)[nH]1,0.1799
qm9_cn_subset:113972,CCC1CC1NCC#N,0.2588
qm9_cn_subset:10409,CNC1(C#N)CCC1,0.266
qm9_cn_subset:39909,C1C2=NC3(CC3)C3C1N23,0.1791
qm9_cn_subset:34758,N#CC1C2C3CCN2C13,0.2773
qm9_cn_subset:1062,CCc1c[nH]cn1,0.2527
qm9_cn_subset:20553,CC(C)n1ccnn1,0.2605
qm9_cn_subset:21072,Cn1ncc(N)c1N,0.2382
qm9_cn_subset:35344,N#CC1CC23CC(C2)C13,0.2796
qm9_cn_subset:28011,Cc1cn(C2CC2)cn1,0.2446
qm9_cn_subset:57629,CC(C)(C#N)CN1CC1,0.2906
qm9_cn_subset:128895,N#CC1Cn2nncc21,0.2598
qm9_cn_subset:20939,CCNc1ncn[nH]1,0.2509
qm9_cn_subset:78718,C#CC12CN3C(C)C1C32,0.2592
qm9_cn_subset:36275,N#CCC1C2C3NC3C12,0.2701
qm9_cn_subset:88704,C#CC1NC1C1NC1C,0.2738
qm9_cn_subset:41429,C1CC23CCN4C2C1C43,0.3148
qm9_cn_subset:111114,CCC1C2CC1N1CC21,0.3143
qm9_cn_subset:34242,N#CC12NC3CC1CC32,0.2531
qm9_cn_subset:32091,CCc1cncc(C)c1,0.2247
qm9_cn_subset:109811,CCC1C(C)C1CC#N,0.3176
qm9_cn_subset:120355,CCCC1N=CNC1=N,0.2273
qm9_cn_subset:17023,CC1C2NC1C2C#N,0.2762
qm9_cn_subset:31738,CNc1c[nH]c(NC)n1,0.2244
qm9_cn_subset:19691,CCC1C2CC3C2N13,0.3274
qm9_cn_subset:69870,C#CC12NC1C1NC12C,0.2264
qm9_cn_subset:27903,Nc1cc(N)nc(N)n1,0.2223
qm9_cn_subset:68301,CC12CC(C1)C2N1CC1,0.3294
qm9_cn_subset:20255,C1C2CN3C2C2C1C23,0.2854
qm9_cn_subset:78869,CN1C2C3C2C2(CC2)C31,0.2919
qm9_cn_subset:15866,CC1CN(C)C1C#N,0.2521
qm9_cn_subset:5153,C#CCn1cccc1,0.2326
qm9_cn_subset:37221,C1=C2C(CCC1)C1NC21,0.2405
qm9_cn_subset:33594,N#CC12C3C4CN1C4C32,0.2492
qm9_cn_subset:12744,CC12CC1CC2C#N,0.3007
qm9_cn_subset:24491,C1=Cc2ncncc2C1,0.1957
qm9_cn_subset:29854,Cn1cc2nc[nH]c2c1,0.1956
qm9_cn_subset:94752,CC1NCC2(C#N)NC12,0.2446
qm9_cn_subset:24273,c1cc2n(c1)C1CC1C2,0.2401
qm9_cn_subset:64682,C#CCC1(C)NC1C#N,0.2828
qm9_cn_subset:33486,N#CC1(C#N)CC2CC21,0.2937
qm9_cn_subset:58696,CC(C)C1(C#N)CCC1,0.3332
qm9_cn_subset:56774,N#CC(N)C12CCN1C2,0.2667
qm9_cn_subset:123532,c1cnn2nccc2n1,0.1622
qm9_cn_subset:119975,CCCC1C(C)N1CC,0.2852
qm9_cn_subset:107793,CCC12CC3C1N3C2C,0.3021
qm9_cn_subset:124215,CC(=N)Nc1nn[nH]n1,0.2103
qm9_cn_subset:41006,C1CC23C1CN1C2CC13,0.3125
qm9_cn_subset:35821,N#CC1NCC2CNC21,0.2643
qm9_cn_subset:72670,C#CC12CNC1(C)CN2,0.2465
qm9_cn_subset:119681,CCCC12CC3CN1C32,0.321
qm9_cn_subset:35621,C#CC1N=CNC1C#N,0.2471
qm9_cn_subset:36683,N#CCNC1CC1C#N,0.2662
qm9_cn_subset:109605,CCC1C(C)C1(C)C#N,0.3114
qm9_cn_subset:31239,CCc1cc[nH]c1NC,0.2384
qm9_cn_subset:5734,Cc1ncn2c1CC2,0.2508
qm9_cn_subset:4357,Cc1cc(N)ncn1,0.2209
qm9_cn_subset:37691,C1=NC2C3NC2C2C3N12,0.221
qm9_cn_subset:65513,CC1(C2CC2)CN2CC21,0.3093
qm9_cn_subset:128249,CNc1[n-]ncc(=N)[nH+]1,0.1765
qm9_cn_subset:89771,CN1CC2(CC2)C1C#N,0.2482
qm9_cn_subset:29910,C#Cc1ccn(C)c1N,0.2093
qm9_cn_subset:33318,N#CC#CC1C2CN1C2,0.2001
qm9_cn_subset:21642,C#Cc1cc(N)n[nH]1,0.1914
qm9_cn_subset:78820,CC1C2C(C#N)N3C1C23,0.2666
qm9_cn_subset:123845,C1=Cc2c[nH]nc2CC1,0.2029
qm9_cn_subset:27149,Cc1nc[nH]c1C1CN1,0.2424
qm9_cn_subset:69596,CC12CCC3(CN3)C1N2,0.3034
qm9_cn_subset:102335,CCC(C#N)(C#N)NC,0.256
qm9_cn_subset:24346,c1[nH]cc2c1CCCC2,0.2404
qm9_cn_subset:95226,CC1C=CC2NC2CC1,0.2501
qm9_cn_subset:35403,N#CC1CC2C3CN3C12,0.2593
qm9_cn_subset:31043,CNc1nc(C)[nH]c1C,0.2055
qm9_cn_subset:41520,C1=NCCN=C2CCN12,0.2146
qm9_cn_subset:129000,c1cc2n[nH]ncc-2n1,0.1561
qm9_cn_subset:127627,Cn1ncc2cn[nH]c21,0.2264
qm9_cn_subset:39750,C1CC2N3C1C3C21CN1,0.3045
qm9_cn_subset:24628,c1ncn2c1C1(CC1)C2,0.2498
qm9_cn_subset:9055,C#CCCC(N)C#N,0.2872
qm9_cn_subset:97267,CN=CN(C)C(=N)C#N,0.1814
qm9_cn_subset:103027,CNC1(C#N)C2CC1N2,0.2649
qm9_cn_subset:80732,CC1C2CC(C#N)CC12,0.3159
qm9_cn_subset:33812,C#CC12CNC1(C#N)C2,0.2182
qm9_cn_subset:18435,CC1CC2C(C#N)N12,0.2616
qm9_cn_subset:71781,CC12CC3C4CC1N4C32,0.2808
qm9_cn_subset:71045,CC12CC3=CC4C1N4C32,0.1744
qm9_cn_subset:30066,C#CCc1cccn1C,0.2365
qm9_cn_subset:101629,CCC(C)CC(C)C#N,0.3458
qm9_cn_subset:93711,CC1CCC(C)(C#N)C1,0.3475
qm9_cn_subset:62829,CC1(C)C2CC13CCN23,0.2822
qm9_cn_subset:87044,CC1CC1(C#N)N1CC1,0.2798
qm9_cn_subset:103001,CNC1(C#N)C(N)C1N,0.2482
qm9_cn_subset:71536,N#CC12NC3C1CC32N,0.0719
qm9_cn_subset:113310,CCC1CC1(C#N)CC,0.315
qm9_cn_subset:28652,C#Cc1ncc(N)cn1,0.1832
qm9_cn_subset:5965,CCCC(C)(N)C#N,0.301
qm9_cn_subset:62501,C#CC1C(C#N)C1(C)C,0.271
qm9_cn_subset:8514,CC12CN3C1C3(C)C2,0.3134
qm9_cn_subset:13320,N#CCN1CCCC1,0.2577
qm9_cn_subset:37112,C1=CC23CC2(C1)N1CC13,0.2129
qm9_cn_subset:20218,C1CN2C3C4C(C32)N14,0.2721
qm9_cn_subset:113455,CCC1CC12CN1CC12,0.3052
qm9_cn_subset:27596,C#Cc1nccc(N)n1,0.195
qm9_cn_subset:37625,C1CC2CC3C1C1C3N21,0.3215
qm9_cn_subset:29998,Cn1ccc2c1CC=C2,0.1914
qm9_cn_subset:58725,CC(C)C12C3C4C3N1C42,0.279
qm9_cn_subset:39871,C1C2CC3N2C1C31CN1,0.2841
qm9_cn_subset:84487,CN1C=NC2(CC2)C1=N,0.2096
qm9_cn_subset:18192,C#CC1CCC2CN12,0.2783
qm9_cn_subset:125269,CC1=Cc2cn[nH]c2C1,0.1978
qm9_cn_subset:79785,CC1C2C3CN4C3C1C24,0.3004
qm9_cn_subset:88714,C#CC1CC1C1CN1C,0.2646
qm9_cn_subset:125450,Cc1nc(NC=N)n[nH]1,0.2256
qm9_cn_subset:115543,CCN1CCC1(C)C#N,0.2605
qm9_cn_subset:3851,Nc1cn[nH]c1N,0.2386
qm9_cn_subset:56367,CC(C#N)(C#N)C1CC1,0.3081
qm9_cn_subset:80000,CN1C2C=CC13CCC23,0.2057
qm9_cn_subset:68965,CC12CC1(C#N)N=CN2,0.2479
qm9_cn_subset:77020,C#CC1C(C)C1CC#N,0.2888
qm9_cn_subset:3247,C1CC12CC1NC12,0.3077
qm9_cn_subset:89084,CC1CN1CCCC#N,0.2732
qm9_cn_subset:19312,C(#CC1CN1)C1CC1,0.263
qm9_cn_subset:5269,CCCn1cccc1,0.2467
qm9_cn_subset:21041,Cn1nc(N)cc1N,0.2342
qm9_cn_subset:32217,CCc1ncccc1N,0.1979
qm9_cn_subset:107146,CCC12CC3(CC3)C1N2,0.3248
qm9_cn_subset:84138,CC1=CC(C)C(C#N)C1,0.259
qm9_cn_subset:20719,C#Cc1nc(C)n[nH]1,0.2142
qm9_cn_subset:70058,CC12NC1C=C1CCC12,0.2349
qm9_cn_subset:123428,c1nn[nH]c1CC1CN1,0.2536
qm9_cn_subset:91982,CN1CC2CC2C1C#N,0.2569
qm9_cn_subset:3584,C1C2NC2C2CN12,0.2925
qm9_cn_subset:36425,N#CCN1CC2NC2C1,0.2569
qm9_cn_subset:72980,N#CC1(N)C2CCC21N,0.268
qm9_cn_subset:125544,Cc1nn2c(c1N)CC2,0.2249
qm9_cn_subset:33456,C#CC1(C2CCC2)CN1,0.276
qm9_cn_subset:126953,CCNc1cc(N)[nH]n1,0.2291
qm9_cn_subset:30251,Cc1ccn2c1C(C)C2,0.2471
qm9_cn_subset:36559,C#CCCC#CCC#N,0.2809
qm9_cn_subset:57006,CC(C#N)C1CC=CC1,0.2642
qm9_cn_subset:34841,N#CC1C2NC1C2C#N,0.2762
qm9_cn_subset:27637,Cc1cc(C#N)c(C)[nH]1,0.2159
qm9_cn_subset:97021,CN=C1NC=NC1(C)C,0.2233
qm9_cn_subset:24254,c1nc2c([nH]1)C1CN1C2,0.2293
qm9_cn_subset:26775,C#Cc1cc(C)c(N)[nH]1,0.1869
qm9_cn_subset:30372,CN=c1ccn(C)cn1,0.1801
qm9_cn_subset:69606,CC12CC1C1(C#N)CC21,0.2471
qm9_cn_subset:127616,Cn1ncc2c1CC=C2,0.2014
qm9_cn_subset:9009,CC#CCC(C)C#N,0.2887
qm9_cn_subset:102178,CCC(CC#N)C1CC1,0.3269
qm9_cn_subset:63191,CC1(C)C=C2CC3C2N31,0.1656
qm9_cn_subset:79408,CN1C2C3NC2(C)C31C,0.2902
qm9_cn_subset:87590,CC1CC12C=CC1NC12,0.2355
qm9_cn_subset:36322,N#CCN1C=NC2CC21,0.2276
qm9_cn_subset:94366,CC1CCC12CN1CC12,0.3034
qm9_cn_subset:574,N#CCC1CC1,0.3375
qm9_cn_subset:40329,C1CN1C12C3C4C1N4C32,0.2666
qm9_cn_subset:38160,C1=CC2NC23CC(C1)C3,0.2496
qm9_cn_subset:124418,CC(C#N)c1c[nH]nn1,0.2548
qm9_cn_subset:113453,CCC1CC12CC1NC12,0.3061
qm9_cn_subset:67289,CC12C3CC1C3C21CN1,0.3065
qm9_cn_subset:24293,c1cc2n(c1)CC1CC21,0.2329
qm9_cn_subset:21479,NC(=[NH2+])c1cnn[n-]1,0.1814
qm9_cn_subset:15338,CC#CC1NC1CC,0.2769
qm9_cn_subset:26112,Cc1nc[nH]c1C(C)C,0.2455
qm9_cn_subset:13973,CC#CC12CCC1N2,0.2687
qm9_cn_subset:34307,N#CC12CCC(CN1)C2,0.2679
qm9_cn_subset:64621,N#CC1(N)C=CC2NC21,0.2271
qm9_cn_subset:71298,CC12CCCC3C1N3C2,0.3003
qm9_cn_subset:93119,CN1CC=CCC1C#N,0.2479
qm9_cn_subset:102893,CNC(C#N)CCC#N,0.2676
qm9_cn_subset:129666,Nc1[nH]nnc1C1CN1,0.2172
qm9_cn_subset:94328,CC1CCC12NC2C#N,0.2815
qm9_cn_subset:24364,C1=Cc2[nH]ccc2NC1,0.1696
qm9_cn_subset:71805,CC12CC3C4CC4C1N32,0.2988
qm9_cn_subset:127233,Cn1cc(C2CC2)cn1,0.2408
qm9_cn_subset:124011,C1=Cc2n[nH]nc2NC1,0.1721
qm9_cn_subset:36856,C1CC2(CN3CC3)CC12,0.3004
qm9_cn_subset:41428,C1CC23CCC4C2C1N43,0.3202
qm9_cn_subset:940,Nc1ccccc1,0.2077
qm9_cn_subset:14434,CC12CC3C=CC1N32,0.2136
qm9_cn_subset:17073,C1CC(CN2CC2)C1,0.3198
qm9_cn_subset:33273,C#CC(C#C)C#CC#N,0.2352
qm9_cn_subset:66799,CC12C3C4C5C3N1C5C42,0.26
qm9_cn_subset:62376,N#CC1(N)C2C=CC1C2,0.2362
qm9_cn_subset:73168,CC12CCN1CC2C#N,0.2504
qm9_cn_subset:37719,C1CN2C3C4CC(C14)C32,0.3098
qm9_cn_subset:66820,CC12C3=NC4C(C1N3)C42,0.163
qm9_cn_subset:24379,C1=CCc2[nH]cnc2C1,0.2355
qm9_cn_subset:41063,C1CC23C1C1C4C(C12)N43,0.2953
qm9_cn_subset:36473,C#CCN1CCC1C#C,0.2513
qm9_cn_subset:20319,C#CCc1ncn[nH]1,0.2712
qm9_cn_subset:115723,CCC1CCC1N1CC1,0.3085
qm9_cn_subset:125511,Cc1ccn(CC#N)n1,0.2519
qm9_cn_subset:79006,CC1N2C3C4C=CC13C42,0.2191
qm9_cn_subset:90131,CC1CC23CC=CC12N3,0.2347
qm9_cn_subset:2971,C#CC(C)N1CC1,0.2845
qm9_cn_subset:15564,CC1CCC=C1C#N,0.2197
qm9_cn_subset:26764,Cc1nc(C#N)[nH]c1C,0.1976
qm9_cn_subset:24646,c1cncc(N2CC2)c1,0.2
qm9_cn_subset:32834,CCCc1cc(C)c[nH]1,0.2412
qm9_cn_subset:27001,N#CCc1[nH]ccc1N,0.2334
qm9_cn_subset:65587,N#CC1(N)CC2NC2C1,0.2802
qm9_cn_subset:25706,CC#CCc1ncc[nH]1,0.2533
qm9_cn_subset:20890,CCn1cc(C)cn1,0.2534
qm9_cn_subset:129206,C#Cc1ccn[nH]c1=N,0.1404
qm9_cn_subset:101274,C#CC1CN1C(C)CC,0.2625
qm9_cn_subset:102892,C#CCCC(C#N)NC,0.2684
qm9_cn_subset:123721,C1=CCn2ncnc2C1,0.2535
qm9_cn_subset:3717,CCc1c[nH]nn1,0.2519
qm9_cn_subset:126816,CCn1nccnc1=N,0.1462
qm9_cn_subset:53101,CC#CC1C(C)C1C#N,0.2636
qm9_cn_subset:15263,CCC1C(CC)N1C,0.288
qm9_cn_subset:17737,C1C2C3N1C2C31CN1,0.3065
qm9_cn_subset:109525,C#CC1C(C#N)C1NC,0.237
qm9_cn_subset:27202,Nc1[nH]cc2[nH]cnc12,0.1939
qm9_cn_subset:5385,CCc1ncccn1,0.2086
qm9_cn_subset:126447,CCc1n[nH]ncc1=N,0.1802
qm9_cn_subset:126799,CCn1ncc(N)c1C,0.227
qm9_cn_subset:122161,CCCCC1(C)CN1C,0.2984
qm9_cn_subset:124590,Cc1ccn(C(C)C)n1,0.2597
qm9_cn_subset:5672,c1nc2nc[nH]c2[nH]1,0.2216
qm9_cn_subset:98146,C#C[C-](C#N)C(=[NH2+])NC,0.1889
qm9_cn_subset:65352,CC1(C#N)NC1C1CC1,0.2801
qm9_cn_subset:15290,N#CCN1CC1C#N,0.2669
qm9_cn_subset:120086,CCCC1C2C3CC3N12,0.2786
qm9_cn_subset:56490,C#CC(C#C)C(C)C#N,0.287
qm9_cn_subset:34175,C#CC12CC3C4C1C2N34,0.2639
qm9_cn_subset:14811,N#CC1CCC1C#N,0.3197
qm9_cn_subset:37593,C1C2CC3C4C2CC1N34,0.3146
qm9_cn_subset:8401,CC(C)C12CN(C1)C2,0.2933
qm9_cn_subset:14355,C1=CC23CC(C2)N3C1,0.2165
qm9_cn_subset:14657,CCC#CC#CC#N,0.1932
qm9_cn_subset:2308,CC1CC1CC#N,0.3283
qm9_cn_subset:94874,CC1CCC23CCC12N3,0.283
qm9_cn_subset:34892,N#CC1N2CC2C12CN2,0.2553
qm9_cn_subset:36133,N#CCC12C=CCC1N2,0.2497
qm9_cn_subset:99569,N#CC(N)C(C#N)CN,0.2627
qm9_cn_subset:29326,C#Cc1[nH]cc(N)c1N,0.19
qm9_cn_subset:74290,CC1=CC(C)(C#N)NC1,0.2365
qm9_cn_subset:94339,CN1CCC12CC2C#N,0.2429
qm9_cn_subset:28814,Cc1cncc(=N)nc1,0.1677
qm9_cn_subset:35078,N#CC1N=C2NC3C2C13,0.1716
qm9_cn_subset:59394,CC(C)C1NC1(C)C#N,0.2841
qm9_cn_subset:126445,CCc1n[nH]nc1NC,0.2145
qm9_cn_subset:100644,CCC(C)C(C)(N)C#N,0.3
qm9_cn_subset:74850,CC1=CC2CC2C12CN2,0.2328
qm9_cn_subset:35281,N#CC1CC1CN1CC1,0.2727
qm9_cn_subset:124593,Cc1ncn(C(C)C)n1,0.2647
qm9_cn_subset:126931,CCNc1c[nH]nc1N,0.2212
qm9_cn_subset:37711,C1=CC23CC4C2C(C1)N43,0.2293
qm9_cn_subset:21366,c1nc2[nH]ccn2n1,0.237
qm9_cn_subset:99540,C#CC(C)C(C#N)CC,0.3024
qm9_cn_subset:35114,N#CC1C=CCC2CN12,0.2413
qm9_cn_subset:31140,CNc1c(C)c[nH]c1C,0.2347
qm9_cn_subset:52658,CC#CC(N)C(C)C#N,0.2703
qm9_cn_subset:13666,CC1NC1CCC#N,0.2998
qm9_cn_subset:57633,CC(N)(C#N)CC1CC1,0.3009
qm9_cn_subset:127769,Cn1nnc2nc[nH]c21,0.2179
qm9_cn_subset:79043,CC1N2C3C4CCC13C42,0.3053
qm9_cn_subset:34190,N#CC12CC3C=CC1C32,0.2294
qm9_cn_subset:125528,Cc1nc2n(n1)C1CC21,0.2332
qm9_cn_subset:5108,Cc1ccc(N)n1C,0.2327
qm9_cn_subset:17769,N#CCN1C2CC1C2,0.2676
qm9_cn_subset:17765,C#CCN1C2CC1C2,0.2689
qm9_cn_subset:34583,N#CC1=CC=CCCC1,0.1682
qm9_cn_subset:81996,CC1C2NC2C1(N)C#N,0.2689
qm9_cn_subset:57685,C#CCNC(C)(C)C#N,0.2689
qm9_cn_subset:107206,CCC12CN3CC3C1N2,0.2803
qm9_cn_subset:42381,C#CC(=N)NC(=N)C#C,0.1899
qm9_cn_subset:123338,C#CCCc1cnn[nH]1,0.2501
qm9_cn_subset:57102,CC(C#N)N1CCCC1,0.2653
qm9_cn_subset:53172,CC#CC1C(C)C2CN12,0.2635
qm9_cn_subset:1705,N#CC1(N)CNC1,0.2632
qm9_cn_subset:36598,C#CCNC12CN(C1)C2,0.2675
qm9_cn_subset:25624,CC#Cc1[nH]cnc1N,0.1862
qm9_cn_subset:28813,Cc1cncc(=N)cn1,0.1636
qm9_cn_subset:32993,CCNc1ccccc1,0.2013
qm9_cn_subset:28818,Cc1nccc(=N)cn1,0.1638
qm9_cn_subset:5065,Cc1[nH]cc(N)c1N,0.2294
qm9_cn_subset:126948,CCNc1nnn(C)n1,0.2061
qm9_cn_subset:70494,C#CC1=CCN2CC12C,0.1937
qm9_cn_subset:8419,CC1C2N1CC2(C)C,0.2969
qm9_cn_subset:34934,N#CC1C2CC3(CC3)N12,0.265
qm9_cn_subset:37391,C1C2C1N1CC3C1CN23,0.2746
qm9_cn_subset:36764,N#CC#CCNCC#N,0.2178
qm9_cn_subset:33495,C#CC1(CC2CC2)CN1,0.2752
qm9_cn_subset:82336,CC1C(C#N)CC2CC21,0.3136
qm9_cn_subset:30151,CC1CC1n1ccnc1,0.2504
qm9_cn_subset:85819,CC1CC(C)(C#N)N1C,0.2556
qm9_cn_subset:73358,CC12CCC3C1N3CC2,0.2993
qm9_cn_subset:21394,n1nc2nn[nH]c2[nH]1,0.2183
qm9_cn_subset:99636,C#CC(CC)N1CC1C,0.2756
qm9_cn_subset:36329,C#CCC1CC(C#N)N1,0.2642
qm9_cn_subset:59064,C#CC1C(C(C)C)N1C,0.2562
qm9_cn_subset:57228,C#CC(C)(N)C#CC#N,0.2219
qm9_cn_subset:29980,Cn1ccc2c1C=CC2,0.1777
qm9_cn_subset:30662,CCN(C)c1ncc[nH]1,0.2338
qm9_cn_subset:36756,C#CC#CCNCC#N,0.2222
qm9_cn_subset:9303,CCCN=C(N)C#N,0.2179
qm9_cn_subset:40606,C1CC1N1C2C3NC3C21,0.2642
qm9_cn_subset:31693,CCc1c[nH]c(CC)c1,0.2401
qm9_cn_subset:4367,Nc1cncc(N)n1,0.1813
qm9_cn_subset:95902,CC1(C#N)NCCC1N,0.2725
qm9_cn_subset:769,Nc1nn[nH]n1,0.2194
qm9_cn_subset:19489,N#CC1C2C=CCN12,0.2306
qm9_cn_subset:29913,Cn1ccc(C#N)c1N,0.2133
qm9_cn_subset:19109,CC1C2C3C4C1N2C34,0.2979
qm9_cn_subset:78990,CN1C2C3C4C1C2(C)N34,0.291
qm9_cn_subset:35197,N#CC1CC12CC1NC12,0.274
qm9_cn_subset:99418,C#CC(C#C)(C#N)NC,0.2445
qm9_cn_subset:129410,NC(=[NH2+])Nc1cnn[n-]1,0.1813
qm9_cn_subset:123730,c1n[nH]cc1C1CCC1,0.2554
qm9_cn_subset:29341,Cc1c[nH]c(N)c1C#N,0.2104
qm9_cn_subset:60472,CC(C)CCNCC#N,0.2697
qm9_cn_subset:19420,C1=CC2(CN2)C2NC12,0.2377
qm9_cn_subset:37039,C1=CCC23CCC2(C1)N3,0.2639
qm9_cn_subset:66030,CC1(C#N)NCC1C#N,0.2582
qm9_cn_subset:125957,CC1CCc2n[nH]nc21,0.2422
qm9_cn_subset:32729,CCCc1[nH]cnc1C,0.2436
qm9_cn_subset:86274,CC1NC(C)C1(N)C#N,0.2644
qm9_cn_subset:36478,N#CCC1NCC1C#N,0.2641
qm9_cn_subset:89133,C#CC1N2C(C)CC12C,0.2545
qm9_cn_subset:71313,CC12CN3C1C(C#N)C32,0.2717
qm9_cn_subset:36711,N#CCCN1CC=CC1,0.2303
qm9_cn_subset:10630,C#CC1(CC)CN1C,0.2734
qm9_cn_subset:67597,CC12C3C4CN1C2CN43,0.3005
qm9_cn_subset:71730,CC12CC3C4N3C1C42C,0.2938
qm9_cn_subset:96606,CN=C(C#N)N(C)C=N,0.1876
qm9_cn_subset:28454,Cc1cc(C)c(C)cn1,0.224
qm9_cn_subset:33715,N#CC12N=CN3CC1C32,0.2216
qm9_cn_subset:82117,CC1C(CC#N)N2CC12,0.2799
qm9_cn_subset:123623,c1[nH]nc2c1C1CN1C2,0.2326
qm9_cn_subset:24498,c1ncc2cc[nH]c2n1,0.1933
qm9_cn_subset:36257,N#CCC1C2C3CC2C13,0.3378
qm9_cn_subset:83204,C#CC1CCC2C(C)N12,0.2702
qm9_cn_subset:129014,c1cc2nn[nH]nc-2n1,0.1556
qm9_cn_subset:36246,N#CCC1C2C3CN1C32,0.2733
qm9_cn_subset:49942,C#CC1(C#C)CN1C=N,0.2363
qm9_cn_subset:1246,CN(C)CCC#N,0.2654
qm9_cn_subset:20810,CCc1cc(N)n[nH]1,0.2315
qm9_cn_subset:125331,CC1=Cn2nccc2C1,0.2
qm9_cn_subset:17241,CCC12CN3CC1C32,0.3012
qm9_cn_subset:76497,CC1C(C)C12CC1NC12,0.306
qm9_cn_subset:124635,CC(C)Nc1cc[nH]n1,0.2241
qm9_cn_subset:109618,C#CC1(C)C(C)N1CC,0.2689
qm9_cn_subset:102985,CC1N(C)C1(C#N)CN,0.2695
qm9_cn_subset:80799,CC1C2NC1(C#N)C2N,0.26
qm9_cn_subset:73991,CC1=C2CN3C2C3(C)C1,0.1672
qm9_cn_subset:133823,CC12C3=CC4C(=C3)C1N42,0.1417
qm9_cn_subset:28959,C#Cc1ncccc1C,0.1973
qm9_cn_subset:71343,CC12CN3C1C1(CN1)C32,0.2945
qm9_cn_subset:29921,C#Cc1c(C)ccn1C,0.1986
qm9_cn_subset:124392,C#CC(C)c1cn[nH]c1,0.258
qm9_cn_subset:37118,C1CC23CC2(C1)C1NC13,0.2715
qm9_cn_subset:129783,Nc1[nH]nc2[nH]cnc12,0.1973
qm9_cn_subset:4680,C#Cc1ncc(C)[nH]1,0.1987
qm9_cn_subset:79023,CC1C2C3C4CC4C2N13,0.3091
qm9_cn_subset:34825,N#CC1C2CN1C21CC1,0.2621
qm9_cn_subset:33770,N#CC12CC=CC(C1)N2,0.2356
qm9_cn_subset:116,CC#CC#N,0.2494
qm9_cn_subset:21198,CNc1ncnnn1,0.1671
qm9_cn_subset:78822,CC1C2C(C#N)C3C1C23,0.3074
qm9_cn_subset:4486,Cc1cc(C)c(N)[nH]1,0.2388
qm9_cn_subset:17477,CC12C=CC3C1N3C2,0.2295
qm9_cn_subset:93747,CC1=C(C#N)C(C)CC1,0.2156
qm9_cn_subset:78782,CC1C2C3N2C1C3(C)C,0.3114
qm9_cn_subset:39908,C1=C2CN3C2C3C12CC2,0.1656
qm9_cn_subset:34774,C#CC1NC2C(C#N)C12,0.2632
qm9_cn_subset:35420,N#CC1CC2C=CCN12,0.2428
qm9_cn_subset:11702,CC1CC2(C#N)CC12,0.289
qm9_cn_subset:28969,C#Cc1nccnc1C,0.1901
qm9_cn_subset:15204,CC1C(C#N)C1C#N,0.2968
qm9_cn_subset:62271,C#CC1(C)C2CC3C1N32,0.2929
qm9_cn_subset:71728,CC12CC3C4C3C1(C)N42,0.2979
qm9_cn_subset:30778,CNc1ncn(C)c1N,0.2187
qm9_cn_subset:79071,CN1C2C3C=CC1(C)C32,0.2166
qm9_cn_subset:29332,C#Cc1c(N)c[nH]c1C,0.1999
qm9_cn_subset:21398,N=c1ncnncn1,0.119
qm9_cn_subset:96904,CN=C1CC2(C#N)CN12,0.2378
qm9_cn_subset:29726,Cc1ccc(C#N)n1C,0.2026
qm9_cn_subset:21121,CN=c1cn[nH]nc1,0.1715
qm9_cn_subset:13423,CC#CC1C(C)N1C,0.256
qm9_cn_subset:41122,C1=CC23CCN4C2C1C43,0.2237
qm9_cn_subset:17677,CC1NC1(C)C1CN1,0.3056
qm9_cn_subset:129045,N=c1cc[nH]nnc1=N,0.159
qm9_cn_subset:113818,CCC1CN1C1CC1C,0.3094
qm9_cn_subset:74845,CC1=CC2NC2C1(C)C,0.2442
qm9_cn_subset:124914,C#Cc1c(N)n[nH]c1C,0.2085
qm9_cn_subset:24620,c1cn(C2CCC2)cn1,0.2502
qm9_cn_subset:74639,CC1=CC2N3CC2(C1)C3,0.2231
qm9_cn_subset:88689,CN1CC1C1CC1(C)C,0.3005
qm9_cn_subset:58374,C#CCC(C#N)N(C)C,0.2583
qm9_cn_subset:16194,N=C1NC=NC12CC2,0.2135
qm9_cn_subset:69438,C#CC1CCC2(C)CN12,0.2811
qm9_cn_subset:126833,CCn1nnc(C)c1C,0.2409
qm9_cn_subset:20257,C1C2CN3C4C1C2C43,0.3128
qm9_cn_subset:20084,CC1C(C2CC2)N1C,0.29
qm9_cn_subset:71709,CC12C3CC1(C)N1C3C12,0.3031
qm9_cn_subset:37613,C1C2C3C4C5C(C2N35)N14,0.2524
qm9_cn_subset:74635,CC1=CC2N3CC2(C)C13,0.2113
qm9_cn_subset:87440,CN1CC12C1C3CC1C32,0.3168
qm9_cn_subset:125871,CC1CC1c1c[nH]nn1,0.2389
qm9_cn_subset:33805,N#CC12C=CC(C=C1)C2,0.2188
qm9_cn_subset:109624,CNC1C(N)C1(C)C#N,0.2721
qm9_cn_subset:36332,C#CCN1CC(C#C)C1,0.2639
qm9_cn_subset:88033,CC1NC12CNC2C#N,0.2611
qm9_cn_subset:126352,CCc1cn[nH]c(=N)n1,0.1579
qm9_cn_subset:120794,CCCN1CC1CC#N,0.2709
qm9_cn_subset:20420,c1[nH]nnc1N1CC1,0.2395
qm9_cn_subset:62301,CC1(C#N)C2C3CN2C31,0.2755
qm9_cn_subset:17710,CN1C2C3C1C2N3C,0.2837
qm9_cn_subset:113785,CCC1CN1C1(C)CC1,0.2925
qm9_cn_subset:33703,N#CC12C=CC3C1NC32,0.2258
qm9_cn_subset:1176,CCC(C)(N)C#N,0.2918
qm9_cn_subset:70229,CC12CC1NC(C#N)=N2,0.1975
qm9_cn_subset:35451,C#CC1NC2CC12C#N,0.249
qm9_cn_subset:5691,c1nc2c([nH]1)CCN2,0.2079
qm9_cn_subset:13429,C#CCC1C(C)N1C,0.2707
qm9_cn_subset:35983,C#CC#CC#CCC#N,0.1849
qm9_cn_subset:130003,Nc1nc2cn[nH]c2[nH]1,0.2225
qm9_cn_subset:33635,N#CC12C3=CCC1N2C3,0.1742
qm9_cn_subset:20943,CCNc1cn[nH]n1,0.2134
qm9_cn_subset:125529,Cc1cc2n(n1)C=CC2,0.1989
qm9_cn_subset:107514,CCC12CN1CC2C#N,0.2733
qm9_cn_subset:122756,CCCCNC(=N)C#N,0.2111
qm9_cn_subset:35609,C#CC1CC=CC12CN2,0.2446
qm9_cn_subset:127698,Cn1nnc(C(=N)N)n1,0.207
qm9_cn_subset:66564,CC12CC3C1C1N3C12C,0.2993
qm9_cn_subset:8610,C#CC(N)(C#N)C#N,0.2668
qm9_cn_subset:33607,C#CC12C3C4CC3N1C42,0.2485
qm9_cn_subset:27579,C#Cc1ncnc(C)n1,0.1973
qm9_cn_subset:128992,c1cnc2cn[nH]c2c1,0.194
qm9_cn_subset:125546,Cc1cc2n(n1)CCC2,0.2594
qm9_cn_subset:67770,CC12N=CN3C(=N)C1C32,0.214
qm9_cn_subset:114219,CCC1C=CC2(CN2)C1,0.2438
qm9_cn_subset:126707,CCn1c(N)nnc1N,0.2466
qm9_cn_subset:129793,Nc1[nH]nc2nc[nH]c12,0.2103
qm9_cn_subset:87773,CC1NC12CC1(C)NC12,0.299
qm9_cn_subset:75310,C#CC12NC1CC=C2C,0.2364
qm9_cn_subset:12750,CC12NC1CC2C#N,0.2747
qm9_cn_subset:19359,CCC12NC1C1CC12,0.2833
qm9_cn_subset:56912,CC1(C)NC1C(N)C#N,0.28
qm9_cn_subset:124154,CC#Cc1ncn(C)n1,0.2202
qm9_cn_subset:72667,CC12CCC1(C#N)NC2,0.2508
qm9_cn_subset:130157,N=CNc1nc(N)n[nH]1,0.1936
qm9_cn_subset:3732,CCn1cncn1,0.2717
qm9_cn_subset:79549,C#CC12CC1C1C2N1C,0.2722
qm9_cn_subset:901,Cn1ccc(N)c1,0.2244
qm9_cn_subset:124465,CC(C)([NH3+])c1nn[n-]n1,0.2664
qm9_cn_subset:56760,C#CC(C)C12CCC1N2,0.3065
qm9_cn_subset:69679,C#CC1C2C3NC3(C)C12,0.2489
qm9_cn_subset:58605,CN(C)C1(CC#N)CC1,0.2511
qm9_cn_subset:114564,C#CC12NC1CC2CC,0.2527
qm9_cn_subset:87238,C#CCCC1(C)CN1C,0.2846
qm9_cn_subset:76432,CC1N(C)C1(C)CC#N,0.2666
qm9_cn_subset:2975,CC(C#N)N1CC1,0.2848
qm9_cn_subset:37957,C1=C2CN3C(CCC1)C23,0.2224
qm9_cn_subset:24847,N=c1cncnc(=N)[nH]1,0.1495
qm9_cn_subset:125309,CC1=CCn2nccc21,0.194
qm9_cn_subset:35134,N#CC1CC(C2CN2)N1,0.2562
qm9_cn_subset:70090,CC1(C)C=CC2NC21C,0.2435
qm9_cn_subset:24723,C1=Cc2nccn2CC1,0.1806
qm9_cn_subset:36385,C#CCC1NC1CC#C,0.2973
qm9_cn_subset:127325,Cn1ccn2cnnc12,0.2146
qm9_cn_subset:123506,c1cnn2ccnc2c1,0.1691
qm9_cn_subset:19845,C1CC2NC2C2NC12,0.2925
qm9_cn_subset:14536,CC1(C#N)C2CCN21,0.2784
qm9_cn_subset:33738,N#CC12CC(C1)N1CC12,0.2702
qm9_cn_subset:103994,CCC1(C)CN2CC21C,0.3012
qm9_cn_subset:66365,N#CC1(N)CCCCC1,0.298
qm9_cn_subset:30060,Cn1ccnc1C1CN1,0.2306
qm9_cn_subset:20447,c1[nH]nnc1C1CN1,0.2429
qm9_cn_subset:27441,N=c1cnccc(N)n1,0.1686
qm9_cn_subset:126765,CCn1nc(N)c(N)n1,0.2079
qm9_cn_subset:71784,CC12CN3C4CC1C4C32,0.2786
qm9_cn_subset:11508,CC(C#N)CN1CC1,0.2904
qm9_cn_subset:105992,CCC12C3C4N3C1C42C,0.2729
qm9_cn_subset:5079,Cc1c[nH]c(N)c1C,0.2471
qm9_cn_subset:37062,C1=CC23CCCC2(C1)N3,0.2434
qm9_cn_subset:129922,N=c1c(N)c[nH]nc1N,0.1566
qm9_cn_subset:107478,CCC12CN1CC21CC1,0.3054
qm9_cn_subset:63761,CC1(C)CC2C(C#N)N21,0.2611
qm9_cn_subset:110805,CCC1C2NC(C#N)C12,0.2507
qm9_cn_subset:52880,CC#CC1(C2CN2)CN1,0.2644
qm9_cn_subset:127571,C#Cc1cnn(C)c1C,0.2237
qm9_cn_subset:80318,N#CC1=NC2C(N)C2N1,0.1841
qm9_cn_subset:67628,CC12C3C4CN1C2(C)C43,0.3027
qm9_cn_subset:125561,Cc1nnc2[nH]cnn12,0.2157
qm9_cn_subset:63639,CC1(C)CN1C1CCC1,0.2993
qm9_cn_subset:35370,N#CC1CC2C3CN1C23,0.2669
qm9_cn_subset:71642,CC12CC3C4C(C1)N4C32,0.3036
qm9_cn_subset:40609,C1CN1C1C2C3NC3C21,0.2737
qm9_cn_subset:65343,CC1(C#N)CC1C1CC1,0.3032
qm9_cn_subset:17986,N#CC1CC2CCN12,0.2395
qm9_cn_subset:129934,N=CNc1n[nH]cc1N,0.1942
qm9_cn_subset:37022,C1=CC23CC=CC2(C1)N3,0.2253
qm9_cn_subset:20843,CCc1n[nH]c(C)n1,0.2618
qm9_cn_subset:77953,C#CC1C2C(C)C1N2C,0.2562
qm9_cn_subset:575,N#CCC1CN1,0.2878
qm9_cn_subset:29909,C#Cc1ccn(C)c1C,0.215
qm9_cn_subset:40330,C1CN1C12C3C4C3C1C42,0.3004
qm9_cn_subset:35919,N#CC1NCCC2CC21,0.274
qm9_cn_subset:2529,CCC(C#N)CC,0.349
qm9_cn_subset:130127,Nc1n[nH]c(C2CC2)n1,0.2293
qm9_cn_subset:65950,N#CC1(N)CCC12CN2,0.2713
qm9_cn_subset:53397,CC#CC1CCC1C#N,0.2762
qm9_cn_subset:75757,CC1(C#N)NC(=N)C1N,0.2651
qm9_cn_subset:27576,Cc1cncc(C#N)n1,0.1888
qm9_cn_subset:128962,c1cc2c[nH]nnc-2c1,0.1545
qm9_cn_subset:19232,C#CC1C(C)C2CN12,0.2632
qm9_cn_subset:127575,Cn1ncc(C#N)c1N,0.2294
qm9_cn_subset:3832,N=c1cn[nH]nc1,0.181
qm9_cn_subset:63476,CC1(C)CC1(C)CC#N,0.3116
qm9_cn_subset:66848,CC12C3CC4C1N4C2C3,0.2999
qm9_cn_subset:128329,C#Cc1c[nH]nc1NC,0.2001
qm9_cn_subset:124407,C#CC(C)n1cncn1,0.2712
qm9_cn_subset:63427,CC1(C)CC(CC#N)C1,0.3317
qm9_cn_subset:76626,CC1C(C)N1C1(C)CC1,0.279
qm9_cn_subset:37669,C1C2C3C2C2C4C3C1N24,0.3
qm9_cn_subset:79635,CC1C2NC2C2C1N2C,0.2853
qm9_cn_subset:5439,C#Cc1cc[nH]c1N,0.2098
qm9_cn_subset:76423,CC1C(C)C1(C)CC#N,0.308
qm9_cn_subset:20935,CCNc1cn[nH]c1,0.2174
qm9_cn_subset:67559,CC12C3CC3C3C1CN32,0.3091
qm9_cn_subset:40698,C1NC1C1CN1C1CC1,0.2842
qm9_cn_subset:33864,N#CC12CC3CN3C1C2,0.2704
qm9_cn_subset:70493,CC12CC1CC=C2C#N,0.2077
qm9_cn_subset:24595,c1c[nH]c(N2CCC2)n1,0.2342
qm9_cn_subset:17173,CCC12NC3C1NC32,0.2873
qm9_cn_subset:125963,CC1CN1c1ccn[nH]1,0.2394
qm9_cn_subset:61128,C#CCC(C)C#CC#N,0.2362
qm9_cn_subset:24177,c1cn2ccnc2cn1,0.1814
qm9_cn_subset:3724,CCc1cn[nH]n1,0.2579
qm9_cn_subset:25841,N=C(N)c1ncccn1,0.1706
qm9_cn_subset:26088,CC(C)(C)c1cnc[nH]1,0.2505
qm9_cn_subset:4719,Cc1c[nH]c(C#N)c1,0.2066
qm9_cn_subset:28646,C#Cc1ccc(N)cc1,0.1874
qm9_cn_subset:78542,CC1N2C3(C)CC3C12C,0.2814
qm9_cn_subset:26408,CC(C)Nc1c[nH]cn1,0.2168
qm9_cn_subset:61947,C#CCCN(C)CC#N,0.2602
qm9_cn_subset:39713,C1=CC2C3C1N3C21CC1,0.2271
qm9_cn_subset:126814,CCn1ncccc1=N,0.1521
qm9_cn_subset:52981,CC#CC12CC1N=CN2,0.2364
qm9_cn_subset:41410,C1CC23CCC2C2C1N23,0.3159
qm9_cn_subset:56647,CC1CC1(N)C(N)C#N,0.2693
qm9_cn_subset:77097,CC1C(C#N)NC12CC2,0.2509
qm9_cn_subset:118370,C#CCC(C#N)CCC,0.3049
qm9_cn_subset:39704,C1CC12C1C3C4C3N1C42,0.2952
qm9_cn_subset:123422,c1nnnn1CC1CC1,0.2675
qm9_cn_subset:64719,N#CCC1(N)CN2CC21,0.2615
qm9_cn_subset:61521,CC(C#N)NC1(C)CC1,0.2736
qm9_cn_subset:1039,CCc1ccc[nH]1,0.2422
qm9_cn_subset:56517,C#CC(C)(N)C(N)C#N,0.2746
qm9_cn_subset:127098,CN(C)c1cncnn1,0.164
qm9_cn_subset:31296,CNc1cc[nH]c1C#N,0.1857
qm9_cn_subset:82093,CC1C2CC2C1N1CC1,0.3119
qm9_cn_subset:88701,C#CC1CC1N1CC1C,0.2503
qm9_cn_subset:71342,CC12CN3C1C1(CC1)C32,0.3066
qm9_cn_subset:105942,CCC12C3C4CC3N1C42,0.3026
qm9_cn_subset:123364,C#CCN=c1[nH]nn[nH]1,0.2014
qm9_cn_subset:106849,C#CC12CCC1(CC)N2,0.2702
qm9_cn_subset:92397,CN1CC2NCC21C#N,0.233
qm9_cn_subset:56596,N#CC(N)C(N)C1CN1,0.2651
qm9_cn_subset:20931,CCNc1ccn[nH]1,0.2383
qm9_cn_subset:27711,N#Cc1[nH]c(N)cc1N,0.189
qm9_cn_subset:18379,C1=CCC2NC2C=C1,0.1978
qm9_cn_subset:129144,N=c1nn[nH]nnc1=N,0.1623
qm9_cn_subset:102717,CCC(C#N)CC1CN1,0.2791
qm9_cn_subset:80370,CC1C2NC(C)(C#N)C12,0.2568
qm9_cn_subset:39697,C1NC12C1C3C1N1C3C12,0.2901
qm9_cn_subset:99873,CNC(C)(C#N)C(C)C,0.2819
qm9_cn_subset:53633,CC#CCNC(=N)C#N,0.2105
qm9_cn_subset:33754,C#CC12CN(C1)C21CC1,0.2763
qm9_cn_subset:39793,C1C2C3(CN3)C1C21CN1,0.3194
qm9_cn_subset:17495,CC12CC1C1NC12C,0.2815
qm9_cn_subset:34182,N#CC12CC3C4C3N1C42,0.2634
qm9_cn_subset:124415,CC(C#N)c1cnn[nH]1,0.2557
qm9_cn_subset:33467,N#CC1(C2CCN2)CN1,0.24
qm9_cn_subset:103026,CNC1(C#N)C2CC1C2,0.2737
qm9_cn_subset:66903,CC12C3C=CC1N2C=N3,0.2266
qm9_cn_subset:17579,CC12CC1(C)C1NC12,0.3236
qm9_cn_subset:14564,N#CC#CC#CC#N,0.1744
qm9_cn_subset:35864,N#CC1CCCC12CN2,0.2821
qm9_cn_subset:66850,CC12C3CN1CC1C2N13,0.277
qm9_cn_subset:90112,CN1CC23C=CC(N2)C13,0.2196
qm9_cn_subset:17275,CC1NC1CN1CC1,0.3082
qm9_cn_subset:6017,CC(C)C(C)(N)C#N,0.2893
qm9_cn_subset:23964,C#Cc1ccn2c1CC2,0.2206
qm9_cn_subset:947,Nc1ccncn1,0.218
qm9_cn_subset:62451,CC1(C#N)C2CCCN21,0.2754
qm9_cn_subset:34159,C#CC12CC3C4C(C41)N32,0.2504
qm9_cn_subset:79543,C#CC12NC1C1C(C)C12,0.2777
qm9_cn_subset:36111,N#CCC12CN1C1CC12,0.267
qm9_cn_subset:58070,CC(N)C(C)(C#N)C#N,0.2609
qm9_cn_subset:19995,N#CC1NC1C1CC1,0.2864
qm9_cn_subset:123334,C#CCc1nccnn1,0.1641
qm9_cn_subset:101633,CCC(C)NC(C)C#N,0.272
qm9_cn_subset:6910,CC1(C)CN1CC#N,0.2755
qm9_cn_subset:82262,CN1C(C#N)=NC2CC21,0.183
qm9_cn_subset:88500,C#CC1(C2CN2C)CN1,0.2557
qm9_cn_subset:73509,CC12CCC=C1C1CN12,0.2128
qm9_cn_subset:39544,C1=CC2C3C(C1)C1C2N31,0.2528
qm9_cn_subset:58648,CC(C)C1(C#N)CC1C,0.3148
qm9_cn_subset:21229,CNCc1nc[nH]n1,0.2247
qm9_cn_subset:8345,N#CCC12CN(C1)C2,0.2716
qm9_cn_subset:77545,CN1C2(C)CC1(C#N)C2,0.2466
qm9_cn_subset:88499,CN1CC1C1(C#N)CC1,0.26
qm9_cn_subset:125986,CC1Cn2nc(N)cc21,0.2291
qm9_cn_subset:96789,CN=C1NC(=N)C2NC12,0.2259
qm9_cn_subset:31805,CCc1cnc(C)cn1,0.1953
qm9_cn_subset:128286,CNc1cc(C)n(C)n1,0.2174
qm9_cn_subset:23985,N#Cc1cc2n(c1)CC2,0.223
qm9_cn_subset:81146,CC1N2CCC1(C#N)C2,0.2673
qm9_cn_subset:35968,N#CC1CCCCCC1,0.3491
qm9_cn_subset:133876,C1C2C3C4C5C2C13CN45,0.3224
qm9_cn_subset:28272,CC1=Cc2nccn2C1,0.1788
qm9_cn_subset:81584,CC1C2CC1C2N1CC1,0.3166
qm9_cn_subset:38400,C1C2N1CC21CC2NC21,0.3055
qm9_cn_subset:91305,CN1CC2NC(C#N)C21,0.2382
qm9_cn_subset:28639,Cc1cnc(C#N)nc1,0.2022
qm9_cn_subset:93114,CC1CC=CCC1C#N,0.2669
qm9_cn_subset:26777,C#Cc1nc(C)c(N)[nH]1,0.1869
qm9_cn_subset:49374,N#CC1CC(=N)N1C=N,0.2271
qm9_cn_subset:37154,C1C2C3C4C5NC5C13N24,0.2953
qm9_cn_subset:127604,Cn1ncc(NC=N)n1,0.2127
qm9_cn_subset:88369,CC1CC1C(C)(N)C#N,0.2958
qm9_cn_subset:63663,CC1(C)CC1CCC#N,0.3124
qm9_cn_subset:5724,c1cc2n(c1)CCN2,0.2311
qm9_cn_subset:123408,c1n[nH]c(CC2CC2)n1,0.2679
qm9_cn_subset:6233,CN1C(C)(C)C1(C)C,0.2893
qm9_cn_subset:127408,CN1CCc2c[nH]nc21,0.2143
qm9_cn_subset:31235,CCc1[nH]ccc1NC,0.2128
qm9_cn_subset:29805,C#Cc1nc(N)cn1C,0.1759
qm9_cn_subset:82346,N#CC1CN2CC2C1N,0.267
qm9_cn_subset:87300,C#CCC1(C#N)NC1C,0.2805
qm9_cn_subset:110530,CCC1C2CC3N1C23C,0.3285
qm9_cn_subset:26219,CC(C)c1ccc(N)[nH]1,0.2301
qm9_cn_subset:29916,C#Cc1ncn(C)c1N,0.2118
qm9_cn_subset:59489,CC(C)C1NC1CC#N,0.2974
qm9_cn_subset:66028,C#CC1CNC1(C)C#N,0.2589
qm9_cn_subset:40536,C1=C(C2CN2)CC2NC12,0.2318
qm9_cn_subset:91838,C#CC12CC(C)CN1C2,0.2696
qm9_cn_subset:124638,CC(C)Nc1nn[nH]n1,0.2046
qm9_cn_subset:57737,C#C[C-](C#N)[NH+]=C(N)N,0.1407
qm9_cn_subset:14643,CC#CCNCC#N,0.267
qm9_cn_subset:52654,CC#CC(C)C(C)C#N,0.2874
qm9_cn_subset:78721,CC1C2CC3(C#N)C2N13,0.2748
qm9_cn_subset:33555,C#CC1(C#N)CNC=N1,0.2472
qm9_cn_subset:36933,C1CCC(CN2CC2)C1,0.3138
qm9_cn_subset:88422,CC1CC1(C)C1CN1C,0.3021
qm9_cn_subset:17335,CC12NC1CN1CC12,0.2923
qm9_cn_subset:33270,N#CC#CC#CC1CN1,0.1748
qm9_cn_subset:69421,CC12CC1N(CC#N)C2,0.2556
qm9_cn_subset:37580,C1C2C3C4C(C5C1N54)N23,0.263
qm9_cn_subset:124870,CC1(n2nccn2)CC1,0.2552
qm9_cn_subset:36107,N#CCC12CC1C1CN12,0.2644
qm9_cn_subset:87311,N#CCC1(C#N)CC1N,0.2867
qm9_cn_subset:30373,CN=c1ncn(C)cn1,0.1802
qm9_cn_subset:4753,C#Cc1cn(C)cn1,0.2189
qm9_cn_subset:58508,CC(C)C1(C)CN2CC21,0.3004
qm9_cn_subset:60074,CC(C)NC1(C#N)CC1,0.2586
qm9_cn_subset:26495,CC1(c2cc[nH]c2)CC1,0.2492
qm9_cn_subset:39362,C1CN2CC23CNC3=N1,0.2439
qm9_cn_subset:104254,CCC1(N)CNC1C#N,0.2614
qm9_cn_subset:129209,N=c1cccn[nH]c1=N,0.1507
qm9_cn_subset:52480,CC#CC#CC1(C)CN1,0.2099
qm9_cn_subset:28464,Cc1cnc(N)nc1N,0.2034
qm9_cn_subset:40325,C1CC1C12C3C4C(C31)N42,0.2819
qm9_cn_subset:129198,N=c1ccc(=N)[nH]nc1,0.1686
qm9_cn_subset:65168,CC1(C2NC2C#N)CN1,0.2671
qm9_cn_subset:124538,CC(C)c1cc(N)[nH]n1,0.2441
qm9_cn_subset:26110,Cc1cc[nH]c1C(C)C,0.2429
qm9_cn_subset:15952,C#CC1CCC12CN2,0.2789
qm9_cn_subset:68717,CC12CC1(C#N)N1CC12,0.2583
qm9_cn_subset:69289,C#CC1=NCC2(C)CN12,0.2053
qm9_cn_subset:127851,CN=c1cncnn1C,0.1408
qm9_cn_subset:20740,Cc1n[nH]cnc1=N,0.19
qm9_cn_subset:20798,CCc1[nH]nnc1N,0.2152
qm9_cn_subset:35302,C#CC1CC2(C#N)CN12,0.248
qm9_cn_subset:35295,C#CC12CC(C#N)C1C2,0.2633
qm9_cn_subset:112773,CCN1CC(N)C1C#N,0.2544
qm9_cn_subset:125884,CC1CC1n1cccn1,0.2591
qm9_cn_subset:19318,C#CC12CC1C1CN12,0.2428
qm9_cn_subset:76000,C#CC1(C)C(N)C1C#N,0.241
qm9_cn_subset:36083,N#CCC12C=CC(C1)C2,0.2388
qm9_cn_subset:25671,CC#Cc1ccncc1,0.2006
qm9_cn_subset:30156,CC1Cc2c(N)ccn21,0.2211
qm9_cn_subset:70251,CC1(C)CN2CC2(C)C1,0.2997
qm9_cn_subset:126863,CCN=c1cc[nH]nn1,0.1609
qm9_cn_subset:79374,CC1C2N3CC2(C#N)C13,0.2713
qm9_cn_subset:25650,CC#Cc1ccn(C)c1,0.2153
qm9_cn_subset:127166,CN(C=N)c1cc[nH]n1,0.21
qm9_cn_subset:24235,c1cc2c([nH]1)NC1CC21,0.2208
qm9_cn_subset:86759,CN1CC(C#N)N=C1N,0.2547
qm9_cn_subset:4650,N#Cc1c[nH]c(N)c1,0.2104
qm9_cn_subset:77019,C#CCC1C(C)C1C#N,0.2947
qm9_cn_subset:33986,N#CC12NC1CC21CC1,0.2568
qm9_cn_subset:80033,C#CC1C2C=CC1N2C,0.2147
qm9_cn_subset:129217,N=c1cncn[nH]c1=N,0.1502
qm9_cn_subset:12090,CC1NC1C1(C)CN1,0.3039
qm9_cn_subset:36999,C1=C2C3C4C2C2C1N2C34,0.1865
qm9_cn_subset:80366,CC1C2N1CC2(C)C#N,0.2709
qm9_cn_subset:66095,C#CC1(C)CCC2CN21,0.2881
qm9_cn_subset:74241,N#C[c-]1[nH+]c(N)[nH]c1=N,0.1497
qm9_cn_subset:125894,CC1Cc2cn[nH]c2C1,0.248
qm9_cn_subset:18514,CC#CC1CC2CN12,0.265
qm9_cn_subset:78894,CC1C2C3C4C(CN14)N23,0.2712
qm9_cn_subset:33447,C#CC1(C#N)C2CNC21,0.2494
qm9_cn_subset:38771,C1=CC2NC2CC2NC12,0.2543
qm9_cn_subset:129695,Nc1nn[nH]c1C1CC1,0.2111
qm9_cn_subset:87563,CC1CC12C(C)N1CC12,0.3032
qm9_cn_subset:78859,CC1C2C3C(N13)C21CC1,0.3191
qm9_cn_subset:17510,N#CC12CC3C(C1)N32,0.2634
qm9_cn_subset:74332,CC1=CC(N2CC2)CC1,0.2544
qm9_cn_subset:21100,Cc1c(N)nnn1C,0.2163
qm9_cn_subset:124457,CC(C)(C)n1cncn1,0.2725
qm9_cn_subset:16285,CC1NC2CC12C#N,0.2524
qm9_cn_subset:52923,CC#CC12C3CC1N2C3,0.2539
qm9_cn_subset:96023,CC1CCCC1CC#N,0.3471
qm9_cn_subset:33445,C#CC1(C#N)C2CCC21,0.2709
qm9_cn_subset:24435,c1nc2c([nH]1)NCCN2,0.2158
qm9_cn_subset:78963,CN1C2C3C4N3C2C41C,0.2915
qm9_cn_subset:64896,C#CC1(C)NC1(C)C#C,0.2586
qm9_cn_subset:5754,c1ncn2c1C1CC12,0.2309
qm9_cn_subset:69287,CC12CC=C(C#N)C1N2,0.1967
qm9_cn_subset:75311,CC1=CCC2NC12C#N,0.2401
qm9_cn_subset:88230,CC1NC1C#CC1CN1,0.2567
qm9_cn_subset:29994,CC1C=Cc2cc[nH]c21,0.19
qm9_cn_subset:78579,CC1C2C3C(C#N)N2C13,0.2636
qm9_cn_subset:9699,N#CC1(N)CC=CC1,0.2639
qm9_cn_subset:123796,c1cc(NC2CC2)n[nH]1,0.2262
qm9_cn_subset:24524,c1c[nH]c2nccc-2c1,0.1512
qm9_cn_subset:24638,c1cnc(C2CC2)cn1,0.2001
qm9_cn_subset:77865,CC1C(C)N2C(C#N)C12,0.2598
qm9_cn_subset:105331,N#CC1(CN)NC2CC21,0.2612
qm9_cn_subset:87079,CC1NC1(C)C#CC#N,0.213
qm9_cn_subset:5753,c1cc2n(c1)C1CC21,0.2205
qm9_cn_subset:115529,CCC1CCC1(C)C#N,0.3278
qm9_cn_subset:24526,c1c[nH]c2ccnc-2c1,0.1538
qm9_cn_subset:79840,CN1C2CCC3C1C32C,0.2794
qm9_cn_subset:8539,CN1C2C3NC2(C)C31,0.2869
qm9_cn_subset:36312,N#CCN1C2CCCC21,0.2715
qm9_cn_subset:5254,CCNc1c[nH]cn1,0.2202
qm9_cn_subset:18942,C#CC1C2C3CC2N13,0.2635
qm9_cn_subset:24726,c1ncn2c1CCCC2,0.2421
qm9_cn_subset:129332,N=CNc1cnncn1,0.1721
qm9_cn_subset:88489,CC1NC1C1(C#N)CN1,0.283
qm9_cn_subset:102328,C#CC(C#N)(CC)CC,0.2965
qm9_cn_subset:123549,c1[nH]nc2c1C1CC2C1,0.2497
qm9_cn_subset:35646,C#CC1=CC(C#N)CC1,0.2098
qm9_cn_subset:107942,CCC12CN3C1C3(C)C2,0.3019
qm9_cn_subset:32584,CCn1cc(N)c(N)c1,0.2259
qm9_cn_subset:41294,C1CC23CC4CC2N4C13,0.2818
qm9_cn_subset:24404,C1=Nc2nc[nH]c2CN1,0.1941
qm9_cn_subset:29570,Cc1c[nH]cc1C1CN1,0.2492
qm9_cn_subset:111580,CCN1C2CN3CC1C23,0.266
qm9_cn_subset:13717,CCCCN1CC1C,0.3099
qm9_cn_subset:6908,CC1(C)CC1CC#N,0.3184
qm9_cn_subset:114565,CCC1CC2NC12C#N,0.2606
qm9_cn_subset:39551,C1=CC2C3C(C1)N=CN23,0.2243
qm9_cn_subset:21343,N#CCn1ccnn1,0.2539
qm9_cn_subset:114573,CCN1CC2CC21C#N,0.2397
qm9_cn_subset:36466,C#CCC1CCC1C#N,0.2892
qm9_cn_subset:10037,C#CCC(C#N)CC,0.3052
qm9_cn_subset:77985,CC1NC2(C#N)C(C)C12,0.2441
qm9_cn_subset:27567,C#Cc1cc(C)ccn1,0.2007
qm9_cn_subset:18859,CN1C2C=CC3C2C31,0.2134
qm9_cn_subset:27716,N#Cc1[nH]c(N)nc1N,0.192
qm9_cn_subset:33908,N#CC12CN1C1CCC12,0.2437
qm9_cn_subset:81392,CC1C2CC1C(C#N)N2,0.2733
qm9_cn_subset:10018,CN=CN(C=N)C=N,0.222
qm9_cn_subset:129769,Nc1cnn2c1CC=C2,0.1796
qm9_cn_subset:76088,CC1C(C#N)C1C1CC1,0.2977
qm9_cn_subset:13428,CC1C(C)N1CC#N,0.2689
qm9_cn_subset:94063,CC1CNC(C#N)CN1,0.2416
qm9_cn_subset:61607,C#CC(C)CN1CC1C,0.2869
qm9_cn_subset:123531,c1cnn2ncnc2c1,0.1901
qm9_cn_subset:28972,Cc1ncncc1C#N,0.1973
qm9_cn_subset:20933,CCNc1cnn[nH]1,0.2296
qm9_cn_subset:125589,Cc1n[nH]c(N2CC2)n1,0.2616
qm9_cn_subset:26062,C#CC(C)c1c[nH]cn1,0.253
qm9_cn_subset:30030,Cn1cnc2c[nH]cc21,0.1966
qm9_cn_subset:61319,CC(C#N)CC#CC#N,0.2439
qm9_cn_subset:76028,N#CC1C(N)C1(N)C#N,0.2431
qm9_cn_subset:80794,CC1C2CC1(C#N)C2C,0.3249
qm9_cn_subset:119591,CCCC12C=CCC1N2,0.2453
qm9_cn_subset:34673,N#CC1C(C#N)C1C#N,0.2858
qm9_cn_subset:39735,C1=C2C3C(N3C1)C21CC1,0.1615
qm9_cn_subset:34100,N#CC12CCN3C(C1)C32,0.2827
qm9_cn_subset:73801,CC1=C(C)C(C#N)CC1,0.2521
qm9_cn_subset:77401,CN1C2(C)C3NC2C31C,0.2905
qm9_cn_subset:3866,Nc1cnnnn1,0.1728
qm9_cn_subset:35002,N#CC1C2CC=CCN12,0.2563
qm9_cn_subset:74559,CC1=CC2C(C#N)N2C1,0.2292
qm9_cn_subset:56985,N#CC(N)C1CC2CN21,0.2675
qm9_cn_subset:124486,Cc1[nH]nnc1C(C)C,0.2433
qm9_cn_subset:9937,C#CC1(C)C(C)N1C,0.2687
qm9_cn_subset:20844,CCc1cc(N)[nH]n1,0.2438
qm9_cn_subset:68778,CC1(C)CC2(C)NC12C,0.2861
qm9_cn_subset:127089,Cc1cc(N(C)C)[nH]n1,0.237
qm9_cn_subset:77864,CC1C2C(C#N)C2N1C,0.2435
qm9_cn_subset:42642,N#CC12C3CC1N2C3=N,0.2642
qm9_cn_subset:38137,C1=CC2NC2C2CCC12,0.2411
qm9_cn_subset:77416,CC1C2(C)C3CN3C12C,0.2845
qm9_cn_subset:105311,CCC1(C#N)CC2NC21,0.2829
qm9_cn_subset:41065,C1CC23C4C5C(C2N54)N13,0.2811
qm9_cn_subset:125348,Cc1cnc2[nH]nnn12,0.1885
qm9_cn_subset:21331,N#CCc1cn[nH]c1,0.2626
qm9_cn_subset:87745,CN1CC12CC(C#N)C2,0.2695
qm9_cn_subset:5435,C#Cc1nc[nH]c1C,0.2186
qm9_cn_subset:127446,Cc1cc(C#N)nn1C,0.2336
qm9_cn_subset:33073,CCCc1c[nH]c(N)c1,0.2374
qm9_cn_subset:33696,N#CC12C3CN4C(C31)C42,0.2607
qm9_cn_subset:78898,CC1C2CC3C2C2C3N12,0.3081
qm9_cn_subset:37158,C1C2N1C1C3C4CC32C41,0.3139
qm9_cn_subset:114431,CCN1CC2C3C1CN23,0.2868
qm9_cn_subset:61515,CC(C#N)CC1(C)CC1,0.3182
qm9_cn_subset:71052,CC12CN=C3CC1(C)N32,0.1945
qm9_cn_subset:32621,CCn1ccc(C)c1C,0.2371
qm9_cn_subset:34700,C#CC1C2C3C4C1N2C34,0.2708
qm9_cn_subset:105122,CCC1(C#N)CC1C#N,0.2902
qm9_cn_subset:5509,Cn1ccnc1C#N,0.2094
qm9_cn_subset:126604,CCCn1cc(C)cn1,0.2531
qm9_cn_subset:86262,CC1CC(C)C1(C)C#N,0.3268
qm9_cn_subset:11770,N#CC12CC(CN1)C2,0.2657
qm9_cn_subset:20713,Cc1ccc(C)nn1,0.1815
qm9_cn_subset:52970,CC#CC12CC1C1NC12,0.2409
qm9_cn_subset:20341,C1=Cc2cn[nH]c2C1,0.203
qm9_cn_subset:84460,CC1C=CC2(C#N)CN12,0.2323
qm9_cn_subset:24274,c1ncn2c1CC1CC12,0.2471
qm9_cn_subset:63577,CC1(C)NC12C=CCC2,0.2333
qm9_cn_subset:63032,CC1(C)C2N1CC21CN1,0.2904
qm9_cn_subset:17451,CC1C2N1C1CC12C,0.2886
qm9_cn_subset:2498,N=CN(C=N)C=N,0.2278
qm9_cn_subset:87730,CC1C=CC2(C1)NC2C,0.2347
qm9_cn_subset:124156,CC#Cc1nnn(C)n1,0.218
qm9_cn_subset:76499,CC1C(C)C12CN1CC12,0.2998
qm9_cn_subset:33165,CCCn1ccnc1C,0.2458
qm9_cn_subset:27598,C#Cc1ncnc(N)n1,0.1975
qm9_cn_subset:62325,N#CC1(N)C2C3NC3C21,0.2432
qm9_cn_subset:34106,N#CC12CNC3C(N1)C32,0.2403
qm9_cn_subset:20872,CCCc1ncn[nH]1,0.2696
qm9_cn_subset:125548,Cc1cc2n(n1)CCN2,0.2402
qm9_cn_subset:127443,Cc1ncc(=N)n(C)n1,0.1464
qm9_cn_subset:32660,CCc1nccn1CC,0.2455
qm9_cn_subset:125682,Cc1n[nH]nc1C(=N)N,0.2153
qm9_cn_subset:5507,Cn1cccc1C#N,0.2076
qm9_cn_subset:4916,CNc1c[nH]c(C)c1,0.2224
qm9_cn_subset:29051,N=c1nccncc1N,0.1294
qm9_cn_subset:25667,CC#Cc1cccn1C,0.1973
qm9_cn_subset:17155,N#CC12NC3C1NC32,0.2484
qm9_cn_subset:25622,CC#Cc1[nH]ccc1N,0.1876
qm9_cn_subset:125586,Cc1n[nH]c(C2CC2)n1,0.2556
qm9_cn_subset:125563,Cc1nnc2[nH]nnn12,0.1937
qm9_cn_subset:124212,CC(=N)Nc1cc[nH]n1,0.221
qm9_cn_subset:90891,CC1CC2C3N2CC13C,0.2967
qm9_cn_subset:331,N#CC(N)C#N,0.2758
qm9_cn_subset:91298,CC1CC2NC(C#N)C12,0.2604
qm9_cn_subset:30170,CC1Cc2cc[nH]c2N1,0.2259
qm9_cn_subset:60350,CC(C)CNC(C)C#N,0.2701
qm9_cn_subset:33519,C#CC1(C#C)CN=CN1,0.2418
qm9_cn_subset:41112,C1=CC23CCN2C2C1C23,0.2115
qm9_cn_subset:83060,CN1C2CC=CC21C#N,0.2292
qm9_cn_subset:83235,CN1C2CCC(C)(C)C21,0.2884
qm9_cn_subset:130176,Nc1n[nH]c2c1CCN2,0.2386
qm9_cn_subset:24776,N=c1ncn2c(n1)CC2,0.1952
qm9_cn_subset:24875,N#Cc1nccc(=N)[nH]1,0.151
qm9_cn_subset:19336,N#CC12NC1C1NC12,0.2296
qm9_cn_subset:3876,Nc1ncnnn1,0.1683
qm9_cn_subset:126512,CCCc1[nH]nnc1N,0.2154
qm9_cn_subset:4962,Cc1cccnc1N,0.2022
qm9_cn_subset:34982,C#CC1C2C3NC3CN12,0.2517
qm9_cn_subset:79705,CC1C2C3NC3C1N2C,0.2903
qm9_cn_subset:35696,N#CC1NCC12CCN2,0.2491
qm9_cn_subset:34776,N#CC1CN2C(C#N)C12,0.2684
qm9_cn_subset:82050,CC1N2CC2C12CCC2,0.3045
qm9_cn_subset:8605,C#CC(C)(C#C)C#N,0.2905
qm9_cn_subset:53125,CC#CC1C2CC3C2N13,0.2679
qm9_cn_subset:69806,CC12C=CC3NC3C1C2,0.2426
qm9_cn_subset:37202,C1NC23CNC12C1NC13,0.2633
qm9_cn_subset:2277,N#CCN1CCC1,0.261
qm9_cn_subset:124199,CC#CCn1cnnc1,0.26
qm9_cn_subset:29947,Cc1ncn(C)c(=N)n1,0.1832
qm9_cn_subset:82820,CC1C2CN3CC1(C)C23,0.2821
qm9_cn_subset:20302,C1NC1C1C2CCN21,0.2873
qm9_cn_subset:45631,C#CCC1=NCC(=N)N1,0.2309
qm9_cn_subset:87461,CN1CC12C1CC2(C)C1,0.317
qm9_cn_subset:5783,c1cc(N2CC2)c[nH]1,0.2331
qm9_cn_subset:7274,CC(C)N(C)CC#N,0.261
qm9_cn_subset:34235,N#CC12CC3CC1CC32,0.3063
qm9_cn_subset:37992,C1=C2C=C3CC1N1C2C31,0.0376
qm9_cn_subset:37267,C1C2C3C4C(C5C3N45)N12,0.3046
qm9_cn_subset:29284,Nc1c[nH]c(C2CC2)n1,0.2166
qm9_cn_subset:127317,Cn1ccc2[nH]ncc21,0.212
qm9_cn_subset:28322,Cc1cc2n(c1)CCN2,0.2281
qm9_cn_subset:67218,CC1(C)C2CN3C1C23C,0.3147
qm9_cn_subset:126684,CCN(C)c1c[nH]nn1,0.1969
qm9_cn_subset:114574,CNC1CC2NC12C#N,0.2375
qm9_cn_subset:97293,CN=CN1C(C)C1C#N,0.2464
qm9_cn_subset:129103,N=C1Cc2[nH]nnc2N1,0.1983
qm9_cn_subset:86170,CC1CN(C)C(C#N)=N1,0.1871
qm9_cn_subset:105628,CCC1(C#N)CCN1C,0.2576
qm9_cn_subset:126558,CCCc1cc(N)[nH]n1,0.2442
qm9_cn_subset:125298,CC1=CCc2[nH]ncc21,0.2057
qm9_cn_subset:5077,Cc1c[nH]c(C)c1N,0.2396
qm9_cn_subset:4455,Cc1cc(N)[nH]c1C,0.229
qm9_cn_subset:81512,CN1C2CC1C2(N)C#N,0.2364
qm9_cn_subset:123610,C1Nc2nnn3c2C1C3,0.1654
qm9_cn_subset:31189,C#Cc1cc[nH]c1CC,0.2159
qm9_cn_subset:84435,CC1C=CC2(C)NC12C,0.2403
qm9_cn_subset:41128,C1=CC23NCC24NC3C14,0.203
qm9_cn_subset:29777,Cc1c(N)cn(C)c1N,0.2249
qm9_cn_subset:20834,CCc1ncnn1C,0.2628
qm9_cn_subset:10627,CCC1(C#N)CC1C,0.3159
qm9_cn_subset:77996,CC1CC2(C#N)C(C)N12,0.252
qm9_cn_subset:86987,CN1CC(NCC#N)C1,0.2452
qm9_cn_subset:4974,Cc1nccnc1N,0.1894
qm9_cn_subset:17725,C1CC23CC4C2N1C43,0.3001
qm9_cn_subset:84241,CC1C=C2CN3C2C13C,0.1727
qm9_cn_subset:123972,C1=NCc2c[nH]nc2N1,0.213
qm9_cn_subset:103093,C#CC1N(C)C1(C)CC,0.2555
qm9_cn_subset:20375,c1nnnn1C1CC1,0.2659
qm9_cn_subset:79219,N#CC12CC3C(C1N)N32,0.2492
qm9_cn_subset:123349,C#CCCc1nn[nH]n1,0.2359
qm9_cn_subset:36829,C(#CC1CN1)CC1CN1,0.2629
qm9_cn_subset:35357,N#CC1CC2=CCCC21,0.2457
qm9_cn_subset:24701,c1ncc2c(n1)CCN2,0.1843
qm9_cn_subset:37644,C1C2C3C4C5C(C1N24)N35,0.2678
qm9_cn_subset:35246,C#CC1CN1C1CCC1,0.2625
qm9_cn_subset:102214,CC#CCC(C#N)NC,0.2622
qm9_cn_subset:29725,C#Cc1ccc(C)n1C,0.1953
qm9_cn_subset:56927,C#CC(C)N1CC1C#C,0.2646
qm9_cn_subset:20819,CCc1cnnn1C,0.2511
qm9_cn_subset:129236,N=c1ncnn[nH]c1=N,0.1578
qm9_cn_subset:109469,CCN1C(=N)CN=C1C,0.2198
qm9_cn_subset:75267,CC1=CCN2C(C#N)C12,0.2321
qm9_cn_subset:70642,CC12NC1CNC2C#N,0.2657
qm9_cn_subset:130221,N=CNc1n[nH]nc1N,0.1929
qm9_cn_subset:19121,C#CC1(N2CC2)CC1,0.2818
qm9_cn_subset:117768,CCCC(C)(C#N)NC,0.2725
qm9_cn_subset:30705,CCC(C)n1ccnc1,0.2545
qm9_cn_subset:21030,Cc1cc(N)n(C)n1,0.2452
qm9_cn_subset:20909,CCn1nccc1N,0.2436
qm9_cn_subset:75669,N#CC12CN1C(=N)C2N,0.2393
qm9_cn_subset:79026,CC1C2C3C4NC4C2N13,0.2827
qm9_cn_subset:36266,C#CCC1C2C3CN3C12,0.2728
qm9_cn_subset:34146,N#CC12CC3C1CCC32,0.3196
qm9_cn_subset:129187,N#Cc1ccc(=N)[nH]n1,0.1513
qm9_cn_subset:83449,CN1C2CCC21CC#N,0.2802
qm9_cn_subset:59390,CC(C)C1CC1(N)C#N,0.2768
qm9_cn_subset:124718,CC(N)=Nc1nn[nH]n1,0.2077
qm9_cn_subset:107941,CCC12CC3N1C3(C)C2,0.3115
qm9_cn_subset:109520,C#CC1C(C#N)C1CC,0.2731
qm9_cn_subset:40338,C1CC1C12C3CC1N2C3,0.3227
qm9_cn_subset:70878,CC12CN3C(C)(C1)C32C,0.305
qm9_cn_subset:25662,CC#Cc1ncc(C)[nH]1,0.1976
qm9_cn_subset:66713,CC12C3C4N3C1C42C#N,0.2355
qm9_cn_subset:91671,CC1CC2CN1C2C#N,0.2697
qm9_cn_subset:8607,CC(C#N)(C#N)C#N,0.3282
qm9_cn_subset:18206,N#CC1NCC2NC12,0.268
qm9_cn_subset:28845,N=c1ncnc(N)cn1,0.1693
qm9_cn_subset:3595,CC1CN1C1CC1,0.3135
qm9_cn_subset:63533,CC1(C)CC12CN1CC12,0.2955
qm9_cn_subset:128987,c1cc2n[nH]nc2cn1,0.1812
qm9_cn_subset:8553,CC12CC3CC1(C)N32,0.326
qm9_cn_subset:1606,CN(C)C(=N)C#N,0.1997
qm9_cn_subset:84814,CC1C=CCN1CC#N,0.2361
qm9_cn_subset:31829,CNc1cnc(N)cn1,0.1563
qm9_cn_subset:68710,C#CC12CC1(C)C1NC12,0.269
qm9_cn_subset:126623,CCCn1nccc1N,0.2436
qm9_cn_subset:97780,CCC#CC1NC1C#N,0.2587
qm9_cn_subset:125482,C#Cc1cnc(C)nn1,0.1591
qm9_cn_subset:62494,CC1(C)C(C#N)C1(C)C,0.3071
qm9_cn_subset:14497,N#CC1(N)C2CC1N2,0.271
qm9_cn_subset:40234,C1CN2CC2C2(C1)CC2,0.2957
qm9_cn_subset:78273,CC1C2N1C1C(C)C21C,0.282
qm9_cn_subset:31535,CNc1cc(N)c(C)[nH]1,0.2179
qm9_cn_subset:4395,Cc1ncnc(=N)[nH]1,0.1779
qm9_cn_subset:39011,C1=CC23NC2CN=C3N1,0.1896
qm9_cn_subset:73595,C#CC1N2CCCC12C,0.2556
qm9_cn_subset:37535,C1=CC23C(C1)C1C2CN13,0.2274
qm9_cn_subset:92937,CC1CC=CC1(N)C#N,0.2437
qm9_cn_subset:4533,Cc1cn(C)cc1C,0.245
qm9_cn_subset:32622,CCn1ccc(C)c1N,0.2397
qm9_cn_subset:36410,N#CCC1CC2CN1C2,0.2795
qm9_cn_subset:41641,C1=C2C3C4C2N(CC1)C34,0.1939
qm9_cn_subset:80043,CC1C2C=CC3(CN3)C12,0.2212
qm9_cn_subset:33127,CCNc1c[nH]cc1C,0.2302
qm9_cn_subset:26027,C#CC(C)c1ccc[nH]1,0.2395
qm9_cn_subset:91562,CC1CC2NC12CC#N,0.2662
qm9_cn_subset:5683,c1cn2cc[nH]c2n1,0.2211
qm9_cn_subset:41066,C1CC23C1C1C2C2C3N12,0.2948
qm9_cn_subset:25675,CC#Cc1ccccn1,0.1961
qm9_cn_subset:20082,CC1C(C)C1N1CC1,0.3141
qm9_cn_subset:43265,N#CC12C=CC(=N)N1C2,0.1955
qm9_cn_subset:80361,CC1C2CC(C)(C#N)C12,0.307
qm9_cn_subset:36582,C#CCCC1(C#N)CC1,0.2954
qm9_cn_subset:124615,CC(C)n1nncc1N,0.2369
qm9_cn_subset:3865,Nc1cnncn1,0.1798
qm9_cn_subset:65318,CC1(C2CC2)CC1C#N,0.2979
qm9_cn_subset:25651,CC#Cc1cn(C)cn1,0.2152
qm9_cn_subset:40608,C1CN1C1C2C3CN3C21,0.2832
qm9_cn_subset:105939,CCC12C3C4CC(C31)N42,0.3051
qm9_cn_subset:35006,C#CC12CNC1C2C#N,0.2419
qm9_cn_subset:32104,CCc1cc(N)ncn1,0.2201
qm9_cn_subset:124911,CC12CC1n1nccc12,0.2344
qm9_cn_subset:36172,N#CCC12CC3C1CN32,0.2764
qm9_cn_subset:16435,CN1C2C3CC2C31C,0.3022
qm9_cn_subset:24174,c1cnc2cccn2c1,0.1569
qm9_cn_subset:36878,C1CN1CC1C2CN1C2,0.3146
qm9_cn_subset:73998,CC1=C2CC3C2N2C1C32,0.1763
qm9_cn_subset:20546,CC(C)c1cn[nH]n1,0.258
qm9_cn_subset:34135,N#CC12CC3C1C=CC32,0.2198
qm9_cn_subset:34732,C#CC1C2=NCC3C1N23,0.1904
qm9_cn_subset:62633,CC1(C)C2CC3C(C2)N31,0.3199
qm9_cn_subset:30304,CC1CCc2cc[nH]c21,0.2375
qm9_cn_subset:29379,C#CCc1cc(N)c[nH]1,0.2189
qm9_cn_subset:18957,CCC1C2C3CC2N13,0.3142
qm9_cn_subset:82538,CN1C2CC3(CN3)C21C,0.2985
qm9_cn_subset:124449,CC(C)(C)c1cn[nH]n1,0.2574
qm9_cn_subset:79403,CC1C2N3CC2(C)C13C,0.3105
qm9_cn_subset:36812,C#CCCCCCC#N,0.3003
qm9_cn_subset:73984,CC1=C2CC3N(C1)C23C,0.1617
qm9_cn_subset:88628,CN1CC1C1C2CCC21,0.302
qm9_cn_subset:13975,CC#CC12CCN1C2,0.2502
qm9_cn_subset:20505,CC#Cc1nc[nH]n1,0.2235
qm9_cn_subset:88753,CC1CN1C1CC2CC21,0.2988
qm9_cn_subset:107725,CCC12CC3(C)CN1C32,0.3129
qm9_cn_subset:10499,CC#CC1(CC)CN1,0.2821
qm9_cn_subset:125267,CC1=Cc2[nH]ncc2C1,0.1881
qm9_cn_subset:84410,CC1N=CN(C=N)C1=N,0.2136
qm9_cn_subset:16611,CC1=C(C)C2NC2C1,0.242
qm9_cn_subset:32784,CCCc1cc[nH]c1C,0.2395
qm9_cn_subset:35713,N#CC1CCC1C1CN1,0.275
qm9_cn_subset:119636,CCCC12CC3C(C1)N32,0.3132
qm9_cn_subset:52859,CC#CC1(CC#N)CN1,0.269
qm9_cn_subset:77310,CN1C(N)=NCC1C#N,0.2363
qm9_cn_subset:28900,Cc1cccc(C)c1N,0.2103
qm9_cn_subset:19117,C12C3C4C1C1C2C3N41,0.2566
qm9_cn_subset:128394,CNC=[NH+]c1cnn[n-]1,0.1347
qm9_cn_subset:34347,N#CC12CNC1C1CC12,0.2557
qm9_cn_subset:41657,C1CC2C3CN4C(C13)C24,0.3238
qm9_cn_subset:125690,Cc1n[nH]nc1N1CC1,0.2262
qm9_cn_subset:26041,C#CC(N)c1ncc[nH]1,0.2432
qm9_cn_subset:15554,CN1CC=CC1C#N,0.2242
qm9_cn_subset:944,Nc1ccccn1,0.2008
qm9_cn_subset:125333,Cc1cn2ncnc2[nH]1,0.2344
qm9_cn_subset:63706,CC1(C)CC2(C#N)CC12,0.2889
qm9_cn_subset:31648,CNc1cc(N)n(C)c1,0.2147
qm9_cn_subset:127842,CN=c1ccn(C)nc1,0.1629
qm9_cn_subset:99640,CCC(C#N)C1NC1C,0.2997
qm9_cn_subset:56644,CC1CC1(C)C(N)C#N,0.2811
qm9_cn_subset:38402,C1C2N1CC21CN2CC21,0.2972
qm9_cn_subset:89941,CN1CC2(C#N)NCC12,0.2321
qm9_cn_subset:64782,C#CC#CCC1(C)CN1,0.2282
qm9_cn_subset:76003,C#CC1C(N)C1(C)C#N,0.2481
qm9_cn_subset:20583,C#Cc1cn[nH]c1C,0.2253
qm9_cn_subset:5669,c1cc2nc[nH]c2[nH]1,0.2215
qm9_cn_subset:61667,N#CC(N)CN1CCC1,0.263
qm9_cn_subset:33382,N#CC#CCCC1CC1,0.2435
qm9_cn_subset:102650,CCC(CC)CN1CC1,0.3182
qm9_cn_subset:81749,CC1C(C)C2(C#N)NC12,0.2628
qm9_cn_subset:66795,CC12C3C4C1C1C2C3N41,0.2537
qm9_cn_subset:95091,CC1CCC2NC12C#N,0.2751
qm9_cn_subset:130154,C#Cc1c(N)n[nH]c1N,0.2201
qm9_cn_subset:37032,C1=CC23CCC2(CC1)N3,0.2174
qm9_cn_subset:127538,Cn1nc2c(n1)CNC2,0.2261
qm9_cn_subset:62861,CC1(C)C2CC1N1CC21,0.3147
qm9_cn_subset:35473,N#CC1C=CC2CC2C1,0.2496
qm9_cn_subset:74234,Cc1c[c-](C#N)c(=[NH2+])[nH]1,0.2081
qm9_cn_subset:40626,C1CC2CC1C2N1CC1,0.3255
qm9_cn_subset:84260,CC1N=C2CCN2C1=N,0.2232
qm9_cn_subset:30563,CN=CNc1c[nH]cn1,0.2155
qm9_cn_subset:18901,CC12C3CC1N1C3C12,0.3049
qm9_cn_subset:52719,CC#CC(C)NCC#N,0.2612
qm9_cn_subset:33884,N#CC12CC1N1CC2C1,0.2692
qm9_cn_subset:61690,CC(C#N)(C#N)NC=N,0.2541
qm9_cn_subset:102736,N#CC(CN)NC1CC1,0.2602
qm9_cn_subset:53541,C#CC1(CC#CC)CN1,0.283
qm9_cn_subset:33465,N#CC1(N2CCC2)CC1,0.2553
qm9_cn_subset:129930,N#CCc1n[nH]cc1N,0.2186
qm9_cn_subset:21608,N=c1cn[n-]c(N)[nH+]1,0.1772
qm9_cn_subset:125379,Cc1c[nH]nc1CC#N,0.2553
qm9_cn_subset:28113,Cc1nc2[nH]ccc2[nH]1,0.2044
qm9_cn_subset:127322,Cn1ccc2nn[nH]c21,0.2133
qm9_cn_subset:87769,CC1CC12CC1(C)NC12,0.2985
qm9_cn_subset:1790,CCC1(C)CN1C,0.3001
qm9_cn_subset:130108,Nc1nnc2[nH]cnn12,0.1953
qm9_cn_subset:97660,CCC#CC1(C)CN1C,0.2606
qm9_cn_subset:56922,C#CC(C)C1CC1C#N,0.2955
qm9_cn_subset:128993,c1cc2[nH]ncc2cn1,0.1991
qm9_cn_subset:26776,Cc1cc(C#N)[nH]c1N,0.1882
qm9_cn_subset:124196,CC#CCn1cccn1,0.2609
qm9_cn_subset:124007,C1=Cc2n[nH]cc2NC1,0.1885
qm9_cn_subset:67071,CC12C3CC1(C#N)CC32,0.2779
qm9_cn_subset:130194,Nc1n[nH]c2ncnn12,0.2242
qm9_cn_subset:108062,CCC12CC3CC1(C)N32,0.3246
qm9_cn_subset:82537,CN1C2CC3(CC3)C21C,0.3165
qm9_cn_subset:28307,Nc1cc2n(c1)CC=C2,0.1588
qm9_cn_subset:20497,CC#Cc1cnn[nH]1,0.2099
qm9_cn_subset:127673,Cn1ncnc1N1CC1,0.256
qm9_cn_subset:34719,N#CC1C2C3C=CC2N13,0.2121
qm9_cn_subset:18888,CC12CC3C4C1C2N34,0.2958
qm9_cn_subset:35787,N#CC1CCC2CC2C1,0.3205
qm9_cn_subset:130128,Nc1n[nH]c(C2CN2)n1,0.2231
qm9_cn_subset:24246,c1cc2c([nH]1)C1CC1C2,0.2326
qm9_cn_subset:128965,c1cc2c[nH]nnc-2n1,0.1669
qm9_cn_subset:24257,c1cc2c([nH]1)C1NC1C2,0.2303
qm9_cn_subset:65321,CC1(N2CC2)CC1C#N,0.2733
qm9_cn_subset:79484,C#CC12C3CC1C3N2C,0.2409
qm9_cn_subset:24069,N#CCCc1ncc[nH]1,0.248
qm9_cn_subset:35385,N#CC1CC2C3CN2C13,0.2783
qm9_cn_subset:126002,CC1Cc2cnnn2C1,0.2556
qm9_cn_subset:70299,CC12CN1CC1(CC1)C2,0.3174
qm9_cn_subset:63001,CC1(C)C2CC2N2CC21,0.3101
qm9_cn_subset:56360,C#CC(C)(C#C)C1CN1,0.2683
qm9_cn_subset:110391,CCN1C2C3C(C)C2C31,0.2936
qm9_cn_subset:66663,C#CC12C3C4N1C4(C)C32,0.2366
qm9_cn_subset:88716,C#CC1NC1C1CN1C,0.245
qm9_cn_subset:30818,CCc1[nH]c(N)cc1N,0.2168
qm9_cn_subset:26937,Cc1[nH]ccc1C1CN1,0.2389
qm9_cn_subset:74498,C#CC12C=C(C)CN1C2,0.2286
qm9_cn_subset:124972,Cc1[nH]nnc1CC#N,0.2491
qm9_cn_subset:65534,CC1(C#N)CC2CN1C2,0.278
qm9_cn_subset:34444,N#CC12NCC3C1CC32,0.2616
qm9_cn_subset:30733,CNc1[nH]cc(N)c1C,0.2259
qm9_cn_subset:33187,CCCCc1ncc[nH]1,0.2499
qm9_cn_subset:53150,CC#CC1N2CC1(C)C2,0.2566
qm9_cn_subset:21179,CNc1cn(C)nn1,0.208
qm9_cn_subset:91979,CC1CN2CC2C1C#N,0.2769
qm9_cn_subset:34905,N#CC1C(C#N)C2NC12,0.2681
qm9_cn_subset:5338,C#Cc1ccncc1,0.2067
qm9_cn_subset:26106,CC(C)(C)n1cccc1,0.2477
qm9_cn_subset:17586,CC12NC1(C)C1CC12,0.3436
qm9_cn_subset:53301,C#CCC1NC1C#CC,0.2739
qm9_cn_subset:84242,CC1N=C2CC3N2C13C,0.1948
qm9_cn_subset:5040,Cn1cncnc1=N,0.179
qm9_cn_subset:100222,C#CCC(C)(C#N)NC,0.272
qm9_cn_subset:20603,Cc1c(N)n[nH]c1N,0.2374
qm9_cn_subset:115250,CCC1C=C(C#N)CC1,0.2188
qm9_cn_subset:80885,CC1C2CC1(C)N1CC21,0.3138
qm9_cn_subset:80673,CC1C2CC(C3CN3)N12,0.3006
qm9_cn_subset:102716,CCC(C#N)CC1CC1,0.3216
qm9_cn_subset:33641,C#CC12C3CN1C=NC32,0.2204
qm9_cn_subset:32733,CCCc1[nH]cnc1N,0.2177
qm9_cn_subset:89923,CC1CC2(C#N)CCC12,0.3038
qm9_cn_subset:35347,N#CC1CC23CN(C2)C13,0.2418
qm9_cn_subset:26206,Cc1c[nH]c(N(C)C)n1,0.2352
qm9_cn_subset:59372,CC(C)C1CC(C#N)C1,0.3328
qm9_cn_subset:78325,CN1C2C3CCC3(C)C21,0.2964
qm9_cn_subset:102887,CCC(C#N)NCC#N,0.271
qm9_cn_subset:24582,c1ncc(C2CCC2)[nH]1,0.2454
qm9_cn_subset:29477,CC1=CCc2nc[nH]c21,0.1871
qm9_cn_subset:52680,CC#CC(C)C1CN1C,0.2779
qm9_cn_subset:24689,c1cc2c(cn1)CCC2,0.2302
qm9_cn_subset:65575,CC1(C#N)CC2CC2C1,0.3257
qm9_cn_subset:64613,CC1(C#N)C=CC2CN21,0.2297
qm9_cn_subset:30724,CCc1[nH]cc(N)c1N,0.2194
qm9_cn_subset:129018,c1cc2cnn[nH]c-2c1,0.1334
qm9_cn_subset:35793,N#CC1CCN2CC2C1,0.2727
qm9_cn_subset:127340,C#CCc1ncn(C)n1,0.2614
qm9_cn_subset:62674,CC12CC1N1C2C1(C)C,0.277
qm9_cn_subset:126611,CCCn1ccc(N)n1,0.2301
qm9_cn_subset:19788,CC1C2NC2C2CN12,0.2907
qm9_cn_subset:101630,CCC(C)CC(N)C#N,0.2966
qm9_cn_subset:126812,CCn1nccc1NC,0.2381
qm9_cn_subset:2752,CC1CNC1C#N,0.2655
qm9_cn_subset:65317,C#CC1CC1(C)N1CC1,0.2753
qm9_cn_subset:32641,CCn1ccc(NC)c1,0.2162
qm9_cn_subset:34216,N#CC12CC3CC1C2C3,0.3091
qm9_cn_subset:20784,CC1Cc2ncnn21,0.2737
qm9_cn_subset:105810,CCC12C3NC3C1N2C,0.2622
qm9_cn_subset:105923,CCC12C3CC4C3N1C42,0.3053
qm9_cn_subset:124448,CC(C)(C)c1nc[nH]n1,0.269
qm9_cn_subset:113602,C#CC#CC1CN1CC,0.2047
qm9_cn_subset:79375,C#CC12CC3C1N(C)C32,0.2419
qm9_cn_subset:82917,CC1C2N1CC1CC12C,0.2992
qm9_cn_subset:37400,N1C2C1C1NC3C1NC23,0.2793
qm9_cn_subset:113723,C#CC(C)N1CC1CC,0.2786
qm9_cn_subset:27568,Cc1ccnc(C#N)c1,0.2155
qm9_cn_subset:19837,C1CN2CC2C2NC12,0.286
qm9_cn_subset:21138,CN=c1[nH]nnn1C,0.1952
qm9_cn_subset:124587,CC(C)n1cc(N)nn1,0.2173
qm9_cn_subset:125415,Cc1nc(=N)c(C)n[nH]1,0.1909
qm9_cn_subset:16895,CC1C=CC2NC2C1,0.2482
qm9_cn_subset:9878,CC1(CCC#N)CN1,0.2961
qm9_cn_subset:37304,C1=NC2C3NC3C3C2N13,0.2367
qm9_cn_subset:9024,C#CC(N)C#CC#N,0.2225
qm9_cn_subset:126647,CCCNc1cnn[nH]1,0.2294
qm9_cn_subset:126324,CCc1cnn[nH]c1=N,0.166
qm9_cn_subset:33897,C#CC12NC1C1CCC12,0.2462
qm9_cn_subset:70961,C#CC12CC3N1C3(C)C2,0.2638
qm9_cn_subset:20882,CCCn1cccn1,0.2623
qm9_cn_subset:66819,CC12C3=CC4C(C41)N2C3,0.1809
qm9_cn_subset:65349,C#CC1(C)CN1C1CC1,0.2756
qm9_cn_subset:57497,CC(C)(C)CC#CC#N,0.2442
qm9_cn_subset:56579,CC(C#N)C(N)C1CN1,0.279
qm9_cn_subset:69664,CC12CN1C1=NCCC12,0.2349
qm9_cn_subset:5492,Cc1c[nH]cc1C#N,0.2257
qm9_cn_subset:127779,Cn1nnc2c[nH]cc21,0.1792
qm9_cn_subset:127729,C#CCc1nnn(C)n1,0.2427
qm9_cn_subset:127877,CN=c1nccnn1C,0.1399
qm9_cn_subset:125041,Cc1c(C#N)n[nH]c1N,0.2079
qm9_cn_subset:94631,CC1CCN1CCC#N,0.2613
qm9_cn_subset:19669,C#CC1C2CC3C1N23,0.2866
qm9_cn_subset:29688,Cc1cc(N)c(C)n1C,0.2179
qm9_cn_subset:33997,C#CC12CC=CCN1C2,0.2467
qm9_cn_subset:99543,CCC(C#N)C(N)C#N,0.2809
qm9_cn_subset:28414,Cc1cc(N)cnc1C,0.1964
qm9_cn_subset:20920,CCn1nncc1C,0.2504
qm9_cn_subset:72020,CC12CC3CC1N1C3C12,0.314
qm9_cn_subset:21322,N#Cc1cncnn1,0.1611
qm9_cn_subset:30765,CCc1ccn(C)c1C,0.2386
qm9_cn_subset:59145,CC(C)N1C2C3NC3C21,0.263
qm9_cn_subset:20450,c1n[nH]c(C2CN2)n1,0.2583
qm9_cn_subset:62041,CC(C#N)NCC1CC1,0.2696
qm9_cn_subset:61132,N#CC#CC(N)CC#N,0.2229
qm9_cn_subset:1373,N#CC(=N)NC=N,0.1952
qm9_cn_subset:56989,N#CC(N)C1NC2CC21,0.2591
qm9_cn_subset:123404,c1n[nH]cc1CC1CC1,0.2578
qm9_cn_subset:3596,CC1NC1C1CN1,0.3023
qm9_cn_subset:34985,C#CC1C2CC3CC3N12,0.2507
qm9_cn_subset:25630,CC#Cc1nc[nH]c1C,0.2154
qm9_cn_subset:41644,C1CC2C3C(C1)C1C2N31,0.3112
qm9_cn_subset:844,Cc1c[nH]c(C)n1,0.2457
qm9_cn_subset:59080,CN(C)C1C(N)C1C#N,0.2612
qm9_cn_subset:130213,Nc1n[nH]nc1C1CC1,0.2167
qm9_cn_subset:36822,N#CCCNCCC#N,0.2822
qm9_cn_subset:17273,CC1CN1CC1CN1,0.3177
qm9_cn_subset:24845,N=c1ccncc(=N)[nH]1,0.1467
qm9_cn_subset:34653,N#CC1=CCCCC=C1,0.1786
qm9_cn_subset:111364,CCC1C(C#N)C2NC12,0.2767
qm9_cn_subset:127416,CN1CCn2nncc21,0.2241
qm9_cn_subset:67796,CC12C=CC3N=CN1C32,0.2246
qm9_cn_subset:5107,Cc1ccc(C)n1C,0.2322
qm9_cn_subset:10538,CCCC1(C#N)CN1,0.2953
qm9_cn_subset:9782,CC(C#N)C1(C)CC1,0.3231
qm9_cn_subset:83015,CC1C2CN=C(C#N)N12,0.1963
qm9_cn_subset:35659,N#CC1=CC(C#N)CC1,0.2219
qm9_cn_subset:24022,N#CC1Cn2ccnc21,0.244
qm9_cn_subset:5392,CNc1cncnc1,0.1862
qm9_cn_subset:127095,CN(C)c1ccnn1C,0.2384
qm9_cn_subset:20630,Cc1cc(=N)nn[nH]1,0.1693
qm9_cn_subset:10541,CCNC1(C#N)CC1,0.2672
qm9_cn_subset:8676,CCC(C)(C#N)NC,0.2724
qm9_cn_subset:104909,CCC1(C#N)CC1(C)C,0.3104
qm9_cn_subset:130011,Nc1nc2c[nH]nc2[nH]1,0.2121
qm9_cn_subset:34192,N#CC12CC3N=CN1C32,0.2328
qm9_cn_subset:109188,CCC1=CCC(C#N)C1,0.2589
qm9_cn_subset:70616,CC12CN1CCC21CN1,0.3023
qm9_cn_subset:4539,Cc1cc(C)n(C)c1,0.2409
qm9_cn_subset:88962,CC1CN1CC1(C)CC1,0.305
qm9_cn_subset:40245,C1CC2NC2C2(C1)CN2,0.2989
qm9_cn_subset:125888,CC1CC1n1cnnn1,0.2618
qm9_cn_subset:117561,CCCC(C#N)N1CC1,0.2837
qm9_cn_subset:80046,CN1C2C=CC3(CN3)C21,0.219
qm9_cn_subset:1619,CC(N)C(N)C#N,0.2587
qm9_cn_subset:33342,N#CC#CC1CC2CC12,0.2383
qm9_cn_subset:113326,C#CC1(CC)CN1CC,0.2735
qm9_cn_subset:128344,CNc1n[nH]nnc1=N,0.1702
qm9_cn_subset:42223,N#CC(=N)N1C2CCC21,0.2026
qm9_cn_subset:74877,CC1=CC2NC2C2NC12,0.241
qm9_cn_subset:35790,N#CC1CCC2CN2C1,0.2695
qm9_cn_subset:68042,CC12CC(C)(C1)C21CN1,0.3074
qm9_cn_subset:70009,CC12NC1C1CCC=C12,0.2362
qm9_cn_subset:90803,CC1CC2C3C2N2C1C32,0.2821
qm9_cn_subset:25697,CC#Cc1c[nH]cc1C,0.2177
qm9_cn_subset:34511,N#CC1=NC2C3CN1C32,0.1856
qm9_cn_subset:10260,CN(C)C(C#N)C#N,0.2413
qm9_cn_subset:33490,N#CC1(C#N)CN2CC21,0.2592
qm9_cn_subset:130081,Nc1nc2[nH]ccn2n1,0.2222
qm9_cn_subset:3748,Cn1cnc(N)n1,0.2303
qm9_cn_subset:90300,CC1CC2=CC3NC3C21,0.2377
qm9_cn_subset:127596,Cn1ncc(N)c1C#N,0.1871
qm9_cn_subset:9561,C#CC1CC1(C)C#N,0.2705
qm9_cn_subset:78923,CC1C2C3C4C1N2C34C,0.2993
qm9_cn_subset:20294,C1NC1C1C2CN1C2,0.2924
qm9_cn_subset:85689,CC1NC(C#N)C12CC2,0.2638
qm9_cn_subset:126329,CCc1c[nH]nc1C#N,0.2347
qm9_cn_subset:24159,c1cc(NC2CC2)c[nH]1,0.2252
qm9_cn_subset:127621,Cn1ncc2[nH]cnc21,0.2169
qm9_cn_subset:37147,C1C2C1C13CC4C1N2C43,0.2936
qm9_cn_subset:26370,Cc1nccn1C(C)C,0.247
qm9_cn_subset:74289,CC1=CC(C)(C#N)CC1,0.2553
qm9_cn_subset:88031,C#CC1CCC12NC2C,0.278
qm9_cn_subset:37137,C1CC23NC2(C1)C1NC13,0.3221
qm9_cn_subset:61929,CN(CCC#N)C1CC1,0.2527
qm9_cn_subset:5860,CC(C)(C)C#CC#N,0.2474
qm9_cn_subset:69832,CC12CCN3CC3C1N2,0.2927
qm9_cn_subset:73349,CC12C=CC3C1N3CC2,0.2202
qm9_cn_subset:10738,CC(C)(C#N)C1CN1,0.2826
qm9_cn_subset:36202,N#CCC12CNC1CN2,0.2618
qm9_cn_subset:20835,CCc1ncnnn1,0.1621
qm9_cn_subset:123548,c1nc2n(n1)C1CC2C1,0.2503
qm9_cn_subset:26336,CN(C)c1c[nH]c(N)c1,0.221
qm9_cn_subset:129140,C#Cc1nc(=N)nn[nH]1,0.175
qm9_cn_subset:78117,CN1C2C(C)(C)CC21C,0.2969
qm9_cn_subset:109609,CCC1C(N)C1(N)C#N,0.2567
qm9_cn_subset:34369,N#CC12CC=CC1CN2,0.2416
qm9_cn_subset:91472,CN1CC2CC1(C#N)C2,0.2489
qm9_cn_subset:53292,CC#CC1NC1C1CN1,0.2649
qm9_cn_subset:26420,CC(C)Cn1cccc1,0.2462
qm9_cn_subset:2037,CC1(C)CN2CC21,0.3104
qm9_cn_subset:24365,C1=Cc2[nH]cnc2NC1,0.1567
qm9_cn_subset:71680,CC12CC3C4C1CN4C32,0.3
qm9_cn_subset:10255,C#CC(C#N)C(C)C,0.2982
qm9_cn_subset:104741,CCC1(CC)CC1C#N,0.312
qm9_cn_subset:77022,C#CCC1C(C#C)N1C,0.255
qm9_cn_subset:78422,CC1C2C3C4CC3C4N12,0.3032
qm9_cn_subset:71659,CC12CC3C(C1)N1C3C12,0.3091
qm9_cn_subset:29590,Cc1c[nH]cc1CC#N,0.2443
qm9_cn_subset:35441,C#CC12NC1CC2C#N,0.2513
qm9_cn_subset:124544,Cc1n[nH]nc1C(C)C,0.2504
qm9_cn_subset:93633,CC1CNC(C#N)C1C,0.2677
qm9_cn_subset:90480,CC1CC2C(C3CN3)N12,0.3017
qm9_cn_subset:31126,CCc1c(C)c[nH]c1C,0.2391
qm9_cn_subset:34243,N#CC12NC3CC1NC32,0.2506
qm9_cn_subset:20374,c1nncn1C1CC1,0.264
qm9_cn_subset:108000,CCC12CC3C4C(C31)N42,0.3029
qm9_cn_subset:74617,CC1=CC2C3N2CC13C,0.2281
qm9_cn_subset:63851,CC1(C)CC2CC21C#N,0.2867
qm9_cn_subset:19991,N#CC1CC1C1CN1,0.2747
qm9_cn_subset:129965,Nc1nc(C2CN2)n[nH]1,0.2366
qm9_cn_subset:109512,CNC1C(C#N)C1(C)N,0.2556
qm9_cn_subset:125011,C#Cc1n[nH]c(C)c1N,0.1996
qm9_cn_subset:125858,CC1C=Cc2c[nH]nc21,0.2046
qm9_cn_subset:100136,CCC(C)(C)NCC#N,0.2694
qm9_cn_subset:106194,CCC12C3CC4C1N4C32,0.2942
qm9_cn_subset:11921,CC12CC1(C#N)CN2,0.2604
qm9_cn_subset:59678,CC(C)C1CCC1C#N,0.329
qm9_cn_subset:70144,CC12C=CCC=CC1N2,0.2299
qm9_cn_subset:26625,C#Cc1c[nH]c(C)c1C,0.2148
qm9_cn_subset:102420,CCC(C#CC#N)CC,0.2457
qm9_cn_subset:17759,CC12C3C4N3C1C42C,0.2727
qm9_cn_subset:33587,C#CC12C3C4CC1N4C32,0.2519
qm9_cn_subset:34072,N#CC12CC3C(C1)C3N2,0.2673
qm9_cn_subset:2977,N#CC(N)C1CN1,0.272
qm9_cn_subset:38585,C1C2C3CC2(C3)C2CN12,0.3142
qm9_cn_subset:107809,CCC12C=CC3C1N3C2,0.2293
qm9_cn_subset:53668,CC#CCCN1CC1C,0.2881
qm9_cn_subset:81126,CC1C2CC1(CC#N)N2,0.2818
qm9_cn_subset:33816,C#CC12CCC1(C#N)N2,0.2465
qm9_cn_subset:14812,N#CC1CNC1C#N,0.2618
qm9_cn_subset:36796,N#CCCCCC1CC1,0.3204
qm9_cn_subset:65164,C#CC1CN1C1(C)CC1,0.2563
qm9_cn_subset:8139,CC1=CC2(C)NC2C1,0.2443
qm9_cn_subset:2757,CN1CCC1C#N,0.2536
qm9_cn_subset:123607,c1nnn2c1C1CC1C2,0.2452
qm9_cn_subset:20428,C1CN1c1nn[nH]n1,0.216
qm9_cn_subset:34524,N#CC1=NC2CC(C2)N1,0.1988
qm9_cn_subset:17530,CC1C2N1CC21CC1,0.3031
qm9_cn_subset:28463,Cc1cnc(N)nc1C,0.1955
qm9_cn_subset:24506,c1ncc2nc[nH]c2n1,0.2045
qm9_cn_subset:69376,CC12CC(C3CN3)N1C2,0.3092
qm9_cn_subset:34026,C#CC12CCCCC1N2,0.278
qm9_cn_subset:33288,C#CC#CC12CN(C1)C2,0.2235
qm9_cn_subset:67407,C#CC12CN3CC1C32C,0.2581
qm9_cn_subset:70573,CC12CN1CCC1NC12,0.2867
qm9_cn_subset:93879,CN1CCC(N)C1C#N,0.257
qm9_cn_subset:36493,N#CCC1NCC2NC12,0.2663
qm9_cn_subset:26650,Cc1[nH]c(C)c(C)c1C,0.232
qm9_cn_subset:19334,N#CC12CN1C1CC12,0.2434
qm9_cn_subset:128994,c1cc2cn[nH]c2cn1,0.1892
qm9_cn_subset:24792,C#Cc1nc(=N)cc[nH]1,0.16
qm9_cn_subset:69578,CC12C=CC3(CN3)C1C2,0.2356
qm9_cn_subset:29340,C#Cc1c(C)c[nH]c1N,0.2075
qm9_cn_subset:125533,Cc1nc2[nH]ccn2n1,0.2358
qm9_cn_subset:25664,CC#Cc1ncc(N)[nH]1,0.1897
qm9_cn_subset:89892,CC1CC2(C1)CC1NC12,0.307
qm9_cn_subset:60661,C#CC(N)=NC(C)C#N,0.2214
qm9_cn_subset:115411,CCC1CCC(C#N)C1,0.3449
qm9_cn_subset:35101,C#CC1N=CNC12CC2,0.2408
qm9_cn_subset:62275,CC1(C#N)C2CN3C2C31,0.2759
qm9_cn_subset:38403,C1C2NC2C12CC1NC12,0.3052
qm9_cn_subset:124871,CC1(n2ncnn2)CC1,0.2576
qm9_cn_subset:10573,CC1NC1(C#N)C#N,0.2667
qm9_cn_subset:56583,CC(C#N)N(C)C1CC1,0.2626
qm9_cn_subset:30197,CC1Cc2ccc(N)n21,0.237
qm9_cn_subset:36155,C#CCC12CC3C(C1)N32,0.2892
qm9_cn_subset:28178,Nc1cc2nc[nH]c2[nH]1,0.2122
qm9_cn_subset:15207,CN1C(C#N)C1C#N,0.2537
qm9_cn_subset:21206,CNc1n[nH]c(C)n1,0.2265
qm9_cn_subset:106107,CCC12C3CN1C2C3C,0.3171
qm9_cn_subset:12028,CC1(C#N)CC2CC21,0.3135
qm9_cn_subset:133849,CC12C3=CC4CC3C1N42,0.1481
qm9_cn_subset:57132,C#CC#CC(C)N1CC1,0.2241
qm9_cn_subset:126909,CCNc1nn[nH]c1N,0.2287
qm9_cn_subset:127952,CN=c1cc(C)nn[nH]1,0.16
qm9_cn_subset:57323,C#CC(C#N)C(C)(C)C,0.2967
qm9_cn_subset:30486,C[NH+]=c1nc(N)cc[n-]1,0.2018
qm9_cn_subset:68719,C#CC12NC1(C)C1NC12,0.2702
qm9_cn_subset:10025,CC#CC(C#N)CC,0.287
qm9_cn_subset:114286,C#CC1C2CC(CC)N12,0.2565
qm9_cn_subset:113599,CCC1NC1C#CC#N,0.2238
qm9_cn_subset:125165,Cc1nnn2c1C=CC2,0.1863
qm9_cn_subset:126945,CCNc1ccn(C)n1,0.2206
qm9_cn_subset:122073,CCCCC(C#N)NC,0.272
qm9_cn_subset:9021,C#CC(C)C#CC#N,0.2387
qm9_cn_subset:17447,CC1C2C3CC3(C)N12,0.3102
qm9_cn_subset:80310,CC1C2C=C(C#N)CN12,0.1848
qm9_cn_subset:89865,C#CC1NC12CN(C)C2,0.2503
qm9_cn_subset:69665,CC12NC1C1=CCCC12,0.2347
qm9_cn_subset:36682,N#CCCN1CC1C#N,0.2739
qm9_cn_subset:35213,N#CC1CC12CC=CC2,0.2665
qm9_cn_subset:37874,C1C2C3CN1C1CN3C21,0.2875
qm9_cn_subset:32116,CNc1cncc(C)n1,0.1785
qm9_cn_subset:19131,N#CC1(N2CC2)CC1,0.2817
qm9_cn_subset:11567,CCC(C)CN1CC1,0.3161
qm9_cn_subset:67025,CC12CC3N(C=N1)C32C,0.238
qm9_cn_subset:64941,C#CCC#CC1(C)CN1,0.2716
qm9_cn_subset:58652,CC(C)C1(C#N)CN1C,0.2758
qm9_cn_subset:66097,C#CC1(C)CCC2NC21,0.2934
qm9_cn_subset:213,Cn1ccnc1,0.2541
qm9_cn_subset:79133,CC1=C2C(C)N3C(C1)C23,0.1656
qm9_cn_subset:35021,N#CC1C2CNC12C#N,0.24
qm9_cn_subset:26345,CC(C)c1c[nH]cc1N,0.2322
qm9_cn_subset:35624,C#CC1NC=NC1C#N,0.2471
qm9_cn_subset:40586,C1CC1C1C2C3CC2N31,0.3169
qm9_cn_subset:32845,CCNc1cc(C)c[nH]1,0.2373
qm9_cn_subset:62278,CC1(C#N)C2C3CN1C32,0.2761
qm9_cn_subset:107243,CCC12CC1N1CC12C,0.2911
qm9_cn_subset:37689,C1=CC2C3C4CC(C14)N23,0.2371
qm9_cn_subset:40455,C1CC1C12CC3C(C1)N32,0.3169
qm9_cn_subset:32127,CNc1cc(N)ncn1,0.2222
qm9_cn_subset:74474,CC1=CC2(CN2)C2CC12,0.2246
qm9_cn_subset:9573,C#CC1(N)CC1C#N,0.2716
qm9_cn_subset:34872,C#CC1C2NC2C12CC2,0.2763
qm9_cn_subset:28100,CC1=Cc2[nH]cnc2C1,0.1804
qm9_cn_subset:93592,CC1CC=C(C#N)CC1,0.2251
qm9_cn_subset:79011,CC1C2C3CN4C2C4C13,0.3282
qm9_cn_subset:123490,c1n[nH]nc1CN1CC1,0.2394
qm9_cn_subset:5747,CC1Cn2cccc21,0.2493
qm9_cn_subset:95418,CC1CCC=C(C#N)C1,0.2249
qm9_cn_subset:57226,C#CC#CC(C)(C)C#N,0.2268
qm9_cn_subset:53487,CC#CCC(C)(N)C#N,0.2784
qm9_cn_subset:88086,CN1CC12CCC1NC12,0.2981
qm9_cn_subset:78984,CC1C2C3C4C1C2(C)N34,0.3079
qm9_cn_subset:84386,CC1C=CC(C)C1C#N,0.2648
qm9_cn_subset:34327,N#CC12CCN=C1NC2,0.2464
qm9_cn_subset:56772,N#CC(N)C12CCC1N2,0.2879
qm9_cn_subset:127746,Cn1nnc(NC=N)n1,0.2103
qm9_cn_subset:23953,C#Cc1[nH]cnc1C#N,0.1907
qm9_cn_subset:127414,CN1CCn2nccc21,0.232
qm9_cn_subset:40688,C1C(N2CC2)C1N1CC1,0.3111
qm9_cn_subset:24330,C1=CCc2c[nH]cc2C1,0.2367
qm9_cn_subset:53021,CC#CC12CC3C1N3C2,0.2631
qm9_cn_subset:53561,CC#CCC1C(C)N1C,0.2723
qm9_cn_subset:66424,CC12C3C1C1(C)N2C31C,0.2831
qm9_cn_subset:110415,CCC1C2C3N1CC23C,0.3019
qm9_cn_subset:34065,N#CC12NC3=NCC1C32,0.1711
qm9_cn_subset:116822,CCCC#CC#CC#N,0.1931
qm9_cn_subset:35199,N#CC1CC12CN1CC12,0.2686
qm9_cn_subset:37817,C1=CC23NC4C2NC43C1,0.2167
qm9_cn_subset:21180,CNc1cncnn1,0.1673
qm9_cn_subset:127411,CN1CCc2n[nH]nc21,0.2014
qm9_cn_subset:4352,Cc1ccnc(C)n1,0.2092
qm9_cn_subset:123508,c1cnn2ccnc2n1,0.1577
qm9_cn_subset:125162,Cc1[nH]nc2c1C=CC2,0.2035
qm9_cn_subset:34708,C#CC1C2C=CC3C1N23,0.2168
qm9_cn_subset:26383,CC(C)Cc1ncc[nH]1,0.251
qm9_cn_subset:48258,N#CCN(C=N)CC#N,0.2554
qm9_cn_subset:107515,C#CC1CC2NC12CC,0.2771
qm9_cn_subset:16116,N#CC12CC1CCN2,0.2755
qm9_cn_subset:10016,N#C[C-](C#N)[NH+]=CN,0.1353
qm9_cn_subset:61300,C#CCC(C)CN1CC1,0.2901
qm9_cn_subset:15777,CC(CC#N)N1CC1,0.2823
qm9_cn_subset:87625,CC1CC=CC12NC2C,0.2435
qm9_cn_subset:128990,c1cnc2n[nH]nc2n1,0.1682
qm9_cn_subset:126839,CCn1nnc(N)c1C,0.2144
qm9_cn_subset:93035,CC1CC=CC2NC2C1,0.2492
qm9_cn_subset:85674,CC1NC(C#N)C1(C)N,0.2647
qm9_cn_subset:20372,c1cn(C2CC2)nn1,0.2543
qm9_cn_subset:30691,CCN(C)c1c[nH]cn1,0.2084
qm9_cn_subset:4542,Cc1cn(C)c(C)n1,0.2414
qm9_cn_subset:83017,CC1C2C(C#N)=CCN12,0.1902
qm9_cn_subset:124531,CC(C)c1ncn(C)n1,0.2632
qm9_cn_subset:34180,N#CC12CC3C4C1C2N34,0.2678
qm9_cn_subset:79478,CC1C2C3CN2C13C#N,0.2543
qm9_cn_subset:58045,C#CC(C(C)C)N1CC1,0.2822
qm9_cn_subset:20942,CCNc1nc[nH]n1,0.2248
qm9_cn_subset:123424,c1nnn(CC2CC2)n1,0.2654
qm9_cn_subset:128334,CNc1n[nH]ccc1=N,0.1737
qm9_cn_subset:125994,CC1Cn2nccc2N1,0.2385
qm9_cn_subset:88025,CC1CC12CNC2C#N,0.2607
qm9_cn_subset:33523,N#CC1(C#N)CC=CC1,0.2635
qm9_cn_subset:71256,CC12CC3CC1(C)N3C2,0.3028
qm9_cn_subset:25482,N=CNc1ccncn1,0.201
qm9_cn_subset:67073,CC12C3CC1(C#N)CN32,0.2637
qm9_cn_subset:107176,CCC12CC1N1C(C)C12,0.2768
qm9_cn_subset:124600,CC(C)n1ncc(N)n1,0.2202
qm9_cn_subset:31838,CNc1ncc(N)cn1,0.1626
qm9_cn_subset:60307,CC(C)CNC(=N)C#N,0.2107
qm9_cn_subset:128911,N#CCCc1cc[nH]n1,0.2692
qm9_cn_subset:72047,CC12CC3NC1C32C#N,0.2434
qm9_cn_subset:73817,CC1=C(C)C2(CC1)CN2,0.2375
qm9_cn_subset:126768,CCn1nc(N)cc1N,0.2356
qm9_cn_subset:28884,Cc1c(N)ncnc1N,0.2218
qm9_cn_subset:53459,CC#CCC#CC1CN1,0.2661
qm9_cn_subset:4773,CCc1cc(N)c[nH]1,0.2225
qm9_cn_subset:704,C1NC1C1CN1,0.3032
qm9_cn_subset:32689,CCN=c1cc[nH]cn1,0.1834
qm9_cn_subset:109619,CCN1C(C)C1(C)C#N,0.2714
qm9_cn_subset:21160,CNc1[nH]nnc1N,0.2198
qm9_cn_subset:97025,C#CC1N=CNC1=NC,0.2224
qm9_cn_subset:32629,CCn1cnc(C)c1C,0.2407
qm9_cn_subset:53649,CC#CCCC(N)C#N,0.2732
qm9_cn_subset:56696,C#CC(C)C1(C#N)CC1,0.2986
qm9_cn_subset:94031,CC1C=C(CC#N)CC1,0.2539
qm9_cn_subset:74561,CC1=CC2C(C#N)C2C1,0.2414
qm9_cn_subset:5076,Cc1c[nH]c(C)c1C,0.241
qm9_cn_subset:57009,N#CC(N)C1CC=CC1,0.2637
qm9_cn_subset:21004,Cc1nn(C)cc1N,0.2218
qm9_cn_subset:67565,CC12C3CN1C3C1NC12,0.2977
qm9_cn_subset:62269,C#CC1(C)C2CN3C2C31,0.2787
qm9_cn_subset:36603,N#CCCC12CN(C1)C2,0.2728
qm9_cn_subset:127583,Cc1cnn(C)c(=N)n1,0.1525
qm9_cn_subset:78816,CC1C2C(C#N)C3C1N23,0.2819
qm9_cn_subset:88852,CN1CC1C1C=CCC1,0.2424
qm9_cn_subset:26145,Cc1[nH]cnc1C(C)C,0.2434
qm9_cn_subset:60471,CC(C)CCCCC#N,0.348
qm9_cn_subset:125671,C#CCc1c[nH]nc1C,0.2609
qm9_cn_subset:25713,CC#CCn1ccnc1,0.2479
qm9_cn_subset:59389,CC(C)C1CC1(C)C#N,0.3153
qm9_cn_subset:10365,C#CC1(C#N)CCC1,0.2902
qm9_cn_subset:39517,C1=NC2C3CN=C(N1)C32,0.2155
qm9_cn_subset:124849,CC1(c2cnn[nH]2)CC1,0.2505
qm9_cn_subset:88596,CC1CC1N1C(C)C1C,0.295
qm9_cn_subset:127822,CN=C(N)c1c[nH]nn1,0.213
qm9_cn_subset:21177,CNc1ccnn1C,0.2377
qm9_cn_subset:5644,C1=Cc2c[nH]cc2C1,0.2005
qm9_cn_subset:129797,Nc1cnn2c1NCC2,0.2187
qm9_cn_subset:91301,CC1CN2CC(C#N)C12,0.2512
qm9_cn_subset:94134,CC1NCC1(C#N)C#N,0.2509
qm9_cn_subset:33788,N#CC12CCCC(C1)C2,0.3281
qm9_cn_subset:71668,CC12CC3C4C1N4CC32,0.3271
qm9_cn_subset:40657,C1=CC(C2CC2)C2NC12,0.2431
qm9_cn_subset:13456,CCCN1C(C)C1C,0.2891
qm9_cn_subset:82779,CC1C2CC3C4C1N2C34,0.2997
qm9_cn_subset:34692,C#CC1C2C3C2N2C1C32,0.2797
qm9_cn_subset:102199,C#CCC(CC)CC#N,0.2946
qm9_cn_subset:129914,Nc1c[nH]c2[nH]nnc12,0.1921
qm9_cn_subset:128976,c1ncc2n[nH]cc2n1,0.1759
qm9_cn_subset:88430,CC1CC1C1(C)CN1C,0.2987
qm9_cn_subset:35248,C#CC1NC1C1CCC1,0.2808
qm9_cn_subset:34288,N#CC12C=CC(CC1)N2,0.2511
qm9_cn_subset:100806,CCC(C)C(C)CC#N,0.3458
qm9_cn_subset:90526,CC1CN2C(C#N)CC12,0.2507
qm9_cn_subset:36563,C#CC(C#C)NCC#N,0.2598
qm9_cn_subset:20723,Cc1n[nH]c(C)c1C,0.2534
qm9_cn_subset:84605,CC1N=CN2CC12C#N,0.2444
qm9_cn_subset:128969,c1ncc2c[nH]nc2n1,0.1805
qm9_cn_subset:28674,Cc1ccc(CC#N)[nH]1,0.2299
qm9_cn_subset:20821,CCc1c[nH]nc1C,0.2589
qm9_cn_subset:70426,CC12NC1CC21CCC1,0.2953
qm9_cn_subset:67746,CC12C=CC34CC(C13)N24,0.2107
qm9_cn_subset:61585,CC(CN1CC1)N1CC1,0.3095
qm9_cn_subset:19887,C#CC1C2C3CC3N12,0.2441
qm9_cn_subset:36734,N#CCCC1CCCC1,0.3497
qm9_cn_subset:24232,c1nc2c([nH]1)CC1NC21,0.2367
qm9_cn_subset:1042,CCc1ncc[nH]1,0.2496
qm9_cn_subset:31201,C#Cc1nc[nH]c1NC,0.2078
qm9_cn_subset:97936,CCC#CCC1CN1C,0.2788
qm9_cn_subset:33296,C#CC#CC12CCC1N2,0.212
qm9_cn_subset:81995,CC1C2NC2C1(C)C#N,0.2844
qm9_cn_subset:68619,CC12CCC(N1)C2C#N,0.2878
qm9_cn_subset:35296,C#CC12CC1C(C#N)N2,0.2485
qm9_cn_subset:39423,C1CC2NC2C2NC2C1,0.3058
qm9_cn_subset:86094,CC1=CC(C#N)C(C)C1,0.2571
qm9_cn_subset:35257,N#CC1CC1N1CCC1,0.2458
qm9_cn_subset:34343,N#CC12CCC1C1NC12,0.2667
qm9_cn_subset:24699,c1cnc2c(n1)CCN2,0.1765
qm9_cn_subset:33867,N#CC12CC3NC3C1N2,0.2784
qm9_cn_subset:35715,N#CC1CCC1N1CC1,0.2753
qm9_cn_subset:127666,Cn1ncnc1C1CC1,0.2514
qm9_cn_subset:4354,Cc1nccc(N)n1,0.2168
qm9_cn_subset:48224,C#CC(=N)N(C=N)C=N,0.1979
qm9_cn_subset:72346,CC12CC=CC1C2C#N,0.2452
qm9_cn_subset:27571,C#Cc1cccc(C)n1,0.1988
qm9_cn_subset:2831,C#CC1NC1CC,0.2826
qm9_cn_subset:108886,CNC1=NC(C#N)CN1,0.2579
qm9_cn_subset:15172,CCCC#CC1CN1,0.2671
qm9_cn_subset:125271,Cc1cc2[nH]ncc2[nH]1,0.2093
qm9_cn_subset:97599,CCC#CC(N)CC#N,0.2713
qm9_cn_subset:82008,CN1C2CC2C1(C)C#N,0.2562
qm9_cn_subset:66576,CC12C3=CCN4C3C1C42,0.1577
qm9_cn_subset:127717,Cc1c(C#N)nnn1C,0.2402
qm9_cn_subset:89338,CN1CC2(N)CC12C#N,0.234
qm9_cn_subset:30068,C#CCc1nccn1C,0.2427
qm9_cn_subset:9025,C#CC#CC(N)C#N,0.2196
qm9_cn_subset:3735,CCn1nccn1,0.2576
qm9_cn_subset:95861,CN1CCCC(C#N)C1,0.268
qm9_cn_subset:103701,CCC1(C)CC1(C)C#N,0.3105
qm9_cn_subset:125996,CC1Cc2ncnn2C1,0.2668
qm9_cn_subset:64030,CC1(C)NC=NC1C#N,0.2493
qm9_cn_subset:26033,CC(C#N)c1ccc[nH]1,0.2362
qm9_cn_subset:83901,CC1N2CCCC12C#N,0.2688
qm9_cn_subset:15287,N#CCC1CC1C#N,0.3118
qm9_cn_subset:124455,CC(C)(C)n1cccn1,0.2622
qm9_cn_subset:88612,CC1NC1C1C2CN1C2,0.2927
qm9_cn_subset:89600,CN1CC2(CC#N)CC12,0.249
qm9_cn_subset:38917,C1=CC23NC2CC3CC1,0.2378
qm9_cn_subset:5249,CCCc1cc[nH]c1,0.2502
qm9_cn_subset:26090,CC(C)(C)c1ncc[nH]1,0.2527
qm9_cn_subset:130418,N#Cc1n[n-]c(C[NH3+])n1,0.2215
qm9_cn_subset:126824,CCn1ncnc1NC,0.2419
qm9_cn_subset:21658,C#Cc1c[nH]nc1N,0.2081
qm9_cn_subset:127096,CN(C)c1cnn(C)c1,0.2107
qm9_cn_subset:20742,Cc1n[nH]nc1C#N,0.2339
qm9_cn_subset:5784,c1nc(N2CC2)c[nH]1,0.2459
qm9_cn_subset:61129,C#CC#CC(C)CC#N,0.2294
qm9_cn_subset:94138,C#CC1(C#C)CCN1C,0.2382
qm9_cn_subset:30091,CC1CC1c1ccc[nH]1,0.2373
qm9_cn_subset:11239,N#CC1CN=C(N)N1,0.244
qm9_cn_subset:110614,CCN1C2C3NC3(C)C21,0.2985
qm9_cn_subset:36615,N#CCCC12CCC1C2,0.3011
qm9_cn_subset:103099,CCC1(N)C(N)C1C#N,0.2648
qm9_cn_subset:117779,CCNC(C)(C#N)CC,0.2728
qm9_cn_subset:68846,CC12CC3CN3C1(C)C2,0.2985
qm9_cn_subset:129159,N=c1cnncc(=N)[nH]1,0.1711
qm9_cn_subset:110463,CCC1C2C3C2C2C3N12,0.2976
qm9_cn_subset:56904,CC(C#N)C1CC1(C)C,0.3132
qm9_cn_subset:10741,CC(N)(C#N)C1CC1,0.2952
qm9_cn_subset:36198,N#CCC12CCC1CC2,0.3114
qm9_cn_subset:16161,CCC12C=CCC1N2,0.2455
qm9_cn_subset:35572,N#CC1CC2CCCC12,0.3291
qm9_cn_subset:33723,N#CC12CC(C#N)(C1)N2,0.2608
qm9_cn_subset:35950,N#CC1C=CCCCC1,0.2554
qm9_cn_subset:127784,Cn1nnc2n[nH]nc21,0.2029
qm9_cn_subset:18201,N#CC1CCC2NC12,0.2954
qm9_cn_subset:129017,c1nc2nn[nH]nc-2n1,0.1648
qm9_cn_subset:36807,N#CCNCCN1CC1,0.2635
qm9_cn_subset:129179,N#CCn1nc[nH]c1=N,0.2142
qm9_cn_subset:9611,CCC1(C)NC1C#N,0.2875
qm9_cn_subset:35083,N#CC1C=CC2CC1N2,0.2295
qm9_cn_subset:30574,CCC#Cc1ncc[nH]1,0.2033
qm9_cn_subset:123539,c1nnn2ncnc2n1,0.1649
qm9_cn_subset:129335,N=CNc1ncnnn1,0.1636
qm9_cn_subset:35036,N#CC1C2CCN1CC2,0.2692
qm9_cn_subset:53282,CC#CC1CN1C(C)C,0.2611
qm9_cn_subset:30659,CCN(C)c1ccc[nH]1,0.2275
qm9_cn_subset:18203,N#CC1CCN2CC12,0.2821
qm9_cn_subset:89067,CN1CC1CCN1CC1,0.301
qm9_cn_subset:53270,CC#CC1NC1C#CC,0.2587
qm9_cn_subset:129196,C#Cc1cn[nH]c(=N)c1,0.1456
qm9_cn_subset:123621,c1[nH]nc2c1CN1CC21,0.2349
qm9_cn_subset:28305,Cc1cc2n(c1)CC=C2,0.1729
qm9_cn_subset:20944,CCNc1nn[nH]n1,0.2062
qm9_cn_subset:34908,C#CC1C2CC2C2CN12,0.2697
qm9_cn_subset:66806,CC12C3C4C5C3C1N2C54,0.3077
qm9_cn_subset:21388,c1n[nH]c2[nH]nnc12,0.2257
qm9_cn_subset:126409,CCc1cc(C#N)[nH]n1,0.2208
qm9_cn_subset:59935,C#CC(C#N)CN(C)C,0.2383
qm9_cn_subset:62274,C#CC1(C)C2CC3C2N31,0.2821
qm9_cn_subset:128052,CNC(=[NH2+])c1cnn[n-]1,0.1842
qm9_cn_subset:20700,Cc1ncc(N)nn1,0.1657
qm9_cn_subset:127553,Cn1ncc(C(=N)N)n1,0.2131
qm9_cn_subset:39523,C1CN2C3CN=C(N1)C32,0.2198
qm9_cn_subset:124117,CC#Cc1[nH]nnc1N,0.1833
qm9_cn_subset:57137,N#CC#CC(N)C1CN1,0.2068
qm9_cn_subset:36077,N#CCC12C3CC1C2C3,0.2937
qm9_cn_subset:127611,Cn1ncc2c1C=CC2,0.1905
qm9_cn_subset:112515,CCC1NC(C#N)C1C,0.2676
qm9_cn_subset:5048,N=c1nccccn1,0.1645
qm9_cn_subset:56908,CC(C#N)N1CC1(C)C,0.2749
qm9_cn_subset:15528,CC1=CCCC1C#N,0.2598
qm9_cn_subset:107519,CNC12CC1NC2C#N,0.2442
qm9_cn_subset:37675,C1C2C3C4C5C(C5N23)N14,0.278
qm9_cn_subset:123529,c1ncn2ncnc2n1,0.1972
qm9_cn_subset:130431,N=c1cnc(CN)n[nH]1,0.148
qm9_cn_subset:28227,Nc1cc2c([nH]1)CCN2,0.207
qm9_cn_subset:34346,N#CC12CCN1C1CC12,0.2456
qm9_cn_subset:36296,C#CCN1C2C=CCC21,0.2327
qm9_cn_subset:106842,CCC12CCC1(C#N)C2,0.2803
qm9_cn_subset:126943,CCNc1ncnn1C,0.2451
qm9_cn_subset:29865,Cc1cn(C)cnc1=N,0.1897
qm9_cn_subset:76171,CC1C(C)(C)C1(N)C#N,0.296
qm9_cn_subset:34896,C#CC1C(C#N)C2CC12,0.2865
qm9_cn_subset:123534,c1cc2cncnn2n1,0.1761
qm9_cn_subset:127546,Cn1ncc(=N)cc1N,0.1685
qm9_cn_subset:89337,CN1CC2(C)CC12C#N,0.2377
qm9_cn_subset:73756,CC1=C(C#N)C2CN2C1,0.1931
qm9_cn_subset:25842,N=C(N)c1ncncn1,0.1732
qm9_cn_subset:127743,Cn1nnc(N)nc1=N,0.1656
qm9_cn_subset:12896,C#CC1N2CCC12C,0.259
qm9_cn_subset:21449,N=CNc1c[nH]nn1,0.2177
qm9_cn_subset:30218,Cc1ccc2n1CC2C,0.241
qm9_cn_subset:17090,N#CC1CC2CC1C2,0.3403
qm9_cn_subset:124569,CC(C)Cc1nc[nH]n1,0.2653
qm9_cn_subset:88385,CN1CC1C(C)(N)C#N,0.2563
qm9_cn_subset:126951,CCNc1cc(C)[nH]n1,0.2218
qm9_cn_subset:87423,CN1CC12C1CC3C2N31,0.3058
qm9_cn_subset:10042,CNC(C#N)CC#N,0.2554
qm9_cn_subset:20371,c1cnn(C2CC2)c1,0.2536
qm9_cn_subset:4751,C#Cc1ccn(C)c1,0.2185
qm9_cn_subset:9496,CN1CCC1(C)C#N,0.26
qm9_cn_subset:127447,C#Cc1cc(N)n(C)n1,0.2142
qm9_cn_subset:129885,Nc1cn(C2CC2)nn1,0.213
qm9_cn_subset:1699,CC1(C#N)CCN1,0.2702
qm9_cn_subset:29983,Cn1ccc2[nH]cnc21,0.2071
qm9_cn_subset:105969,CCC12C3C1C1(C)C2N31,0.2788
qm9_cn_subset:80026,CN1C2C=CC1C21CN1,0.2197
qm9_cn_subset:79031,CN1C2C3C4NC4C2C31,0.29
qm9_cn_subset:1009,C#Cc1ncc[nH]1,0.2049
qm9_cn_subset:10446,N#CCC1(C#N)CC1,0.3135
qm9_cn_subset:40545,C1=C(C2CC2)C2NC2C1,0.2415
qm9_cn_subset:35081,C#CC1C=CC2CN1C2,0.2215
qm9_cn_subset:3771,Cn1nn[nH]c1=N,0.2027
qm9_cn_subset:28584,Nc1ccc(C2CN2)[nH]1,0.2263
qm9_cn_subset:38096,C1=CC2C=CC3NC23C1,0.2311
qm9_cn_subset:11256,CN1C=NC(C#N)C1,0.2384
qm9_cn_subset:31723,CNc1c[nH]c(NC)c1,0.2209
qm9_cn_subset:113981,CCN1CC1CCC#N,0.2715
qm9_cn_subset:79702,CC1C2C(C)C1N1CC21,0.315
qm9_cn_subset:84251,CC1C=C2CN3CC1C23,0.2033
qm9_cn_subset:34323,N#CC12CCC1=CCN2,0.225
qm9_cn_subset:74433,CC1=CC2(C)CC3C1N32,0.2206
qm9_cn_subset:33292,N#CC#CC12CN(C1)C2,0.2115
qm9_cn_subset:61237,CC(CC#N)C1CN1C,0.2694
qm9_cn_subset:57133,CC(C#CC#N)C1CC1,0.2444
qm9_cn_subset:73022,CC12CCC1C2N1CC1,0.3213
qm9_cn_subset:63448,C#CC1(C#N)NC1(C)C,0.2549
qm9_cn_subset:71340,CC12CC3C1C1(CC1)N32,0.3246
qm9_cn_subset:21556,N=c1cc(N)cn[nH]1,0.1593
qm9_cn_subset:36020,C#CCC(C#N)CC#N,0.2874
qm9_cn_subset:124111,CC#Cc1cn[nH]c1C,0.2205
qm9_cn_subset:122454,CCCCC1CC1C#N,0.3158
qm9_cn_subset:34264,N#CC12NC3CNC1C32,0.2368
qm9_cn_subset:27564,Cc1cc(C#N)ccn1,0.2018
qm9_cn_subset:67878,CC12C=CCC3C1CN32,0.2279
qm9_cn_subset:99414,C#CC(C#C)(C#N)CC,0.291
qm9_cn_subset:11146,C#CC1=NCC(=N)N1,0.191
qm9_cn_subset:36658,N#CCNC1C2CCC21,0.2574
qm9_cn_subset:31894,C#Cc1ncc(NC)[nH]1,0.1836
qm9_cn_subset:57330,CC(C)(C)C(C)(N)C#N,0.3004
qm9_cn_subset:34151,N#CC12NC3C1CNC32,0.2448
qm9_cn_subset:36417,C#CCN1CC2NC2C1,0.2565
qm9_cn_subset:75552,CC1=CCCNC1C#N,0.2435
qm9_cn_subset:65536,CC1(C#N)NC2CC1C2,0.2692
qm9_cn_subset:35355,C#CC1NC2=NCCC21,0.2476
qm9_cn_subset:37378,C1C2CN3C1C3C1NC21,0.2937
qm9_cn_subset:66963,CC12C(C#N)C3NC1C32,0.2553
qm9_cn_subset:11111,CCC1CC(C#N)C1,0.3326
qm9_cn_subset:2006,N#CC12CC(C1)N2,0.2691
qm9_cn_subset:61609,CC(C#N)NC1CC1C,0.256
qm9_cn_subset:123411,c1nc(CC2CC2)n[nH]1,0.2682
qm9_cn_subset:1005,C#Cc1ccc[nH]1,0.202
qm9_cn_subset:83670,CN1C(C#N)C2CCC21,0.247
qm9_cn_subset:72853,CC12CNC1C(C#N)N2,0.2626
qm9_cn_subset:6694,CC(C)CC#CC#N,0.2455
qm9_cn_subset:78420,CC1C2C1C1C3CN1C32,0.3112
qm9_cn_subset:756,Nc1ccn[nH]1,0.244
qm9_cn_subset:34508,N#CC1=CC2C3CC1N23,0.1803
qm9_cn_subset:94511,CC1CCN1C(=N)C#N,0.1985
qm9_cn_subset:21710,NC=Nc1nn[nH]n1,0.2141
qm9_cn_subset:124847,CC1(c2ccn[nH]2)CC1,0.2567
qm9_cn_subset:70078,CC12NC1C=CC1NC12,0.2367
qm9_cn_subset:8048,C#CC1N2CC1(C)C2,0.2557
qm9_cn_subset:27542,Nc1cc(N2CC2)c[nH]1,0.2271
qm9_cn_subset:77861,C#CC1C2C(C)C(C)N12,0.2557
qm9_cn_subset:75225,CC1=NCC2(C#N)CN12,0.2485
qm9_cn_subset:83900,C#CC12CCCN1C2C,0.2653
qm9_cn_subset:21662,N=c1cc[nH]nc1N,0.1758
qm9_cn_subset:127929,CN=c1[nH]nc(C#N)[nH]1,0.1604
qm9_cn_subset:88530,CC1CN1C12CN(C1)C2,0.304
qm9_cn_subset:34979,N#CC1C2CN3CC2C13,0.2627
qm9_cn_subset:73409,CC12CCC3C1C1C2N31,0.3057
qm9_cn_subset:24040,N#CCc1ncccn1,0.2107
qm9_cn_subset:37922,C1CN2C3CN4C1C2C34,0.2752
qm9_cn_subset:17022,CC1C2CN1C2C#N,0.2566
qm9_cn_subset:5117,Cc1ccn(C)c1C,0.2409
qm9_cn_subset:16514,NC12CN=C3NC1C32,0.1744
qm9_cn_subset:117690,CCCC(C)(C)CC#N,0.3422
qm9_cn_subset:129855,Nc1cc2[nH]ncc2[nH]1,0.2041
qm9_cn_subset:33322,N#CC#CC1C2CCC12,0.2268
qm9_cn_subset:26479,CC1(c2cnc[nH]2)CN1,0.2444
qm9_cn_subset:26217,Cc1ccc(C(C)C)[nH]1,0.2338
qm9_cn_subset:36663,C#CC1CC1NCC#N,0.263
qm9_cn_subset:118118,CCCC(C)C1CN1C,0.3019
qm9_cn_subset:14890,N#CC1=NCCCN1,0.2085
qm9_cn_subset:64128,CC1(C)CCC(C#N)N1,0.2702
qm9_cn_subset:37243,C1C2C1N1CC3(CN3)C21,0.2801
qm9_cn_subset:81813,CC12NC1C(N)C2C#N,0.2676
qm9_cn_subset:124020,C1=Nc2nn[nH]c2CN1,0.1995
qm9_cn_subset:121774,CCCNC(C#N)C#N,0.2555
qm9_cn_subset:59141,CC(C)C1C2C3CN3C12,0.2847
qm9_cn_subset:117772,CCCC(N)(C#N)CN,0.2691
qm9_cn_subset:28308,Nc1cn2c(n1)C=CC2,0.1548
qm9_cn_subset:11023,CC1=CCC2(C)NC12,0.2457
qm9_cn_subset:3027,N#CC#CC1CC1,0.2282
qm9_cn_subset:87996,CN1CC12CCC2(C)C,0.3061
qm9_cn_subset:129011,c1cnc2[nH]nnc2c1,0.2002
qm9_cn_subset:36620,N#CCCC12CCN1C2,0.2799
qm9_cn_subset:76354,CC1C(C)C1(C#N)C#N,0.285
qm9_cn_subset:52621,CC#CC(C)(N)CC#N,0.2734
qm9_cn_subset:92046,CC1=CC2NC2CC1C,0.2449
qm9_cn_subset:29919,Cn1cnc(C#N)c1N,0.2181
qm9_cn_subset:57225,C#CC(C)(C)C#CC#N,0.2384
qm9_cn_subset:80101,CC1C2C=CCC12C#N,0.247
qm9_cn_subset:64681,C#CCC1(C)NC1C#C,0.2722
qm9_cn_subset:26200,Cc1c[nH]c(N(C)C)c1,0.2295
qm9_cn_subset:5779,c1cc(C2CC2)c[nH]1,0.2392
qm9_cn_subset:57736,CC(N)=[NH+][C-](C#N)C#N,0.136
qm9_cn_subset:23952,C#Cc1nc[nH]c1C#C,0.1837
qm9_cn_subset:90822,CN1CC2C3C1C1C3N21,0.2843
qm9_cn_subset:24175,c1cnc2nccn2c1,0.1711
qm9_cn_subset:3578,CN1C2C3NC3C21,0.263
qm9_cn_subset:74595,CC1=CC2C3C4C1C4N23,0.2362
qm9_cn_subset:15778,CN(CC#N)C1CC1,0.2486
qm9_cn_subset:17682,CN1CC1(C)C1CC1,0.3026
qm9_cn_subset:34782,C#CC12CC(N1)C2C#N,0.2613
qm9_cn_subset:84766,CC1C=CCC1(N)C#N,0.2604
qm9_cn_subset:65366,N#CC1(N)CC1N1CC1,0.2645
qm9_cn_subset:21026,Cc1nn(C)nc1C,0.244
qm9_cn_subset:8523,CC1(C)C2C3CC2N31,0.3088
qm9_cn_subset:21017,Cn1cnc(=N)cn1,0.1791
qm9_cn_subset:89765,CC1CC2(CN2)C1C#N,0.2899
qm9_cn_subset:3101,CCC1C(C)N1C,0.2892
qm9_cn_subset:123739,C1CC(c2nn[nH]n2)C1,0.2538
qm9_cn_subset:63654,CC1(C)NC1CN1CC1,0.3071
qm9_cn_subset:35738,N#CC1CC2(CC2)CN1,0.2713
qm9_cn_subset:11512,N#CC(N)CC1CC1,0.2947
qm9_cn_subset:39712,C1=CC2N3C1C3C21CC1,0.2125
qm9_cn_subset:34930,C#CC1C2N1CC21CN1,0.2598
qm9_cn_subset:89931,CC1NC2(C#N)CNC12,0.2485
qm9_cn_subset:129795,Nc1[nH]nc2c1NCC2,0.2185
qm9_cn_subset:9901,CCC#CC1(C)CN1,0.2702
qm9_cn_subset:9489,CC1NCC1(N)C#N,0.2726
qm9_cn_subset:3701,Cc1n[nH]nc1C,0.2534
qm9_cn_subset:71647,CC12CC3C4C3N(C1)C42,0.2844
qm9_cn_subset:18493,N#CCN1CC2CC21,0.2574
qm9_cn_subset:39163,C1=C2CCC3NC23CC1,0.2392
qm9_cn_subset:88754,CC1CN1C1CC2NC21,0.2865
qm9_cn_subset:67488,C#CC1C2C3NC3C12C,0.2503
qm9_cn_subset:130015,Nc1nc2n[nH]cc2[nH]1,0.2165
qm9_cn_subset:19541,N#CC12C3CC1C2C3,0.2768
qm9_cn_subset:108020,CCC12CC3C4C1C2N34,0.295
qm9_cn_subset:123670,C1NC2Cn3nnc1c32,0.1714
qm9_cn_subset:36800,N#CCCNCC1CN1,0.2786
qm9_cn_subset:73041,CC12CCC1N2CC#N,0.2863
qm9_cn_subset:126194,CCc1c(C)n[nH]c1C,0.2525
qm9_cn_subset:125870,CC1CC1c1cn[nH]c1,0.248
qm9_cn_subset:34808,N#CC1C2NC1C1CC12,0.2843
qm9_cn_subset:78867,CC1C2C3N2C1C31CN1,0.3003
qm9_cn_subset:25633,CC#Cc1cc[nH]c1N,0.209
qm9_cn_subset:89796,CC1CC2(CN2)C2CN12,0.3055
qm9_cn_subset:24534,c1cc2cnc[nH]c-2n1,0.1555
qm9_cn_subset:36345,C#CCN1CC12CCC2,0.2693
qm9_cn_subset:128999,c1ncc2n[nH]ncc1-2,0.1336
qm9_cn_subset:89695,CC1NC2(C#N)CC1C2,0.2665
qm9_cn_subset:8633,CCC(C)(C#N)C#N,0.325
qm9_cn_subset:110532,CCN1C2CC3C1C32C,0.2883
qm9_cn_subset:96987,CN=C1CC2CN=CN12,0.235
qm9_cn_subset:56746,N#CC(N)C12CC(C1)C2,0.2812
qm9_cn_subset:5367,CN=c1cc[nH]cn1,0.1835
qm9_cn_subset:10695,CN(C)C1(C#N)CC1,0.268
qm9_cn_subset:105715,CCC1(C#N)C=CCN1,0.2313
qm9_cn_subset:105308,C#CC1(CC)CC2CN21,0.2748
qm9_cn_subset:33185,CCCCc1cnc[nH]1,0.2485
qm9_cn_subset:15775,CC(CC#N)C1CN1,0.2894
qm9_cn_subset:26245,Cc1ccc(N(C)C)[nH]1,0.2228
qm9_cn_subset:4277,N=c1nc[n-]c(N)[nH+]1,0.1909
qm9_cn_subset:35109,C#CC1C=CCC2CN12,0.2403
qm9_cn_subset:10038,C#CC(CC)CC#N,0.3061
qm9_cn_subset:10581,N#CC1(C#N)CC1N,0.2499
qm9_cn_subset:126883,CCN=c1ncnn[nH]1,0.1484
qm9_cn_subset:35620,C#CC1CC=CC1C#N,0.2629
qm9_cn_subset:35887,N#CC1CCCC1C#N,0.332
qm9_cn_subset:38012,C1=C2CC3C2N2CC1C32,0.1786
qm9_cn_subset:20557,CC(C)n1nccn1,0.2587
qm9_cn_subset:33482,C#CC1(C#N)CN2CC21,0.2612
qm9_cn_subset:124205,CC(=[NH2+])Nc1cnn[n-]1,0.1456
qm9_cn_subset:86471,C#CC1(C#N)CC(C)N1,0.2498
qm9_cn_subset:24639,c1ncc(C2CC2)cn1,0.2091
qm9_cn_subset:34170,N#CC12CN3C4C(C41)C32,0.2541
qm9_cn_subset:4642,Cc1cc(C#N)c[nH]1,0.2219
qm9_cn_subset:17358,CN1CC1C1CN1C,0.304
qm9_cn_subset:36476,N#CCC1CNC1C#N,0.262
qm9_cn_subset:60535,CC(N1CC1)C(C)(C)C,0.3083
qm9_cn_subset:127940,CN=c1[nH]nccc1C,0.1582
qm9_cn_subset:57539,CC(C)(C)CCN1CC1,0.3037
qm9_cn_subset:35723,N#CC1NCC1C1CN1,0.2553
qm9_cn_subset:70852,CC12CC3(C)C4C1C2N43,0.2911
qm9_cn_subset:35159,C#CC1NC1(C#N)C#N,0.2454
qm9_cn_subset:4585,Nc1cnc(N)nc1,0.168
qm9_cn_subset:127344,Cn1cnc(N=CN)n1,0.2098
qm9_cn_subset:36460,C#CC1CCC1CC#N,0.294
qm9_cn_subset:67596,CC12C3CC4C1N4CC32,0.3119
qm9_cn_subset:36040,N#CCC1(C2CN2)CC1,0.2825
qm9_cn_subset:66020,CC1(C#N)CCC1C#N,0.3113
qm9_cn_subset:8861,CCN(C)C(=N)C#N,0.1981
qm9_cn_subset:68318,C#CCC1N2CC1(C)C2,0.2803
qm9_cn_subset:64889,C#CC1(N)CC1(C)C#N,0.276
qm9_cn_subset:128399,CNC=Nc1nc[nH]n1,0.2083
qm9_cn_subset:27570,Cc1cc(C#N)ncn1,0.1918
qm9_cn_subset:34515,N#CC1=CC2C3CC2C13,0.1922
qm9_cn_subset:34693,N#CC1C2C3C2C2C1C32,0.2809
qm9_cn_subset:26357,CN(C)c1c[nH]cc1N,0.2304
qm9_cn_subset:24198,c1nc2c([nH]1)C1CN2C1,0.2229
qm9_cn_subset:20787,CC1Cn2nncc21,0.2602
qm9_cn_subset:79490,N#CC12C(N)C3C1CN32,0.254
qm9_cn_subset:3696,Cc1n[nH]c(N)n1,0.2555
qm9_cn_subset:128185,CNc1cc(=N)[nH]nn1,0.1463
qm9_cn_subset:20822,CCc1c[nH]nc1N,0.2348
qm9_cn_subset:69285,C#CC1=CCC2(C)NC12,0.1954
qm9_cn_subset:36386,C#CCC1NC1CC#N,0.2952
qm9_cn_subset:19151,CCC1(C2CN2)CN1,0.3044
qm9_cn_subset:15325,C#CC1NC1C#CC,0.2608
qm9_cn_subset:124137,CC#Cc1cnnnn1,0.156
qm9_cn_subset:52635,CC#CC(N)=NCC#N,0.2219
qm9_cn_subset:125893,Cc1nnn2c1CC2C,0.251
qm9_cn_subset:40342,C1NC1C12C3CC1N2C3,0.2997
qm9_cn_subset:62773,CC1(C)C2C(C#N)CN21,0.2717
qm9_cn_subset:26335,Cc1nc(N(C)C)c[nH]1,0.2111
qm9_cn_subset:67797,CC12N=CN3C=NC1C32,0.1991
qm9_cn_subset:52973,CC#CC12CN1C1CC12,0.2361
qm9_cn_subset:3891,[NH3+]Cc1nn[n-]n1,0.2658
qm9_cn_subset:130145,C#CCc1nc(N)n[nH]1,0.2324
qm9_cn_subset:56795,N#CC(N)C1=CCCC1,0.2439
qm9_cn_subset:3061,CCC#CC1CN1,0.2665
qm9_cn_subset:33339,C#CC#CC1CC2NC12,0.2214
qm9_cn_subset:30160,CC1Cc2cc[nH]c2C1,0.238
qm9_cn_subset:1011,N#Cc1ccc[nH]1,0.2101
qm9_cn_subset:82337,CC1C(C#N)NC2CC21,0.2572
qm9_cn_subset:73529,CC12CCC=C3CN1C32,0.2144
qm9_cn_subset:38014,C1=C2CN3C2C2CC1C23,0.18
qm9_cn_subset:52500,CC#CC#CCCC#N,0.2239
qm9_cn_subset:127377,CN1CC1c1cnn[nH]1,0.2333
qm9_cn_subset:1398,C#CCC(N)C#N,0.2865
qm9_cn_subset:123749,c1cnn(C2CCC2)n1,0.2523
qm9_cn_subset:36261,N#CCN1C2C3CC2C31,0.2639
qm9_cn_subset:27592,C#Cc1ccnc(N)n1,0.1767
qm9_cn_subset:81502,CC1C2NC1C2(N)C#N,0.272
qm9_cn_subset:57261,CC(N)(C#N)C1(N)CC1,0.2744
qm9_cn_subset:66931,CC1(C)C2CC3N2C31C,0.3179
qm9_cn_subset:43029,N#CC12C(=N)N3CC1C32,0.2597
qm9_cn_subset:66221,CC1(CNCC#N)CC1,0.262
qm9_cn_subset:89743,CC1CC2(CN2)C12CN2,0.2984
qm9_cn_subset:24725,c1cc2n(c1)CCCC2,0.2358
qm9_cn_subset:127336,Cn1cnc(N2CC2)n1,0.2301
qm9_cn_subset:76363,C#CC1(C#N)C(N)C1N,0.2419
qm9_cn_subset:72678,N#CC12CCC1(N)CN2,0.2501
qm9_cn_subset:35842,N#CC1C=CC=CCN1,0.1894
qm9_cn_subset:61950,N#CCCC(N)CC#N,0.2897
qm9_cn_subset:127763,Cn1nnc2c1CNC2,0.231
qm9_cn_subset:82014,N#CC1(N)C(N)C2NC21,0.2559
qm9_cn_subset:107949,CCC12CN3C1C=CC32,0.2063
qm9_cn_subset:106145,CCC12C3CN1CC32C,0.3045
qm9_cn_subset:29577,Nc1c[nH]cc1C1CC1,0.2287
qm9_cn_subset:127659,Cc1ncnn(C)c1=N,0.1596
qm9_cn_subset:117771,CCCC(N)(C#N)CC,0.2909
qm9_cn_subset:126100,CCC#Cc1ccn[nH]1,0.2099
qm9_cn_subset:123878,c1cc(N2CCC2)n[nH]1,0.2217
qm9_cn_subset:24644,c1ncnc(C2CC2)n1,0.2184
qm9_cn_subset:20833,CCc1nccnn1,0.1633
qm9_cn_subset:87490,CC1NC12C1CC2N1C,0.2964
qm9_cn_subset:68192,CC12CC(C#N)C(C1)C2,0.3403
qm9_cn_subset:52682,CC#CC(C)N1CC1C,0.271
qm9_cn_subset:53409,CC#CC1CCC2CN12,0.2792
qm9_cn_subset:12594,CC1=NCC(=N)N1C,0.22
qm9_cn_subset:123995,c1cnc(C2CN2)nn1,0.164
qm9_cn_subset:21192,CNc1nc(N)n[nH]1,0.2425
qm9_cn_subset:66496,CC12C3C=C4CC3N1C42,0.2246
qm9_cn_subset:36282,C#CCN1C2C=CC1C2,0.223
qm9_cn_subset:37266,C1C2C1C1C3C4C2N1C43,0.3078
qm9_cn_subset:29048,N=c1ncnccc1N,0.1542
qm9_cn_subset:62951,CC1(C)C2NC2C12CN2,0.2956
qm9_cn_subset:87607,CC1CC12N=CNC2=N,0.2119
qm9_cn_subset:123514,c1cn2nncnc2n1,0.1534
qm9_cn_subset:33640,C#CC12C3CC1N2C=N3,0.2289
qm9_cn_subset:125556,Cc1nn2nnnc2[nH]1,0.2407
qm9_cn_subset:71469,C#CC12CC3(C)CC1N32,0.2648
qm9_cn_subset:3723,CCc1nc[nH]n1,0.2689
qm9_cn_subset:3171,C1=CC2(CC1)CN2,0.2385
qm9_cn_subset:33344,N#CC#CC1CC2NC12,0.2158
qm9_cn_subset:127440,Cc1nc(C#N)n(C)n1,0.2168
qm9_cn_subset:56812,CC(C#N)C1C(C)C1C,0.3151
qm9_cn_subset:66782,CC12C3C4C5C(C1N52)N43,0.2592
qm9_cn_subset:26499,CC1(c2cc[nH]c2)CN1,0.2466
qm9_cn_subset:66715,N#CC12C3C4N3C1C42N,0.2365
qm9_cn_subset:20335,C#CCn1nnnn1,0.25
qm9_cn_subset:3676,Cc1cnnnn1,0.1686
qm9_cn_subset:108627,CCC1=C(C)C2NC2C1,0.2404
qm9_cn_subset:67033,CC12CCN3C(C1)C32C,0.3088
qm9_cn_subset:13669,C#CCCC1CN1C,0.2807
qm9_cn_subset:123990,c1nc2n(n1)CC21CN1,0.2588
qm9_cn_subset:124424,CC(C#N)c1nc[nH]n1,0.2686
qm9_cn_subset:24007,C#Cc1c[nH]cc1C#N,0.2138
qm9_cn_subset:24120,c1c[nH]c(CC2CN2)n1,0.2488
qm9_cn_subset:28299,Nc1cn2cc[nH]c2n1,0.207
qm9_cn_subset:34927,C#CC1C2CC3(CC3)N12,0.2609
qm9_cn_subset:37153,C1C2C3C4C5NC5C13C24,0.309
qm9_cn_subset:73510,CC12CCC=C1C1NC12,0.2263
qm9_cn_subset:125378,C#CCc1n[nH]cc1C,0.2568
qm9_cn_subset:32649,C#Cc1nccn1CC,0.2023
qm9_cn_subset:53592,CC#CCN1CC1C#N,0.2634
qm9_cn_subset:100213,C#CC(C)(CC)CC#N,0.3017
qm9_cn_subset:20278,C1C2C3C1C2N1CC31,0.3237
qm9_cn_subset:16124,N#CC12CNCC1N2,0.272
qm9_cn_subset:66094,CC1(C#N)CCC2CC21,0.3273
qm9_cn_subset:2338,CCCN1CC1C,0.3107
qm9_cn_subset:94126,C#CC1(C#N)CCC1C,0.2882
qm9_cn_subset:52878,CC#CC1(N2CC2)CC1,0.2771
qm9_cn_subset:68964,C#CC12CC1(C)NC=N2,0.2475
qm9_cn_subset:99918,N#CC(N)(CN)C1CN1,0.2626
qm9_cn_subset:26794,N#Cc1cc(N)c(N)[nH]1,0.1859
qm9_cn_subset:3760,Cn1ncnc1N,0.2521
qm9_cn_subset:77641,N#CC12CCC1(N)C2N,0.2502
qm9_cn_subset:71183,N#CC1C2C3N2CC13N,0.2569
qm9_cn_subset:38020,C1=CC2C(=CC3CN32)C1,0.2308
qm9_cn_subset:14211,CC12CN3CC1C32C,0.3051
qm9_cn_subset:71582,CC12CC3C1C=CCN32,0.2258
qm9_cn_subset:38473,C1C2CC34CC(C3)C4N12,0.3127
qm9_cn_subset:119929,CCCN1C(C)C1C#N,0.2614
qm9_cn_subset:58050,CC(N)C(C#N)N1CC1,0.2748
qm9_cn_subset:78288,CC1C2C1C1(C)NC21C,0.2746
qm9_cn_subset:74615,CC1=CC2C3CC1(C)N23,0.2188
qm9_cn_subset:33734,N#CC12CC(C1)C1CC12,0.3008
qm9_cn_subset:107248,CCC12NC1C1NC12C,0.2645
qm9_cn_subset:86353,CC1CN(C)C1CC#N,0.2602
qm9_cn_subset:133814,C1=C2C3N4CC3(C1)C24,0.1451
qm9_cn_subset:15107,N#CCC#CC1CN1,0.2586
qm9_cn_subset:125684,Cc1n[nH]nc1C1CC1,0.2363
qm9_cn_subset:19397,CC1C2NC2C12CC2,0.3066
qm9_cn_subset:9721,CC1(C#N)CCCC1,0.3465
qm9_cn_subset:24167,c1ccn(CC2CC2)c1,0.2455
qm9_cn_subset:34671,C#CC1C(C#C)C1C#N,0.2571
qm9_cn_subset:130388,NC(C[NH3+])c1nn[n-]n1,0.239
qm9_cn_subset:66096,CC1(C#N)CCC2CN21,0.2884
qm9_cn_subset:12018,CC1(C)CN1C1CC1,0.309
qm9_cn_subset:97015,CN=C1CN=C2CCN12,0.2195
qm9_cn_subset:12070,CCC1(C)CN2CC21,0.3083
qm9_cn_subset:30025,CC1C=Cc2cccn21,0.1747
qm9_cn_subset:3652,Cc1cn[nH]c1C,0.2508
qm9_cn_subset:108004,CCC12CN3C4C(C41)C32,0.2933
qm9_cn_subset:34064,N#CC12CC3=NCC1N32,0.1945
qm9_cn_subset:34735,N#CC1C2=CCC3C2C13,0.1754
qm9_cn_subset:113720,CCC1CC1C(N)C#N,0.2806
qm9_cn_subset:24096,N#CCCc1c[nH]cn1,0.2545
qm9_cn_subset:91975,C#CC1C(C)CC2NC21,0.2927
qm9_cn_subset:129200,C#Cc1cn[nH]c(=N)n1,0.1353
qm9_cn_subset:87082,C#CC#CC1(C)CN1C,0.2163
qm9_cn_subset:24556,c1cc[nH]cccnc1,0.1705
qm9_cn_subset:33981,N#CC12CC1NC21CC1,0.2492
qm9_cn_subset:57636,CC(N)(C#N)CN1CC1,0.285
qm9_cn_subset:129207,N#Cc1ccn[nH]c1=N,0.1399
qm9_cn_subset:37213,C1N=C2C3NC3C3C1N23,0.2099
qm9_cn_subset:68020,CC12CC(C)(C1)C1NC12,0.3101
qm9_cn_subset:103965,CCC1(C)CN2C(C)C21,0.2939
qm9_cn_subset:71179,CC12NC3C(C1C#N)C32,0.2566
qm9_cn_subset:71538,N#CC12CC3N1CC32N,0.2542
qm9_cn_subset:72904,CC12CCC1N1CC1C2,0.3022
qm9_cn_subset:74821,CC1=NC2CC2(C#N)N1,0.239
qm9_cn_subset:26983,N#CCc1cc[nH]c1N,0.2251
qm9_cn_subset:20415,c1cc(N2CC2)[nH]n1,0.2415
qm9_cn_subset:40587,C1CC1C1C2C3CN2C31,0.3137
qm9_cn_subset:5736,Nc1ncn2c1CC2,0.2234
qm9_cn_subset:102721,CCC(C#N)CN1CC1,0.2839
qm9_cn_subset:21323,N#Cc1cnncn1,0.151
qm9_cn_subset:19667,C#CC1C2CN3C1C23,0.2834
qm9_cn_subset:91839,CC1CN2CC2(C#N)C1,0.2731
qm9_cn_subset:89052,CC1CC1CCN1CC1,0.3201
qm9_cn_subset:30682,CCC(C)c1cc[nH]c1,0.2504
qm9_cn_subset:27279,Cc1ncn2c1CCC2,0.2446
qm9_cn_subset:20552,CC(C)n1cccn1,0.2653
qm9_cn_subset:33687,C#CC12C3C4CC1N2C43,0.2448
qm9_cn_subset:35155,C#CC1CC1(C#C)C#N,0.2506
qm9_cn_subset:34137,N#CC12NC3C1C=CC32,0.219
qm9_cn_subset:62896,CC1(C)C2CC1C2C#N,0.3288
qm9_cn_subset:20495,CC#Cc1ccn[nH]1,0.2102
qm9_cn_subset:80634,CN1C2CC(C2)C1C#N,0.2582
qm9_cn_subset:121768,CCCNC(C#N)=NC,0.203
qm9_cn_subset:34734,C#CC1C2=CCC3C2N13,0.1711
qm9_cn_subset:32418,CCc1c[nH]c(N)c1C,0.2442
qm9_cn_subset:71524,CC12CN3C1CC32C#N,0.2547
qm9_cn_subset:124442,CC(C)(C)c1c[nH]nn1,0.2514
qm9_cn_subset:21201,CNc1cnn(C)n1,0.2106
qm9_cn_subset:20323,C#CCc1cn[nH]n1,0.2533
qm9_cn_subset:78378,CC1C2C3C(CN3C)N12,0.268
qm9_cn_subset:18173,C#CC1=CCC2NC12,0.2034
qm9_cn_subset:27242,Cc1[nH]cc2c1CCC2,0.2321
qm9_cn_subset:61306,CN(CC#N)CC1CC1,0.2585
qm9_cn_subset:39364,C1CC2NC23CNC3=N1,0.2426
qm9_cn_subset:128149,CNc1cn[nH]c1C#N,0.1803
qm9_cn_subset:32615,CCn1cnc(=N)nc1,0.1882
qm9_cn_subset:127656,Cn1ncn2cnnc12,0.2046
qm9_cn_subset:70336,CC12NC1CC1NC12C,0.2875
qm9_cn_subset:74774,NC1=NC2CC1N=C2N,0.2314
qm9_cn_subset:128287,CNc1nc(C)n(C)n1,0.2196
qm9_cn_subset:94489,CC1CCC1C#CC#N,0.2374
qm9_cn_subset:29308,C#Cc1[nH]cc(N)c1C,0.1862
qm9_cn_subset:2871,N#CC1=CCCC1,0.2206
qm9_cn_subset:1544,CCNC(C)C#N,0.2719
qm9_cn_subset:108330,CCC12CCC1C1NC12,0.301
qm9_cn_subset:19360,CCC12NC1C1NC12,0.2684
qm9_cn_subset:3765,Cc1nnn(C)n1,0.2585
qm9_cn_subset:127286,Cn1cc2nc[nH]c2n1,0.2103
qm9_cn_subset:33806,N#CC12C=CC(C=C1)N2,0.1999
qm9_cn_subset:33929,N#CC12CCC=CC1N2,0.2308
qm9_cn_subset:66624,CC12C3CC1N1C3C12C,0.3052
qm9_cn_subset:24015,N#CC1Cc2cccn21,0.2158
qm9_cn_subset:57294,CC(C)(C)C#CCC#N,0.2876
qm9_cn_subset:122283,CCCCC12CN(C1)C2,0.302
qm9_cn_subset:2811,C#CC1NC1C#N,0.2702
qm9_cn_subset:190,Cc1ccc[nH]1,0.243
qm9_cn_subset:33277,C#CC#CC1(C#N)CN1,0.2078
qm9_cn_subset:127469,Cn1nc(N)c(C#N)n1,0.1977
qm9_cn_subset:31763,CNc1cn2c(n1)CC2,0.2127
qm9_cn_subset:39003,C1=C2CN=C3NC(C1)C23,0.2036
qm9_cn_subset:124412,C#CC(C)n1nnnn1,0.2503
qm9_cn_subset:34270,C#CC12CC=C3CN1C32,0.1739
qm9_cn_subset:66471,CC12CC3C1N1C2C31C,0.3018
qm9_cn_subset:20542,CC(C)c1ncn[nH]1,0.2697
qm9_cn_subset:1044,CNc1ccc[nH]1,0.2386
qm9_cn_subset:39530,C1=CC23C4C2N2C4C23C1,0.2059
qm9_cn_subset:90630,CC1CC2C1C2(C)C#N,0.3127
qm9_cn_subset:78091,CC1N2C(C#N)CC12C,0.2685
qm9_cn_subset:35832,C#CC1CCC=C1C#N,0.2195
qm9_cn_subset:127922,CN=c1ccc(C)n[nH]1,0.1539
qm9_cn_subset:33706,C#CC12C=CC3CC1N32,0.2132
qm9_cn_subset:40378,C1C2C1C1(N3CC3)CC21,0.2773
qm9_cn_subset:90174,CC1CC23CCC2(C1)N3,0.2857
qm9_cn_subset:6016,CC(C)C(C)(C)C#N,0.3525
qm9_cn_subset:89328,C#CC12NC1(C)CC2C,0.2485
qm9_cn_subset:3649,c1cc2n(n1)CC2,0.2683
qm9_cn_subset:75199,CC1=CCC2(C)NC12C,0.246
qm9_cn_subset:14898,N#CC1CC=CCC1,0.2669
qm9_cn_subset:66762,CC12C3C=CC1N1C3C12,0.2295
qm9_cn_subset:30036,CC1C=Cn2cncc21,0.2014
qm9_cn_subset:124908,CC12CC1c1ccnn12,0.2345
qm9_cn_subset:129006,c1n[nH]c2cncc-2n1,0.1099
qm9_cn_subset:127345,Cn1cnc(NC=N)n1,0.2189
qm9_cn_subset:19679,N#CC1C2CC3C2N13,0.2693
qm9_cn_subset:24005,N#Cc1ncc2n1CC2,0.2088
qm9_cn_subset:79552,CN1C2C3NC3(C#N)C21,0.2539
qm9_cn_subset:2647,CC#CCCC#N,0.2878
qm9_cn_subset:68963,CC12CC=CC1(C#N)C2,0.2445
qm9_cn_subset:56636,CC(C#N)C1(C)NC1C,0.2956
qm9_cn_subset:66577,CC12C3=CCC4C3C1N42,0.1614
qm9_cn_subset:3845,N=c1ncnn[nH]1,0.1588
qm9_cn_subset:41068,C1CC23C4C5C4C2C5N13,0.2949
qm9_cn_subset:123330,C#CC1Cn2nncc21,0.2598
qm9_cn_subset:76156,CC1(N)C(N)C1(N)C#N,0.2525
qm9_cn_subset:20703,Cc1ncn[nH]c1=N,0.1611
qm9_cn_subset:17690,C1CN1C12CC(C1)C2,0.3199
qm9_cn_subset:21455,N=CNc1nc[nH]n1,0.2244
qm9_cn_subset:29267,Cc1c[nH]c(N2CC2)c1,0.2326
qm9_cn_subset:19305,C1CC1CCN1CC1,0.3207
qm9_cn_subset:34059,C#CC12CC3=NCC1N32,0.1934
qm9_cn_subset:130102,Nc1nn2nnnc2[nH]1,0.2442
qm9_cn_subset:35562,N#CC1NC2CCC=C12,0.2331
qm9_cn_subset:30003,Cn1cnc2c1CC=C2,0.1936
qm9_cn_subset:15288,N#CCC1NC1C#N,0.2923
qm9_cn_subset:90831,CC1CC2C3C4CC13N24,0.3191
qm9_cn_subset:34411,N#CC12CCNC1CN2,0.2654
qm9_cn_subset:122076,CCCNC(C#N)CC,0.2743
qm9_cn_subset:12040,N#CC1(N)CC2NC21,0.2688
qm9_cn_subset:127845,CN=c1ccnnn1C,0.1542
qm9_cn_subset:36780,N#CCNCC1CCC1,0.2692
qm9_cn_subset:37094,C1C2C1C1(CN1)C21CN1,0.3158
qm9_cn_subset:61130,CC(C#CC#N)CC#N,0.2452
qm9_cn_subset:26267,CC(C)c1cnccn1,0.1982
qm9_cn_subset:129333,N=CNc1cnnnn1,0.1687
qm9_cn_subset:24224,c1nc2c([nH]1)CC1CN21,0.225
qm9_cn_subset:110495,CCC1C2C3C=CC2N31,0.208
qm9_cn_subset:129933,Nc1c[nH]nc1N1CC1,0.2188
qm9_cn_subset:27763,Nc1cc(N)n2c1CC2,0.2013
qm9_cn_subset:77017,CC1C(C#N)N1CC#N,0.2673
qm9_cn_subset:66741,CC12C3=CCC1C1C3N12,0.1602
qm9_cn_subset:127101,CN(C)c1cnnnn1,0.1699
qm9_cn_subset:36063,N#CCC1(C#N)CNC1,0.2653
qm9_cn_subset:33261,CCCCn1ccnc1,0.2535
qm9_cn_subset:2310,CC1CN1CC#N,0.2767
qm9_cn_subset:26365,CC(C)n1cnc(N)c1,0.2201
qm9_cn_subset:125955,CC1CCc2ncnn21,0.2677
qm9_cn_subset:68715,CC12CC1(C#N)C1NC12,0.2699
qm9_cn_subset:33950,N#CC12CC1CC1NC12,0.2867
qm9_cn_subset:127935,CN=c1cc(C)cn[nH]1,0.157
qm9_cn_subset:4461,Cc1[nH]c(N)cc1N,0.2218
qm9_cn_subset:30154,Cc1ccn2c1CC2C,0.246
qm9_cn_subset:127661,Cn1ncnc(N)c1=N,0.1623
qm9_cn_subset:79211,CC1C2C3N2CC13C#N,0.2674
qm9_cn_subset:9877,CC1(CCC#N)CC1,0.3211
qm9_cn_subset:35559,N#CC1CC2CCC=C12,0.2433
qm9_cn_subset:59694,CN(C)C1CNC1C#N,0.2414
qm9_cn_subset:130172,Nc1n[nH]c2[nH]ncc12,0.2153
qm9_cn_subset:33395,C#CC(C#N)C1CCC1,0.2967
qm9_cn_subset:76091,CC1C(C#N)C1N1CC1,0.2859
qm9_cn_subset:74253,CC1=NC(C#N)C2CN12,0.248
qm9_cn_subset:24020,C#CC1Cn2cncc21,0.2496
qm9_cn_subset:125082,Cc1cn[nH]c1C1CC1,0.2367
qm9_cn_subset:5664,C1=Cc2cc[nH]c2C1,0.1926
qm9_cn_subset:128982,c1nc2cncc-2n[nH]1,0.1242
qm9_cn_subset:129608,C#CCc1[nH]ncc1N,0.2169
qm9_cn_subset:15427,CCCC1CN1CC,0.3082
qm9_cn_subset:35285,N#CC1CN1CC1CN1,0.2583
qm9_cn_subset:66833,CC12C3C4CN3C1(C)C42,0.3021
qm9_cn_subset:126311,CCc1ccn[nH]c1=N,0.1603
qm9_cn_subset:77201,CN1C(C#N)CC1C#N,0.2462
qm9_cn_subset:128900,N#CCc1ncnnn1,0.1617
qm9_cn_subset:33622,N#CC12C3NC1C1C3C12,0.2692
qm9_cn_subset:125340,Cc1cn2nn[nH]c2n1,0.1945
qm9_cn_subset:106127,CCC12C3CC1N2C=N3,0.2385
qm9_cn_subset:88535,CN1CC1C12CC(C1)C2,0.3083
qm9_cn_subset:84341,C#CC1N=CN(C)C1=N,0.222
qm9_cn_subset:87598,CN1CC12C=CC1NC12,0.2164
qm9_cn_subset:62613,CC1(C)C2C3C=CC2N31,0.207
qm9_cn_subset:124527,CC(C)c1nccnn1,0.1632
qm9_cn_subset:37720,C1C2C3C4C1N2CCN34,0.2842
qm9_cn_subset:126229,CCc1c(N)nnn1C,0.2144
qm9_cn_subset:57618,CC(C)(CC#N)CC#N,0.3303
qm9_cn_subset:129549,C#CC(N)c1nc[nH]n1,0.2448
qm9_cn_subset:30919,CNc1c(C)ccn1C,0.2325
qm9_cn_subset:65159,CC1(C2CC2C#N)CC1,0.2914
qm9_cn_subset:34787,C#CC1C2CC1(C#N)N2,0.2638
qm9_cn_subset:113719,CCC1CC1C(C)C#N,0.3256
qm9_cn_subset:36065,C#CCC12C3C4C(C31)N42,0.2598
qm9_cn_subset:70108,C#CC1N=CN2CC12C,0.2437
qm9_cn_subset:28288,CC1=Cn2cccc2C1,0.198
qm9_cn_subset:127854,CN=c1cnn(C)nn1,0.1627
qm9_cn_subset:87414,CC1NC12C1CN3C1C32,0.3062
qm9_cn_subset:74384,CC1=CC2(C)C3CC1N32,0.218
qm9_cn_subset:85719,CN1CC(C#N)C1C#N,0.2479
qm9_cn_subset:123377,C#CCNc1cc[nH]n1,0.2289
qm9_cn_subset:19324,C#CC12NC1C1NC12,0.2277
qm9_cn_subset:126105,CCC#Cc1c[nH]nn1,0.2216
qm9_cn_subset:129595,Nc1[nH]ncc1N1CC1,0.2335
qm9_cn_subset:126602,CCCCn1ncnn1,0.2664
qm9_cn_subset:37518,C1=C2C3C4CN(C3C1)C24,0.1582
qm9_cn_subset:21095,Cc1nnn(C)c1C,0.2424
qm9_cn_subset:67720,CC12C=C3CN4C3C1C42,0.186
qm9_cn_subset:56978,CC(C#N)C1CC2CN21,0.2788
qm9_cn_subset:66660,C#CC12C3C4N1C2C43C,0.2307
qm9_cn_subset:9048,C#CCNC(C)C#N,0.2652
qm9_cn_subset:86220,CC1CC(C)C(C#N)C1,0.3431
qm9_cn_subset:35524,N#CC1NC2CNC1C2,0.2658
qm9_cn_subset:126110,CCC#Cc1nc[nH]n1,0.2229
qm9_cn_subset:24553,c1cccc[nH]ccc1,0.1678
qm9_cn_subset:122238,CCCCC1(C#N)CN1,0.2953
qm9_cn_subset:35220,C#CC1NC12C=CCC2,0.232
qm9_cn_subset:63429,CC1(C)CN(CC#N)C1,0.2597
qm9_cn_subset:35157,C#CC1NC1(C#C)C#C,0.2396
qm9_cn_subset:80494,CC1NC2C(C)C12C#N,0.2526
qm9_cn_subset:52974,CC#CC12NC1C1CC12,0.232
qm9_cn_subset:3670,Cc1cc(N)n[nH]1,0.232
qm9_cn_subset:126240,CCc1[nH]ncc1NC,0.2135
qm9_cn_subset:36319,N#CCC1C=CC2CN12,0.2278
qm9_cn_subset:79078,CC1C2N=CN3C1C23C,0.2363
qm9_cn_subset:27200,Nc1[nH]cc2c1C=CC2,0.1936
qm9_cn_subset:66531,CC12C3C4C(N31)C42C#N,0.2371
qm9_cn_subset:24584,c1c[nH]c(C2CCC2)n1,0.2436
qm9_cn_subset:41512,C1CN2C3CNC(=N1)C32,0.2022
qm9_cn_subset:35747,N#CC1CCC2(CN2)C1,0.2881
qm9_cn_subset:66764,CC12C3C=CC1C1C3N12,0.2437
qm9_cn_subset:128091,CNc1[nH]nc(C)c1C,0.2381
qm9_cn_subset:78120,CC1C2C(C#N)C(=N)N12,0.2457
qm9_cn_subset:28985,N#Cc1nccnc1N,0.1671
qm9_cn_subset:124962,C#CCc1cn[nH]c1C,0.252
qm9_cn_subset:125691,Cc1n[nH]nc1N=CN,0.1983
qm9_cn_subset:53033,CC#CC12CC3CN1C32,0.2656
qm9_cn_subset:129022,c1nc2cn[nH+][n-]c-2n1,0.1781
qm9_cn_subset:30005,Cn1cnc2nc[nH]c21,0.2208
qm9_cn_subset:9271,CCN(C)CCC#N,0.2652
qm9_cn_subset:11088,C#CC1CC(C#N)N1,0.2571
qm9_cn_subset:16234,CC1CC=CC12CN2,0.2462
qm9_cn_subset:79576,CC1C2C3NC3(C)C12C,0.3289
qm9_cn_subset:62433,CC1(C#N)C2C=CCC21,0.2392
qm9_cn_subset:82624,CC1C2CC3N(C2)C13C,0.3148
qm9_cn_subset:37258,C1C2C3C4C3C3C4C3N12,0.2768
qm9_cn_subset:56708,C#CC(N)C1(C#N)CN1,0.2757
qm9_cn_subset:20385,C1Cc2[nH]nnc2N1,0.2012
qm9_cn_subset:129886,Nc1cn2cnnc2[nH]1,0.2258
qm9_cn_subset:24083,C#CCCc1cc[nH]c1,0.2495
qm9_cn_subset:107123,CCC12CC1C1(C)CN12,0.2915
qm9_cn_subset:77995,C#CC12CC(C)N1C2C,0.2475
qm9_cn_subset:10687,CC(N)C1(C#N)CN1,0.2902
qm9_cn_subset:53081,CC#CC1=NCC2CN12,0.2078
qm9_cn_subset:111177,CCC1C2NC1C2C#N,0.275
qm9_cn_subset:56745,CC(C#N)C12CN(C1)C2,0.2712
qm9_cn_subset:127865,CN=c1cn[nH]nc1N,0.1596
qm9_cn_subset:101269,CCC(C)C1CC1C#N,0.3151
qm9_cn_subset:24321,c1cnc2c[nH]cc2c1,0.1586
qm9_cn_subset:129557,N#CC(N)c1cnn[nH]1,0.24
qm9_cn_subset:8357,CC#CC12CN(C1)C2,0.2806
qm9_cn_subset:102378,CCC(C#N)(CC)NC,0.2702
qm9_cn_subset:66790,CC12C3C4C5C(C51)N2C43,0.3037
qm9_cn_subset:33362,N#CC#CC1CCCC1,0.243
qm9_cn_subset:79750,CN1C2C3NC3CC21C,0.2726
qm9_cn_subset:37421,C1C2CC3C2C1C1CN13,0.2922
qm9_cn_subset:6909,C#CCN1CC1(C)C,0.2656
qm9_cn_subset:35894,C#CC1CCCC2CN12,0.2724
qm9_cn_subset:26665,Cc1[nH]c(N)c(C)c1N,0.2379
qm9_cn_subset:18375,C1=NC2CC2N=CN1,0.206
qm9_cn_subset:26083,C#CC(C)n1ccnc1,0.2479
qm9_cn_subset:18945,N#CC1C2C3CC2C13,0.3316
qm9_cn_subset:36245,N#CCC1C2CC3C1N23,0.2871
qm9_cn_subset:125225,Cc1cc(N2CC2)n[nH]1,0.2347
qm9_cn_subset:86017,CC1C=CC(N)(C#N)C1,0.2591
qm9_cn_subset:110612,CCN1C2C3CC3(C)C21,0.316
qm9_cn_subset:8045,CC12CC(N1)C2C#N,0.2791
qm9_cn_subset:123540,C1=CC2Cn3ncc1c32,0.1815
qm9_cn_subset:72046,CC12CC3CN1C32C#N,0.2619
qm9_cn_subset:18187,N#CC1C=CC2CN12,0.2314
qm9_cn_subset:75173,CC1=CCN(CC#N)C1,0.2398
qm9_cn_subset:62042,CC(C#N)NCC1CN1,0.2732
qm9_cn_subset:125662,Cc1n[nH]c2nncn12,0.2114
qm9_cn_subset:79646,CC1C2C3CC3C12C#N,0.2431
qm9_cn_subset:74263,CC1=NC(C)(C)C(=N)N1,0.2328
qm9_cn_subset:2234,CC12C=CCC1N2,0.2462
qm9_cn_subset:127765,Cn1nnc2[nH]cnc21,0.2118
qm9_cn_subset:34467,N#CC12NCC3NC1C32,0.2449
qm9_cn_subset:76355,C#CC1(C#N)C(C)C1N,0.2467
qm9_cn_subset:89794,CC1CC2(CC2)C2CN12,0.3132
qm9_cn_subset:127264,Cn1cc(C2CN2)nn1,0.2224
qm9_cn_subset:126348,CCc1nc(=N)cn[nH]1,0.1839
qm9_cn_subset:29506,Cc1c[nH]c2c1CCN2,0.2264
qm9_cn_subset:99546,C#CC(NC)C(C)C#N,0.2718
qm9_cn_subset:126797,CCc1cnn(CC)n1,0.2483
qm9_cn_subset:33911,N#CC12NC1C1CCC12,0.2538
qm9_cn_subset:85707,C#CC1C(C)CC1C#N,0.2907
qm9_cn_subset:123994,c1nnnnc1C1CN1,0.1675
qm9_cn_subset:130046,Nc1ccn(C2CC2)n1,0.2271
qm9_cn_subset:52008,N#C[C-](C#N)CNC=[NH2+],0.1864
qm9_cn_subset:34768,C#CC1C2NC(C#N)C12,0.2533
qm9_cn_subset:94327,C#CC1NC12CCC2C,0.2746
qm9_cn_subset:59071,CC(C)N1C(C)C1C#N,0.2613
qm9_cn_subset:20814,CCc1ccnn1C,0.2549
qm9_cn_subset:81733,CC1C(N)C2(C#N)CN12,0.248
qm9_cn_subset:130001,Nc1nc2[nH]nnc2[nH]1,0.203
qm9_cn_subset:104997,CCC1(C(N)C#N)CC1,0.295
qm9_cn_subset:20419,c1n[nH]cc1N1CC1,0.2273
qm9_cn_subset:110111,CCC1C(C#N)C1CC,0.3103
qm9_cn_subset:24360,C1=Cc2[nH]ccc2CC1,0.1741
qm9_cn_subset:111369,CNC1C(C#N)C2NC12,0.2556
qm9_cn_subset:67621,CC12C3CN4C1C4(C)C32,0.3012
qm9_cn_subset:84210,CC1C=C2C3C4C2N1C34,0.1592
qm9_cn_subset:24179,c1cc2nccn2cn1,0.1805
qm9_cn_subset:39556,C1=CC2C3C=CC2N3C1,0.2038
qm9_cn_subset:68054,CC12CC(C)(C1)C2C#N,0.3212
qm9_cn_subset:60297,CC(C)CCC#CC#N,0.2458
qm9_cn_subset:35202,N#CC1NC12CC1NC12,0.2662
qm9_cn_subset:76678,CC1C(C)N1CC1CN1,0.3037
qm9_cn_subset:27578,Cc1ccnc(C#N)n1,0.2027
qm9_cn_subset:79210,C#CC12CN3C(C1C)C32,0.2645
qm9_cn_subset:19889,C#CC1C2C3NC3C12,0.2507
qm9_cn_subset:100223,C#CC(C)(CC#N)NC,0.2664
qm9_cn_subset:28961,C#Cc1cnccc1C,0.2004
qm9_cn_subset:36555,N#CCCC#CC1CN1,0.2581
qm9_cn_subset:62695,CC1(C)C2=CCN3C2C31,0.1671
qm9_cn_subset:56936,CC(C#N)N1CC1C#N,0.2751
qm9_cn_subset:36774,N#CCCCC1CCC1,0.3353
qm9_cn_subset:8734,C#CC(C)C(N)C#N,0.2889
qm9_cn_subset:2305,CC#CC1NC1C,0.2773
qm9_cn_subset:20864,CCCc1ccn[nH]1,0.2572
qm9_cn_subset:767,Nc1nc[nH]n1,0.2332
qm9_cn_subset:5769,c1ncc(C2CN2)[nH]1,0.2404
qm9_cn_subset:92985,CC1CC=CC1CC#N,0.2622
qm9_cn_subset:17497,CC12CC1N1CC12C,0.2904
qm9_cn_subset:401,CC1(C#N)CN1,0.2969
qm9_cn_subset:114569,CCC1CN2CC12C#N,0.2569
qm9_cn_subset:61148,CN(CC#N)C(=N)C#N,0.2054
qm9_cn_subset:39705,C1NC12C1C3C4C1N4C32,0.2985
qm9_cn_subset:87557,CC1C2NC2C12CN2C,0.2972
qm9_cn_subset:123910,C1CNc2[nH]nnc2N1,0.2098
qm9_cn_subset:3573,CC1C2C3CC3N12,0.2781
qm9_cn_subset:37495,C1=C2CN3C1C1CC3C21,0.11
qm9_cn_subset:74467,CC1=NC2(CC2)C(=N)N1,0.216
qm9_cn_subset:21391,c1nnc2[nH]ncn12,0.2108
qm9_cn_subset:66647,CC12C3C4CCC3N1C42,0.3135
qm9_cn_subset:35478,N#CC1C=CC2CC2N1,0.2222
qm9_cn_subset:123297,C#Cc1cn[nH]c1C#N,0.1912
qm9_cn_subset:104633,CNC1(C#N)CC(C)C1,0.2665
qm9_cn_subset:109,N#CCC#N,0.3344
qm9_cn_subset:92715,CC1=CCC(C)C1C#N,0.2568
qm9_cn_subset:70650,N#CC1NCC2CC21N,0.2639
qm9_cn_subset:76020,C#CC1(C)C(C#N)N1C,0.2467
qm9_cn_subset:62410,CC1(C#N)C(=N)N2CC21,0.2491
qm9_cn_subset:20433,c1cc2n(n1)CCC2,0.2611
qm9_cn_subset:117562,CCNC(C#N)C1CC1,0.2777
qm9_cn_subset:36698,N#CCNC1CC2NC12,0.2644
qm9_cn_subset:11844,N#CC1CC2(CN2)C1,0.2865
qm9_cn_subset:80025,CN1C2C=CC1C21CC1,0.2136
qm9_cn_subset:38394,C1C2CC3(CC4NC43)C12,0.308
qm9_cn_subset:36967,C(CN1CC1)CN1CC1,0.3201
qm9_cn_subset:29928,Cc1ncn(C)c1C#N,0.2118
qm9_cn_subset:10182,CCCC(C#N)NC,0.2743
qm9_cn_subset:127544,Cc1nn(C)ncc1=N,0.1753
qm9_cn_subset:11641,C#CC12CN(C1)C2C,0.2752
qm9_cn_subset:19398,CC1C2NC2C12CN2,0.3027
qm9_cn_subset:125436,C#CCc1n[nH]c(C)n1,0.2619
qm9_cn_subset:35678,N#CC1CNC(C#N)C1,0.2725
qm9_cn_subset:76123,CC1C(C#N)C2CC12C,0.2992
qm9_cn_subset:84352,CC1C=CC(C#N)N1C,0.2238
qm9_cn_subset:127801,Cn1nncc1NC=N,0.2114
qm9_cn_subset:21101,Cn1nnc(N)c1N,0.2273
qm9_cn_subset:4641,C#Cc1c[nH]c(C)c1,0.2167
qm9_cn_subset:34712,N#CC1C2C=CC3C1C23,0.2367
qm9_cn_subset:33585,C#CC12C3C4CN1C4C32,0.2493
qm9_cn_subset:92379,CC1CC2CNC12C#N,0.2541
qm9_cn_subset:52919,CC#CC12C3C4C1N4C32,0.2338
qm9_cn_subset:78850,CC1C2C3C2C2(C)C3N12,0.2986
qm9_cn_subset:59398,CC(C)N1CC1(C)C#N,0.2775
qm9_cn_subset:37873,C1C2CN3C1C1C3CN21,0.2886
qm9_cn_subset:9046,C#CC(C)CCC#N,0.2983
qm9_cn_subset:127331,Cn1cnc(C(=N)N)n1,0.2129
qm9_cn_subset:94060,CC1CCC(C#N)NC1,0.2661
qm9_cn_subset:124159,CC#Cc1n[nH]c(C)n1,0.2211
qm9_cn_subset:28297,Nc1cc2n(c1)C=CC2,0.1738
qm9_cn_subset:9010,CC#CCC(N)C#N,0.2754
qm9_cn_subset:111700,CCC1C2CCC12C#N,0.2834
qm9_cn_subset:79760,CC1C2C3CC4C1N4C32,0.3099
qm9_cn_subset:99864,CCC(N)(C#N)C(C)C,0.2877
qm9_cn_subset:62812,C#CC12CN(C1)C2(C)C,0.2722
qm9_cn_subset:80111,N#CC12NC=NC1C2N,0.2324
qm9_cn_subset:76225,CC1=CC2NC2(C)C1C,0.241
qm9_cn_subset:71806,CC12CC3C4CC4N1C32,0.3178
qm9_cn_subset:34169,N#CC12CC3C4C1N4C32,0.2638
qm9_cn_subset:113828,CCN1CC1C1CC1C,0.3015
qm9_cn_subset:127288,Cn1cc2nn[nH]c2n1,0.2002
qm9_cn_subset:88548,CC1NC1C12CCC1N2,0.3102
qm9_cn_subset:66516,CC12C3C4=NCC3C1N42,0.1549
qm9_cn_subset:4347,Cc1cncc(C)n1,0.1957
qm9_cn_subset:127119,CN(C)c1cnn(C)n1,0.2042
qm9_cn_subset:3084,CC1C(C)C1C#N,0.3122
qm9_cn_subset:74605,CC1=CC2C3C1N=CN23,0.223
qm9_cn_subset:83202,CC1C2C(C#N)CCN12,0.2689
qm9_cn_subset:123291,C#Cc1[nH]ncc1C#N,0.1994
qm9_cn_subset:28780,Nc1cnc2n1C=CC2,0.1903
qm9_cn_subset:124187,CC#CCc1ncn[nH]1,0.2702
qm9_cn_subset:79004,CC1C2C3C4C=CC13N42,0.2116
qm9_cn_subset:34035,N#CC12CC1CCCN2,0.2627
qm9_cn_subset:19330,N#CC12CC1C1CN12,0.2483
qm9_cn_subset:125524,Cc1cnn(C2CC2)n1,0.238
qm9_cn_subset:36389,C#CCN1CC1CC#N,0.2701
qm9_cn_subset:30338,CC1CCc2cncn21,0.2503
qm9_cn_subset:82752,CC1C2CC3N2CC13C,0.301
qm9_cn_subset:123355,C#CCCn1ccnn1,0.2543
qm9_cn_subset:34341,N#CC12CCC1C1CC12,0.2779
qm9_cn_subset:34384,N#CC12CCC1NC=N2,0.242
qm9_cn_subset:11252,CC1C=CC(C#N)C1,0.2629
qm9_cn_subset:62341,CC1(C#N)C2CC(=N)N21,0.2431
qm9_cn_subset:129331,N=CNc1cncnn1,0.1601
qm9_cn_subset:35048,N#CC1C2CCN=CN12,0.2275
qm9_cn_subset:3253,C1C2N1CC21CN1,0.295
qm9_cn_subset:34236,N#CC12CC3CC1CN32,0.2572
qm9_cn_subset:34635,C#CC1=CCCC2NC12,0.206
qm9_cn_subset:32648,CCn1cccc1C#N,0.2077
qm9_cn_subset:2136,CC1N=CNC1=N,0.228
qm9_cn_subset:126252,C#Cc1[nH]nnc1CC,0.2085
qm9_cn_subset:64898,CC1(C#N)NC1(C)C#N,0.2749
qm9_cn_subset:128896,N#CCc1cncnn1,0.164
qm9_cn_subset:29735,Cn1c(C#N)cnc1N,0.1985
qm9_cn_subset:103195,CCC1(C)C2CC3C1N32,0.3116
qm9_cn_subset:40407,C1=CC2NC2(C2CN2)C1,0.2349
qm9_cn_subset:16224,CC1=CCCC12CN2,0.2417
qm9_cn_subset:129577,NC(N)=[NH+]c1ccn[n-]1,0.2242
qm9_cn_subset:123482,c1n[nH]cc1CN1CC1,0.2407
qm9_cn_subset:40340,C1C2CC3C1C23N1CC1,0.3133
qm9_cn_subset:28488,Cc1cc(C)c(N)cn1,0.1957
qm9_cn_subset:25646,CC#Cc1nc(N)c[nH]1,0.179
qm9_cn_subset:37616,C1=CC2C3CC1C1C3N21,0.2318
qm9_cn_subset:26047,N#CC(N)c1ncc[nH]1,0.2395
qm9_cn_subset:52770,CC#CC1(C)C2CN1C2,0.2595
qm9_cn_subset:88352,CC1CN1C(C#N)C#N,0.2536
qm9_cn_subset:124410,C#CC(C)n1nccn1,0.2564
qm9_cn_subset:2312,CC1NC1CC#N,0.3017
qm9_cn_subset:113148,CC#CC1(C)NC1CC,0.2703
qm9_cn_subset:66346,CC1(C#N)CCCCC1,0.3449
qm9_cn_subset:36568,C#CCCC(C#C)C#N,0.2779
qm9_cn_subset:89227,CN1CC2(C)C3C1CN32,0.2883
qm9_cn_subset:64688,CC1(CC#N)NC1C#N,0.2817
qm9_cn_subset:127417,C#Cc1nn(C)nc1C,0.2156
qm9_cn_subset:57549,CC(C)(C)CCCC#N,0.3481
qm9_cn_subset:129647,C#Cc1n[nH]c(N)c1N,0.2056
qm9_cn_subset:65326,CC1(C2CN2)NC1C#N,0.2711
qm9_cn_subset:88434,CC1CN1C1(C)CC1C,0.2998
qm9_cn_subset:58366,C#CCC(C#N)C(C)C,0.3052
qm9_cn_subset:127703,Cn1nnc(N2CC2)n1,0.2158
qm9_cn_subset:107482,CCC12NC1CC21CN1,0.2887
qm9_cn_subset:13301,N#CCC1CC=CC1,0.2662
qm9_cn_subset:81799,CC1C2NC2(C)C12CN2,0.3056
qm9_cn_subset:33606,C#CC12C3C4CN(C41)C32,0.2538
qm9_cn_subset:82777,CC1C2CC3C4C2C1N34,0.2996
qm9_cn_subset:107328,CCC12NC1C=CC2C,0.2412
qm9_cn_subset:28034,C#CCn1ccc(C)c1,0.2303
qm9_cn_subset:99522,CNC(C#N)C(C)(C)C,0.2776
qm9_cn_subset:13641,CC#CCC1NC1C,0.299
qm9_cn_subset:128401,CNC=Nc1nn[nH]n1,0.2095
qm9_cn_subset:126139,CCC(C)c1ccn[nH]1,0.2588
qm9_cn_subset:78262,CC1C2C1C1(C)C(C)N21,0.2767
qm9_cn_subset:21197,CNc1ncnn1C,0.2449
qm9_cn_subset:105139,C#CC1NC1(C#N)CN,0.2453
qm9_cn_subset:87216,CN1CC1(C)CC1CC1,0.3032
qm9_cn_subset:63708,CC1(C)CC2(C#N)CN12,0.2597
qm9_cn_subset:52812,CC#CC1(C)CC2NC21,0.2832
qm9_cn_subset:39743,C1CN2C3C1C1(CC1)C32,0.3242
qm9_cn_subset:4570,Cc1cnc(N)cn1,0.1823
qm9_cn_subset:20969,CN(C)c1cn[nH]c1,0.2147
qm9_cn_subset:125367,Cc1c[nH]c2nncn12,0.2184
qm9_cn_subset:13551,CN1CC1C(N)C#N,0.2629
qm9_cn_subset:32415,CCc1c[nH]c(C)c1C,0.2391
qm9_cn_subset:123496,c1cnn2nncc2c1,0.1694
qm9_cn_subset:125928,CC1Cc2nc(N)nn21,0.2257
qm9_cn_subset:32237,CNc1ncccc1N,0.1919
qm9_cn_subset:67557,CC12C3CC1C3C1CN12,0.3235
qm9_cn_subset:36244,N#CCC1C2CC3C1C23,0.3003
qm9_cn_subset:78521,CN1C2C3(C)NC2(C)C13,0.2903
qm9_cn_subset:113854,CCN1CC1C1CCC1,0.3022
qm9_cn_subset:28036,Cc1ccn(CC#N)c1,0.2249
qm9_cn_subset:63535,CC1(C)NC12CC1NC12,0.3008
qm9_cn_subset:39010,C1=CC23CN2CC=C3C1,0.217
qm9_cn_subset:102442,CCN(CC)C(=N)C#N,0.1965
qm9_cn_subset:78188,CC1C2C(N)C(C#N)N12,0.2633
qm9_cn_subset:42641,C#CC12C3CC1N2C3=N,0.2601
qm9_cn_subset:111713,CNC1C2NCC12C#N,0.2378
qm9_cn_subset:2607,C#CC#CCC#N,0.2289
qm9_cn_subset:14004,N#CC1NC12CCC2,0.2831
qm9_cn_subset:15020,C#CC(C#C)N1CC1,0.2659
qm9_cn_subset:125509,C#CCn1ncc(C)n1,0.2488
qm9_cn_subset:95847,CC1CCNC(C#N)C1,0.2794
qm9_cn_subset:129066,N=c1cn[nH]c(=N)nc1,0.1518
qm9_cn_subset:39562,C1=CC2C=CC3C(C1)N23,0.2249
qm9_cn_subset:20219,C1CN2C3C4C1C4C32,0.2842
qm9_cn_subset:78817,C#CC1C2C(C)N3C1C23,0.2843
qm9_cn_subset:32495,C#Cc1c[nH]cc1CC,0.2207
qm9_cn_subset:21550,Nc1cnn2c1CC2,0.2268
qm9_cn_subset:400,C#CC1(C)CN1,0.2885
qm9_cn_subset:20847,CCc1n[nH]cc1C,0.2585
qm9_cn_subset:69969,CC12CCC1C1NC12C,0.2964
qm9_cn_subset:5656,c1nc2[nH]ccc2[nH]1,0.2088
qm9_cn_subset:3622,C1C2C3C1N1C2C31,0.307
qm9_cn_subset:36507,N#CCN1CC=CCC1,0.2514
qm9_cn_subset:128309,C#Cc1nc(NC)n[nH]1,0.1787
qm9_cn_subset:37196,C1C2N1C13CCC21CC3,0.2636
qm9_cn_subset:37682,C1C2C3C4C2C12CN4C32,0.2925
qm9_cn_subset:30570,CCC#Cc1ccc[nH]1,0.1999
qm9_cn_subset:28939,Cc1cncn1CC#N,0.2286
qm9_cn_subset:81819,CC1C(C#N)C2(C)CN12,0.2705
qm9_cn_subset:130042,NC1=NCc2n[nH]cc21,0.2141
qm9_cn_subset:59466,CC(C)C1CC1N1CC1,0.3174
qm9_cn_subset:61240,CC(CC#N)N1CC1C,0.2697
qm9_cn_subset:75039,CC1=CC=CCC2NC12,0.183
qm9_cn_subset:35833,C#CC1NCC=C1C#N,0.206
qm9_cn_subset:63799,CC1(C)CN2C3CC1C32,0.3133
qm9_cn_subset:99437,C#CC#CC(C#N)NC,0.2208
qm9_cn_subset:53122,CC#CC1C2CC3C1N23,0.2877
qm9_cn_subset:74604,CC1=CC2C3N4CC13C24,0.2248
qm9_cn_subset:56811,C#CC(C)N1C(C)C1C,0.2715
qm9_cn_subset:87308,C#CCC1(C#N)CN1C,0.2739
qm9_cn_subset:66958,CC12C(C#N)C3CC1C32,0.2901
qm9_cn_subset:33647,N#CC12C3C=CC1C2N3,0.2268
qm9_cn_subset:10742,CC(N)(C#N)C1CN1,0.2781
qm9_cn_subset:30127,CC1CC1c1c[nH]cn1,0.2465
qm9_cn_subset:113027,CCC1C=CC(C#N)N1,0.2343
qm9_cn_subset:82178,CC1C2NC2C2(C)NC12,0.2892
qm9_cn_subset:63707,C#CC12CN1C(C)(C)C2,0.2544
qm9_cn_subset:124181,CC#CCc1cnn[nH]1,0.2551
qm9_cn_subset:35075,N#CC1C=C2CC3C2N13,0.1649
qm9_cn_subset:37668,C1C2C3C2C2C4C1C3N42,0.3007
qm9_cn_subset:33446,C#CC1(C#N)C2CCN21,0.2459
qm9_cn_subset:100896,CNC(C)C(C#N)NC,0.2564
qm9_cn_subset:82514,CC1C2CC3(C)CC3N12,0.2991
qm9_cn_subset:21093,Cn1nnc(C#N)n1,0.2439
qm9_cn_subset:109782,CCC1C(C)C1N1CC1,0.3132
qm9_cn_subset:38007,C1=C2CC3C2C2C1CN32,0.1798
qm9_cn_subset:126959,CCNc1n[nH]nc1C,0.2159
qm9_cn_subset:79788,CN1C2C3CN4C3C1C24,0.2902
qm9_cn_subset:127445,C#Cc1cc(C)n(C)n1,0.2219
qm9_cn_subset:21040,Cc1cc(N)nn1C,0.2271
qm9_cn_subset:130361,NC=Nc1cncnn1,0.1614
qm9_cn_subset:87455,CC1NC12C1CC2(C)C1,0.3062
qm9_cn_subset:90140,CC1CC23C=CCC12N3,0.2131
qm9_cn_subset:69336,CC12CC(N)(C#N)C1N2,0.2859
qm9_cn_subset:67126,CC12C3=CCCC1N2C3,0.2136
qm9_cn_subset:36285,N#CCN1C2C=CC1C2,0.2298
qm9_cn_subset:20536,CC(C)c1cnn[nH]1,0.2527
qm9_cn_subset:38432,C1=CC2(CC1)CN1CC12,0.2462
qm9_cn_subset:70968,CC12NC3(C#N)CC1C32,0.2436
qm9_cn_subset:53199,CC#CC1N=CN2CC12,0.244
qm9_cn_subset:111520,CCC1C2N1CC21CC1,0.3029
qm9_cn_subset:38074,C1=CC2NC23CCC=C13,0.188
qm9_cn_subset:128108,CNc1[nH]ncc1C#N,0.2239
qm9_cn_subset:77013,CN1C(CC#N)C1(C)C,0.2637
qm9_cn_subset:15519,CC1=C(C#N)CCC1,0.2165
qm9_cn_subset:113848,CCC1CN1C1CCC1,0.3026
qm9_cn_subset:21005,Cn1cc(N)c(N)n1,0.2174
qm9_cn_subset:96410,N#CC1NCCCC1N,0.25
qm9_cn_subset:20558,CC(C)n1ncnn1,0.2653
qm9_cn_subset:30339,CC1CCc2nccn21,0.2511
qm9_cn_subset:127100,CN(C)c1cnnn1C,0.2281
qm9_cn_subset:84220,CC1C=C2CC3(C)C2N13,0.1651
qm9_cn_subset:128316,CNc1n[nH]c(C)c1N,0.2184
qm9_cn_subset:17434,CC1C2C3N2CC13C,0.3116
qm9_cn_subset:33886,N#CC12NC1C1CC2C1,0.2645
qm9_cn_subset:33718,C#CC12CC(C#C)(C1)N2,0.2578
qm9_cn_subset:19062,CC1C2C3CC(C3)N12,0.3069
qm9_cn_subset:29520,Nc1c[nH]c2c1CCN2,0.221
qm9_cn_subset:24561,c1cncc[nH]ccn1,0.1508
qm9_cn_subset:35323,N#CC1C=CC2(CC2)N1,0.2287
qm9_cn_subset:123444,c1cnn(CC2CN2)c1,0.2595
qm9_cn_subset:5681,C1=Cn2ccnc2C1,0.2004
qm9_cn_subset:24029,C#CCc1ccccn1,0.2274
qm9_cn_subset:115251,CCC1CNC(C#N)=N1,0.1979
qm9_cn_subset:32889,CCCc1ccn(C)c1,0.2444
qm9_cn_subset:102179,CCC(CC#N)C1CN1,0.2827
qm9_cn_subset:8536,CC1C2N3CC2(C)C13,0.3165
qm9_cn_subset:107175,CCC12CC1C1C2N1C,0.2735
qm9_cn_subset:59287,CC(C)N1C=NCC1=N,0.2162
qm9_cn_subset:35758,N#CC1CCC2CC1C2,0.3296
qm9_cn_subset:33998,N#CC12CC=CCC1C2,0.2658
qm9_cn_subset:34345,N#CC12CCC1N1CC12,0.2551
qm9_cn_subset:36498,N#CCN1CCC2CC21,0.2462
qm9_cn_subset:90459,C#CC1C2CC(C)CN12,0.2545
qm9_cn_subset:76680,CC1C(CC2CC2)N1C,0.2909
qm9_cn_subset:124577,CC(C)Cn1ccnn1,0.2567
qm9_cn_subset:36370,N#CCC1CC1N1CC1,0.2933
qm9_cn_subset:53398,CC#CC1CNC1C#N,0.2578
qm9_cn_subset:20975,CN(C)c1cc[nH]n1,0.2189
qm9_cn_subset:24499,c1ccc2[nH]cnc2c1,0.2103
qm9_cn_subset:88975,CC1CC1CC1CN1C,0.303
qm9_cn_subset:66771,CC12C3CCC1C1C3N12,0.3148
qm9_cn_subset:19129,N#CC1(C2CN2)CC1,0.2992
qm9_cn_subset:72360,CC12CN=CN1C=NC2,0.2369
qm9_cn_subset:35890,N#CC1CNCC1C#N,0.2713
qm9_cn_subset:84769,C#CC1(C)NC=NC1C,0.245
qm9_cn_subset:107079,CCC12CC1C(C#N)N2,0.2685
qm9_cn_subset:33611,N#CC12C3C4CN(C41)C32,0.2542
qm9_cn_subset:18487,N#CCC1CC2CC12,0.3088
qm9_cn_subset:15111,C#CCCCN1CC1,0.2925
qm9_cn_subset:71416,CC12CC3C(C#N)C1C32,0.3001
qm9_cn_subset:31890,C#Cc1ccc(NC)[nH]1,0.1834
qm9_cn_subset:127103,CN(C)c1c[nH]nc1N,0.2214
qm9_cn_subset:124396,C#CC(C)c1ncn[nH]1,0.2698
qm9_cn_subset:129078,N=c1cn[nH]nnc1=N,0.1697
qm9_cn_subset:128419,CNCc1n[nH]c(C)n1,0.2268
qm9_cn_subset:9017,C#CC(N)=NCC#N,0.2223
qm9_cn_subset:38780,C1C2CN3C2C3C2NC12,0.2818
qm9_cn_subset:92764,CC1CC=C(C2CN2)C1,0.2389
qm9_cn_subset:126531,CCCc1cncnn1,0.1643
qm9_cn_subset:33233,CCCNc1c[nH]cn1,0.22
qm9_cn_subset:41647,C1CC2C3C(C1)N1C2C31,0.318
qm9_cn_subset:65421,N#CCC1CC1(N)C#N,0.2959
qm9_cn_subset:21114,Cn1nnn(C)c1=N,0.2008
qm9_cn_subset:71838,CC12CC3N=CN1C32C,0.2372
qm9_cn_subset:126900,CCNc1cn[nH]c1C,0.2166
qm9_cn_subset:68258,CC12CC(C1)C2(C)C#N,0.3235
qm9_cn_subset:105957,CCC12C3C4C(N31)C42C,0.2758
qm9_cn_subset:17476,CC12C=CC3C(C1)N32,0.2177
qm9_cn_subset:77014,C#CCN1C(C)C1C#C,0.259
qm9_cn_subset:9922,CC1(C#N)C(N)C1N,0.2686
qm9_cn_subset:19646,CCC12C3C4C3N1C42,0.2792
qm9_cn_subset:33593,N#CC12C3CC4C3C1C42,0.2814
qm9_cn_subset:125273,Cc1cc2[nH]nnc2[nH]1,0.2026
qm9_cn_subset:30241,CC1Cn2cc(N)nc21,0.2157
qm9_cn_subset:58060,CN(C)C(C#N)C1CN1,0.2668
qm9_cn_subset:2955,N#CC(=N)N1CC1,0.217
qm9_cn_subset:20842,CCc1cc(C)[nH]n1,0.2574
qm9_cn_subset:103047,CCC1(C#N)C2CCN21,0.2761
qm9_cn_subset:93712,CC1CCC(C)(C#N)N1,0.2837
qm9_cn_subset:53265,CC#CC1NC12CCC2,0.2707
qm9_cn_subset:4971,Cc1ncccc1N,0.1998
qm9_cn_subset:34156,C#CC12CC3C1C1C2N31,0.2596
qm9_cn_subset:5045,N=c1cncccn1,0.1679
qm9_cn_subset:100643,CCC(C)C(C)(C)C#N,0.3515
qm9_cn_subset:17453,CN1C2C3CC3(C)C21,0.3184
qm9_cn_subset:119286,CCNC1(C#N)CNC1,0.263
qm9_cn_subset:107265,CCC12CN1C1CC2C1,0.3188
qm9_cn_subset:12031,C#CC1(C)CC2NC21,0.287
qm9_cn_subset:73980,CC1=C2CC3(C)C2N3C1,0.161
qm9_cn_subset:67480,C#CC1C2C3CN3C12C,0.2586
qm9_cn_subset:119483,CCCC12CC1C1NC12,0.2828
qm9_cn_subset:124562,CC(C)Cc1cn[nH]c1,0.2578
qm9_cn_subset:99665,CCC(C#N)C1CCC1,0.3369
qm9_cn_subset:36055,C#CCC1(C#N)CCN1,0.2632
qm9_cn_subset:79660,CN1C2C3NC3C21C#N,0.2285
qm9_cn_subset:42537,N#CC12CC3C(=N)N1C32,0.2629
qm9_cn_subset:35185,C#CC1CC12CN1CC12,0.2686
qm9_cn_subset:87207,CC1CC1(C)CN1CC1,0.3141
qm9_cn_subset:20373,c1ncn(C2CC2)n1,0.2601
qm9_cn_subset:25687,CC#Cc1c[nH]c(C)c1,0.2145
qm9_cn_subset:34477,N#CC1=C(C#N)CNC1,0.173
qm9_cn_subset:66104,CC1(C#N)NCC2CC21,0.2786
qm9_cn_subset:33727,C#CC12CC(C1)C1NC12,0.2752
qm9_cn_subset:42299,N#CC(=N)N1C=CCC1,0.1712
qm9_cn_subset:35497,C#CC1CN2CC=CC12,0.2336
qm9_cn_subset:36709,N#CCCC1CC=CC1,0.2654
qm9_cn_subset:56519,C#CC(N)C(C)(N)C#N,0.2667
qm9_cn_subset:62177,C#CCCCC(C)C#N,0.3041
qm9_cn_subset:27597,N#Cc1nccc(N)n1,0.1942
qm9_cn_subset:10636,CN1CC1(C#N)CN,0.2702
qm9_cn_subset:39736,C1=C2C3C(C1)N3C21CC1,0.1693
qm9_cn_subset:19621,C1C2C3C2C2(CC2)N13,0.3091
qm9_cn_subset:33450,N#CC1(C#N)C2CCN21,0.25
qm9_cn_subset:128919,N#CCCn1ccnn1,0.2527
qm9_cn_subset:65114,CC1(C2=CCCC2)CN1,0.2508
qm9_cn_subset:120753,CCCC1CN1C1CC1,0.2975
qm9_cn_subset:42628,N#CC12CC3C1N3C2=N,0.2687
qm9_cn_subset:21540,N#Cc1[nH]nnc1N,0.1873
qm9_cn_subset:82256,CC1C(C#N)=CC2CC21,0.2062
qm9_cn_subset:35503,N#CC1NC2CC=CC12,0.2503
qm9_cn_subset:80360,C#CC1(C)CC2C(C)N21,0.2634
qm9_cn_subset:111893,CCC1C=C(C)C2NC12,0.245
qm9_cn_subset:125613,Cc1cc(CC#N)[nH]n1,0.2602
qm9_cn_subset:31646,CNc1cc(C)n(C)c1,0.2185
qm9_cn_subset:87592,CC1NC12C=CC1CC12,0.2352
qm9_cn_subset:33658,N#CC12C3CN1CC2N3,0.2363
qm9_cn_subset:26086,CC(C)(C)c1ccc[nH]1,0.2444
qm9_cn_subset:29803,C#Cc1cc(N)cn1C,0.1815
qm9_cn_subset:24660,c1cnc(C2CN2)nc1,0.2093
qm9_cn_subset:37464,C1CN2C3C1C1NC1C32,0.2755
qm9_cn_subset:125345,Cc1cnc(C#N)nn1,0.1663
qm9_cn_subset:126681,CCN(C)c1cnn[nH]1,0.2232
qm9_cn_subset:81804,CC1N2CC2(C)C12CC2,0.3068
qm9_cn_subset:104912,C#CC1(CC)NC1(C)C,0.2704
qm9_cn_subset:33514,N#CC1(CN2CC2)CC1,0.2862
qm9_cn_subset:74249,CC1=CC(C#N)C2NC12,0.246
qm9_cn_subset:123313,C#Cc1nc2n(n1)CC2,0.2221
qm9_cn_subset:125366,Cc1c[nH]c2ncnn12,0.2346
qm9_cn_subset:16974,C1=CC23CCN2C1C3,0.2177
qm9_cn_subset:126441,CCc1n[nH]nc1C#N,0.2336
qm9_cn_subset:36569,C#CCNC(C#C)C#C,0.254
qm9_cn_subset:69096,CC12CNCC1(C#N)N2,0.2709
qm9_cn_subset:34795,N#CC1N2CC1(C#N)C2,0.2606
qm9_cn_subset:73897,CC1=C(CC#N)CCC1,0.2495
qm9_cn_subset:92709,CC1=CCC(C)C12CN2,0.2457
qm9_cn_subset:27875,Cc1cc(C)nc(N)n1,0.1991
qm9_cn_subset:86023,CN1C=NC(C)(C#N)C1,0.2368
qm9_cn_subset:126591,CCCCc1nn[nH]n1,0.2601
qm9_cn_subset:120789,CCCC1CN1CC#N,0.2754
qm9_cn_subset:127635,Cc1ccnn(C)c1=N,0.1615
qm9_cn_subset:10580,C#CC1(C#N)CC1N,0.2485
qm9_cn_subset:124611,Cc1nnn(C(C)C)n1,0.2576
qm9_cn_subset:78201,CN1C2C(N)C(C#N)C21,0.2641
qm9_cn_subset:111709,C#CC12CCC1N2CC,0.2707
qm9_cn_subset:53462,CC#CCC#CCC#N,0.2721
qm9_cn_subset:66219,CC1(CCCC#N)CC1,0.3133
qm9_cn_subset:63763,CC1(C)CN2C(C#N)C21,0.2627
qm9_cn_subset:36491,N#CCC1CCN2CC12,0.2766
qm9_cn_subset:106701,CCC12CC1(C)C1NC12,0.3182
qm9_cn_subset:67493,N#CC1C2C3NC3C12N,0.2559
qm9_cn_subset:66036,C#CC1(N)CCC1C#N,0.269
qm9_cn_subset:58310,CC(C)C(C)CCC#N,0.3476
qm9_cn_subset:110474,CCC1C2C3C4C1N2C34,0.2927
qm9_cn_subset:40745,C1CC2C1CC2N1CC1,0.3016
qm9_cn_subset:52638,CC#CC(N)C#CC#N,0.2208
qm9_cn_subset:68862,CC12CN3CC3C1(C)N2,0.2939
qm9_cn_subset:34899,C#CC1C(C#C)C2NC12,0.2685
qm9_cn_subset:84461,C#CC12C=CC(C)C1N2,0.2303
qm9_cn_subset:61194,N#CCC(N)C(N)C#N,0.2697
qm9_cn_subset:60184,C#CC1CN1CC(C)C,0.2629
qm9_cn_subset:77101,N#CC1CC2(CN2)C1N,0.2763
qm9_cn_subset:39695,C1CC12C1C3C1C1C3N12,0.3001
qm9_cn_subset:28490,Cc1ncc(N)c(N)n1,0.1989
qm9_cn_subset:28026,N#CCc1c[nH]c(N)c1,0.2309
qm9_cn_subset:87831,CC1NC12CN1CC12C,0.2887
qm9_cn_subset:101101,CCC(C)C12CN(C1)C2,0.2947
qm9_cn_subset:82204,CC1C2CN2C2CC12C,0.3024
qm9_cn_subset:128931,N#CCNc1ccn[nH]1,0.244
qm9_cn_subset:128338,CNc1n[nH]nc1C#N,0.1886
qm9_cn_subset:67074,CC12C3CC1(C#N)NC32,0.2522
qm9_cn_subset:1079,c1cc2n(c1)CC2,0.2518
qm9_cn_subset:17445,CC1C2C1C1(C)CN21,0.2903
qm9_cn_subset:77625,CC1C2(C#N)CNC12C,0.2493
qm9_cn_subset:126051,CC1NC1c1cn[nH]n1,0.2422
qm9_cn_subset:36646,N#CCNC1C2CC1C2,0.2643
qm9_cn_subset:34881,N#CC1C2CC2C12CC2,0.292
qm9_cn_subset:14896,N#CC1CC=CCN1,0.2495
qm9_cn_subset:91822,CC1C=CC2(C)NC2C1,0.2493
qm9_cn_subset:126802,CCn1ncc(NC)n1,0.2108
qm9_cn_subset:21369,c1nc2[nH]nnc2[nH]1,0.212
qm9_cn_subset:126917,CCNc1cc(C)n[nH]1,0.2404
qm9_cn_subset:124844,CC1(C)Cn2nccc21,0.2665
qm9_cn_subset:122442,CCCCN1CC1(C)C,0.3052
qm9_cn_subset:128221,CNc1cnc(C)nn1,0.165
qm9_cn_subset:116870,CCCC#CC(N)C#N,0.2742
qm9_cn_subset:62455,N#CC1(N)C2CCCC21,0.296
qm9_cn_subset:35258,N#CC1CN1C1CCC1,0.2677
qm9_cn_subset:34506,N#CC1=CC2C3C1CN23,0.1921
qm9_cn_subset:125554,Cc1nc2[nH]cnn2n1,0.2367
qm9_cn_subset:34737,N#CC1C2=CCN3C2C13,0.1631
qm9_cn_subset:34305,N#CC12CCC(CC1)N2,0.2786
qm9_cn_subset:5440,N#Cc1cc[nH]c1N,0.2135
qm9_cn_subset:115536,CCC1NCC1(N)C#N,0.2726
qm9_cn_subset:125676,Cc1n[nH]cc1NC=N,0.2192
qm9_cn_subset:33328,C#CC#CC1NC1C#N,0.2169
qm9_cn_subset:30219,CC1Cn2c(N)ccc21,0.228
qm9_cn_subset:127132,CN(C)c1n[nH]nc1N,0.2073
qm9_cn_subset:959,Cc1cc[nH]c1C,0.2415
qm9_cn_subset:28450,Cc1cnc(C)c(N)c1,0.1975
qm9_cn_subset:86165,CC1C=C(C#N)C(C)C1,0.2188
qm9_cn_subset:57083,N#CC(N)C1C=CCC1,0.2483
qm9_cn_subset:126930,CCNc1c[nH]nc1C,0.2229
qm9_cn_subset:110606,CCC1C2C3CC3(C)N12,0.3077
qm9_cn_subset:74268,CC1=CC(C)(C)C2NC12,0.2473
qm9_cn_subset:9648,CCN1CC1(C)C#N,0.2781
qm9_cn_subset:34133,C#CC12CN3C1C=CC32,0.208
qm9_cn_subset:34938,N#CC1C2N1CC21CN1,0.2588
qm9_cn_subset:39938,C1=CC2(CN2)C2CC2C1,0.247
qm9_cn_subset:66356,CC1(C#N)CNCCN1,0.2452
qm9_cn_subset:62678,CC1(C)C2C3NC3C21C,0.2732
qm9_cn_subset:124462,CC(C)(C)n1nnnn1,0.2737
qm9_cn_subset:129967,Nc1nc(N2CC2)n[nH]1,0.2406
qm9_cn_subset:30035,CC1C=Cn2ccnc21,0.1991
qm9_cn_subset:128188,C#Cc1cc(NC)[nH]n1,0.2081
qm9_cn_subset:31298,CNc1nc[nH]c1C#N,0.1846
qm9_cn_subset:83014,C#CC1=NCC2C(C)N12,0.1995
qm9_cn_subset:33940,C#CC12NC1CC1CC12,0.2625
qm9_cn_subset:82827,CN1C2CN3CC1(C)C23,0.2665
qm9_cn_subset:20608,Cc1[nH]nnc1C#N,0.2411
qm9_cn_subset:62531,CC1(N)C(=N)NC1C#N,0.2519
qm9_cn_subset:15960,N#CC1CCC12CN2,0.2758
qm9_cn_subset:126496,CCC1Cc2ccnn21,0.2673
qm9_cn_subset:34193,N#CC12NC3C=CC1C32,0.2137
qm9_cn_subset:66809,CC12C3C4C5C4C1N2C53,0.2864
qm9_cn_subset:34287,N#CC12C=CC(CC1)C2,0.2573
qm9_cn_subset:76120,C#CC1C(C)C2(C)NC12,0.2769
qm9_cn_subset:127310,Cn1ccc(CC#N)n1,0.2582
qm9_cn_subset:13225,N#CC#CC1CCC1,0.2392
qm9_cn_subset:75314,C#CC12CN1CC=C2C,0.2328
qm9_cn_subset:34088,C#CC12CCC3C(C1)N32,0.2717
qm9_cn_subset:125174,Cc1c(N)nn2c1CC2,0.227
qm9_cn_subset:27689,Cc1cc(N)c(C#N)[nH]1,0.1908
qm9_cn_subset:35910,N#CC1CCCN2CC12,0.2686
qm9_cn_subset:31606,CCc1nc(C)cn1C,0.2403
qm9_cn_subset:106006,CCC12C3CC1C1C3N12,0.3083
qm9_cn_subset:127420,Cc1nn(C)c(N)c1C,0.2424
qm9_cn_subset:72057,N#CC12C3CN1CC32N,0.2421
qm9_cn_subset:75456,N#CC1(N)CCN=C1N,0.2371
qm9_cn_subset:83062,N#CC12N=CNC1C2N,0.2291
qm9_cn_subset:15205,C#CC1C(C#C)N1C,0.2428
qm9_cn_subset:109975,CCC1C(C#N)CN1C,0.2585
qm9_cn_subset:934,Cc1cncnc1,0.2099
qm9_cn_subset:21007,C#Cc1cn(C)nn1,0.226
qm9_cn_subset:111907,CCC1N=C(C)NC1=N,0.2299
qm9_cn_subset:41412,C1CC23CCC2N2C1C23,0.2991
qm9_cn_subset:19675,N#CC1C2CC3C1N23,0.2826
qm9_cn_subset:3551,CC1C2CC3C1N23,0.3212
qm9_cn_subset:125213,Cc1cc(=N)c(N)n[nH]1,0.1742
qm9_cn_subset:77622,CC1C2(C)CNC12C#N,0.2378
qm9_cn_subset:130216,C#CCc1n[nH]nc1N,0.2184
qm9_cn_subset:77011,CC1N(CC#N)C1(C)C,0.2678
qm9_cn_subset:19892,N#CC1C2C3CC3N12,0.2456
qm9_cn_subset:43555,N#CC1NC(=N)C1C#N,0.26
qm9_cn_subset:27229,Nc1ccn2c1CC=C2,0.1761
qm9_cn_subset:67315,N#CC1N2C3CC2C13N,0.2624
qm9_cn_subset:67593,CC12C3CC4C(CC31)N42,0.32
qm9_cn_subset:130432,C#Cc1nc(C[NH3+])n[n-]1,0.2274
qm9_cn_subset:2972,CC(C#N)C1CC1,0.3366
qm9_cn_subset:29731,C#Cc1ccc(N)n1C,0.1875
qm9_cn_subset:91678,CN1CC2CC1C2C#N,0.2539
qm9_cn_subset:2535,CNC(C#N)CN,0.2673
qm9_cn_subset:17689,C1CC1C12CN(C1)C2,0.309
qm9_cn_subset:74903,CC1=CC2NC2CCC1,0.249
qm9_cn_subset:36560,N#CCC#CCCC#N,0.2861
qm9_cn_subset:35487,N#CC1CC2CC3C2N13,0.2859
qm9_cn_subset:118642,CCCC(C#N)CCC,0.3433
qm9_cn_subset:33369,N#CC#CCC#CC#N,0.2302
qm9_cn_subset:79953,CN1C2C=CC(C#N)C21,0.2235
qm9_cn_subset:27642,C#Cc1nc(C)[nH]c1C,0.2139
qm9_cn_subset:95095,CC1CCN2CC12C#N,0.2757
qm9_cn_subset:87042,CC1CC1(C#N)C1CN1,0.2721
qm9_cn_subset:32692,CCN=c1nc[nH]cn1,0.1847
qm9_cn_subset:24626,c1cc2n(c1)CC21CC1,0.2438
qm9_cn_subset:16715,C#CC1=CC2NC2C1,0.2
qm9_cn_subset:33528,C#CC1(N2CC2)CCC1,0.2756
qm9_cn_subset:129063,N=c1cnn2c(n1)CC2,0.1766
qm9_cn_subset:126510,CCCc1[nH]ncc1N,0.2253
qm9_cn_subset:6020,CC(N)C(C)(N)C#N,0.2828
qm9_cn_subset:69334,CC1(C#N)CC2(C)NC12,0.2933
qm9_cn_subset:127080,CN(C)c1cn[nH]c1N,0.2382
qm9_cn_subset:3747,Cc1ncn(C)n1,0.2646
qm9_cn_subset:768,Nc1cn[nH]n1,0.2241
qm9_cn_subset:130121,N=c1[n-][nH+]c(N)nc1N,0.1374
qm9_cn_subset:123306,C#Cc1c[nH]nc1C#C,0.2135
qm9_cn_subset:21032,Cc1nc(C)n(C)n1,0.2572
qm9_cn_subset:67216,CC1(C)C2CC3N1C32C,0.3187
qm9_cn_subset:123510,c1cn2ncncc2n1,0.1769
qm9_cn_subset:36720,N#CCCC1C=CCC1,0.2624
qm9_cn_subset:31202,CNc1[nH]cnc1C#N,0.2128
qm9_cn_subset:126226,CCc1c(N)cnn1C,0.2221
qm9_cn_subset:9930,CC1C(N)C1(N)C#N,0.2565
qm9_cn_subset:11927,C#CC12CCC1(C)N2,0.271
qm9_cn_subset:28809,Cc1ccnc(=N)nc1,0.1687
qm9_cn_subset:125318,Cc1cn(CC#N)nn1,0.2436
qm9_cn_subset:7050,CC#CC(N)CC#N,0.277
qm9_cn_subset:66804,CC12C3C4C5C(C31)N5C42,0.287
qm9_cn_subset:87509,CC1NC12C1C=CC2N1,0.218
qm9_cn_subset:53026,CC#CC12NC3C1NC32,0.2534
qm9_cn_subset:56401,CC(C#N)C#CC1CN1,0.2562
qm9_cn_subset:69436,CC12CCC(C#N)C1N2,0.2883
qm9_cn_subset:129231,C#Cc1cnn[nH]c1=N,0.1461
qm9_cn_subset:82548,CC1C2CC3(CN3)CN12,0.2873
qm9_cn_subset:61126,N#CCN=C(N)CC#N,0.26
qm9_cn_subset:56831,CC(C#N)C1C2CC1C2,0.344
qm9_cn_subset:111017,CCC1C2CC1(C#N)C2,0.3272
qm9_cn_subset:35260,N#CC1NC1C1CCC1,0.289
qm9_cn_subset:23984,C#Cc1cn2c(n1)CC2,0.2154
qm9_cn_subset:128315,CNc1n[nH]c(C)c1C,0.2268
qm9_cn_subset:21616,N#Cc1n[nH]c(N)n1,0.2179
qm9_cn_subset:66840,CC12C3CN4C3C1(C)C42,0.2887
qm9_cn_subset:53507,CC#CCC(C)N1CC1,0.2892
qm9_cn_subset:124139,CC#Cc1c[nH]nc1N,0.2073
qm9_cn_subset:81316,CC1C2C=C(C#N)C1C2,0.2008
qm9_cn_subset:113457,CCC1NC12CC1NC12,0.303
qm9_cn_subset:26065,CC(C#N)c1cc[nH]c1,0.25
qm9_cn_subset:77010,C#CCN1C(C)C1(C)C,0.2692
qm9_cn_subset:109184,CN=C1CN=C(CN)N1,0.2247
qm9_cn_subset:34493,C#CC1=CC2(CC1)CN2,0.1929
qm9_cn_subset:26211,CC(C)c1ccn(C)c1,0.2445
qm9_cn_subset:64903,N#CC1(N)CC1(N)C#N,0.2558
qm9_cn_subset:9640,CCC1CC1(N)C#N,0.2798
qm9_cn_subset:30095,CC1CC1c1ncc[nH]1,0.2463
qm9_cn_subset:41660,C1CC2C3CC4C(C13)N24,0.3243
qm9_cn_subset:71826,CC12C=CC3CC1(C)N32,0.215
qm9_cn_subset:2883,N#CC1C=CCC1,0.2654
qm9_cn_subset:66864,CC12C3C=C4CN(C41)C32,0.1805
qm9_cn_subset:127534,Cn1nc2c(n1)CCC2,0.2334
qm9_cn_subset:18515,CC#CC1CC2NC12,0.2821
qm9_cn_subset:28973,C#Cc1ccccc1N,0.1796
qm9_cn_subset:61175,CC(C#N)C(N)CC#N,0.2768
qm9_cn_subset:36700,N#CCNC1CN2CC12,0.2557
qm9_cn_subset:5567,CCc1nc[nH]c1C,0.2437
qm9_cn_subset:125306,CC1=CCc2ncnn21,0.2098
qm9_cn_subset:126163,CCC(C)n1ncnn1,0.265
qm9_cn_subset:128148,C#Cc1[nH]ncc1NC,0.1795
qm9_cn_subset:28684,C#CCc1ccc(N)[nH]1,0.227
qm9_cn_subset:17587,CC12NC1(C)C1NC12,0.3223
qm9_cn_subset:20792,CCc1cn[nH]c1C,0.2508
qm9_cn_subset:31998,CNc1ccc2n1CC2,0.2174
qm9_cn_subset:123421,c1nncn1CC1CC1,0.2656
qm9_cn_subset:94326,CC1CCC12CC2C#N,0.3048
qm9_cn_subset:89592,C#CCC12CC(C)C1N2,0.2728
qm9_cn_subset:3759,Cc1ncnn1C,0.2626
qm9_cn_subset:77945,CC1C2N(C)C1C21CN1,0.2867
qm9_cn_subset:40415,C1=CC2(C3CC3)NC2C1,0.2379
qm9_cn_subset:2694,CCCNCC#N,0.2702
qm9_cn_subset:53013,CC#CC12CCCC1N2,0.2782
qm9_cn_subset:88437,CC1NC1(C)C1CN1C,0.2987
qm9_cn_subset:81129,CC1N2CC1(CC#N)C2,0.2704
qm9_cn_subset:25478,N=CNc1cncnc1,0.1962
qm9_cn_subset:61216,CC(CC#N)C1(C)CC1,0.3178
qm9_cn_subset:126231,CCc1c(N)n[nH]c1N,0.2342
qm9_cn_subset:108044,CCC12CC3CN(C1)C32,0.2769
qm9_cn_subset:69723,CC12CC1C1C3CN1C32,0.3115
qm9_cn_subset:119653,CCCC12NC3C1NC32,0.2883
qm9_cn_subset:123367,C#CCNc1ccn[nH]1,0.2391
qm9_cn_subset:69343,CC1(C#N)CC2(C)CC12,0.3052
qm9_cn_subset:130402,N#Cc1[n-]nnc1C[NH3+],0.2396
qm9_cn_subset:129771,Nc1[nH]nc2c1CCC2,0.2332
qm9_cn_subset:28825,Cc1cnc(=N)ncn1,0.1591
qm9_cn_subset:27814,Cc1nc(C)[nH]c(=N)n1,0.182
qm9_cn_subset:13950,C#CCC12CCC1N2,0.302
qm9_cn_subset:127226,Cc1cn(C)nc1C#N,0.2288
qm9_cn_subset:127333,Cn1cnc(C2CC2)n1,0.2487
qm9_cn_subset:20345,C1=Cc2c[nH]nc2C1,0.206
qm9_cn_subset:112582,CCC1CC(C)(C#N)N1,0.2692
qm9_cn_subset:29779,Cc1c(N)c(N)cn1C,0.217
qm9_cn_subset:18858,CC1C2C=CC3C1N23,0.2136
qm9_cn_subset:41070,C1CC23C1C1C4C(C42)N13,0.2992
qm9_cn_subset:56362,C#CC(C)(C#C)N1CC1,0.2645
qm9_cn_subset:102169,CCN(CC#N)C(C)C,0.2566
qm9_cn_subset:126924,CCNc1cnn(C)c1,0.2137
qm9_cn_subset:29734,Cn1c(N)cnc1C#N,0.1901
qm9_cn_subset:97939,CCC#CCN1CC1C,0.2672
qm9_cn_subset:63192,CC1(C)C=C2CN3C2C31,0.1737
qm9_cn_subset:17581,CC12CC1(C)N1CC12,0.3135
qm9_cn_subset:89632,CC1CC2(C3CN3)CN12,0.2955
qm9_cn_subset:30909,CCc1c(N)ccn1C,0.2169
qm9_cn_subset:23965,C#Cc1ncn2c1CC2,0.2208
qm9_cn_subset:34285,N#CC12C=CC(CN1)C2,0.2344
qm9_cn_subset:33412,N#CC(C1CC1)N1CC1,0.2845
qm9_cn_subset:127280,Cn1cc2c(n1)CC=C2,0.2025
qm9_cn_subset:40136,C1=CCC2(C=CC1)CN2,0.2357
qm9_cn_subset:99797,CC#CC(N)(C#N)CC,0.2707
qm9_cn_subset:128341,CNc1n[nH]nc1NC,0.2077
qm9_cn_subset:66459,CC12C3CC1C1(C)C2N31,0.3062
qm9_cn_subset:71159,CC12CN3C1C3C21CN1,0.2963
qm9_cn_subset:202,Cc1c[nH]cn1,0.2533
qm9_cn_subset:33553,C#CC1(C#N)C=CCC1,0.2597
qm9_cn_subset:127628,Cn1ncc2nn[nH]c21,0.2245
qm9_cn_subset:18772,CC12C3C4CC1N4C32,0.3003
qm9_cn_subset:37269,C1C2C3C4C5C4C(C53)N12,0.3035
qm9_cn_subset:70109,CC12CN1C=NC2C#N,0.2423
qm9_cn_subset:128107,C#Cc1cn[nH]c1NC,0.2182
qm9_cn_subset:74594,CC1=CC2C3C2N2C1C32,0.239
qm9_cn_subset:126228,CCc1nnn(C)c1N,0.2313
qm9_cn_subset:61235,CC(CC#N)C1CC1C,0.3178
qm9_cn_subset:88375,CC1NC1C(C)(N)C#N,0.2942
qm9_cn_subset:104617,CC1CC(C#N)(CN)N1,0.2607
qm9_cn_subset:125069,Cc1[nH]nnc1NC=N,0.2181
qm9_cn_subset:13533,C#CC(C)C1CN1C,0.2754
qm9_cn_subset:102726,CNC(C#N)CC1CN1,0.271
qm9_cn_subset:8049,CC12CN(C1)C2C#N,0.2561
qm9_cn_subset:127918,CN=c1[nH]cn[nH]c1=N,0.1884
qm9_cn_subset:52590,CC#CC(C#N)C1CN1,0.2689
qm9_cn_subset:124536,Cc1cc(C(C)C)n[nH]1,0.2574
qm9_cn_subset:32582,CCn1cc(C)c(N)c1,0.2264
qm9_cn_subset:77784,CC1N2C(=N)CC12C#N,0.239
qm9_cn_subset:63906,CC1(C)C=CC2NC2C1,0.2492
qm9_cn_subset:82673,CC1C2CC3N2C13C#N,0.269
qm9_cn_subset:56909,CC1(C)CC1C(N)C#N,0.2904
qm9_cn_subset:96903,C#CC12CC(=NC)N1C2,0.2379
qm9_cn_subset:33779,N#CC12C=CCN(C1)C2,0.221
qm9_cn_subset:27159,Nc1cc[nH]c1C1CC1,0.2211
qm9_cn_subset:21380,c1nn2nnnc2[nH]1,0.2389
qm9_cn_subset:29060,N=c1ccncnc1N,0.1628
qm9_cn_subset:126868,CCN=c1cn[nH]nn1,0.1662
qm9_cn_subset:14714,CCCCC#CC#N,0.2463
qm9_cn_subset:3498,N#CC1C2CC1N2,0.2773
qm9_cn_subset:130079,Nc1nn2ccnc2[nH]1,0.2278
qm9_cn_subset:24650,c1cnc(N2CC2)nc1,0.1972
qm9_cn_subset:28123,Nc1cc2[nH]ccc2[nH]1,0.2001
qm9_cn_subset:71770,CC12CN3C4CN1C2C43,0.2952
qm9_cn_subset:120518,CCCN1CC(C#N)C1,0.258
qm9_cn_subset:128292,CNc1nn(C)cc1C,0.2235
qm9_cn_subset:94743,C#CC12CCC(C)N1C2,0.2732
qm9_cn_subset:24176,c1cc2cnccn2c1,0.1685
qm9_cn_subset:118523,CCCC(CC)CC#N,0.3463
qm9_cn_subset:37085,C1C2N1C1(CC1)C21CC1,0.3074
qm9_cn_subset:80058,CC1N2C=NC3C2C31N,0.211
qm9_cn_subset:57363,CC(C)(C)C1(C#N)CN1,0.2947
qm9_cn_subset:123541,C1=CC2Cn3nnc1c32,0.174
qm9_cn_subset:64612,C#CC1(C)C=CC2CN21,0.2296
qm9_cn_subset:123564,C1c2nn[nH]c2N2CC12,0.2303
qm9_cn_subset:17226,N#CC12CC3NC1C32,0.2567
qm9_cn_subset:37555,C1=C2C3C4CN3C24CC1,0.2391
qm9_cn_subset:53251,CC#CC1CC1(N)C#N,0.2487
qm9_cn_subset:14570,C#CCCC#CC#N,0.236
qm9_cn_subset:41262,C1CC23CC4CN(C12)C43,0.2755
qm9_cn_subset:58049,CC(C)C(C#N)N1CC1,0.2829
qm9_cn_subset:36402,N#CCN1CC2(CC2)C1,0.2569
qm9_cn_subset:34976,N#CC1C2CC3CC2N31,0.2622
qm9_cn_subset:586,CC#CC1CN1,0.2698
qm9_cn_subset:29351,N#Cc1c(N)c[nH]c1N,0.1963
qm9_cn_subset:107306,CCC12CC(C)=CC1N2,0.231
qm9_cn_subset:127167,CN(C=N)c1nc[nH]n1,0.2167
qm9_cn_subset:27147,Cc1cc[nH]c1N1CC1,0.234
qm9_cn_subset:123887,c1nncc(N2CC2)n1,0.176
qm9_cn_subset:120359,CCCN1C=NCC1=N,0.2165
qm9_cn_subset:5431,C#Cc1cc[nH]c1C,0.2167
qm9_cn_subset:33590,C#CC12C3CC4C3N1C42,0.2502
qm9_cn_subset:56932,CC(C#N)C1NC1C#N,0.2975
qm9_cn_subset:86745,CC1C=CC(N2CC2)C1,0.2516
qm9_cn_subset:18437,CC1CN2C(C#N)C12,0.2649
qm9_cn_subset:34074,N#CC12CC3C(C1)N3C2,0.2905
qm9_cn_subset:8544,CC12CC3CC(C1)N32,0.2964
qm9_cn_subset:57434,CC(C)(C)N1CC1C#N,0.2613
qm9_cn_subset:33634,N#CC12C3=CCN1C2C3,0.167
qm9_cn_subset:119190,CCCC1(C#N)CC1C,0.3146
qm9_cn_subset:17931,CC12C3=CCC1N2C3,0.1728
qm9_cn_subset:125199,Cc1[nH]cc2nn[nH]c12,0.1743
qm9_cn_subset:35635,N#CC1CC=CC2NC12,0.2431
qm9_cn_subset:36671,C#CCCC1NC1C#N,0.2748
qm9_cn_subset:128229,C#Cc1n[nH]cc1NC,0.1909
qm9_cn_subset:14838,CCC1CNC1C#N,0.2651
qm9_cn_subset:130100,Nc1nc2[nH]cnn2n1,0.2097
qm9_cn_subset:57684,CC(C)(C#N)CCC#N,0.3408
qm9_cn_subset:52498,CC#CC#CCN1CC1,0.2207
qm9_cn_subset:21327,N#CCc1ccn[nH]1,0.261
qm9_cn_subset:88988,CN1CC1CC1CN1C,0.3043
qm9_cn_subset:36320,N#CCC1C=CC2NC12,0.2447
qm9_cn_subset:76597,CC1C(C)N1C(=N)C#N,0.2021
qm9_cn_subset:102001,CCN(C=N)C(=N)C#N,0.1853
qm9_cn_subset:76027,C#CC1(N)C(N)C1C#N,0.2404
qm9_cn_subset:21345,N#CCn1cnnc1,0.2505
qm9_cn_subset:4681,Cc1cnc(C#N)[nH]1,0.2039
qm9_cn_subset:101867,CCC(C)CNCC#N,0.2695
qm9_cn_subset:128030,CN=CNc1nn[nH]n1,0.2036
qm9_cn_subset:36159,N#CCC12CC3C(C1)N32,0.282
qm9_cn_subset:56769,N#CC(N)C12CC1CN2,0.2585
qm9_cn_subset:39609,C1#CCN=CNC=NC1,0.1969
qm9_cn_subset:33424,C#CC(C#N)CN1CC1,0.2694
qm9_cn_subset:29056,N=c1ncccnc1N,0.1514
qm9_cn_subset:30016,Cn1ccc2c1NCC2,0.2216
qm9_cn_subset:67825,CC12C=CC3CCC1N32,0.2197
qm9_cn_subset:68833,CC12CC3(CC3)C1(C)N2,0.2868
qm9_cn_subset:76627,CC1C(C2(C)CC2)N1C,0.3081
qm9_cn_subset:77021,CC1C(C#N)C1CC#N,0.3143
qm9_cn_subset:4564,Cc1ccc(N)cc1,0.2021
qm9_cn_subset:36259,N#CCC1C2C3CN2C13,0.2772
qm9_cn_subset:104996,CCC1(C(C)C#N)CC1,0.3182
qm9_cn_subset:128941,N#CCNc1nn[nH]n1,0.214
qm9_cn_subset:66786,CC12C3C4C3C1C1C4N12,0.288
qm9_cn_subset:28648,C#Cc1ccc(N)cn1,0.182
qm9_cn_subset:61916,C#CCCC(C)N1CC1,0.2922
qm9_cn_subset:130116,Nc1cc(C2CC2)[nH]n1,0.2275
qm9_cn_subset:27583,C#Cc1ccnc(N)c1,0.1774
qm9_cn_subset:20338,c1nc2n(n1)C1CC21,0.2389
qm9_cn_subset:33849,C#CC12CC3CC3C1N2,0.2705
qm9_cn_subset:59079,CC1C(C#N)C1N(C)C,0.2606
qm9_cn_subset:8911,CCC(C)C(N)C#N,0.2849
qm9_cn_subset:32122,CNc1nccc(N)n1,0.2018
qm9_cn_subset:10009,CN=C(C#N)NC=N,0.1887
qm9_cn_subset:127243,Cn1cc(CC#N)nn1,0.2536
qm9_cn_subset:19404,CC1N2CC2C12CN2,0.3018
qm9_cn_subset:34542,N#CC1=NC2CC2CN1,0.1937
qm9_cn_subset:127130,CN(C)c1n[nH]cc1N,0.2188
qm9_cn_subset:36328,C#CCC1CC(C#N)C1,0.299
qm9_cn_subset:82780,CC1C2CN3C4C1C2C43,0.309
qm9_cn_subset:76304,CC1C(C)N(C)C1C#N,0.2554
qm9_cn_subset:33643,N#CC12C3C=CC1N2C3,0.225
qm9_cn_subset:24535,c1ncc2cncc-2[nH]1,0.1327
qm9_cn_subset:53591,C#CC1CN1CC#CC,0.2585
qm9_cn_subset:78826,CN1C2C(C#N)C3C2C31,0.263
qm9_cn_subset:86472,CC1CC(C#N)(C#N)N1,0.2477
qm9_cn_subset:31193,C#Cc1nc[nH]c1CC,0.2179
qm9_cn_subset:19643,CCC12C3C4C(C31)N42,0.281
qm9_cn_subset:102725,CNC(C#N)CC1CC1,0.2735
qm9_cn_subset:67405,C#CC12CC3CN1C32C,0.2659
